Timing Analyzer report for cpu
Fri Jul 25 13:11:46 2025
Quartus Prime Version 21.1.0 Build 842 10/21/2021 SJ Lite Edition


---------------------
; Table of Contents ;
---------------------
  1. Legal Notice
  2. Timing Analyzer Summary
  3. Parallel Compilation
  4. Clocks
  5. Slow 1200mV 85C Model Fmax Summary
  6. Timing Closure Recommendations
  7. Slow 1200mV 85C Model Setup Summary
  8. Slow 1200mV 85C Model Hold Summary
  9. Slow 1200mV 85C Model Recovery Summary
 10. Slow 1200mV 85C Model Removal Summary
 11. Slow 1200mV 85C Model Minimum Pulse Width Summary
 12. Slow 1200mV 85C Model Setup: 'DivisorFrequencia:Divisor_inst|clkSaida'
 13. Slow 1200mV 85C Model Setup: 'clk_50'
 14. Slow 1200mV 85C Model Hold: 'clk_50'
 15. Slow 1200mV 85C Model Hold: 'DivisorFrequencia:Divisor_inst|clkSaida'
 16. Slow 1200mV 85C Model Recovery: 'btn_in'
 17. Slow 1200mV 85C Model Removal: 'btn_in'
 18. Slow 1200mV 85C Model Metastability Summary
 19. Slow 1200mV 0C Model Fmax Summary
 20. Slow 1200mV 0C Model Setup Summary
 21. Slow 1200mV 0C Model Hold Summary
 22. Slow 1200mV 0C Model Recovery Summary
 23. Slow 1200mV 0C Model Removal Summary
 24. Slow 1200mV 0C Model Minimum Pulse Width Summary
 25. Slow 1200mV 0C Model Setup: 'DivisorFrequencia:Divisor_inst|clkSaida'
 26. Slow 1200mV 0C Model Setup: 'clk_50'
 27. Slow 1200mV 0C Model Hold: 'clk_50'
 28. Slow 1200mV 0C Model Hold: 'DivisorFrequencia:Divisor_inst|clkSaida'
 29. Slow 1200mV 0C Model Recovery: 'btn_in'
 30. Slow 1200mV 0C Model Removal: 'btn_in'
 31. Slow 1200mV 0C Model Metastability Summary
 32. Fast 1200mV 0C Model Setup Summary
 33. Fast 1200mV 0C Model Hold Summary
 34. Fast 1200mV 0C Model Recovery Summary
 35. Fast 1200mV 0C Model Removal Summary
 36. Fast 1200mV 0C Model Minimum Pulse Width Summary
 37. Fast 1200mV 0C Model Setup: 'DivisorFrequencia:Divisor_inst|clkSaida'
 38. Fast 1200mV 0C Model Setup: 'clk_50'
 39. Fast 1200mV 0C Model Hold: 'clk_50'
 40. Fast 1200mV 0C Model Hold: 'DivisorFrequencia:Divisor_inst|clkSaida'
 41. Fast 1200mV 0C Model Recovery: 'btn_in'
 42. Fast 1200mV 0C Model Removal: 'btn_in'
 43. Fast 1200mV 0C Model Metastability Summary
 44. Multicorner Timing Analysis Summary
 45. Board Trace Model Assignments
 46. Input Transition Times
 47. Signal Integrity Metrics (Slow 1200mv 0c Model)
 48. Signal Integrity Metrics (Slow 1200mv 85c Model)
 49. Signal Integrity Metrics (Fast 1200mv 0c Model)
 50. Setup Transfers
 51. Hold Transfers
 52. Recovery Transfers
 53. Removal Transfers
 54. Report TCCS
 55. Report RSKM
 56. Unconstrained Paths Summary
 57. Clock Status Summary
 58. Unconstrained Input Ports
 59. Unconstrained Output Ports
 60. Unconstrained Input Ports
 61. Unconstrained Output Ports
 62. Timing Analyzer Messages



----------------
; Legal Notice ;
----------------
Copyright (C) 2021  Intel Corporation. All rights reserved.
Your use of Intel Corporation's design tools, logic functions 
and other software and tools, and any partner logic 
functions, and any output files from any of the foregoing 
(including device programming or simulation files), and any 
associated documentation or information are expressly subject 
to the terms and conditions of the Intel Program License 
Subscription Agreement, the Intel Quartus Prime License Agreement,
the Intel FPGA IP License Agreement, or other applicable license
agreement, including, without limitation, that your use is for
the sole purpose of programming logic devices manufactured by
Intel and sold by Intel or its authorized distributors.  Please
refer to the applicable agreement for further details, at
https://fpgasoftware.intel.com/eula.



+-----------------------------------------------------------------------------+
; Timing Analyzer Summary                                                     ;
+-----------------------+-----------------------------------------------------+
; Quartus Prime Version ; Version 21.1.0 Build 842 10/21/2021 SJ Lite Edition ;
; Timing Analyzer       ; Legacy Timing Analyzer                              ;
; Revision Name         ; cpu                                                 ;
; Device Family         ; Cyclone IV E                                        ;
; Device Name           ; EP4CE115F29C7                                       ;
; Timing Models         ; Final                                               ;
; Delay Model           ; Combined                                            ;
; Rise/Fall Delays      ; Enabled                                             ;
+-----------------------+-----------------------------------------------------+


+------------------------------------------+
; Parallel Compilation                     ;
+----------------------------+-------------+
; Processors                 ; Number      ;
+----------------------------+-------------+
; Number detected on machine ; 8           ;
; Maximum allowed            ; 8           ;
;                            ;             ;
; Average used               ; 1.72        ;
; Maximum used               ; 8           ;
;                            ;             ;
; Usage by Processor         ; % Time Used ;
;     Processor 1            ; 100.0%      ;
;     Processor 2            ;  36.9%      ;
;     Processor 3            ;  30.7%      ;
;     Processors 4-8         ;   0.9%      ;
+----------------------------+-------------+


+--------------------------------------------------------------------------------------------------------------------------------------------------------------------------------------------------------------------------------------------------+
; Clocks                                                                                                                                                                                                                                           ;
+-----------------------------------------+------+--------+------------+-------+-------+------------+-----------+-------------+-------+--------+-----------+------------+----------+--------+--------+---------------------------------------------+
; Clock Name                              ; Type ; Period ; Frequency  ; Rise  ; Fall  ; Duty Cycle ; Divide by ; Multiply by ; Phase ; Offset ; Edge List ; Edge Shift ; Inverted ; Master ; Source ; Targets                                     ;
+-----------------------------------------+------+--------+------------+-------+-------+------------+-----------+-------------+-------+--------+-----------+------------+----------+--------+--------+---------------------------------------------+
; btn_in                                  ; Base ; 1.000  ; 1000.0 MHz ; 0.000 ; 0.500 ;            ;           ;             ;       ;        ;           ;            ;          ;        ;        ; { btn_in }                                  ;
; clk_50                                  ; Base ; 1.000  ; 1000.0 MHz ; 0.000 ; 0.500 ;            ;           ;             ;       ;        ;           ;            ;          ;        ;        ; { clk_50 }                                  ;
; DivisorFrequencia:Divisor_inst|clkSaida ; Base ; 1.000  ; 1000.0 MHz ; 0.000 ; 0.500 ;            ;           ;             ;       ;        ;           ;            ;          ;        ;        ; { DivisorFrequencia:Divisor_inst|clkSaida } ;
+-----------------------------------------+------+--------+------------+-------+-------+------------+-----------+-------------+-------+--------+-----------+------------+----------+--------+--------+---------------------------------------------+


+------------------------------------------------------------------------------+
; Slow 1200mV 85C Model Fmax Summary                                           ;
+-----------+-----------------+-----------------------------------------+------+
; Fmax      ; Restricted Fmax ; Clock Name                              ; Note ;
+-----------+-----------------+-----------------------------------------+------+
; 3.63 MHz  ; 3.63 MHz        ; DivisorFrequencia:Divisor_inst|clkSaida ;      ;
; 217.3 MHz ; 217.3 MHz       ; clk_50                                  ;      ;
+-----------+-----------------+-----------------------------------------+------+
This panel reports FMAX for every clock in the design, regardless of the user-specified clock periods.  FMAX is only computed for paths where the source and destination registers or ports are driven by the same clock.  Paths of different clocks, including generated clocks, are ignored.  For paths between a clock and its inversion, FMAX is computed as if the rising and falling edges are scaled along with FMAX, such that the duty cycle (in terms of a percentage) is maintained. Altera recommends that you always use clock constraints and other slack reports for sign-off analysis.


----------------------------------
; Timing Closure Recommendations ;
----------------------------------
HTML report is unavailable in plain text report export.


+--------------------------------------------------------------------+
; Slow 1200mV 85C Model Setup Summary                                ;
+-----------------------------------------+----------+---------------+
; Clock                                   ; Slack    ; End Point TNS ;
+-----------------------------------------+----------+---------------+
; DivisorFrequencia:Divisor_inst|clkSaida ; -137.366 ; -30988.034    ;
; clk_50                                  ; -3.602   ; -45.431       ;
+-----------------------------------------+----------+---------------+


+-----------------------------------------------------------------+
; Slow 1200mV 85C Model Hold Summary                              ;
+-----------------------------------------+-------+---------------+
; Clock                                   ; Slack ; End Point TNS ;
+-----------------------------------------+-------+---------------+
; clk_50                                  ; 0.440 ; 0.000         ;
; DivisorFrequencia:Divisor_inst|clkSaida ; 0.887 ; 0.000         ;
+-----------------------------------------+-------+---------------+


+----------------------------------------+
; Slow 1200mV 85C Model Recovery Summary ;
+--------+--------+----------------------+
; Clock  ; Slack  ; End Point TNS        ;
+--------+--------+----------------------+
; btn_in ; -1.638 ; -1.638               ;
+--------+--------+----------------------+


+---------------------------------------+
; Slow 1200mV 85C Model Removal Summary ;
+--------+-------+----------------------+
; Clock  ; Slack ; End Point TNS        ;
+--------+-------+----------------------+
; btn_in ; 1.570 ; 0.000                ;
+--------+-------+----------------------+


+------------------------------------------------------------------+
; Slow 1200mV 85C Model Minimum Pulse Width Summary                ;
+-----------------------------------------+--------+---------------+
; Clock                                   ; Slack  ; End Point TNS ;
+-----------------------------------------+--------+---------------+
; clk_50                                  ; -3.000 ; -36.410       ;
; btn_in                                  ; -3.000 ; -4.285        ;
; DivisorFrequencia:Divisor_inst|clkSaida ; -1.285 ; -352.090      ;
+-----------------------------------------+--------+---------------+


+---------------------------------------------------------------------------------------------------------------------------------------------------------------------------------------------------+
; Slow 1200mV 85C Model Setup: 'DivisorFrequencia:Divisor_inst|clkSaida'                                                                                                                            ;
+----------+----------------------+------------------------------------+-----------------------------------------+-----------------------------------------+--------------+------------+------------+
; Slack    ; From Node            ; To Node                            ; Launch Clock                            ; Latch Clock                             ; Relationship ; Clock Skew ; Data Delay ;
+----------+----------------------+------------------------------------+-----------------------------------------+-----------------------------------------+--------------+------------+------------+
; -137.366 ; PC:PC_inst|PC_reg[3] ; banco:banco_inst|registradores~246 ; DivisorFrequencia:Divisor_inst|clkSaida ; DivisorFrequencia:Divisor_inst|clkSaida ; 0.500        ; 0.327      ; 138.191    ;
; -137.286 ; PC:PC_inst|PC_reg[3] ; banco:banco_inst|registradores~93  ; DivisorFrequencia:Divisor_inst|clkSaida ; DivisorFrequencia:Divisor_inst|clkSaida ; 0.500        ; 0.346      ; 138.130    ;
; -137.279 ; PC:PC_inst|PC_reg[3] ; banco:banco_inst|registradores~80  ; DivisorFrequencia:Divisor_inst|clkSaida ; DivisorFrequencia:Divisor_inst|clkSaida ; 0.500        ; 0.324      ; 138.101    ;
; -137.251 ; PC:PC_inst|PC_reg[3] ; banco:banco_inst|registradores~221 ; DivisorFrequencia:Divisor_inst|clkSaida ; DivisorFrequencia:Divisor_inst|clkSaida ; 0.500        ; 0.379      ; 138.128    ;
; -137.200 ; PC:PC_inst|PC_reg[3] ; banco:banco_inst|registradores~223 ; DivisorFrequencia:Divisor_inst|clkSaida ; DivisorFrequencia:Divisor_inst|clkSaida ; 0.500        ; 0.341      ; 138.039    ;
; -137.191 ; PC:PC_inst|PC_reg[3] ; banco:banco_inst|registradores~191 ; DivisorFrequencia:Divisor_inst|clkSaida ; DivisorFrequencia:Divisor_inst|clkSaida ; 0.500        ; 0.328      ; 138.017    ;
; -137.182 ; PC:PC_inst|PC_reg[3] ; banco:banco_inst|registradores~212 ; DivisorFrequencia:Divisor_inst|clkSaida ; DivisorFrequencia:Divisor_inst|clkSaida ; 0.500        ; 0.341      ; 138.021    ;
; -137.171 ; PC:PC_inst|PC_reg[3] ; banco:banco_inst|registradores~113 ; DivisorFrequencia:Divisor_inst|clkSaida ; DivisorFrequencia:Divisor_inst|clkSaida ; 0.500        ; 0.296      ; 137.965    ;
; -137.146 ; PC:PC_inst|PC_reg[3] ; banco:banco_inst|registradores~145 ; DivisorFrequencia:Divisor_inst|clkSaida ; DivisorFrequencia:Divisor_inst|clkSaida ; 0.500        ; 0.302      ; 137.946    ;
; -137.140 ; PC:PC_inst|PC_reg[3] ; banco:banco_inst|registradores~49  ; DivisorFrequencia:Divisor_inst|clkSaida ; DivisorFrequencia:Divisor_inst|clkSaida ; 0.500        ; 0.328      ; 137.966    ;
; -137.140 ; PC:PC_inst|PC_reg[3] ; banco:banco_inst|registradores~253 ; DivisorFrequencia:Divisor_inst|clkSaida ; DivisorFrequencia:Divisor_inst|clkSaida ; 0.500        ; 0.296      ; 137.934    ;
; -137.118 ; PC:PC_inst|PC_reg[3] ; banco:banco_inst|registradores~148 ; DivisorFrequencia:Divisor_inst|clkSaida ; DivisorFrequencia:Divisor_inst|clkSaida ; 0.500        ; 0.320      ; 137.936    ;
; -137.114 ; PC:PC_inst|PC_reg[3] ; banco:banco_inst|registradores~177 ; DivisorFrequencia:Divisor_inst|clkSaida ; DivisorFrequencia:Divisor_inst|clkSaida ; 0.500        ; 0.335      ; 137.947    ;
; -137.107 ; PC:PC_inst|PC_reg[3] ; banco:banco_inst|registradores~159 ; DivisorFrequencia:Divisor_inst|clkSaida ; DivisorFrequencia:Divisor_inst|clkSaida ; 0.500        ; 0.304      ; 137.909    ;
; -137.093 ; PC:PC_inst|PC_reg[3] ; banco:banco_inst|registradores~150 ; DivisorFrequencia:Divisor_inst|clkSaida ; DivisorFrequencia:Divisor_inst|clkSaida ; 0.500        ; 0.331      ; 137.922    ;
; -137.049 ; PC:PC_inst|PC_reg[3] ; banco:banco_inst|registradores~61  ; DivisorFrequencia:Divisor_inst|clkSaida ; DivisorFrequencia:Divisor_inst|clkSaida ; 0.500        ; 0.343      ; 137.890    ;
; -137.044 ; PC:PC_inst|PC_reg[3] ; banco:banco_inst|registradores~181 ; DivisorFrequencia:Divisor_inst|clkSaida ; DivisorFrequencia:Divisor_inst|clkSaida ; 0.500        ; 0.309      ; 137.851    ;
; -136.998 ; PC:PC_inst|PC_reg[3] ; banco:banco_inst|registradores~254 ; DivisorFrequencia:Divisor_inst|clkSaida ; DivisorFrequencia:Divisor_inst|clkSaida ; 0.500        ; 0.346      ; 137.842    ;
; -136.997 ; PC:PC_inst|PC_reg[3] ; banco:banco_inst|registradores~208 ; DivisorFrequencia:Divisor_inst|clkSaida ; DivisorFrequencia:Divisor_inst|clkSaida ; 0.500        ; 0.282      ; 137.777    ;
; -136.996 ; PC:PC_inst|PC_reg[3] ; banco:banco_inst|registradores~222 ; DivisorFrequencia:Divisor_inst|clkSaida ; DivisorFrequencia:Divisor_inst|clkSaida ; 0.500        ; 0.379      ; 137.873    ;
; -136.990 ; PC:PC_inst|PC_reg[3] ; banco:banco_inst|registradores~53  ; DivisorFrequencia:Divisor_inst|clkSaida ; DivisorFrequencia:Divisor_inst|clkSaida ; 0.500        ; 0.334      ; 137.822    ;
; -136.983 ; PC:PC_inst|PC_reg[1] ; banco:banco_inst|registradores~246 ; DivisorFrequencia:Divisor_inst|clkSaida ; DivisorFrequencia:Divisor_inst|clkSaida ; 0.500        ; 0.324      ; 137.805    ;
; -136.977 ; PC:PC_inst|PC_reg[3] ; banco:banco_inst|registradores~62  ; DivisorFrequencia:Divisor_inst|clkSaida ; DivisorFrequencia:Divisor_inst|clkSaida ; 0.500        ; 0.368      ; 137.843    ;
; -136.971 ; PC:PC_inst|PC_reg[3] ; banco:banco_inst|registradores~250 ; DivisorFrequencia:Divisor_inst|clkSaida ; DivisorFrequencia:Divisor_inst|clkSaida ; 0.500        ; 0.306      ; 137.775    ;
; -136.970 ; PC:PC_inst|PC_reg[3] ; banco:banco_inst|registradores~174 ; DivisorFrequencia:Divisor_inst|clkSaida ; DivisorFrequencia:Divisor_inst|clkSaida ; 0.500        ; -0.093     ; 137.375    ;
; -136.959 ; PC:PC_inst|PC_reg[3] ; banco:banco_inst|registradores~112 ; DivisorFrequencia:Divisor_inst|clkSaida ; DivisorFrequencia:Divisor_inst|clkSaida ; 0.500        ; 0.318      ; 137.775    ;
; -136.955 ; PC:PC_inst|PC_reg[4] ; banco:banco_inst|registradores~246 ; DivisorFrequencia:Divisor_inst|clkSaida ; DivisorFrequencia:Divisor_inst|clkSaida ; 0.500        ; 0.323      ; 137.776    ;
; -136.949 ; PC:PC_inst|PC_reg[3] ; banco:banco_inst|registradores~151 ; DivisorFrequencia:Divisor_inst|clkSaida ; DivisorFrequencia:Divisor_inst|clkSaida ; 0.500        ; 0.339      ; 137.786    ;
; -136.945 ; PC:PC_inst|PC_reg[3] ; banco:banco_inst|registradores~81  ; DivisorFrequencia:Divisor_inst|clkSaida ; DivisorFrequencia:Divisor_inst|clkSaida ; 0.500        ; -0.099     ; 137.344    ;
; -136.941 ; PC:PC_inst|PC_reg[3] ; banco:banco_inst|registradores~154 ; DivisorFrequencia:Divisor_inst|clkSaida ; DivisorFrequencia:Divisor_inst|clkSaida ; 0.500        ; 0.339      ; 137.778    ;
; -136.937 ; PC:PC_inst|PC_reg[3] ; banco:banco_inst|registradores~54  ; DivisorFrequencia:Divisor_inst|clkSaida ; DivisorFrequencia:Divisor_inst|clkSaida ; 0.500        ; 0.332      ; 137.767    ;
; -136.925 ; PC:PC_inst|PC_reg[3] ; banco:banco_inst|registradores~213 ; DivisorFrequencia:Divisor_inst|clkSaida ; DivisorFrequencia:Divisor_inst|clkSaida ; 0.500        ; 0.341      ; 137.764    ;
; -136.914 ; PC:PC_inst|PC_reg[3] ; banco:banco_inst|registradores~90  ; DivisorFrequencia:Divisor_inst|clkSaida ; DivisorFrequencia:Divisor_inst|clkSaida ; 0.500        ; -0.079     ; 137.333    ;
; -136.908 ; PC:PC_inst|PC_reg[3] ; banco:banco_inst|registradores~209 ; DivisorFrequencia:Divisor_inst|clkSaida ; DivisorFrequencia:Divisor_inst|clkSaida ; 0.500        ; 0.304      ; 137.710    ;
; -136.903 ; PC:PC_inst|PC_reg[1] ; banco:banco_inst|registradores~93  ; DivisorFrequencia:Divisor_inst|clkSaida ; DivisorFrequencia:Divisor_inst|clkSaida ; 0.500        ; 0.343      ; 137.744    ;
; -136.901 ; PC:PC_inst|PC_reg[3] ; banco:banco_inst|registradores~172 ; DivisorFrequencia:Divisor_inst|clkSaida ; DivisorFrequencia:Divisor_inst|clkSaida ; 0.500        ; 0.326      ; 137.725    ;
; -136.896 ; PC:PC_inst|PC_reg[1] ; banco:banco_inst|registradores~80  ; DivisorFrequencia:Divisor_inst|clkSaida ; DivisorFrequencia:Divisor_inst|clkSaida ; 0.500        ; 0.321      ; 137.715    ;
; -136.891 ; PC:PC_inst|PC_reg[3] ; banco:banco_inst|registradores~63  ; DivisorFrequencia:Divisor_inst|clkSaida ; DivisorFrequencia:Divisor_inst|clkSaida ; 0.500        ; 0.279      ; 137.668    ;
; -136.875 ; PC:PC_inst|PC_reg[4] ; banco:banco_inst|registradores~93  ; DivisorFrequencia:Divisor_inst|clkSaida ; DivisorFrequencia:Divisor_inst|clkSaida ; 0.500        ; 0.342      ; 137.715    ;
; -136.868 ; PC:PC_inst|PC_reg[4] ; banco:banco_inst|registradores~80  ; DivisorFrequencia:Divisor_inst|clkSaida ; DivisorFrequencia:Divisor_inst|clkSaida ; 0.500        ; 0.320      ; 137.686    ;
; -136.868 ; PC:PC_inst|PC_reg[1] ; banco:banco_inst|registradores~221 ; DivisorFrequencia:Divisor_inst|clkSaida ; DivisorFrequencia:Divisor_inst|clkSaida ; 0.500        ; 0.376      ; 137.742    ;
; -136.867 ; PC:PC_inst|PC_reg[3] ; banco:banco_inst|registradores~170 ; DivisorFrequencia:Divisor_inst|clkSaida ; DivisorFrequencia:Divisor_inst|clkSaida ; 0.500        ; 0.321      ; 137.686    ;
; -136.856 ; PC:PC_inst|PC_reg[3] ; banco:banco_inst|registradores~143 ; DivisorFrequencia:Divisor_inst|clkSaida ; DivisorFrequencia:Divisor_inst|clkSaida ; 0.500        ; 0.287      ; 137.641    ;
; -136.847 ; PC:PC_inst|PC_reg[3] ; banco:banco_inst|registradores~95  ; DivisorFrequencia:Divisor_inst|clkSaida ; DivisorFrequencia:Divisor_inst|clkSaida ; 0.500        ; 0.336      ; 137.681    ;
; -136.840 ; PC:PC_inst|PC_reg[4] ; banco:banco_inst|registradores~221 ; DivisorFrequencia:Divisor_inst|clkSaida ; DivisorFrequencia:Divisor_inst|clkSaida ; 0.500        ; 0.375      ; 137.713    ;
; -136.826 ; PC:PC_inst|PC_reg[3] ; banco:banco_inst|registradores~175 ; DivisorFrequencia:Divisor_inst|clkSaida ; DivisorFrequencia:Divisor_inst|clkSaida ; 0.500        ; 0.319      ; 137.643    ;
; -136.818 ; PC:PC_inst|PC_reg[3] ; banco:banco_inst|registradores~255 ; DivisorFrequencia:Divisor_inst|clkSaida ; DivisorFrequencia:Divisor_inst|clkSaida ; 0.500        ; 0.313      ; 137.629    ;
; -136.817 ; PC:PC_inst|PC_reg[1] ; banco:banco_inst|registradores~223 ; DivisorFrequencia:Divisor_inst|clkSaida ; DivisorFrequencia:Divisor_inst|clkSaida ; 0.500        ; 0.338      ; 137.653    ;
; -136.816 ; PC:PC_inst|PC_reg[3] ; banco:banco_inst|registradores~210 ; DivisorFrequencia:Divisor_inst|clkSaida ; DivisorFrequencia:Divisor_inst|clkSaida ; 0.500        ; 0.305      ; 137.619    ;
; -136.808 ; PC:PC_inst|PC_reg[1] ; banco:banco_inst|registradores~191 ; DivisorFrequencia:Divisor_inst|clkSaida ; DivisorFrequencia:Divisor_inst|clkSaida ; 0.500        ; 0.325      ; 137.631    ;
; -136.804 ; PC:PC_inst|PC_reg[3] ; banco:banco_inst|registradores~157 ; DivisorFrequencia:Divisor_inst|clkSaida ; DivisorFrequencia:Divisor_inst|clkSaida ; 0.500        ; 0.377      ; 137.679    ;
; -136.800 ; PC:PC_inst|PC_reg[0] ; banco:banco_inst|registradores~246 ; DivisorFrequencia:Divisor_inst|clkSaida ; DivisorFrequencia:Divisor_inst|clkSaida ; 0.500        ; 0.324      ; 137.622    ;
; -136.799 ; PC:PC_inst|PC_reg[1] ; banco:banco_inst|registradores~212 ; DivisorFrequencia:Divisor_inst|clkSaida ; DivisorFrequencia:Divisor_inst|clkSaida ; 0.500        ; 0.338      ; 137.635    ;
; -136.789 ; PC:PC_inst|PC_reg[4] ; banco:banco_inst|registradores~223 ; DivisorFrequencia:Divisor_inst|clkSaida ; DivisorFrequencia:Divisor_inst|clkSaida ; 0.500        ; 0.337      ; 137.624    ;
; -136.788 ; PC:PC_inst|PC_reg[1] ; banco:banco_inst|registradores~113 ; DivisorFrequencia:Divisor_inst|clkSaida ; DivisorFrequencia:Divisor_inst|clkSaida ; 0.500        ; 0.293      ; 137.579    ;
; -136.780 ; PC:PC_inst|PC_reg[4] ; banco:banco_inst|registradores~191 ; DivisorFrequencia:Divisor_inst|clkSaida ; DivisorFrequencia:Divisor_inst|clkSaida ; 0.500        ; 0.324      ; 137.602    ;
; -136.771 ; PC:PC_inst|PC_reg[4] ; banco:banco_inst|registradores~212 ; DivisorFrequencia:Divisor_inst|clkSaida ; DivisorFrequencia:Divisor_inst|clkSaida ; 0.500        ; 0.337      ; 137.606    ;
; -136.768 ; PC:PC_inst|PC_reg[3] ; banco:banco_inst|registradores~141 ; DivisorFrequencia:Divisor_inst|clkSaida ; DivisorFrequencia:Divisor_inst|clkSaida ; 0.500        ; -0.097     ; 137.169    ;
; -136.763 ; PC:PC_inst|PC_reg[1] ; banco:banco_inst|registradores~145 ; DivisorFrequencia:Divisor_inst|clkSaida ; DivisorFrequencia:Divisor_inst|clkSaida ; 0.500        ; 0.299      ; 137.560    ;
; -136.760 ; PC:PC_inst|PC_reg[4] ; banco:banco_inst|registradores~113 ; DivisorFrequencia:Divisor_inst|clkSaida ; DivisorFrequencia:Divisor_inst|clkSaida ; 0.500        ; 0.292      ; 137.550    ;
; -136.758 ; PC:PC_inst|PC_reg[3] ; banco:banco_inst|registradores~50  ; DivisorFrequencia:Divisor_inst|clkSaida ; DivisorFrequencia:Divisor_inst|clkSaida ; 0.500        ; 0.343      ; 137.599    ;
; -136.757 ; PC:PC_inst|PC_reg[1] ; banco:banco_inst|registradores~49  ; DivisorFrequencia:Divisor_inst|clkSaida ; DivisorFrequencia:Divisor_inst|clkSaida ; 0.500        ; 0.325      ; 137.580    ;
; -136.757 ; PC:PC_inst|PC_reg[1] ; banco:banco_inst|registradores~253 ; DivisorFrequencia:Divisor_inst|clkSaida ; DivisorFrequencia:Divisor_inst|clkSaida ; 0.500        ; 0.293      ; 137.548    ;
; -136.754 ; PC:PC_inst|PC_reg[3] ; banco:banco_inst|registradores~58  ; DivisorFrequencia:Divisor_inst|clkSaida ; DivisorFrequencia:Divisor_inst|clkSaida ; 0.500        ; 0.309      ; 137.561    ;
; -136.747 ; PC:PC_inst|PC_reg[3] ; banco:banco_inst|registradores~218 ; DivisorFrequencia:Divisor_inst|clkSaida ; DivisorFrequencia:Divisor_inst|clkSaida ; 0.500        ; 0.379      ; 137.624    ;
; -136.735 ; PC:PC_inst|PC_reg[4] ; banco:banco_inst|registradores~145 ; DivisorFrequencia:Divisor_inst|clkSaida ; DivisorFrequencia:Divisor_inst|clkSaida ; 0.500        ; 0.298      ; 137.531    ;
; -136.735 ; PC:PC_inst|PC_reg[1] ; banco:banco_inst|registradores~148 ; DivisorFrequencia:Divisor_inst|clkSaida ; DivisorFrequencia:Divisor_inst|clkSaida ; 0.500        ; 0.317      ; 137.550    ;
; -136.731 ; PC:PC_inst|PC_reg[1] ; banco:banco_inst|registradores~177 ; DivisorFrequencia:Divisor_inst|clkSaida ; DivisorFrequencia:Divisor_inst|clkSaida ; 0.500        ; 0.332      ; 137.561    ;
; -136.729 ; PC:PC_inst|PC_reg[4] ; banco:banco_inst|registradores~49  ; DivisorFrequencia:Divisor_inst|clkSaida ; DivisorFrequencia:Divisor_inst|clkSaida ; 0.500        ; 0.324      ; 137.551    ;
; -136.729 ; PC:PC_inst|PC_reg[4] ; banco:banco_inst|registradores~253 ; DivisorFrequencia:Divisor_inst|clkSaida ; DivisorFrequencia:Divisor_inst|clkSaida ; 0.500        ; 0.292      ; 137.519    ;
; -136.724 ; PC:PC_inst|PC_reg[1] ; banco:banco_inst|registradores~159 ; DivisorFrequencia:Divisor_inst|clkSaida ; DivisorFrequencia:Divisor_inst|clkSaida ; 0.500        ; 0.301      ; 137.523    ;
; -136.720 ; PC:PC_inst|PC_reg[0] ; banco:banco_inst|registradores~93  ; DivisorFrequencia:Divisor_inst|clkSaida ; DivisorFrequencia:Divisor_inst|clkSaida ; 0.500        ; 0.343      ; 137.561    ;
; -136.715 ; PC:PC_inst|PC_reg[5] ; banco:banco_inst|registradores~246 ; DivisorFrequencia:Divisor_inst|clkSaida ; DivisorFrequencia:Divisor_inst|clkSaida ; 0.500        ; 0.323      ; 137.536    ;
; -136.714 ; PC:PC_inst|PC_reg[3] ; banco:banco_inst|registradores~108 ; DivisorFrequencia:Divisor_inst|clkSaida ; DivisorFrequencia:Divisor_inst|clkSaida ; 0.500        ; 0.306      ; 137.518    ;
; -136.713 ; PC:PC_inst|PC_reg[0] ; banco:banco_inst|registradores~80  ; DivisorFrequencia:Divisor_inst|clkSaida ; DivisorFrequencia:Divisor_inst|clkSaida ; 0.500        ; 0.321      ; 137.532    ;
; -136.710 ; PC:PC_inst|PC_reg[1] ; banco:banco_inst|registradores~150 ; DivisorFrequencia:Divisor_inst|clkSaida ; DivisorFrequencia:Divisor_inst|clkSaida ; 0.500        ; 0.328      ; 137.536    ;
; -136.707 ; PC:PC_inst|PC_reg[4] ; banco:banco_inst|registradores~148 ; DivisorFrequencia:Divisor_inst|clkSaida ; DivisorFrequencia:Divisor_inst|clkSaida ; 0.500        ; 0.316      ; 137.521    ;
; -136.703 ; PC:PC_inst|PC_reg[4] ; banco:banco_inst|registradores~177 ; DivisorFrequencia:Divisor_inst|clkSaida ; DivisorFrequencia:Divisor_inst|clkSaida ; 0.500        ; 0.331      ; 137.532    ;
; -136.696 ; PC:PC_inst|PC_reg[4] ; banco:banco_inst|registradores~159 ; DivisorFrequencia:Divisor_inst|clkSaida ; DivisorFrequencia:Divisor_inst|clkSaida ; 0.500        ; 0.300      ; 137.494    ;
; -136.693 ; PC:PC_inst|PC_reg[3] ; banco:banco_inst|registradores~94  ; DivisorFrequencia:Divisor_inst|clkSaida ; DivisorFrequencia:Divisor_inst|clkSaida ; 0.500        ; 0.378      ; 137.569    ;
; -136.691 ; PC:PC_inst|PC_reg[3] ; banco:banco_inst|registradores~182 ; DivisorFrequencia:Divisor_inst|clkSaida ; DivisorFrequencia:Divisor_inst|clkSaida ; 0.500        ; 0.309      ; 137.498    ;
; -136.685 ; PC:PC_inst|PC_reg[3] ; banco:banco_inst|registradores~205 ; DivisorFrequencia:Divisor_inst|clkSaida ; DivisorFrequencia:Divisor_inst|clkSaida ; 0.500        ; 0.305      ; 137.488    ;
; -136.685 ; PC:PC_inst|PC_reg[0] ; banco:banco_inst|registradores~221 ; DivisorFrequencia:Divisor_inst|clkSaida ; DivisorFrequencia:Divisor_inst|clkSaida ; 0.500        ; 0.376      ; 137.559    ;
; -136.683 ; PC:PC_inst|PC_reg[3] ; banco:banco_inst|registradores~180 ; DivisorFrequencia:Divisor_inst|clkSaida ; DivisorFrequencia:Divisor_inst|clkSaida ; 0.500        ; 0.309      ; 137.490    ;
; -136.682 ; PC:PC_inst|PC_reg[4] ; banco:banco_inst|registradores~150 ; DivisorFrequencia:Divisor_inst|clkSaida ; DivisorFrequencia:Divisor_inst|clkSaida ; 0.500        ; 0.327      ; 137.507    ;
; -136.668 ; PC:PC_inst|PC_reg[3] ; banco:banco_inst|registradores~76  ; DivisorFrequencia:Divisor_inst|clkSaida ; DivisorFrequencia:Divisor_inst|clkSaida ; 0.500        ; 0.328      ; 137.494    ;
; -136.666 ; PC:PC_inst|PC_reg[1] ; banco:banco_inst|registradores~61  ; DivisorFrequencia:Divisor_inst|clkSaida ; DivisorFrequencia:Divisor_inst|clkSaida ; 0.500        ; 0.340      ; 137.504    ;
; -136.661 ; PC:PC_inst|PC_reg[1] ; banco:banco_inst|registradores~181 ; DivisorFrequencia:Divisor_inst|clkSaida ; DivisorFrequencia:Divisor_inst|clkSaida ; 0.500        ; 0.306      ; 137.465    ;
; -136.658 ; PC:PC_inst|PC_reg[3] ; banco:banco_inst|registradores~214 ; DivisorFrequencia:Divisor_inst|clkSaida ; DivisorFrequencia:Divisor_inst|clkSaida ; 0.500        ; 0.342      ; 137.498    ;
; -136.654 ; PC:PC_inst|PC_reg[3] ; banco:banco_inst|registradores~110 ; DivisorFrequencia:Divisor_inst|clkSaida ; DivisorFrequencia:Divisor_inst|clkSaida ; 0.500        ; 0.309      ; 137.461    ;
; -136.641 ; PC:PC_inst|PC_reg[3] ; banco:banco_inst|registradores~144 ; DivisorFrequencia:Divisor_inst|clkSaida ; DivisorFrequencia:Divisor_inst|clkSaida ; 0.500        ; 0.268      ; 137.407    ;
; -136.641 ; PC:PC_inst|PC_reg[2] ; banco:banco_inst|registradores~246 ; DivisorFrequencia:Divisor_inst|clkSaida ; DivisorFrequencia:Divisor_inst|clkSaida ; 0.500        ; 0.324      ; 137.463    ;
; -136.638 ; PC:PC_inst|PC_reg[4] ; banco:banco_inst|registradores~61  ; DivisorFrequencia:Divisor_inst|clkSaida ; DivisorFrequencia:Divisor_inst|clkSaida ; 0.500        ; 0.339      ; 137.475    ;
; -136.635 ; PC:PC_inst|PC_reg[5] ; banco:banco_inst|registradores~93  ; DivisorFrequencia:Divisor_inst|clkSaida ; DivisorFrequencia:Divisor_inst|clkSaida ; 0.500        ; 0.342      ; 137.475    ;
; -136.634 ; PC:PC_inst|PC_reg[0] ; banco:banco_inst|registradores~223 ; DivisorFrequencia:Divisor_inst|clkSaida ; DivisorFrequencia:Divisor_inst|clkSaida ; 0.500        ; 0.338      ; 137.470    ;
; -136.633 ; PC:PC_inst|PC_reg[4] ; banco:banco_inst|registradores~181 ; DivisorFrequencia:Divisor_inst|clkSaida ; DivisorFrequencia:Divisor_inst|clkSaida ; 0.500        ; 0.305      ; 137.436    ;
; -136.631 ; PC:PC_inst|PC_reg[3] ; banco:banco_inst|registradores~244 ; DivisorFrequencia:Divisor_inst|clkSaida ; DivisorFrequencia:Divisor_inst|clkSaida ; 0.500        ; 0.303      ; 137.432    ;
; -136.628 ; PC:PC_inst|PC_reg[5] ; banco:banco_inst|registradores~80  ; DivisorFrequencia:Divisor_inst|clkSaida ; DivisorFrequencia:Divisor_inst|clkSaida ; 0.500        ; 0.320      ; 137.446    ;
; -136.625 ; PC:PC_inst|PC_reg[0] ; banco:banco_inst|registradores~191 ; DivisorFrequencia:Divisor_inst|clkSaida ; DivisorFrequencia:Divisor_inst|clkSaida ; 0.500        ; 0.325      ; 137.448    ;
; -136.623 ; PC:PC_inst|PC_reg[3] ; banco:banco_inst|registradores~85  ; DivisorFrequencia:Divisor_inst|clkSaida ; DivisorFrequencia:Divisor_inst|clkSaida ; 0.500        ; 0.340      ; 137.461    ;
+----------+----------------------+------------------------------------+-----------------------------------------+-----------------------------------------+--------------+------------+------------+


+--------------------------------------------------------------------------------------------------------------------------------------------------------------------------+
; Slow 1200mV 85C Model Setup: 'clk_50'                                                                                                                                    ;
+--------+---------------------------------------------+---------------------------------------------+--------------+-------------+--------------+------------+------------+
; Slack  ; From Node                                   ; To Node                                     ; Launch Clock ; Latch Clock ; Relationship ; Clock Skew ; Data Delay ;
+--------+---------------------------------------------+---------------------------------------------+--------------+-------------+--------------+------------+------------+
; -3.602 ; DivisorFrequencia:Divisor_inst|contador[3]  ; DivisorFrequencia:Divisor_inst|clkSaida     ; clk_50       ; clk_50      ; 1.000        ; -0.081     ; 4.519      ;
; -3.595 ; DivisorFrequencia:Divisor_inst|contador[0]  ; DivisorFrequencia:Divisor_inst|clkSaida     ; clk_50       ; clk_50      ; 1.000        ; -0.081     ; 4.512      ;
; -3.588 ; DivisorFrequencia:Divisor_inst|contador[15] ; DivisorFrequencia:Divisor_inst|clkSaida     ; clk_50       ; clk_50      ; 1.000        ; -0.080     ; 4.506      ;
; -3.580 ; DivisorFrequencia:Divisor_inst|contador[13] ; DivisorFrequencia:Divisor_inst|clkSaida     ; clk_50       ; clk_50      ; 1.000        ; -0.080     ; 4.498      ;
; -3.558 ; DivisorFrequencia:Divisor_inst|contador[17] ; DivisorFrequencia:Divisor_inst|clkSaida     ; clk_50       ; clk_50      ; 1.000        ; -0.080     ; 4.476      ;
; -3.549 ; DivisorFrequencia:Divisor_inst|contador[19] ; DivisorFrequencia:Divisor_inst|clkSaida     ; clk_50       ; clk_50      ; 1.000        ; -0.080     ; 4.467      ;
; -3.495 ; DivisorFrequencia:Divisor_inst|contador[5]  ; DivisorFrequencia:Divisor_inst|clkSaida     ; clk_50       ; clk_50      ; 1.000        ; -0.081     ; 4.412      ;
; -3.443 ; DivisorFrequencia:Divisor_inst|contador[2]  ; DivisorFrequencia:Divisor_inst|clkSaida     ; clk_50       ; clk_50      ; 1.000        ; -0.081     ; 4.360      ;
; -3.407 ; DivisorFrequencia:Divisor_inst|contador[4]  ; DivisorFrequencia:Divisor_inst|clkSaida     ; clk_50       ; clk_50      ; 1.000        ; -0.081     ; 4.324      ;
; -3.399 ; DivisorFrequencia:Divisor_inst|contador[14] ; DivisorFrequencia:Divisor_inst|clkSaida     ; clk_50       ; clk_50      ; 1.000        ; -0.080     ; 4.317      ;
; -3.376 ; DivisorFrequencia:Divisor_inst|contador[6]  ; DivisorFrequencia:Divisor_inst|clkSaida     ; clk_50       ; clk_50      ; 1.000        ; -0.081     ; 4.293      ;
; -3.368 ; DivisorFrequencia:Divisor_inst|contador[16] ; DivisorFrequencia:Divisor_inst|clkSaida     ; clk_50       ; clk_50      ; 1.000        ; -0.080     ; 4.286      ;
; -3.346 ; DivisorFrequencia:Divisor_inst|contador[9]  ; DivisorFrequencia:Divisor_inst|clkSaida     ; clk_50       ; clk_50      ; 1.000        ; -0.081     ; 4.263      ;
; -3.339 ; DivisorFrequencia:Divisor_inst|contador[11] ; DivisorFrequencia:Divisor_inst|clkSaida     ; clk_50       ; clk_50      ; 1.000        ; -0.081     ; 4.256      ;
; -3.329 ; DivisorFrequencia:Divisor_inst|contador[7]  ; DivisorFrequencia:Divisor_inst|clkSaida     ; clk_50       ; clk_50      ; 1.000        ; -0.081     ; 4.246      ;
; -3.311 ; DivisorFrequencia:Divisor_inst|contador[10] ; DivisorFrequencia:Divisor_inst|clkSaida     ; clk_50       ; clk_50      ; 1.000        ; -0.081     ; 4.228      ;
; -3.283 ; DivisorFrequencia:Divisor_inst|contador[12] ; DivisorFrequencia:Divisor_inst|clkSaida     ; clk_50       ; clk_50      ; 1.000        ; -0.080     ; 4.201      ;
; -3.260 ; DivisorFrequencia:Divisor_inst|contador[8]  ; DivisorFrequencia:Divisor_inst|clkSaida     ; clk_50       ; clk_50      ; 1.000        ; -0.081     ; 4.177      ;
; -3.252 ; DivisorFrequencia:Divisor_inst|contador[18] ; DivisorFrequencia:Divisor_inst|clkSaida     ; clk_50       ; clk_50      ; 1.000        ; -0.080     ; 4.170      ;
; -3.237 ; DivisorFrequencia:Divisor_inst|contador[23] ; DivisorFrequencia:Divisor_inst|clkSaida     ; clk_50       ; clk_50      ; 1.000        ; -0.080     ; 4.155      ;
; -3.229 ; DivisorFrequencia:Divisor_inst|contador[22] ; DivisorFrequencia:Divisor_inst|clkSaida     ; clk_50       ; clk_50      ; 1.000        ; -0.080     ; 4.147      ;
; -3.194 ; DivisorFrequencia:Divisor_inst|contador[21] ; DivisorFrequencia:Divisor_inst|clkSaida     ; clk_50       ; clk_50      ; 1.000        ; -0.080     ; 4.112      ;
; -3.126 ; DivisorFrequencia:Divisor_inst|contador[1]  ; DivisorFrequencia:Divisor_inst|clkSaida     ; clk_50       ; clk_50      ; 1.000        ; -0.081     ; 4.043      ;
; -2.931 ; DivisorFrequencia:Divisor_inst|contador[20] ; DivisorFrequencia:Divisor_inst|clkSaida     ; clk_50       ; clk_50      ; 1.000        ; -0.080     ; 3.849      ;
; -2.891 ; DivisorFrequencia:Divisor_inst|contador[24] ; DivisorFrequencia:Divisor_inst|clkSaida     ; clk_50       ; clk_50      ; 1.000        ; -0.080     ; 3.809      ;
; -2.291 ; DivisorFrequencia:Divisor_inst|contador[1]  ; DivisorFrequencia:Divisor_inst|contador[24] ; clk_50       ; clk_50      ; 1.000        ; -0.083     ; 3.206      ;
; -2.206 ; DivisorFrequencia:Divisor_inst|contador[0]  ; DivisorFrequencia:Divisor_inst|contador[24] ; clk_50       ; clk_50      ; 1.000        ; -0.083     ; 3.121      ;
; -2.166 ; DivisorFrequencia:Divisor_inst|contador[0]  ; DivisorFrequencia:Divisor_inst|contador[23] ; clk_50       ; clk_50      ; 1.000        ; -0.083     ; 3.081      ;
; -2.160 ; DivisorFrequencia:Divisor_inst|contador[3]  ; DivisorFrequencia:Divisor_inst|contador[24] ; clk_50       ; clk_50      ; 1.000        ; -0.083     ; 3.075      ;
; -2.159 ; DivisorFrequencia:Divisor_inst|contador[1]  ; DivisorFrequencia:Divisor_inst|contador[22] ; clk_50       ; clk_50      ; 1.000        ; -0.083     ; 3.074      ;
; -2.140 ; DivisorFrequencia:Divisor_inst|contador[1]  ; DivisorFrequencia:Divisor_inst|contador[23] ; clk_50       ; clk_50      ; 1.000        ; -0.083     ; 3.055      ;
; -2.110 ; DivisorFrequencia:Divisor_inst|contador[15] ; DivisorFrequencia:Divisor_inst|contador[0]  ; clk_50       ; clk_50      ; 1.000        ; -0.081     ; 3.027      ;
; -2.110 ; DivisorFrequencia:Divisor_inst|contador[15] ; DivisorFrequencia:Divisor_inst|contador[1]  ; clk_50       ; clk_50      ; 1.000        ; -0.081     ; 3.027      ;
; -2.110 ; DivisorFrequencia:Divisor_inst|contador[15] ; DivisorFrequencia:Divisor_inst|contador[4]  ; clk_50       ; clk_50      ; 1.000        ; -0.081     ; 3.027      ;
; -2.110 ; DivisorFrequencia:Divisor_inst|contador[15] ; DivisorFrequencia:Divisor_inst|contador[5]  ; clk_50       ; clk_50      ; 1.000        ; -0.081     ; 3.027      ;
; -2.108 ; DivisorFrequencia:Divisor_inst|contador[3]  ; DivisorFrequencia:Divisor_inst|contador[0]  ; clk_50       ; clk_50      ; 1.000        ; -0.082     ; 3.024      ;
; -2.108 ; DivisorFrequencia:Divisor_inst|contador[3]  ; DivisorFrequencia:Divisor_inst|contador[1]  ; clk_50       ; clk_50      ; 1.000        ; -0.082     ; 3.024      ;
; -2.108 ; DivisorFrequencia:Divisor_inst|contador[3]  ; DivisorFrequencia:Divisor_inst|contador[4]  ; clk_50       ; clk_50      ; 1.000        ; -0.082     ; 3.024      ;
; -2.108 ; DivisorFrequencia:Divisor_inst|contador[3]  ; DivisorFrequencia:Divisor_inst|contador[5]  ; clk_50       ; clk_50      ; 1.000        ; -0.082     ; 3.024      ;
; -2.102 ; DivisorFrequencia:Divisor_inst|contador[13] ; DivisorFrequencia:Divisor_inst|contador[0]  ; clk_50       ; clk_50      ; 1.000        ; -0.081     ; 3.019      ;
; -2.102 ; DivisorFrequencia:Divisor_inst|contador[13] ; DivisorFrequencia:Divisor_inst|contador[1]  ; clk_50       ; clk_50      ; 1.000        ; -0.081     ; 3.019      ;
; -2.102 ; DivisorFrequencia:Divisor_inst|contador[13] ; DivisorFrequencia:Divisor_inst|contador[4]  ; clk_50       ; clk_50      ; 1.000        ; -0.081     ; 3.019      ;
; -2.102 ; DivisorFrequencia:Divisor_inst|contador[13] ; DivisorFrequencia:Divisor_inst|contador[5]  ; clk_50       ; clk_50      ; 1.000        ; -0.081     ; 3.019      ;
; -2.101 ; DivisorFrequencia:Divisor_inst|contador[0]  ; DivisorFrequencia:Divisor_inst|contador[0]  ; clk_50       ; clk_50      ; 1.000        ; -0.082     ; 3.017      ;
; -2.101 ; DivisorFrequencia:Divisor_inst|contador[0]  ; DivisorFrequencia:Divisor_inst|contador[1]  ; clk_50       ; clk_50      ; 1.000        ; -0.082     ; 3.017      ;
; -2.101 ; DivisorFrequencia:Divisor_inst|contador[0]  ; DivisorFrequencia:Divisor_inst|contador[4]  ; clk_50       ; clk_50      ; 1.000        ; -0.082     ; 3.017      ;
; -2.101 ; DivisorFrequencia:Divisor_inst|contador[0]  ; DivisorFrequencia:Divisor_inst|contador[5]  ; clk_50       ; clk_50      ; 1.000        ; -0.082     ; 3.017      ;
; -2.080 ; DivisorFrequencia:Divisor_inst|contador[17] ; DivisorFrequencia:Divisor_inst|contador[0]  ; clk_50       ; clk_50      ; 1.000        ; -0.081     ; 2.997      ;
; -2.080 ; DivisorFrequencia:Divisor_inst|contador[17] ; DivisorFrequencia:Divisor_inst|contador[1]  ; clk_50       ; clk_50      ; 1.000        ; -0.081     ; 2.997      ;
; -2.080 ; DivisorFrequencia:Divisor_inst|contador[17] ; DivisorFrequencia:Divisor_inst|contador[4]  ; clk_50       ; clk_50      ; 1.000        ; -0.081     ; 2.997      ;
; -2.080 ; DivisorFrequencia:Divisor_inst|contador[17] ; DivisorFrequencia:Divisor_inst|contador[5]  ; clk_50       ; clk_50      ; 1.000        ; -0.081     ; 2.997      ;
; -2.075 ; DivisorFrequencia:Divisor_inst|contador[2]  ; DivisorFrequencia:Divisor_inst|contador[24] ; clk_50       ; clk_50      ; 1.000        ; -0.083     ; 2.990      ;
; -2.074 ; DivisorFrequencia:Divisor_inst|contador[0]  ; DivisorFrequencia:Divisor_inst|contador[22] ; clk_50       ; clk_50      ; 1.000        ; -0.083     ; 2.989      ;
; -2.071 ; DivisorFrequencia:Divisor_inst|contador[19] ; DivisorFrequencia:Divisor_inst|contador[0]  ; clk_50       ; clk_50      ; 1.000        ; -0.081     ; 2.988      ;
; -2.071 ; DivisorFrequencia:Divisor_inst|contador[19] ; DivisorFrequencia:Divisor_inst|contador[1]  ; clk_50       ; clk_50      ; 1.000        ; -0.081     ; 2.988      ;
; -2.071 ; DivisorFrequencia:Divisor_inst|contador[19] ; DivisorFrequencia:Divisor_inst|contador[4]  ; clk_50       ; clk_50      ; 1.000        ; -0.081     ; 2.988      ;
; -2.071 ; DivisorFrequencia:Divisor_inst|contador[19] ; DivisorFrequencia:Divisor_inst|contador[5]  ; clk_50       ; clk_50      ; 1.000        ; -0.081     ; 2.988      ;
; -2.035 ; DivisorFrequencia:Divisor_inst|contador[2]  ; DivisorFrequencia:Divisor_inst|contador[23] ; clk_50       ; clk_50      ; 1.000        ; -0.083     ; 2.950      ;
; -2.034 ; DivisorFrequencia:Divisor_inst|contador[0]  ; DivisorFrequencia:Divisor_inst|contador[21] ; clk_50       ; clk_50      ; 1.000        ; -0.083     ; 2.949      ;
; -2.029 ; DivisorFrequencia:Divisor_inst|contador[5]  ; DivisorFrequencia:Divisor_inst|contador[24] ; clk_50       ; clk_50      ; 1.000        ; -0.083     ; 2.944      ;
; -2.028 ; DivisorFrequencia:Divisor_inst|contador[3]  ; DivisorFrequencia:Divisor_inst|contador[22] ; clk_50       ; clk_50      ; 1.000        ; -0.083     ; 2.943      ;
; -2.027 ; DivisorFrequencia:Divisor_inst|contador[1]  ; DivisorFrequencia:Divisor_inst|contador[20] ; clk_50       ; clk_50      ; 1.000        ; -0.083     ; 2.942      ;
; -2.009 ; DivisorFrequencia:Divisor_inst|contador[3]  ; DivisorFrequencia:Divisor_inst|contador[23] ; clk_50       ; clk_50      ; 1.000        ; -0.083     ; 2.924      ;
; -2.008 ; DivisorFrequencia:Divisor_inst|contador[1]  ; DivisorFrequencia:Divisor_inst|contador[21] ; clk_50       ; clk_50      ; 1.000        ; -0.083     ; 2.923      ;
; -2.001 ; DivisorFrequencia:Divisor_inst|contador[5]  ; DivisorFrequencia:Divisor_inst|contador[0]  ; clk_50       ; clk_50      ; 1.000        ; -0.082     ; 2.917      ;
; -2.001 ; DivisorFrequencia:Divisor_inst|contador[5]  ; DivisorFrequencia:Divisor_inst|contador[1]  ; clk_50       ; clk_50      ; 1.000        ; -0.082     ; 2.917      ;
; -2.001 ; DivisorFrequencia:Divisor_inst|contador[5]  ; DivisorFrequencia:Divisor_inst|contador[4]  ; clk_50       ; clk_50      ; 1.000        ; -0.082     ; 2.917      ;
; -2.001 ; DivisorFrequencia:Divisor_inst|contador[5]  ; DivisorFrequencia:Divisor_inst|contador[5]  ; clk_50       ; clk_50      ; 1.000        ; -0.082     ; 2.917      ;
; -1.949 ; DivisorFrequencia:Divisor_inst|contador[2]  ; DivisorFrequencia:Divisor_inst|contador[0]  ; clk_50       ; clk_50      ; 1.000        ; -0.082     ; 2.865      ;
; -1.949 ; DivisorFrequencia:Divisor_inst|contador[2]  ; DivisorFrequencia:Divisor_inst|contador[1]  ; clk_50       ; clk_50      ; 1.000        ; -0.082     ; 2.865      ;
; -1.949 ; DivisorFrequencia:Divisor_inst|contador[2]  ; DivisorFrequencia:Divisor_inst|contador[4]  ; clk_50       ; clk_50      ; 1.000        ; -0.082     ; 2.865      ;
; -1.949 ; DivisorFrequencia:Divisor_inst|contador[2]  ; DivisorFrequencia:Divisor_inst|contador[5]  ; clk_50       ; clk_50      ; 1.000        ; -0.082     ; 2.865      ;
; -1.943 ; DivisorFrequencia:Divisor_inst|contador[2]  ; DivisorFrequencia:Divisor_inst|contador[22] ; clk_50       ; clk_50      ; 1.000        ; -0.083     ; 2.858      ;
; -1.942 ; DivisorFrequencia:Divisor_inst|contador[0]  ; DivisorFrequencia:Divisor_inst|contador[20] ; clk_50       ; clk_50      ; 1.000        ; -0.083     ; 2.857      ;
; -1.939 ; DivisorFrequencia:Divisor_inst|contador[4]  ; DivisorFrequencia:Divisor_inst|contador[24] ; clk_50       ; clk_50      ; 1.000        ; -0.083     ; 2.854      ;
; -1.921 ; DivisorFrequencia:Divisor_inst|contador[14] ; DivisorFrequencia:Divisor_inst|contador[0]  ; clk_50       ; clk_50      ; 1.000        ; -0.081     ; 2.838      ;
; -1.921 ; DivisorFrequencia:Divisor_inst|contador[14] ; DivisorFrequencia:Divisor_inst|contador[1]  ; clk_50       ; clk_50      ; 1.000        ; -0.081     ; 2.838      ;
; -1.921 ; DivisorFrequencia:Divisor_inst|contador[14] ; DivisorFrequencia:Divisor_inst|contador[4]  ; clk_50       ; clk_50      ; 1.000        ; -0.081     ; 2.838      ;
; -1.921 ; DivisorFrequencia:Divisor_inst|contador[14] ; DivisorFrequencia:Divisor_inst|contador[5]  ; clk_50       ; clk_50      ; 1.000        ; -0.081     ; 2.838      ;
; -1.913 ; DivisorFrequencia:Divisor_inst|contador[4]  ; DivisorFrequencia:Divisor_inst|contador[0]  ; clk_50       ; clk_50      ; 1.000        ; -0.082     ; 2.829      ;
; -1.913 ; DivisorFrequencia:Divisor_inst|contador[4]  ; DivisorFrequencia:Divisor_inst|contador[1]  ; clk_50       ; clk_50      ; 1.000        ; -0.082     ; 2.829      ;
; -1.913 ; DivisorFrequencia:Divisor_inst|contador[4]  ; DivisorFrequencia:Divisor_inst|contador[4]  ; clk_50       ; clk_50      ; 1.000        ; -0.082     ; 2.829      ;
; -1.913 ; DivisorFrequencia:Divisor_inst|contador[4]  ; DivisorFrequencia:Divisor_inst|contador[5]  ; clk_50       ; clk_50      ; 1.000        ; -0.082     ; 2.829      ;
; -1.908 ; DivisorFrequencia:Divisor_inst|contador[4]  ; DivisorFrequencia:Divisor_inst|contador[23] ; clk_50       ; clk_50      ; 1.000        ; -0.083     ; 2.823      ;
; -1.903 ; DivisorFrequencia:Divisor_inst|contador[2]  ; DivisorFrequencia:Divisor_inst|contador[21] ; clk_50       ; clk_50      ; 1.000        ; -0.083     ; 2.818      ;
; -1.902 ; DivisorFrequencia:Divisor_inst|contador[0]  ; DivisorFrequencia:Divisor_inst|contador[19] ; clk_50       ; clk_50      ; 1.000        ; -0.083     ; 2.817      ;
; -1.898 ; DivisorFrequencia:Divisor_inst|contador[6]  ; DivisorFrequencia:Divisor_inst|contador[0]  ; clk_50       ; clk_50      ; 1.000        ; -0.082     ; 2.814      ;
; -1.898 ; DivisorFrequencia:Divisor_inst|contador[6]  ; DivisorFrequencia:Divisor_inst|contador[1]  ; clk_50       ; clk_50      ; 1.000        ; -0.082     ; 2.814      ;
; -1.898 ; DivisorFrequencia:Divisor_inst|contador[6]  ; DivisorFrequencia:Divisor_inst|contador[4]  ; clk_50       ; clk_50      ; 1.000        ; -0.082     ; 2.814      ;
; -1.898 ; DivisorFrequencia:Divisor_inst|contador[6]  ; DivisorFrequencia:Divisor_inst|contador[5]  ; clk_50       ; clk_50      ; 1.000        ; -0.082     ; 2.814      ;
; -1.897 ; DivisorFrequencia:Divisor_inst|contador[5]  ; DivisorFrequencia:Divisor_inst|contador[22] ; clk_50       ; clk_50      ; 1.000        ; -0.083     ; 2.812      ;
; -1.896 ; DivisorFrequencia:Divisor_inst|contador[3]  ; DivisorFrequencia:Divisor_inst|contador[20] ; clk_50       ; clk_50      ; 1.000        ; -0.083     ; 2.811      ;
; -1.895 ; DivisorFrequencia:Divisor_inst|contador[1]  ; DivisorFrequencia:Divisor_inst|contador[18] ; clk_50       ; clk_50      ; 1.000        ; -0.083     ; 2.810      ;
; -1.893 ; DivisorFrequencia:Divisor_inst|contador[7]  ; DivisorFrequencia:Divisor_inst|contador[24] ; clk_50       ; clk_50      ; 1.000        ; -0.083     ; 2.808      ;
; -1.890 ; DivisorFrequencia:Divisor_inst|contador[16] ; DivisorFrequencia:Divisor_inst|contador[0]  ; clk_50       ; clk_50      ; 1.000        ; -0.081     ; 2.807      ;
; -1.890 ; DivisorFrequencia:Divisor_inst|contador[16] ; DivisorFrequencia:Divisor_inst|contador[1]  ; clk_50       ; clk_50      ; 1.000        ; -0.081     ; 2.807      ;
; -1.890 ; DivisorFrequencia:Divisor_inst|contador[16] ; DivisorFrequencia:Divisor_inst|contador[4]  ; clk_50       ; clk_50      ; 1.000        ; -0.081     ; 2.807      ;
; -1.890 ; DivisorFrequencia:Divisor_inst|contador[16] ; DivisorFrequencia:Divisor_inst|contador[5]  ; clk_50       ; clk_50      ; 1.000        ; -0.081     ; 2.807      ;
; -1.878 ; DivisorFrequencia:Divisor_inst|contador[5]  ; DivisorFrequencia:Divisor_inst|contador[23] ; clk_50       ; clk_50      ; 1.000        ; -0.083     ; 2.793      ;
; -1.877 ; DivisorFrequencia:Divisor_inst|contador[3]  ; DivisorFrequencia:Divisor_inst|contador[21] ; clk_50       ; clk_50      ; 1.000        ; -0.083     ; 2.792      ;
+--------+---------------------------------------------+---------------------------------------------+--------------+-------------+--------------+------------+------------+


+----------------------------------------------------------------------------------------------------------------------------------------------------------------------------------------------------+
; Slow 1200mV 85C Model Hold: 'clk_50'                                                                                                                                                               ;
+-------+---------------------------------------------+---------------------------------------------+-----------------------------------------+-------------+--------------+------------+------------+
; Slack ; From Node                                   ; To Node                                     ; Launch Clock                            ; Latch Clock ; Relationship ; Clock Skew ; Data Delay ;
+-------+---------------------------------------------+---------------------------------------------+-----------------------------------------+-------------+--------------+------------+------------+
; 0.440 ; DivisorFrequencia:Divisor_inst|contador[24] ; DivisorFrequencia:Divisor_inst|contador[24] ; clk_50                                  ; clk_50      ; 0.000        ; 0.082      ; 0.708      ;
; 0.639 ; DivisorFrequencia:Divisor_inst|contador[15] ; DivisorFrequencia:Divisor_inst|contador[15] ; clk_50                                  ; clk_50      ; 0.000        ; 0.082      ; 0.907      ;
; 0.640 ; DivisorFrequencia:Divisor_inst|contador[17] ; DivisorFrequencia:Divisor_inst|contador[17] ; clk_50                                  ; clk_50      ; 0.000        ; 0.082      ; 0.908      ;
; 0.640 ; DivisorFrequencia:Divisor_inst|contador[13] ; DivisorFrequencia:Divisor_inst|contador[13] ; clk_50                                  ; clk_50      ; 0.000        ; 0.082      ; 0.908      ;
; 0.641 ; DivisorFrequencia:Divisor_inst|contador[23] ; DivisorFrequencia:Divisor_inst|contador[23] ; clk_50                                  ; clk_50      ; 0.000        ; 0.082      ; 0.909      ;
; 0.642 ; DivisorFrequencia:Divisor_inst|contador[18] ; DivisorFrequencia:Divisor_inst|contador[18] ; clk_50                                  ; clk_50      ; 0.000        ; 0.082      ; 0.910      ;
; 0.643 ; DivisorFrequencia:Divisor_inst|contador[19] ; DivisorFrequencia:Divisor_inst|contador[19] ; clk_50                                  ; clk_50      ; 0.000        ; 0.082      ; 0.911      ;
; 0.643 ; DivisorFrequencia:Divisor_inst|contador[12] ; DivisorFrequencia:Divisor_inst|contador[12] ; clk_50                                  ; clk_50      ; 0.000        ; 0.082      ; 0.911      ;
; 0.644 ; DivisorFrequencia:Divisor_inst|contador[14] ; DivisorFrequencia:Divisor_inst|contador[14] ; clk_50                                  ; clk_50      ; 0.000        ; 0.082      ; 0.912      ;
; 0.645 ; DivisorFrequencia:Divisor_inst|contador[16] ; DivisorFrequencia:Divisor_inst|contador[16] ; clk_50                                  ; clk_50      ; 0.000        ; 0.082      ; 0.913      ;
; 0.646 ; DivisorFrequencia:Divisor_inst|contador[20] ; DivisorFrequencia:Divisor_inst|contador[20] ; clk_50                                  ; clk_50      ; 0.000        ; 0.082      ; 0.914      ;
; 0.647 ; DivisorFrequencia:Divisor_inst|contador[22] ; DivisorFrequencia:Divisor_inst|contador[22] ; clk_50                                  ; clk_50      ; 0.000        ; 0.082      ; 0.915      ;
; 0.653 ; DivisorFrequencia:Divisor_inst|contador[9]  ; DivisorFrequencia:Divisor_inst|contador[9]  ; clk_50                                  ; clk_50      ; 0.000        ; 0.082      ; 0.921      ;
; 0.654 ; DivisorFrequencia:Divisor_inst|contador[7]  ; DivisorFrequencia:Divisor_inst|contador[7]  ; clk_50                                  ; clk_50      ; 0.000        ; 0.082      ; 0.922      ;
; 0.656 ; DivisorFrequencia:Divisor_inst|contador[3]  ; DivisorFrequencia:Divisor_inst|contador[3]  ; clk_50                                  ; clk_50      ; 0.000        ; 0.082      ; 0.924      ;
; 0.656 ; DivisorFrequencia:Divisor_inst|contador[2]  ; DivisorFrequencia:Divisor_inst|contador[2]  ; clk_50                                  ; clk_50      ; 0.000        ; 0.082      ; 0.924      ;
; 0.658 ; DivisorFrequencia:Divisor_inst|contador[10] ; DivisorFrequencia:Divisor_inst|contador[10] ; clk_50                                  ; clk_50      ; 0.000        ; 0.082      ; 0.926      ;
; 0.659 ; DivisorFrequencia:Divisor_inst|contador[8]  ; DivisorFrequencia:Divisor_inst|contador[8]  ; clk_50                                  ; clk_50      ; 0.000        ; 0.082      ; 0.927      ;
; 0.659 ; DivisorFrequencia:Divisor_inst|contador[6]  ; DivisorFrequencia:Divisor_inst|contador[6]  ; clk_50                                  ; clk_50      ; 0.000        ; 0.082      ; 0.927      ;
; 0.800 ; DivisorFrequencia:Divisor_inst|contador[11] ; DivisorFrequencia:Divisor_inst|contador[11] ; clk_50                                  ; clk_50      ; 0.000        ; 0.082      ; 1.068      ;
; 0.805 ; DivisorFrequencia:Divisor_inst|contador[21] ; DivisorFrequencia:Divisor_inst|contador[21] ; clk_50                                  ; clk_50      ; 0.000        ; 0.082      ; 1.073      ;
; 0.957 ; DivisorFrequencia:Divisor_inst|contador[13] ; DivisorFrequencia:Divisor_inst|contador[14] ; clk_50                                  ; clk_50      ; 0.000        ; 0.082      ; 1.225      ;
; 0.957 ; DivisorFrequencia:Divisor_inst|contador[15] ; DivisorFrequencia:Divisor_inst|contador[16] ; clk_50                                  ; clk_50      ; 0.000        ; 0.082      ; 1.225      ;
; 0.958 ; DivisorFrequencia:Divisor_inst|contador[17] ; DivisorFrequencia:Divisor_inst|contador[18] ; clk_50                                  ; clk_50      ; 0.000        ; 0.082      ; 1.226      ;
; 0.959 ; DivisorFrequencia:Divisor_inst|contador[23] ; DivisorFrequencia:Divisor_inst|contador[24] ; clk_50                                  ; clk_50      ; 0.000        ; 0.082      ; 1.227      ;
; 0.960 ; DivisorFrequencia:Divisor_inst|contador[19] ; DivisorFrequencia:Divisor_inst|contador[20] ; clk_50                                  ; clk_50      ; 0.000        ; 0.082      ; 1.228      ;
; 0.969 ; DivisorFrequencia:Divisor_inst|contador[18] ; DivisorFrequencia:Divisor_inst|contador[19] ; clk_50                                  ; clk_50      ; 0.000        ; 0.082      ; 1.237      ;
; 0.970 ; DivisorFrequencia:Divisor_inst|contador[12] ; DivisorFrequencia:Divisor_inst|contador[13] ; clk_50                                  ; clk_50      ; 0.000        ; 0.082      ; 1.238      ;
; 0.971 ; DivisorFrequencia:Divisor_inst|contador[9]  ; DivisorFrequencia:Divisor_inst|contador[10] ; clk_50                                  ; clk_50      ; 0.000        ; 0.082      ; 1.239      ;
; 0.971 ; DivisorFrequencia:Divisor_inst|contador[14] ; DivisorFrequencia:Divisor_inst|contador[15] ; clk_50                                  ; clk_50      ; 0.000        ; 0.082      ; 1.239      ;
; 0.972 ; DivisorFrequencia:Divisor_inst|contador[7]  ; DivisorFrequencia:Divisor_inst|contador[8]  ; clk_50                                  ; clk_50      ; 0.000        ; 0.082      ; 1.240      ;
; 0.972 ; DivisorFrequencia:Divisor_inst|contador[16] ; DivisorFrequencia:Divisor_inst|contador[17] ; clk_50                                  ; clk_50      ; 0.000        ; 0.082      ; 1.240      ;
; 0.973 ; DivisorFrequencia:Divisor_inst|contador[1]  ; DivisorFrequencia:Divisor_inst|contador[2]  ; clk_50                                  ; clk_50      ; 0.000        ; 0.082      ; 1.241      ;
; 0.973 ; DivisorFrequencia:Divisor_inst|contador[20] ; DivisorFrequencia:Divisor_inst|contador[21] ; clk_50                                  ; clk_50      ; 0.000        ; 0.082      ; 1.241      ;
; 0.974 ; DivisorFrequencia:Divisor_inst|contador[5]  ; DivisorFrequencia:Divisor_inst|contador[6]  ; clk_50                                  ; clk_50      ; 0.000        ; 0.082      ; 1.242      ;
; 0.974 ; DivisorFrequencia:Divisor_inst|contador[22] ; DivisorFrequencia:Divisor_inst|contador[23] ; clk_50                                  ; clk_50      ; 0.000        ; 0.082      ; 1.242      ;
; 0.974 ; DivisorFrequencia:Divisor_inst|contador[18] ; DivisorFrequencia:Divisor_inst|contador[20] ; clk_50                                  ; clk_50      ; 0.000        ; 0.082      ; 1.242      ;
; 0.975 ; DivisorFrequencia:Divisor_inst|contador[12] ; DivisorFrequencia:Divisor_inst|contador[14] ; clk_50                                  ; clk_50      ; 0.000        ; 0.082      ; 1.243      ;
; 0.976 ; DivisorFrequencia:Divisor_inst|contador[14] ; DivisorFrequencia:Divisor_inst|contador[16] ; clk_50                                  ; clk_50      ; 0.000        ; 0.082      ; 1.244      ;
; 0.977 ; DivisorFrequencia:Divisor_inst|contador[16] ; DivisorFrequencia:Divisor_inst|contador[18] ; clk_50                                  ; clk_50      ; 0.000        ; 0.082      ; 1.245      ;
; 0.978 ; DivisorFrequencia:Divisor_inst|contador[20] ; DivisorFrequencia:Divisor_inst|contador[22] ; clk_50                                  ; clk_50      ; 0.000        ; 0.082      ; 1.246      ;
; 0.979 ; DivisorFrequencia:Divisor_inst|contador[22] ; DivisorFrequencia:Divisor_inst|contador[24] ; clk_50                                  ; clk_50      ; 0.000        ; 0.082      ; 1.247      ;
; 0.983 ; DivisorFrequencia:Divisor_inst|contador[2]  ; DivisorFrequencia:Divisor_inst|contador[3]  ; clk_50                                  ; clk_50      ; 0.000        ; 0.082      ; 1.251      ;
; 0.985 ; DivisorFrequencia:Divisor_inst|contador[10] ; DivisorFrequencia:Divisor_inst|contador[11] ; clk_50                                  ; clk_50      ; 0.000        ; 0.082      ; 1.253      ;
; 0.986 ; DivisorFrequencia:Divisor_inst|contador[8]  ; DivisorFrequencia:Divisor_inst|contador[9]  ; clk_50                                  ; clk_50      ; 0.000        ; 0.082      ; 1.254      ;
; 0.986 ; DivisorFrequencia:Divisor_inst|contador[6]  ; DivisorFrequencia:Divisor_inst|contador[7]  ; clk_50                                  ; clk_50      ; 0.000        ; 0.082      ; 1.254      ;
; 0.987 ; DivisorFrequencia:Divisor_inst|contador[0]  ; DivisorFrequencia:Divisor_inst|contador[2]  ; clk_50                                  ; clk_50      ; 0.000        ; 0.082      ; 1.255      ;
; 0.991 ; DivisorFrequencia:Divisor_inst|contador[10] ; DivisorFrequencia:Divisor_inst|contador[12] ; clk_50                                  ; clk_50      ; 0.000        ; 0.081      ; 1.258      ;
; 0.991 ; DivisorFrequencia:Divisor_inst|contador[8]  ; DivisorFrequencia:Divisor_inst|contador[10] ; clk_50                                  ; clk_50      ; 0.000        ; 0.082      ; 1.259      ;
; 0.991 ; DivisorFrequencia:Divisor_inst|contador[6]  ; DivisorFrequencia:Divisor_inst|contador[8]  ; clk_50                                  ; clk_50      ; 0.000        ; 0.082      ; 1.259      ;
; 0.992 ; DivisorFrequencia:Divisor_inst|contador[4]  ; DivisorFrequencia:Divisor_inst|contador[6]  ; clk_50                                  ; clk_50      ; 0.000        ; 0.082      ; 1.260      ;
; 1.078 ; DivisorFrequencia:Divisor_inst|contador[13] ; DivisorFrequencia:Divisor_inst|contador[15] ; clk_50                                  ; clk_50      ; 0.000        ; 0.082      ; 1.346      ;
; 1.078 ; DivisorFrequencia:Divisor_inst|contador[15] ; DivisorFrequencia:Divisor_inst|contador[17] ; clk_50                                  ; clk_50      ; 0.000        ; 0.082      ; 1.346      ;
; 1.079 ; DivisorFrequencia:Divisor_inst|contador[17] ; DivisorFrequencia:Divisor_inst|contador[19] ; clk_50                                  ; clk_50      ; 0.000        ; 0.082      ; 1.347      ;
; 1.081 ; DivisorFrequencia:Divisor_inst|contador[19] ; DivisorFrequencia:Divisor_inst|contador[21] ; clk_50                                  ; clk_50      ; 0.000        ; 0.082      ; 1.349      ;
; 1.083 ; DivisorFrequencia:Divisor_inst|contador[13] ; DivisorFrequencia:Divisor_inst|contador[16] ; clk_50                                  ; clk_50      ; 0.000        ; 0.082      ; 1.351      ;
; 1.083 ; DivisorFrequencia:Divisor_inst|contador[15] ; DivisorFrequencia:Divisor_inst|contador[18] ; clk_50                                  ; clk_50      ; 0.000        ; 0.082      ; 1.351      ;
; 1.084 ; DivisorFrequencia:Divisor_inst|contador[17] ; DivisorFrequencia:Divisor_inst|contador[20] ; clk_50                                  ; clk_50      ; 0.000        ; 0.082      ; 1.352      ;
; 1.086 ; DivisorFrequencia:Divisor_inst|contador[19] ; DivisorFrequencia:Divisor_inst|contador[22] ; clk_50                                  ; clk_50      ; 0.000        ; 0.082      ; 1.354      ;
; 1.092 ; DivisorFrequencia:Divisor_inst|contador[9]  ; DivisorFrequencia:Divisor_inst|contador[11] ; clk_50                                  ; clk_50      ; 0.000        ; 0.082      ; 1.360      ;
; 1.093 ; DivisorFrequencia:Divisor_inst|contador[7]  ; DivisorFrequencia:Divisor_inst|contador[9]  ; clk_50                                  ; clk_50      ; 0.000        ; 0.082      ; 1.361      ;
; 1.094 ; DivisorFrequencia:Divisor_inst|contador[1]  ; DivisorFrequencia:Divisor_inst|contador[3]  ; clk_50                                  ; clk_50      ; 0.000        ; 0.082      ; 1.362      ;
; 1.095 ; DivisorFrequencia:Divisor_inst|contador[5]  ; DivisorFrequencia:Divisor_inst|contador[7]  ; clk_50                                  ; clk_50      ; 0.000        ; 0.082      ; 1.363      ;
; 1.095 ; DivisorFrequencia:Divisor_inst|contador[18] ; DivisorFrequencia:Divisor_inst|contador[21] ; clk_50                                  ; clk_50      ; 0.000        ; 0.082      ; 1.363      ;
; 1.096 ; DivisorFrequencia:Divisor_inst|contador[12] ; DivisorFrequencia:Divisor_inst|contador[15] ; clk_50                                  ; clk_50      ; 0.000        ; 0.082      ; 1.364      ;
; 1.097 ; DivisorFrequencia:Divisor_inst|contador[14] ; DivisorFrequencia:Divisor_inst|contador[17] ; clk_50                                  ; clk_50      ; 0.000        ; 0.082      ; 1.365      ;
; 1.098 ; DivisorFrequencia:Divisor_inst|contador[9]  ; DivisorFrequencia:Divisor_inst|contador[12] ; clk_50                                  ; clk_50      ; 0.000        ; 0.081      ; 1.365      ;
; 1.098 ; DivisorFrequencia:Divisor_inst|contador[7]  ; DivisorFrequencia:Divisor_inst|contador[10] ; clk_50                                  ; clk_50      ; 0.000        ; 0.082      ; 1.366      ;
; 1.098 ; DivisorFrequencia:Divisor_inst|contador[16] ; DivisorFrequencia:Divisor_inst|contador[19] ; clk_50                                  ; clk_50      ; 0.000        ; 0.082      ; 1.366      ;
; 1.099 ; DivisorFrequencia:Divisor_inst|contador[20] ; DivisorFrequencia:Divisor_inst|contador[23] ; clk_50                                  ; clk_50      ; 0.000        ; 0.082      ; 1.367      ;
; 1.099 ; DivisorFrequencia:Divisor_inst|contador[3]  ; DivisorFrequencia:Divisor_inst|contador[6]  ; clk_50                                  ; clk_50      ; 0.000        ; 0.082      ; 1.367      ;
; 1.100 ; DivisorFrequencia:Divisor_inst|contador[5]  ; DivisorFrequencia:Divisor_inst|contador[8]  ; clk_50                                  ; clk_50      ; 0.000        ; 0.082      ; 1.368      ;
; 1.100 ; DivisorFrequencia:Divisor_inst|contador[18] ; DivisorFrequencia:Divisor_inst|contador[22] ; clk_50                                  ; clk_50      ; 0.000        ; 0.082      ; 1.368      ;
; 1.101 ; DivisorFrequencia:Divisor_inst|contador[12] ; DivisorFrequencia:Divisor_inst|contador[16] ; clk_50                                  ; clk_50      ; 0.000        ; 0.082      ; 1.369      ;
; 1.102 ; DivisorFrequencia:Divisor_inst|contador[14] ; DivisorFrequencia:Divisor_inst|contador[18] ; clk_50                                  ; clk_50      ; 0.000        ; 0.082      ; 1.370      ;
; 1.103 ; DivisorFrequencia:Divisor_inst|contador[16] ; DivisorFrequencia:Divisor_inst|contador[20] ; clk_50                                  ; clk_50      ; 0.000        ; 0.082      ; 1.371      ;
; 1.104 ; DivisorFrequencia:Divisor_inst|contador[20] ; DivisorFrequencia:Divisor_inst|contador[24] ; clk_50                                  ; clk_50      ; 0.000        ; 0.082      ; 1.372      ;
; 1.108 ; DivisorFrequencia:Divisor_inst|contador[0]  ; DivisorFrequencia:Divisor_inst|contador[3]  ; clk_50                                  ; clk_50      ; 0.000        ; 0.082      ; 1.376      ;
; 1.112 ; DivisorFrequencia:Divisor_inst|contador[10] ; DivisorFrequencia:Divisor_inst|contador[13] ; clk_50                                  ; clk_50      ; 0.000        ; 0.081      ; 1.379      ;
; 1.112 ; DivisorFrequencia:Divisor_inst|contador[8]  ; DivisorFrequencia:Divisor_inst|contador[11] ; clk_50                                  ; clk_50      ; 0.000        ; 0.082      ; 1.380      ;
; 1.112 ; DivisorFrequencia:Divisor_inst|contador[6]  ; DivisorFrequencia:Divisor_inst|contador[9]  ; clk_50                                  ; clk_50      ; 0.000        ; 0.082      ; 1.380      ;
; 1.113 ; DivisorFrequencia:Divisor_inst|contador[4]  ; DivisorFrequencia:Divisor_inst|contador[7]  ; clk_50                                  ; clk_50      ; 0.000        ; 0.082      ; 1.381      ;
; 1.114 ; DivisorFrequencia:Divisor_inst|contador[2]  ; DivisorFrequencia:Divisor_inst|contador[6]  ; clk_50                                  ; clk_50      ; 0.000        ; 0.082      ; 1.382      ;
; 1.117 ; DivisorFrequencia:Divisor_inst|contador[10] ; DivisorFrequencia:Divisor_inst|contador[14] ; clk_50                                  ; clk_50      ; 0.000        ; 0.081      ; 1.384      ;
; 1.117 ; DivisorFrequencia:Divisor_inst|contador[6]  ; DivisorFrequencia:Divisor_inst|contador[10] ; clk_50                                  ; clk_50      ; 0.000        ; 0.082      ; 1.385      ;
; 1.118 ; DivisorFrequencia:Divisor_inst|contador[11] ; DivisorFrequencia:Divisor_inst|contador[12] ; clk_50                                  ; clk_50      ; 0.000        ; 0.081      ; 1.385      ;
; 1.118 ; DivisorFrequencia:Divisor_inst|contador[8]  ; DivisorFrequencia:Divisor_inst|contador[12] ; clk_50                                  ; clk_50      ; 0.000        ; 0.081      ; 1.385      ;
; 1.118 ; DivisorFrequencia:Divisor_inst|contador[4]  ; DivisorFrequencia:Divisor_inst|contador[8]  ; clk_50                                  ; clk_50      ; 0.000        ; 0.082      ; 1.386      ;
; 1.123 ; DivisorFrequencia:Divisor_inst|contador[21] ; DivisorFrequencia:Divisor_inst|contador[22] ; clk_50                                  ; clk_50      ; 0.000        ; 0.082      ; 1.391      ;
; 1.169 ; DivisorFrequencia:Divisor_inst|contador[0]  ; DivisorFrequencia:Divisor_inst|contador[0]  ; clk_50                                  ; clk_50      ; 0.000        ; 0.082      ; 1.437      ;
; 1.191 ; DivisorFrequencia:Divisor_inst|clkSaida     ; DivisorFrequencia:Divisor_inst|clkSaida     ; DivisorFrequencia:Divisor_inst|clkSaida ; clk_50      ; 0.000        ; 3.028      ; 4.667      ;
; 1.204 ; DivisorFrequencia:Divisor_inst|contador[13] ; DivisorFrequencia:Divisor_inst|contador[17] ; clk_50                                  ; clk_50      ; 0.000        ; 0.082      ; 1.472      ;
; 1.204 ; DivisorFrequencia:Divisor_inst|contador[15] ; DivisorFrequencia:Divisor_inst|contador[19] ; clk_50                                  ; clk_50      ; 0.000        ; 0.082      ; 1.472      ;
; 1.205 ; DivisorFrequencia:Divisor_inst|contador[17] ; DivisorFrequencia:Divisor_inst|contador[21] ; clk_50                                  ; clk_50      ; 0.000        ; 0.082      ; 1.473      ;
; 1.207 ; DivisorFrequencia:Divisor_inst|contador[19] ; DivisorFrequencia:Divisor_inst|contador[23] ; clk_50                                  ; clk_50      ; 0.000        ; 0.082      ; 1.475      ;
; 1.209 ; DivisorFrequencia:Divisor_inst|contador[13] ; DivisorFrequencia:Divisor_inst|contador[18] ; clk_50                                  ; clk_50      ; 0.000        ; 0.082      ; 1.477      ;
; 1.209 ; DivisorFrequencia:Divisor_inst|contador[15] ; DivisorFrequencia:Divisor_inst|contador[20] ; clk_50                                  ; clk_50      ; 0.000        ; 0.082      ; 1.477      ;
; 1.210 ; DivisorFrequencia:Divisor_inst|contador[17] ; DivisorFrequencia:Divisor_inst|contador[22] ; clk_50                                  ; clk_50      ; 0.000        ; 0.082      ; 1.478      ;
; 1.212 ; DivisorFrequencia:Divisor_inst|contador[19] ; DivisorFrequencia:Divisor_inst|contador[24] ; clk_50                                  ; clk_50      ; 0.000        ; 0.082      ; 1.480      ;
; 1.219 ; DivisorFrequencia:Divisor_inst|contador[9]  ; DivisorFrequencia:Divisor_inst|contador[13] ; clk_50                                  ; clk_50      ; 0.000        ; 0.081      ; 1.486      ;
+-------+---------------------------------------------+---------------------------------------------+-----------------------------------------+-------------+--------------+------------+------------+


+------------------------------------------------------------------------------------------------------------------------------------------------------------------------------------------------------------------------------+
; Slow 1200mV 85C Model Hold: 'DivisorFrequencia:Divisor_inst|clkSaida'                                                                                                                                                        ;
+-------+------------------------------------+----------------------------------------------------+-----------------------------------------+-----------------------------------------+--------------+------------+------------+
; Slack ; From Node                          ; To Node                                            ; Launch Clock                            ; Latch Clock                             ; Relationship ; Clock Skew ; Data Delay ;
+-------+------------------------------------+----------------------------------------------------+-----------------------------------------+-----------------------------------------+--------------+------------+------------+
; 0.887 ; banco:banco_inst|registradores~71  ; ControleSaida:display_controller|valor_exibido[7]  ; DivisorFrequencia:Divisor_inst|clkSaida ; DivisorFrequencia:Divisor_inst|clkSaida ; 0.000        ; 0.087      ; 1.160      ;
; 0.991 ; PC:PC_inst|PC_reg[9]               ; PC:PC_inst|PC_reg[9]                               ; DivisorFrequencia:Divisor_inst|clkSaida ; DivisorFrequencia:Divisor_inst|clkSaida ; 0.000        ; 0.094      ; 1.271      ;
; 0.996 ; PC:PC_inst|PC_reg[12]              ; PC:PC_inst|PC_reg[12]                              ; DivisorFrequencia:Divisor_inst|clkSaida ; DivisorFrequencia:Divisor_inst|clkSaida ; 0.000        ; 0.094      ; 1.276      ;
; 0.997 ; PC:PC_inst|PC_reg[17]              ; PC:PC_inst|PC_reg[17]                              ; DivisorFrequencia:Divisor_inst|clkSaida ; DivisorFrequencia:Divisor_inst|clkSaida ; 0.000        ; 0.094      ; 1.277      ;
; 1.011 ; PC:PC_inst|PC_reg[15]              ; PC:PC_inst|PC_reg[15]                              ; DivisorFrequencia:Divisor_inst|clkSaida ; DivisorFrequencia:Divisor_inst|clkSaida ; 0.000        ; 0.094      ; 1.291      ;
; 1.159 ; banco:banco_inst|registradores~78  ; ControleSaida:display_controller|valor_exibido[14] ; DivisorFrequencia:Divisor_inst|clkSaida ; DivisorFrequencia:Divisor_inst|clkSaida ; 0.000        ; 0.109      ; 1.454      ;
; 1.173 ; banco:banco_inst|registradores~73  ; ControleSaida:display_controller|valor_exibido[9]  ; DivisorFrequencia:Divisor_inst|clkSaida ; DivisorFrequencia:Divisor_inst|clkSaida ; 0.000        ; 0.092      ; 1.451      ;
; 1.193 ; banco:banco_inst|registradores~74  ; ControleSaida:display_controller|valor_exibido[10] ; DivisorFrequencia:Divisor_inst|clkSaida ; DivisorFrequencia:Divisor_inst|clkSaida ; 0.000        ; 0.092      ; 1.471      ;
; 1.195 ; banco:banco_inst|registradores~79  ; ControleSaida:display_controller|valor_exibido[15] ; DivisorFrequencia:Divisor_inst|clkSaida ; DivisorFrequencia:Divisor_inst|clkSaida ; 0.000        ; 0.084      ; 1.465      ;
; 1.221 ; PC:PC_inst|PC_reg[10]              ; PC:PC_inst|PC_reg[10]                              ; DivisorFrequencia:Divisor_inst|clkSaida ; DivisorFrequencia:Divisor_inst|clkSaida ; 0.000        ; 0.094      ; 1.501      ;
; 1.227 ; banco:banco_inst|registradores~81  ; ControleSaida:display_controller|valor_exibido[17] ; DivisorFrequencia:Divisor_inst|clkSaida ; DivisorFrequencia:Divisor_inst|clkSaida ; 0.000        ; 0.522      ; 1.935      ;
; 1.240 ; PC:PC_inst|PC_reg[11]              ; PC:PC_inst|PC_reg[11]                              ; DivisorFrequencia:Divisor_inst|clkSaida ; DivisorFrequencia:Divisor_inst|clkSaida ; 0.000        ; 0.094      ; 1.520      ;
; 1.309 ; PC:PC_inst|PC_reg[11]              ; PC:PC_inst|PC_reg[12]                              ; DivisorFrequencia:Divisor_inst|clkSaida ; DivisorFrequencia:Divisor_inst|clkSaida ; 0.000        ; 0.094      ; 1.589      ;
; 1.311 ; banco:banco_inst|registradores~181 ; ControleSaida:display_controller|valor_exibido[21] ; DivisorFrequencia:Divisor_inst|clkSaida ; DivisorFrequencia:Divisor_inst|clkSaida ; 0.000        ; 0.152      ; 1.649      ;
; 1.328 ; PC:PC_inst|PC_reg[10]              ; PC:PC_inst|PC_reg[12]                              ; DivisorFrequencia:Divisor_inst|clkSaida ; DivisorFrequencia:Divisor_inst|clkSaida ; 0.000        ; 0.094      ; 1.608      ;
; 1.365 ; PC:PC_inst|PC_reg[16]              ; PC:PC_inst|PC_reg[16]                              ; DivisorFrequencia:Divisor_inst|clkSaida ; DivisorFrequencia:Divisor_inst|clkSaida ; 0.000        ; 0.094      ; 1.645      ;
; 1.429 ; banco:banco_inst|registradores~69  ; ControleSaida:display_controller|valor_exibido[5]  ; DivisorFrequencia:Divisor_inst|clkSaida ; DivisorFrequencia:Divisor_inst|clkSaida ; 0.000        ; 0.085      ; 1.700      ;
; 1.435 ; PC:PC_inst|PC_reg[9]               ; PC:PC_inst|PC_reg[12]                              ; DivisorFrequencia:Divisor_inst|clkSaida ; DivisorFrequencia:Divisor_inst|clkSaida ; 0.000        ; 0.094      ; 1.715      ;
; 1.464 ; PC:PC_inst|PC_reg[12]              ; PC:PC_inst|PC_reg[15]                              ; DivisorFrequencia:Divisor_inst|clkSaida ; DivisorFrequencia:Divisor_inst|clkSaida ; 0.000        ; 0.094      ; 1.744      ;
; 1.467 ; banco:banco_inst|registradores~66  ; ControleSaida:display_controller|valor_exibido[2]  ; DivisorFrequencia:Divisor_inst|clkSaida ; DivisorFrequencia:Divisor_inst|clkSaida ; 0.000        ; 0.063      ; 1.716      ;
; 1.534 ; PC:PC_inst|PC_reg[9]               ; PC:PC_inst|PC_reg[10]                              ; DivisorFrequencia:Divisor_inst|clkSaida ; DivisorFrequencia:Divisor_inst|clkSaida ; 0.000        ; 0.094      ; 1.814      ;
; 1.536 ; banco:banco_inst|registradores~195 ; ControleSaida:display_controller|valor_exibido[3]  ; DivisorFrequencia:Divisor_inst|clkSaida ; DivisorFrequencia:Divisor_inst|clkSaida ; 0.000        ; 0.095      ; 1.817      ;
; 1.539 ; PC:PC_inst|PC_reg[14]              ; PC:PC_inst|PC_reg[15]                              ; DivisorFrequencia:Divisor_inst|clkSaida ; DivisorFrequencia:Divisor_inst|clkSaida ; 0.000        ; 0.093      ; 1.818      ;
; 1.544 ; PC:PC_inst|PC_reg[16]              ; PC:PC_inst|PC_reg[17]                              ; DivisorFrequencia:Divisor_inst|clkSaida ; DivisorFrequencia:Divisor_inst|clkSaida ; 0.000        ; 0.094      ; 1.824      ;
; 1.571 ; PC:PC_inst|PC_reg[11]              ; PC:PC_inst|PC_reg[15]                              ; DivisorFrequencia:Divisor_inst|clkSaida ; DivisorFrequencia:Divisor_inst|clkSaida ; 0.000        ; 0.094      ; 1.851      ;
; 1.572 ; PC:PC_inst|PC_reg[10]              ; PC:PC_inst|PC_reg[11]                              ; DivisorFrequencia:Divisor_inst|clkSaida ; DivisorFrequencia:Divisor_inst|clkSaida ; 0.000        ; 0.094      ; 1.852      ;
; 1.590 ; PC:PC_inst|PC_reg[10]              ; PC:PC_inst|PC_reg[15]                              ; DivisorFrequencia:Divisor_inst|clkSaida ; DivisorFrequencia:Divisor_inst|clkSaida ; 0.000        ; 0.094      ; 1.870      ;
; 1.604 ; banco:banco_inst|registradores~236 ; ControleSaida:display_controller|valor_exibido[12] ; DivisorFrequencia:Divisor_inst|clkSaida ; DivisorFrequencia:Divisor_inst|clkSaida ; 0.000        ; 0.135      ; 1.925      ;
; 1.604 ; PC:PC_inst|PC_reg[13]              ; PC:PC_inst|PC_reg[15]                              ; DivisorFrequencia:Divisor_inst|clkSaida ; DivisorFrequencia:Divisor_inst|clkSaida ; 0.000        ; 0.093      ; 1.883      ;
; 1.634 ; banco:banco_inst|registradores~244 ; ControleSaida:display_controller|valor_exibido[20] ; DivisorFrequencia:Divisor_inst|clkSaida ; DivisorFrequencia:Divisor_inst|clkSaida ; 0.000        ; 0.158      ; 1.978      ;
; 1.645 ; PC:PC_inst|PC_reg[7]               ; PC:PC_inst|PC_reg[9]                               ; DivisorFrequencia:Divisor_inst|clkSaida ; DivisorFrequencia:Divisor_inst|clkSaida ; 0.000        ; 0.033      ; 1.864      ;
; 1.650 ; PC:PC_inst|PC_reg[15]              ; PC:PC_inst|PC_reg[17]                              ; DivisorFrequencia:Divisor_inst|clkSaida ; DivisorFrequencia:Divisor_inst|clkSaida ; 0.000        ; 0.094      ; 1.930      ;
; 1.674 ; PC:PC_inst|PC_reg[2]               ; banco:banco_inst|registradores~122                 ; DivisorFrequencia:Divisor_inst|clkSaida ; DivisorFrequencia:Divisor_inst|clkSaida ; -0.500       ; 0.080      ; 1.460      ;
; 1.679 ; PC:PC_inst|PC_reg[15]              ; PC:PC_inst|PC_reg[16]                              ; DivisorFrequencia:Divisor_inst|clkSaida ; DivisorFrequencia:Divisor_inst|clkSaida ; 0.000        ; 0.094      ; 1.959      ;
; 1.679 ; PC:PC_inst|PC_reg[9]               ; PC:PC_inst|PC_reg[11]                              ; DivisorFrequencia:Divisor_inst|clkSaida ; DivisorFrequencia:Divisor_inst|clkSaida ; 0.000        ; 0.094      ; 1.959      ;
; 1.693 ; PC:PC_inst|PC_reg[8]               ; PC:PC_inst|PC_reg[9]                               ; DivisorFrequencia:Divisor_inst|clkSaida ; DivisorFrequencia:Divisor_inst|clkSaida ; 0.000        ; 0.093      ; 1.972      ;
; 1.697 ; PC:PC_inst|PC_reg[9]               ; PC:PC_inst|PC_reg[15]                              ; DivisorFrequencia:Divisor_inst|clkSaida ; DivisorFrequencia:Divisor_inst|clkSaida ; 0.000        ; 0.094      ; 1.977      ;
; 1.703 ; PC:PC_inst|PC_reg[6]               ; PC:PC_inst|PC_reg[9]                               ; DivisorFrequencia:Divisor_inst|clkSaida ; DivisorFrequencia:Divisor_inst|clkSaida ; 0.000        ; 0.033      ; 1.922      ;
; 1.708 ; banco:banco_inst|registradores~194 ; ControleSaida:display_controller|valor_exibido[2]  ; DivisorFrequencia:Divisor_inst|clkSaida ; DivisorFrequencia:Divisor_inst|clkSaida ; 0.000        ; 0.095      ; 1.989      ;
; 1.719 ; banco:banco_inst|registradores~191 ; ControleSaida:display_controller|valor_exibido[31] ; DivisorFrequencia:Divisor_inst|clkSaida ; DivisorFrequencia:Divisor_inst|clkSaida ; 0.000        ; 0.131      ; 2.036      ;
; 1.777 ; banco:banco_inst|registradores~227 ; ControleSaida:display_controller|valor_exibido[3]  ; DivisorFrequencia:Divisor_inst|clkSaida ; DivisorFrequencia:Divisor_inst|clkSaida ; 0.000        ; 0.498      ; 2.461      ;
; 1.785 ; PC:PC_inst|PC_reg[7]               ; PC:PC_inst|PC_reg[12]                              ; DivisorFrequencia:Divisor_inst|clkSaida ; DivisorFrequencia:Divisor_inst|clkSaida ; 0.000        ; 0.033      ; 2.004      ;
; 1.797 ; PC:PC_inst|PC_reg[12]              ; PC:PC_inst|PC_reg[17]                              ; DivisorFrequencia:Divisor_inst|clkSaida ; DivisorFrequencia:Divisor_inst|clkSaida ; 0.000        ; 0.094      ; 2.077      ;
; 1.816 ; banco:banco_inst|registradores~102 ; ControleSaida:display_controller|valor_exibido[6]  ; DivisorFrequencia:Divisor_inst|clkSaida ; DivisorFrequencia:Divisor_inst|clkSaida ; 0.000        ; 0.506      ; 2.508      ;
; 1.817 ; PC:PC_inst|PC_reg[5]               ; ControleSaida:display_controller|valor_exibido[17] ; DivisorFrequencia:Divisor_inst|clkSaida ; DivisorFrequencia:Divisor_inst|clkSaida ; -0.500       ; 0.501      ; 2.024      ;
; 1.826 ; PC:PC_inst|PC_reg[12]              ; PC:PC_inst|PC_reg[16]                              ; DivisorFrequencia:Divisor_inst|clkSaida ; DivisorFrequencia:Divisor_inst|clkSaida ; 0.000        ; 0.094      ; 2.106      ;
; 1.831 ; PC:PC_inst|PC_reg[8]               ; PC:PC_inst|PC_reg[12]                              ; DivisorFrequencia:Divisor_inst|clkSaida ; DivisorFrequencia:Divisor_inst|clkSaida ; 0.000        ; 0.093      ; 2.110      ;
; 1.841 ; PC:PC_inst|PC_reg[6]               ; PC:PC_inst|PC_reg[12]                              ; DivisorFrequencia:Divisor_inst|clkSaida ; DivisorFrequencia:Divisor_inst|clkSaida ; 0.000        ; 0.033      ; 2.060      ;
; 1.850 ; banco:banco_inst|registradores~204 ; ControleSaida:display_controller|valor_exibido[12] ; DivisorFrequencia:Divisor_inst|clkSaida ; DivisorFrequencia:Divisor_inst|clkSaida ; 0.000        ; 0.102      ; 2.138      ;
; 1.853 ; PC:PC_inst|PC_reg[4]               ; ControleSaida:display_controller|valor_exibido[17] ; DivisorFrequencia:Divisor_inst|clkSaida ; DivisorFrequencia:Divisor_inst|clkSaida ; -0.500       ; 0.501      ; 2.060      ;
; 1.856 ; banco:banco_inst|registradores~106 ; ControleSaida:display_controller|valor_exibido[10] ; DivisorFrequencia:Divisor_inst|clkSaida ; DivisorFrequencia:Divisor_inst|clkSaida ; 0.000        ; 0.102      ; 2.144      ;
; 1.872 ; PC:PC_inst|PC_reg[14]              ; PC:PC_inst|PC_reg[17]                              ; DivisorFrequencia:Divisor_inst|clkSaida ; DivisorFrequencia:Divisor_inst|clkSaida ; 0.000        ; 0.093      ; 2.151      ;
; 1.884 ; PC:PC_inst|PC_reg[7]               ; PC:PC_inst|PC_reg[10]                              ; DivisorFrequencia:Divisor_inst|clkSaida ; DivisorFrequencia:Divisor_inst|clkSaida ; 0.000        ; 0.033      ; 2.103      ;
; 1.891 ; banco:banco_inst|registradores~180 ; ControleSaida:display_controller|valor_exibido[20] ; DivisorFrequencia:Divisor_inst|clkSaida ; DivisorFrequencia:Divisor_inst|clkSaida ; 0.000        ; 0.152      ; 2.229      ;
; 1.894 ; banco:banco_inst|registradores~162 ; ControleSaida:display_controller|valor_exibido[2]  ; DivisorFrequencia:Divisor_inst|clkSaida ; DivisorFrequencia:Divisor_inst|clkSaida ; 0.000        ; 0.060      ; 2.140      ;
; 1.901 ; PC:PC_inst|PC_reg[14]              ; PC:PC_inst|PC_reg[16]                              ; DivisorFrequencia:Divisor_inst|clkSaida ; DivisorFrequencia:Divisor_inst|clkSaida ; 0.000        ; 0.093      ; 2.180      ;
; 1.904 ; PC:PC_inst|PC_reg[11]              ; PC:PC_inst|PC_reg[17]                              ; DivisorFrequencia:Divisor_inst|clkSaida ; DivisorFrequencia:Divisor_inst|clkSaida ; 0.000        ; 0.094      ; 2.184      ;
; 1.916 ; PC:PC_inst|PC_reg[2]               ; banco:banco_inst|registradores~124                 ; DivisorFrequencia:Divisor_inst|clkSaida ; DivisorFrequencia:Divisor_inst|clkSaida ; -0.500       ; 0.080      ; 1.702      ;
; 1.918 ; PC:PC_inst|PC_reg[2]               ; banco:banco_inst|registradores~118                 ; DivisorFrequencia:Divisor_inst|clkSaida ; DivisorFrequencia:Divisor_inst|clkSaida ; -0.500       ; 0.518      ; 2.142      ;
; 1.923 ; PC:PC_inst|PC_reg[10]              ; PC:PC_inst|PC_reg[17]                              ; DivisorFrequencia:Divisor_inst|clkSaida ; DivisorFrequencia:Divisor_inst|clkSaida ; 0.000        ; 0.094      ; 2.203      ;
; 1.930 ; banco:banco_inst|registradores~201 ; ControleSaida:display_controller|valor_exibido[9]  ; DivisorFrequencia:Divisor_inst|clkSaida ; DivisorFrequencia:Divisor_inst|clkSaida ; 0.000        ; 0.102      ; 2.218      ;
; 1.930 ; PC:PC_inst|PC_reg[8]               ; PC:PC_inst|PC_reg[10]                              ; DivisorFrequencia:Divisor_inst|clkSaida ; DivisorFrequencia:Divisor_inst|clkSaida ; 0.000        ; 0.093      ; 2.209      ;
; 1.931 ; banco:banco_inst|registradores~239 ; ControleSaida:display_controller|valor_exibido[15] ; DivisorFrequencia:Divisor_inst|clkSaida ; DivisorFrequencia:Divisor_inst|clkSaida ; 0.000        ; 0.497      ; 2.614      ;
; 1.931 ; PC:PC_inst|PC_reg[13]              ; PC:PC_inst|PC_reg[17]                              ; DivisorFrequencia:Divisor_inst|clkSaida ; DivisorFrequencia:Divisor_inst|clkSaida ; 0.000        ; 0.093      ; 2.210      ;
; 1.933 ; PC:PC_inst|PC_reg[11]              ; PC:PC_inst|PC_reg[16]                              ; DivisorFrequencia:Divisor_inst|clkSaida ; DivisorFrequencia:Divisor_inst|clkSaida ; 0.000        ; 0.094      ; 2.213      ;
; 1.940 ; PC:PC_inst|PC_reg[6]               ; PC:PC_inst|PC_reg[10]                              ; DivisorFrequencia:Divisor_inst|clkSaida ; DivisorFrequencia:Divisor_inst|clkSaida ; 0.000        ; 0.033      ; 2.159      ;
; 1.949 ; PC:PC_inst|PC_reg[2]               ; banco:banco_inst|registradores~186                 ; DivisorFrequencia:Divisor_inst|clkSaida ; DivisorFrequencia:Divisor_inst|clkSaida ; -0.500       ; 0.520      ; 2.175      ;
; 1.951 ; banco:banco_inst|registradores~111 ; ControleSaida:display_controller|valor_exibido[15] ; DivisorFrequencia:Divisor_inst|clkSaida ; DivisorFrequencia:Divisor_inst|clkSaida ; 0.000        ; 0.097      ; 2.234      ;
; 1.952 ; PC:PC_inst|PC_reg[10]              ; PC:PC_inst|PC_reg[16]                              ; DivisorFrequencia:Divisor_inst|clkSaida ; DivisorFrequencia:Divisor_inst|clkSaida ; 0.000        ; 0.094      ; 2.232      ;
; 1.969 ; PC:PC_inst|PC_reg[13]              ; PC:PC_inst|PC_reg[16]                              ; DivisorFrequencia:Divisor_inst|clkSaida ; DivisorFrequencia:Divisor_inst|clkSaida ; 0.000        ; 0.093      ; 2.248      ;
; 1.986 ; PC:PC_inst|PC_reg[5]               ; ControleSaida:display_controller|valor_exibido[2]  ; DivisorFrequencia:Divisor_inst|clkSaida ; DivisorFrequencia:Divisor_inst|clkSaida ; -0.500       ; 0.477      ; 2.169      ;
; 1.989 ; banco:banco_inst|registradores~68  ; ControleSaida:display_controller|valor_exibido[4]  ; DivisorFrequencia:Divisor_inst|clkSaida ; DivisorFrequencia:Divisor_inst|clkSaida ; 0.000        ; 0.084      ; 2.259      ;
; 1.992 ; PC:PC_inst|PC_reg[2]               ; banco:banco_inst|registradores~116                 ; DivisorFrequencia:Divisor_inst|clkSaida ; DivisorFrequencia:Divisor_inst|clkSaida ; -0.500       ; 0.484      ; 2.182      ;
; 2.000 ; PC:PC_inst|PC_reg[0]               ; banco:banco_inst|registradores~122                 ; DivisorFrequencia:Divisor_inst|clkSaida ; DivisorFrequencia:Divisor_inst|clkSaida ; -0.500       ; 0.080      ; 1.786      ;
; 2.001 ; banco:banco_inst|registradores~170 ; ControleSaida:display_controller|valor_exibido[10] ; DivisorFrequencia:Divisor_inst|clkSaida ; DivisorFrequencia:Divisor_inst|clkSaida ; 0.000        ; 0.102      ; 2.289      ;
; 2.004 ; PC:PC_inst|PC_reg[5]               ; ControleSaida:display_controller|valor_exibido[5]  ; DivisorFrequencia:Divisor_inst|clkSaida ; DivisorFrequencia:Divisor_inst|clkSaida ; -0.500       ; 0.477      ; 2.187      ;
; 2.005 ; PC:PC_inst|PC_reg[5]               ; ControleSaida:display_controller|valor_exibido[4]  ; DivisorFrequencia:Divisor_inst|clkSaida ; DivisorFrequencia:Divisor_inst|clkSaida ; -0.500       ; 0.477      ; 2.188      ;
; 2.006 ; banco:banco_inst|registradores~124 ; ControleSaida:display_controller|valor_exibido[28] ; DivisorFrequencia:Divisor_inst|clkSaida ; DivisorFrequencia:Divisor_inst|clkSaida ; 0.000        ; 0.507      ; 2.699      ;
; 2.007 ; banco:banco_inst|registradores~98  ; ControleSaida:display_controller|valor_exibido[2]  ; DivisorFrequencia:Divisor_inst|clkSaida ; DivisorFrequencia:Divisor_inst|clkSaida ; 0.000        ; 0.482      ; 2.675      ;
; 2.009 ; banco:banco_inst|registradores~163 ; ControleSaida:display_controller|valor_exibido[3]  ; DivisorFrequencia:Divisor_inst|clkSaida ; DivisorFrequencia:Divisor_inst|clkSaida ; 0.000        ; 0.071      ; 2.266      ;
; 2.020 ; PC:PC_inst|PC_reg[7]               ; PC:PC_inst|PC_reg[11]                              ; DivisorFrequencia:Divisor_inst|clkSaida ; DivisorFrequencia:Divisor_inst|clkSaida ; 0.000        ; 0.033      ; 2.239      ;
; 2.022 ; PC:PC_inst|PC_reg[4]               ; ControleSaida:display_controller|valor_exibido[2]  ; DivisorFrequencia:Divisor_inst|clkSaida ; DivisorFrequencia:Divisor_inst|clkSaida ; -0.500       ; 0.477      ; 2.205      ;
; 2.026 ; banco:banco_inst|registradores~185 ; ControleSaida:display_controller|valor_exibido[25] ; DivisorFrequencia:Divisor_inst|clkSaida ; DivisorFrequencia:Divisor_inst|clkSaida ; 0.000        ; 0.118      ; 2.330      ;
; 2.030 ; PC:PC_inst|PC_reg[9]               ; PC:PC_inst|PC_reg[17]                              ; DivisorFrequencia:Divisor_inst|clkSaida ; DivisorFrequencia:Divisor_inst|clkSaida ; 0.000        ; 0.094      ; 2.310      ;
; 2.037 ; PC:PC_inst|PC_reg[5]               ; PC:PC_inst|PC_reg[6]                               ; DivisorFrequencia:Divisor_inst|clkSaida ; DivisorFrequencia:Divisor_inst|clkSaida ; 0.000        ; 0.509      ; 2.732      ;
; 2.039 ; banco:banco_inst|registradores~121 ; ControleSaida:display_controller|valor_exibido[25] ; DivisorFrequencia:Divisor_inst|clkSaida ; DivisorFrequencia:Divisor_inst|clkSaida ; 0.000        ; 0.125      ; 2.350      ;
; 2.040 ; PC:PC_inst|PC_reg[2]               ; banco:banco_inst|registradores~60                  ; DivisorFrequencia:Divisor_inst|clkSaida ; DivisorFrequencia:Divisor_inst|clkSaida ; -0.500       ; 0.484      ; 2.230      ;
; 2.040 ; PC:PC_inst|PC_reg[4]               ; ControleSaida:display_controller|valor_exibido[5]  ; DivisorFrequencia:Divisor_inst|clkSaida ; DivisorFrequencia:Divisor_inst|clkSaida ; -0.500       ; 0.477      ; 2.223      ;
; 2.041 ; PC:PC_inst|PC_reg[4]               ; ControleSaida:display_controller|valor_exibido[4]  ; DivisorFrequencia:Divisor_inst|clkSaida ; DivisorFrequencia:Divisor_inst|clkSaida ; -0.500       ; 0.477      ; 2.224      ;
; 2.044 ; banco:banco_inst|registradores~84  ; ControleSaida:display_controller|valor_exibido[20] ; DivisorFrequencia:Divisor_inst|clkSaida ; DivisorFrequencia:Divisor_inst|clkSaida ; 0.000        ; 0.121      ; 2.351      ;
; 2.044 ; PC:PC_inst|PC_reg[5]               ; ControleSaida:display_controller|valor_exibido[3]  ; DivisorFrequencia:Divisor_inst|clkSaida ; DivisorFrequencia:Divisor_inst|clkSaida ; -0.500       ; 0.477      ; 2.227      ;
; 2.045 ; PC:PC_inst|PC_reg[7]               ; PC:PC_inst|PC_reg[15]                              ; DivisorFrequencia:Divisor_inst|clkSaida ; DivisorFrequencia:Divisor_inst|clkSaida ; 0.000        ; 0.033      ; 2.264      ;
; 2.048 ; banco:banco_inst|registradores~52  ; ControleSaida:display_controller|valor_exibido[20] ; DivisorFrequencia:Divisor_inst|clkSaida ; DivisorFrequencia:Divisor_inst|clkSaida ; 0.000        ; 0.129      ; 2.363      ;
; 2.052 ; banco:banco_inst|registradores~100 ; ControleSaida:display_controller|valor_exibido[4]  ; DivisorFrequencia:Divisor_inst|clkSaida ; DivisorFrequencia:Divisor_inst|clkSaida ; 0.000        ; 0.496      ; 2.734      ;
; 2.056 ; PC:PC_inst|PC_reg[5]               ; ControleSaida:display_controller|valor_exibido[6]  ; DivisorFrequencia:Divisor_inst|clkSaida ; DivisorFrequencia:Divisor_inst|clkSaida ; -0.500       ; 0.477      ; 2.239      ;
; 2.057 ; PC:PC_inst|PC_reg[5]               ; ControleSaida:display_controller|valor_exibido[15] ; DivisorFrequencia:Divisor_inst|clkSaida ; DivisorFrequencia:Divisor_inst|clkSaida ; -0.500       ; 0.477      ; 2.240      ;
; 2.057 ; PC:PC_inst|PC_reg[3]               ; PC:PC_inst|PC_reg[9]                               ; DivisorFrequencia:Divisor_inst|clkSaida ; DivisorFrequencia:Divisor_inst|clkSaida ; 0.000        ; 0.450      ; 2.693      ;
; 2.059 ; banco:banco_inst|registradores~233 ; ControleSaida:display_controller|valor_exibido[9]  ; DivisorFrequencia:Divisor_inst|clkSaida ; DivisorFrequencia:Divisor_inst|clkSaida ; 0.000        ; 0.110      ; 2.355      ;
; 2.059 ; PC:PC_inst|PC_reg[9]               ; PC:PC_inst|PC_reg[16]                              ; DivisorFrequencia:Divisor_inst|clkSaida ; DivisorFrequencia:Divisor_inst|clkSaida ; 0.000        ; 0.094      ; 2.339      ;
; 2.063 ; PC:PC_inst|PC_reg[4]               ; PC:PC_inst|PC_reg[6]                               ; DivisorFrequencia:Divisor_inst|clkSaida ; DivisorFrequencia:Divisor_inst|clkSaida ; 0.000        ; 0.509      ; 2.758      ;
+-------+------------------------------------+----------------------------------------------------+-----------------------------------------+-----------------------------------------+--------------+------------+------------+


+------------------------------------------------------------------------------------------------------------------------------------------------------------------------+
; Slow 1200mV 85C Model Recovery: 'btn_in'                                                                                                                               ;
+--------+----------------------+---------------------------------------+-----------------------------------------+-------------+--------------+------------+------------+
; Slack  ; From Node            ; To Node                               ; Launch Clock                            ; Latch Clock ; Relationship ; Clock Skew ; Data Delay ;
+--------+----------------------+---------------------------------------+-----------------------------------------+-------------+--------------+------------+------------+
; -1.638 ; PC:PC_inst|PC_reg[4] ; ControleSinal:io_signal_control|saida ; DivisorFrequencia:Divisor_inst|clkSaida ; btn_in      ; 1.000        ; 0.862      ; 3.488      ;
; -1.630 ; PC:PC_inst|PC_reg[5] ; ControleSinal:io_signal_control|saida ; DivisorFrequencia:Divisor_inst|clkSaida ; btn_in      ; 1.000        ; 0.862      ; 3.480      ;
; -1.566 ; PC:PC_inst|PC_reg[1] ; ControleSinal:io_signal_control|saida ; DivisorFrequencia:Divisor_inst|clkSaida ; btn_in      ; 1.000        ; 0.863      ; 3.417      ;
; -1.541 ; PC:PC_inst|PC_reg[2] ; ControleSinal:io_signal_control|saida ; DivisorFrequencia:Divisor_inst|clkSaida ; btn_in      ; 1.000        ; 0.863      ; 3.392      ;
; -1.416 ; PC:PC_inst|PC_reg[3] ; ControleSinal:io_signal_control|saida ; DivisorFrequencia:Divisor_inst|clkSaida ; btn_in      ; 1.000        ; 0.866      ; 3.270      ;
; -1.322 ; PC:PC_inst|PC_reg[0] ; ControleSinal:io_signal_control|saida ; DivisorFrequencia:Divisor_inst|clkSaida ; btn_in      ; 1.000        ; 0.863      ; 3.173      ;
+--------+----------------------+---------------------------------------+-----------------------------------------+-------------+--------------+------------+------------+


+-----------------------------------------------------------------------------------------------------------------------------------------------------------------------+
; Slow 1200mV 85C Model Removal: 'btn_in'                                                                                                                               ;
+-------+----------------------+---------------------------------------+-----------------------------------------+-------------+--------------+------------+------------+
; Slack ; From Node            ; To Node                               ; Launch Clock                            ; Latch Clock ; Relationship ; Clock Skew ; Data Delay ;
+-------+----------------------+---------------------------------------+-----------------------------------------+-------------+--------------+------------+------------+
; 1.570 ; PC:PC_inst|PC_reg[0] ; ControleSinal:io_signal_control|saida ; DivisorFrequencia:Divisor_inst|clkSaida ; btn_in      ; 0.000        ; 1.189      ; 2.975      ;
; 1.725 ; PC:PC_inst|PC_reg[3] ; ControleSinal:io_signal_control|saida ; DivisorFrequencia:Divisor_inst|clkSaida ; btn_in      ; 0.000        ; 1.192      ; 3.133      ;
; 1.793 ; PC:PC_inst|PC_reg[2] ; ControleSinal:io_signal_control|saida ; DivisorFrequencia:Divisor_inst|clkSaida ; btn_in      ; 0.000        ; 1.189      ; 3.198      ;
; 1.859 ; PC:PC_inst|PC_reg[1] ; ControleSinal:io_signal_control|saida ; DivisorFrequencia:Divisor_inst|clkSaida ; btn_in      ; 0.000        ; 1.189      ; 3.264      ;
; 1.915 ; PC:PC_inst|PC_reg[4] ; ControleSinal:io_signal_control|saida ; DivisorFrequencia:Divisor_inst|clkSaida ; btn_in      ; 0.000        ; 1.188      ; 3.319      ;
; 1.916 ; PC:PC_inst|PC_reg[5] ; ControleSinal:io_signal_control|saida ; DivisorFrequencia:Divisor_inst|clkSaida ; btn_in      ; 0.000        ; 1.188      ; 3.320      ;
+-------+----------------------+---------------------------------------+-----------------------------------------+-------------+--------------+------------+------------+


-----------------------------------------------
; Slow 1200mV 85C Model Metastability Summary ;
-----------------------------------------------
No synchronizer chains to report.


+-------------------------------------------------------------------------------+
; Slow 1200mV 0C Model Fmax Summary                                             ;
+------------+-----------------+-----------------------------------------+------+
; Fmax       ; Restricted Fmax ; Clock Name                              ; Note ;
+------------+-----------------+-----------------------------------------+------+
; 4.02 MHz   ; 4.02 MHz        ; DivisorFrequencia:Divisor_inst|clkSaida ;      ;
; 235.79 MHz ; 235.79 MHz      ; clk_50                                  ;      ;
+------------+-----------------+-----------------------------------------+------+
This panel reports FMAX for every clock in the design, regardless of the user-specified clock periods.  FMAX is only computed for paths where the source and destination registers or ports are driven by the same clock.  Paths of different clocks, including generated clocks, are ignored.  For paths between a clock and its inversion, FMAX is computed as if the rising and falling edges are scaled along with FMAX, such that the duty cycle (in terms of a percentage) is maintained. Altera recommends that you always use clock constraints and other slack reports for sign-off analysis.


+--------------------------------------------------------------------+
; Slow 1200mV 0C Model Setup Summary                                 ;
+-----------------------------------------+----------+---------------+
; Clock                                   ; Slack    ; End Point TNS ;
+-----------------------------------------+----------+---------------+
; DivisorFrequencia:Divisor_inst|clkSaida ; -124.013 ; -27973.823    ;
; clk_50                                  ; -3.241   ; -38.248       ;
+-----------------------------------------+----------+---------------+


+-----------------------------------------------------------------+
; Slow 1200mV 0C Model Hold Summary                               ;
+-----------------------------------------+-------+---------------+
; Clock                                   ; Slack ; End Point TNS ;
+-----------------------------------------+-------+---------------+
; clk_50                                  ; 0.399 ; 0.000         ;
; DivisorFrequencia:Divisor_inst|clkSaida ; 0.784 ; 0.000         ;
+-----------------------------------------+-------+---------------+


+---------------------------------------+
; Slow 1200mV 0C Model Recovery Summary ;
+--------+--------+---------------------+
; Clock  ; Slack  ; End Point TNS       ;
+--------+--------+---------------------+
; btn_in ; -1.382 ; -1.382              ;
+--------+--------+---------------------+


+--------------------------------------+
; Slow 1200mV 0C Model Removal Summary ;
+--------+-------+---------------------+
; Clock  ; Slack ; End Point TNS       ;
+--------+-------+---------------------+
; btn_in ; 1.409 ; 0.000               ;
+--------+-------+---------------------+


+------------------------------------------------------------------+
; Slow 1200mV 0C Model Minimum Pulse Width Summary                 ;
+-----------------------------------------+--------+---------------+
; Clock                                   ; Slack  ; End Point TNS ;
+-----------------------------------------+--------+---------------+
; clk_50                                  ; -3.000 ; -36.410       ;
; btn_in                                  ; -3.000 ; -4.285        ;
; DivisorFrequencia:Divisor_inst|clkSaida ; -1.285 ; -352.090      ;
+-----------------------------------------+--------+---------------+


+---------------------------------------------------------------------------------------------------------------------------------------------------------------------------------------------------+
; Slow 1200mV 0C Model Setup: 'DivisorFrequencia:Divisor_inst|clkSaida'                                                                                                                             ;
+----------+----------------------+------------------------------------+-----------------------------------------+-----------------------------------------+--------------+------------+------------+
; Slack    ; From Node            ; To Node                            ; Launch Clock                            ; Latch Clock                             ; Relationship ; Clock Skew ; Data Delay ;
+----------+----------------------+------------------------------------+-----------------------------------------+-----------------------------------------+--------------+------------+------------+
; -124.013 ; PC:PC_inst|PC_reg[3] ; banco:banco_inst|registradores~246 ; DivisorFrequencia:Divisor_inst|clkSaida ; DivisorFrequencia:Divisor_inst|clkSaida ; 0.500        ; 0.344      ; 124.856    ;
; -123.967 ; PC:PC_inst|PC_reg[3] ; banco:banco_inst|registradores~80  ; DivisorFrequencia:Divisor_inst|clkSaida ; DivisorFrequencia:Divisor_inst|clkSaida ; 0.500        ; 0.341      ; 124.807    ;
; -123.921 ; PC:PC_inst|PC_reg[3] ; banco:banco_inst|registradores~93  ; DivisorFrequencia:Divisor_inst|clkSaida ; DivisorFrequencia:Divisor_inst|clkSaida ; 0.500        ; 0.360      ; 124.780    ;
; -123.886 ; PC:PC_inst|PC_reg[3] ; banco:banco_inst|registradores~221 ; DivisorFrequencia:Divisor_inst|clkSaida ; DivisorFrequencia:Divisor_inst|clkSaida ; 0.500        ; 0.393      ; 124.778    ;
; -123.852 ; PC:PC_inst|PC_reg[3] ; banco:banco_inst|registradores~212 ; DivisorFrequencia:Divisor_inst|clkSaida ; DivisorFrequencia:Divisor_inst|clkSaida ; 0.500        ; 0.357      ; 124.708    ;
; -123.847 ; PC:PC_inst|PC_reg[3] ; banco:banco_inst|registradores~113 ; DivisorFrequencia:Divisor_inst|clkSaida ; DivisorFrequencia:Divisor_inst|clkSaida ; 0.500        ; 0.310      ; 124.656    ;
; -123.832 ; PC:PC_inst|PC_reg[3] ; banco:banco_inst|registradores~223 ; DivisorFrequencia:Divisor_inst|clkSaida ; DivisorFrequencia:Divisor_inst|clkSaida ; 0.500        ; 0.357      ; 124.688    ;
; -123.819 ; PC:PC_inst|PC_reg[3] ; banco:banco_inst|registradores~191 ; DivisorFrequencia:Divisor_inst|clkSaida ; DivisorFrequencia:Divisor_inst|clkSaida ; 0.500        ; 0.344      ; 124.662    ;
; -123.816 ; PC:PC_inst|PC_reg[3] ; banco:banco_inst|registradores~145 ; DivisorFrequencia:Divisor_inst|clkSaida ; DivisorFrequencia:Divisor_inst|clkSaida ; 0.500        ; 0.318      ; 124.633    ;
; -123.814 ; PC:PC_inst|PC_reg[3] ; banco:banco_inst|registradores~49  ; DivisorFrequencia:Divisor_inst|clkSaida ; DivisorFrequencia:Divisor_inst|clkSaida ; 0.500        ; 0.343      ; 124.656    ;
; -123.797 ; PC:PC_inst|PC_reg[3] ; banco:banco_inst|registradores~148 ; DivisorFrequencia:Divisor_inst|clkSaida ; DivisorFrequencia:Divisor_inst|clkSaida ; 0.500        ; 0.336      ; 124.632    ;
; -123.785 ; PC:PC_inst|PC_reg[3] ; banco:banco_inst|registradores~177 ; DivisorFrequencia:Divisor_inst|clkSaida ; DivisorFrequencia:Divisor_inst|clkSaida ; 0.500        ; 0.350      ; 124.634    ;
; -123.775 ; PC:PC_inst|PC_reg[3] ; banco:banco_inst|registradores~253 ; DivisorFrequencia:Divisor_inst|clkSaida ; DivisorFrequencia:Divisor_inst|clkSaida ; 0.500        ; 0.313      ; 124.587    ;
; -123.760 ; PC:PC_inst|PC_reg[3] ; banco:banco_inst|registradores~150 ; DivisorFrequencia:Divisor_inst|clkSaida ; DivisorFrequencia:Divisor_inst|clkSaida ; 0.500        ; 0.348      ; 124.607    ;
; -123.745 ; PC:PC_inst|PC_reg[3] ; banco:banco_inst|registradores~159 ; DivisorFrequencia:Divisor_inst|clkSaida ; DivisorFrequencia:Divisor_inst|clkSaida ; 0.500        ; 0.320      ; 124.564    ;
; -123.719 ; PC:PC_inst|PC_reg[1] ; banco:banco_inst|registradores~246 ; DivisorFrequencia:Divisor_inst|clkSaida ; DivisorFrequencia:Divisor_inst|clkSaida ; 0.500        ; 0.341      ; 124.559    ;
; -123.714 ; PC:PC_inst|PC_reg[3] ; banco:banco_inst|registradores~208 ; DivisorFrequencia:Divisor_inst|clkSaida ; DivisorFrequencia:Divisor_inst|clkSaida ; 0.500        ; 0.300      ; 124.513    ;
; -123.709 ; PC:PC_inst|PC_reg[3] ; banco:banco_inst|registradores~181 ; DivisorFrequencia:Divisor_inst|clkSaida ; DivisorFrequencia:Divisor_inst|clkSaida ; 0.500        ; 0.325      ; 124.533    ;
; -123.693 ; PC:PC_inst|PC_reg[3] ; banco:banco_inst|registradores~61  ; DivisorFrequencia:Divisor_inst|clkSaida ; DivisorFrequencia:Divisor_inst|clkSaida ; 0.500        ; 0.360      ; 124.552    ;
; -123.677 ; PC:PC_inst|PC_reg[4] ; banco:banco_inst|registradores~246 ; DivisorFrequencia:Divisor_inst|clkSaida ; DivisorFrequencia:Divisor_inst|clkSaida ; 0.500        ; 0.340      ; 124.516    ;
; -123.675 ; PC:PC_inst|PC_reg[3] ; banco:banco_inst|registradores~112 ; DivisorFrequencia:Divisor_inst|clkSaida ; DivisorFrequencia:Divisor_inst|clkSaida ; 0.500        ; 0.337      ; 124.511    ;
; -123.673 ; PC:PC_inst|PC_reg[1] ; banco:banco_inst|registradores~80  ; DivisorFrequencia:Divisor_inst|clkSaida ; DivisorFrequencia:Divisor_inst|clkSaida ; 0.500        ; 0.338      ; 124.510    ;
; -123.670 ; PC:PC_inst|PC_reg[3] ; banco:banco_inst|registradores~174 ; DivisorFrequencia:Divisor_inst|clkSaida ; DivisorFrequencia:Divisor_inst|clkSaida ; 0.500        ; -0.041     ; 124.128    ;
; -123.658 ; PC:PC_inst|PC_reg[3] ; banco:banco_inst|registradores~53  ; DivisorFrequencia:Divisor_inst|clkSaida ; DivisorFrequencia:Divisor_inst|clkSaida ; 0.500        ; 0.349      ; 124.506    ;
; -123.649 ; PC:PC_inst|PC_reg[3] ; banco:banco_inst|registradores~254 ; DivisorFrequencia:Divisor_inst|clkSaida ; DivisorFrequencia:Divisor_inst|clkSaida ; 0.500        ; 0.360      ; 124.508    ;
; -123.645 ; PC:PC_inst|PC_reg[3] ; banco:banco_inst|registradores~222 ; DivisorFrequencia:Divisor_inst|clkSaida ; DivisorFrequencia:Divisor_inst|clkSaida ; 0.500        ; 0.393      ; 124.537    ;
; -123.631 ; PC:PC_inst|PC_reg[4] ; banco:banco_inst|registradores~80  ; DivisorFrequencia:Divisor_inst|clkSaida ; DivisorFrequencia:Divisor_inst|clkSaida ; 0.500        ; 0.337      ; 124.467    ;
; -123.630 ; PC:PC_inst|PC_reg[3] ; banco:banco_inst|registradores~62  ; DivisorFrequencia:Divisor_inst|clkSaida ; DivisorFrequencia:Divisor_inst|clkSaida ; 0.500        ; 0.383      ; 124.512    ;
; -123.627 ; PC:PC_inst|PC_reg[1] ; banco:banco_inst|registradores~93  ; DivisorFrequencia:Divisor_inst|clkSaida ; DivisorFrequencia:Divisor_inst|clkSaida ; 0.500        ; 0.357      ; 124.483    ;
; -123.624 ; PC:PC_inst|PC_reg[3] ; banco:banco_inst|registradores~81  ; DivisorFrequencia:Divisor_inst|clkSaida ; DivisorFrequencia:Divisor_inst|clkSaida ; 0.500        ; -0.046     ; 124.077    ;
; -123.620 ; PC:PC_inst|PC_reg[3] ; banco:banco_inst|registradores~151 ; DivisorFrequencia:Divisor_inst|clkSaida ; DivisorFrequencia:Divisor_inst|clkSaida ; 0.500        ; 0.354      ; 124.473    ;
; -123.618 ; PC:PC_inst|PC_reg[3] ; banco:banco_inst|registradores~172 ; DivisorFrequencia:Divisor_inst|clkSaida ; DivisorFrequencia:Divisor_inst|clkSaida ; 0.500        ; 0.343      ; 124.460    ;
; -123.616 ; PC:PC_inst|PC_reg[3] ; banco:banco_inst|registradores~250 ; DivisorFrequencia:Divisor_inst|clkSaida ; DivisorFrequencia:Divisor_inst|clkSaida ; 0.500        ; 0.322      ; 124.437    ;
; -123.616 ; PC:PC_inst|PC_reg[3] ; banco:banco_inst|registradores~54  ; DivisorFrequencia:Divisor_inst|clkSaida ; DivisorFrequencia:Divisor_inst|clkSaida ; 0.500        ; 0.349      ; 124.464    ;
; -123.601 ; PC:PC_inst|PC_reg[3] ; banco:banco_inst|registradores~213 ; DivisorFrequencia:Divisor_inst|clkSaida ; DivisorFrequencia:Divisor_inst|clkSaida ; 0.500        ; 0.357      ; 124.457    ;
; -123.601 ; PC:PC_inst|PC_reg[3] ; banco:banco_inst|registradores~209 ; DivisorFrequencia:Divisor_inst|clkSaida ; DivisorFrequencia:Divisor_inst|clkSaida ; 0.500        ; 0.319      ; 124.419    ;
; -123.592 ; PC:PC_inst|PC_reg[1] ; banco:banco_inst|registradores~221 ; DivisorFrequencia:Divisor_inst|clkSaida ; DivisorFrequencia:Divisor_inst|clkSaida ; 0.500        ; 0.390      ; 124.481    ;
; -123.586 ; PC:PC_inst|PC_reg[3] ; banco:banco_inst|registradores~154 ; DivisorFrequencia:Divisor_inst|clkSaida ; DivisorFrequencia:Divisor_inst|clkSaida ; 0.500        ; 0.354      ; 124.439    ;
; -123.585 ; PC:PC_inst|PC_reg[4] ; banco:banco_inst|registradores~93  ; DivisorFrequencia:Divisor_inst|clkSaida ; DivisorFrequencia:Divisor_inst|clkSaida ; 0.500        ; 0.356      ; 124.440    ;
; -123.563 ; PC:PC_inst|PC_reg[3] ; banco:banco_inst|registradores~170 ; DivisorFrequencia:Divisor_inst|clkSaida ; DivisorFrequencia:Divisor_inst|clkSaida ; 0.500        ; 0.338      ; 124.400    ;
; -123.561 ; PC:PC_inst|PC_reg[3] ; banco:banco_inst|registradores~143 ; DivisorFrequencia:Divisor_inst|clkSaida ; DivisorFrequencia:Divisor_inst|clkSaida ; 0.500        ; 0.306      ; 124.366    ;
; -123.558 ; PC:PC_inst|PC_reg[1] ; banco:banco_inst|registradores~212 ; DivisorFrequencia:Divisor_inst|clkSaida ; DivisorFrequencia:Divisor_inst|clkSaida ; 0.500        ; 0.354      ; 124.411    ;
; -123.553 ; PC:PC_inst|PC_reg[1] ; banco:banco_inst|registradores~113 ; DivisorFrequencia:Divisor_inst|clkSaida ; DivisorFrequencia:Divisor_inst|clkSaida ; 0.500        ; 0.307      ; 124.359    ;
; -123.550 ; PC:PC_inst|PC_reg[4] ; banco:banco_inst|registradores~221 ; DivisorFrequencia:Divisor_inst|clkSaida ; DivisorFrequencia:Divisor_inst|clkSaida ; 0.500        ; 0.389      ; 124.438    ;
; -123.548 ; PC:PC_inst|PC_reg[3] ; banco:banco_inst|registradores~63  ; DivisorFrequencia:Divisor_inst|clkSaida ; DivisorFrequencia:Divisor_inst|clkSaida ; 0.500        ; 0.297      ; 124.344    ;
; -123.539 ; PC:PC_inst|PC_reg[3] ; banco:banco_inst|registradores~210 ; DivisorFrequencia:Divisor_inst|clkSaida ; DivisorFrequencia:Divisor_inst|clkSaida ; 0.500        ; 0.321      ; 124.359    ;
; -123.538 ; PC:PC_inst|PC_reg[1] ; banco:banco_inst|registradores~223 ; DivisorFrequencia:Divisor_inst|clkSaida ; DivisorFrequencia:Divisor_inst|clkSaida ; 0.500        ; 0.354      ; 124.391    ;
; -123.529 ; PC:PC_inst|PC_reg[3] ; banco:banco_inst|registradores~175 ; DivisorFrequencia:Divisor_inst|clkSaida ; DivisorFrequencia:Divisor_inst|clkSaida ; 0.500        ; 0.339      ; 124.367    ;
; -123.525 ; PC:PC_inst|PC_reg[1] ; banco:banco_inst|registradores~191 ; DivisorFrequencia:Divisor_inst|clkSaida ; DivisorFrequencia:Divisor_inst|clkSaida ; 0.500        ; 0.341      ; 124.365    ;
; -123.522 ; PC:PC_inst|PC_reg[1] ; banco:banco_inst|registradores~145 ; DivisorFrequencia:Divisor_inst|clkSaida ; DivisorFrequencia:Divisor_inst|clkSaida ; 0.500        ; 0.315      ; 124.336    ;
; -123.520 ; PC:PC_inst|PC_reg[1] ; banco:banco_inst|registradores~49  ; DivisorFrequencia:Divisor_inst|clkSaida ; DivisorFrequencia:Divisor_inst|clkSaida ; 0.500        ; 0.340      ; 124.359    ;
; -123.516 ; PC:PC_inst|PC_reg[4] ; banco:banco_inst|registradores~212 ; DivisorFrequencia:Divisor_inst|clkSaida ; DivisorFrequencia:Divisor_inst|clkSaida ; 0.500        ; 0.353      ; 124.368    ;
; -123.511 ; PC:PC_inst|PC_reg[4] ; banco:banco_inst|registradores~113 ; DivisorFrequencia:Divisor_inst|clkSaida ; DivisorFrequencia:Divisor_inst|clkSaida ; 0.500        ; 0.306      ; 124.316    ;
; -123.508 ; PC:PC_inst|PC_reg[3] ; banco:banco_inst|registradores~90  ; DivisorFrequencia:Divisor_inst|clkSaida ; DivisorFrequencia:Divisor_inst|clkSaida ; 0.500        ; -0.027     ; 123.980    ;
; -123.503 ; PC:PC_inst|PC_reg[0] ; banco:banco_inst|registradores~246 ; DivisorFrequencia:Divisor_inst|clkSaida ; DivisorFrequencia:Divisor_inst|clkSaida ; 0.500        ; 0.341      ; 124.343    ;
; -123.503 ; PC:PC_inst|PC_reg[1] ; banco:banco_inst|registradores~148 ; DivisorFrequencia:Divisor_inst|clkSaida ; DivisorFrequencia:Divisor_inst|clkSaida ; 0.500        ; 0.333      ; 124.335    ;
; -123.497 ; PC:PC_inst|PC_reg[3] ; banco:banco_inst|registradores~95  ; DivisorFrequencia:Divisor_inst|clkSaida ; DivisorFrequencia:Divisor_inst|clkSaida ; 0.500        ; 0.352      ; 124.348    ;
; -123.496 ; PC:PC_inst|PC_reg[4] ; banco:banco_inst|registradores~223 ; DivisorFrequencia:Divisor_inst|clkSaida ; DivisorFrequencia:Divisor_inst|clkSaida ; 0.500        ; 0.353      ; 124.348    ;
; -123.491 ; PC:PC_inst|PC_reg[1] ; banco:banco_inst|registradores~177 ; DivisorFrequencia:Divisor_inst|clkSaida ; DivisorFrequencia:Divisor_inst|clkSaida ; 0.500        ; 0.347      ; 124.337    ;
; -123.485 ; PC:PC_inst|PC_reg[3] ; banco:banco_inst|registradores~141 ; DivisorFrequencia:Divisor_inst|clkSaida ; DivisorFrequencia:Divisor_inst|clkSaida ; 0.500        ; -0.043     ; 123.941    ;
; -123.483 ; PC:PC_inst|PC_reg[4] ; banco:banco_inst|registradores~191 ; DivisorFrequencia:Divisor_inst|clkSaida ; DivisorFrequencia:Divisor_inst|clkSaida ; 0.500        ; 0.340      ; 124.322    ;
; -123.481 ; PC:PC_inst|PC_reg[1] ; banco:banco_inst|registradores~253 ; DivisorFrequencia:Divisor_inst|clkSaida ; DivisorFrequencia:Divisor_inst|clkSaida ; 0.500        ; 0.310      ; 124.290    ;
; -123.480 ; PC:PC_inst|PC_reg[4] ; banco:banco_inst|registradores~145 ; DivisorFrequencia:Divisor_inst|clkSaida ; DivisorFrequencia:Divisor_inst|clkSaida ; 0.500        ; 0.314      ; 124.293    ;
; -123.479 ; PC:PC_inst|PC_reg[3] ; banco:banco_inst|registradores~50  ; DivisorFrequencia:Divisor_inst|clkSaida ; DivisorFrequencia:Divisor_inst|clkSaida ; 0.500        ; 0.360      ; 124.338    ;
; -123.478 ; PC:PC_inst|PC_reg[4] ; banco:banco_inst|registradores~49  ; DivisorFrequencia:Divisor_inst|clkSaida ; DivisorFrequencia:Divisor_inst|clkSaida ; 0.500        ; 0.339      ; 124.316    ;
; -123.476 ; PC:PC_inst|PC_reg[3] ; banco:banco_inst|registradores~157 ; DivisorFrequencia:Divisor_inst|clkSaida ; DivisorFrequencia:Divisor_inst|clkSaida ; 0.500        ; 0.392      ; 124.367    ;
; -123.474 ; PC:PC_inst|PC_reg[3] ; banco:banco_inst|registradores~255 ; DivisorFrequencia:Divisor_inst|clkSaida ; DivisorFrequencia:Divisor_inst|clkSaida ; 0.500        ; 0.330      ; 124.303    ;
; -123.466 ; PC:PC_inst|PC_reg[1] ; banco:banco_inst|registradores~150 ; DivisorFrequencia:Divisor_inst|clkSaida ; DivisorFrequencia:Divisor_inst|clkSaida ; 0.500        ; 0.345      ; 124.310    ;
; -123.462 ; PC:PC_inst|PC_reg[5] ; banco:banco_inst|registradores~246 ; DivisorFrequencia:Divisor_inst|clkSaida ; DivisorFrequencia:Divisor_inst|clkSaida ; 0.500        ; 0.340      ; 124.301    ;
; -123.461 ; PC:PC_inst|PC_reg[4] ; banco:banco_inst|registradores~148 ; DivisorFrequencia:Divisor_inst|clkSaida ; DivisorFrequencia:Divisor_inst|clkSaida ; 0.500        ; 0.332      ; 124.292    ;
; -123.457 ; PC:PC_inst|PC_reg[0] ; banco:banco_inst|registradores~80  ; DivisorFrequencia:Divisor_inst|clkSaida ; DivisorFrequencia:Divisor_inst|clkSaida ; 0.500        ; 0.338      ; 124.294    ;
; -123.451 ; PC:PC_inst|PC_reg[1] ; banco:banco_inst|registradores~159 ; DivisorFrequencia:Divisor_inst|clkSaida ; DivisorFrequencia:Divisor_inst|clkSaida ; 0.500        ; 0.317      ; 124.267    ;
; -123.449 ; PC:PC_inst|PC_reg[4] ; banco:banco_inst|registradores~177 ; DivisorFrequencia:Divisor_inst|clkSaida ; DivisorFrequencia:Divisor_inst|clkSaida ; 0.500        ; 0.346      ; 124.294    ;
; -123.448 ; PC:PC_inst|PC_reg[3] ; banco:banco_inst|registradores~108 ; DivisorFrequencia:Divisor_inst|clkSaida ; DivisorFrequencia:Divisor_inst|clkSaida ; 0.500        ; 0.322      ; 124.269    ;
; -123.439 ; PC:PC_inst|PC_reg[4] ; banco:banco_inst|registradores~253 ; DivisorFrequencia:Divisor_inst|clkSaida ; DivisorFrequencia:Divisor_inst|clkSaida ; 0.500        ; 0.309      ; 124.247    ;
; -123.424 ; PC:PC_inst|PC_reg[4] ; banco:banco_inst|registradores~150 ; DivisorFrequencia:Divisor_inst|clkSaida ; DivisorFrequencia:Divisor_inst|clkSaida ; 0.500        ; 0.344      ; 124.267    ;
; -123.420 ; PC:PC_inst|PC_reg[1] ; banco:banco_inst|registradores~208 ; DivisorFrequencia:Divisor_inst|clkSaida ; DivisorFrequencia:Divisor_inst|clkSaida ; 0.500        ; 0.297      ; 124.216    ;
; -123.418 ; PC:PC_inst|PC_reg[3] ; banco:banco_inst|registradores~205 ; DivisorFrequencia:Divisor_inst|clkSaida ; DivisorFrequencia:Divisor_inst|clkSaida ; 0.500        ; 0.321      ; 124.238    ;
; -123.416 ; PC:PC_inst|PC_reg[5] ; banco:banco_inst|registradores~80  ; DivisorFrequencia:Divisor_inst|clkSaida ; DivisorFrequencia:Divisor_inst|clkSaida ; 0.500        ; 0.337      ; 124.252    ;
; -123.415 ; PC:PC_inst|PC_reg[1] ; banco:banco_inst|registradores~181 ; DivisorFrequencia:Divisor_inst|clkSaida ; DivisorFrequencia:Divisor_inst|clkSaida ; 0.500        ; 0.322      ; 124.236    ;
; -123.411 ; PC:PC_inst|PC_reg[0] ; banco:banco_inst|registradores~93  ; DivisorFrequencia:Divisor_inst|clkSaida ; DivisorFrequencia:Divisor_inst|clkSaida ; 0.500        ; 0.357      ; 124.267    ;
; -123.409 ; PC:PC_inst|PC_reg[4] ; banco:banco_inst|registradores~159 ; DivisorFrequencia:Divisor_inst|clkSaida ; DivisorFrequencia:Divisor_inst|clkSaida ; 0.500        ; 0.316      ; 124.224    ;
; -123.403 ; PC:PC_inst|PC_reg[3] ; banco:banco_inst|registradores~180 ; DivisorFrequencia:Divisor_inst|clkSaida ; DivisorFrequencia:Divisor_inst|clkSaida ; 0.500        ; 0.325      ; 124.227    ;
; -123.399 ; PC:PC_inst|PC_reg[1] ; banco:banco_inst|registradores~61  ; DivisorFrequencia:Divisor_inst|clkSaida ; DivisorFrequencia:Divisor_inst|clkSaida ; 0.500        ; 0.357      ; 124.255    ;
; -123.398 ; PC:PC_inst|PC_reg[3] ; banco:banco_inst|registradores~76  ; DivisorFrequencia:Divisor_inst|clkSaida ; DivisorFrequencia:Divisor_inst|clkSaida ; 0.500        ; 0.345      ; 124.242    ;
; -123.396 ; PC:PC_inst|PC_reg[3] ; banco:banco_inst|registradores~58  ; DivisorFrequencia:Divisor_inst|clkSaida ; DivisorFrequencia:Divisor_inst|clkSaida ; 0.500        ; 0.324      ; 124.219    ;
; -123.390 ; PC:PC_inst|PC_reg[3] ; banco:banco_inst|registradores~182 ; DivisorFrequencia:Divisor_inst|clkSaida ; DivisorFrequencia:Divisor_inst|clkSaida ; 0.500        ; 0.325      ; 124.214    ;
; -123.382 ; PC:PC_inst|PC_reg[2] ; banco:banco_inst|registradores~246 ; DivisorFrequencia:Divisor_inst|clkSaida ; DivisorFrequencia:Divisor_inst|clkSaida ; 0.500        ; 0.341      ; 124.222    ;
; -123.381 ; PC:PC_inst|PC_reg[1] ; banco:banco_inst|registradores~112 ; DivisorFrequencia:Divisor_inst|clkSaida ; DivisorFrequencia:Divisor_inst|clkSaida ; 0.500        ; 0.334      ; 124.214    ;
; -123.378 ; PC:PC_inst|PC_reg[3] ; banco:banco_inst|registradores~94  ; DivisorFrequencia:Divisor_inst|clkSaida ; DivisorFrequencia:Divisor_inst|clkSaida ; 0.500        ; 0.392      ; 124.269    ;
; -123.378 ; PC:PC_inst|PC_reg[4] ; banco:banco_inst|registradores~208 ; DivisorFrequencia:Divisor_inst|clkSaida ; DivisorFrequencia:Divisor_inst|clkSaida ; 0.500        ; 0.296      ; 124.173    ;
; -123.377 ; PC:PC_inst|PC_reg[3] ; banco:banco_inst|registradores~144 ; DivisorFrequencia:Divisor_inst|clkSaida ; DivisorFrequencia:Divisor_inst|clkSaida ; 0.500        ; 0.290      ; 124.166    ;
; -123.376 ; PC:PC_inst|PC_reg[3] ; banco:banco_inst|registradores~110 ; DivisorFrequencia:Divisor_inst|clkSaida ; DivisorFrequencia:Divisor_inst|clkSaida ; 0.500        ; 0.330      ; 124.205    ;
; -123.376 ; PC:PC_inst|PC_reg[0] ; banco:banco_inst|registradores~221 ; DivisorFrequencia:Divisor_inst|clkSaida ; DivisorFrequencia:Divisor_inst|clkSaida ; 0.500        ; 0.390      ; 124.265    ;
; -123.376 ; PC:PC_inst|PC_reg[1] ; banco:banco_inst|registradores~174 ; DivisorFrequencia:Divisor_inst|clkSaida ; DivisorFrequencia:Divisor_inst|clkSaida ; 0.500        ; -0.044     ; 123.831    ;
; -123.373 ; PC:PC_inst|PC_reg[4] ; banco:banco_inst|registradores~181 ; DivisorFrequencia:Divisor_inst|clkSaida ; DivisorFrequencia:Divisor_inst|clkSaida ; 0.500        ; 0.321      ; 124.193    ;
; -123.370 ; PC:PC_inst|PC_reg[5] ; banco:banco_inst|registradores~93  ; DivisorFrequencia:Divisor_inst|clkSaida ; DivisorFrequencia:Divisor_inst|clkSaida ; 0.500        ; 0.356      ; 124.225    ;
; -123.367 ; PC:PC_inst|PC_reg[3] ; banco:banco_inst|registradores~218 ; DivisorFrequencia:Divisor_inst|clkSaida ; DivisorFrequencia:Divisor_inst|clkSaida ; 0.500        ; 0.393      ; 124.259    ;
; -123.364 ; PC:PC_inst|PC_reg[1] ; banco:banco_inst|registradores~53  ; DivisorFrequencia:Divisor_inst|clkSaida ; DivisorFrequencia:Divisor_inst|clkSaida ; 0.500        ; 0.346      ; 124.209    ;
; -123.357 ; PC:PC_inst|PC_reg[3] ; banco:banco_inst|registradores~214 ; DivisorFrequencia:Divisor_inst|clkSaida ; DivisorFrequencia:Divisor_inst|clkSaida ; 0.500        ; 0.358      ; 124.214    ;
+----------+----------------------+------------------------------------+-----------------------------------------+-----------------------------------------+--------------+------------+------------+


+--------------------------------------------------------------------------------------------------------------------------------------------------------------------------+
; Slow 1200mV 0C Model Setup: 'clk_50'                                                                                                                                     ;
+--------+---------------------------------------------+---------------------------------------------+--------------+-------------+--------------+------------+------------+
; Slack  ; From Node                                   ; To Node                                     ; Launch Clock ; Latch Clock ; Relationship ; Clock Skew ; Data Delay ;
+--------+---------------------------------------------+---------------------------------------------+--------------+-------------+--------------+------------+------------+
; -3.241 ; DivisorFrequencia:Divisor_inst|contador[15] ; DivisorFrequencia:Divisor_inst|clkSaida     ; clk_50       ; clk_50      ; 1.000        ; -0.071     ; 4.169      ;
; -3.241 ; DivisorFrequencia:Divisor_inst|contador[3]  ; DivisorFrequencia:Divisor_inst|clkSaida     ; clk_50       ; clk_50      ; 1.000        ; -0.072     ; 4.168      ;
; -3.235 ; DivisorFrequencia:Divisor_inst|contador[13] ; DivisorFrequencia:Divisor_inst|clkSaida     ; clk_50       ; clk_50      ; 1.000        ; -0.071     ; 4.163      ;
; -3.232 ; DivisorFrequencia:Divisor_inst|contador[0]  ; DivisorFrequencia:Divisor_inst|clkSaida     ; clk_50       ; clk_50      ; 1.000        ; -0.072     ; 4.159      ;
; -3.217 ; DivisorFrequencia:Divisor_inst|contador[17] ; DivisorFrequencia:Divisor_inst|clkSaida     ; clk_50       ; clk_50      ; 1.000        ; -0.071     ; 4.145      ;
; -3.210 ; DivisorFrequencia:Divisor_inst|contador[19] ; DivisorFrequencia:Divisor_inst|clkSaida     ; clk_50       ; clk_50      ; 1.000        ; -0.071     ; 4.138      ;
; -3.098 ; DivisorFrequencia:Divisor_inst|contador[5]  ; DivisorFrequencia:Divisor_inst|clkSaida     ; clk_50       ; clk_50      ; 1.000        ; -0.072     ; 4.025      ;
; -3.092 ; DivisorFrequencia:Divisor_inst|contador[2]  ; DivisorFrequencia:Divisor_inst|clkSaida     ; clk_50       ; clk_50      ; 1.000        ; -0.072     ; 4.019      ;
; -3.080 ; DivisorFrequencia:Divisor_inst|contador[14] ; DivisorFrequencia:Divisor_inst|clkSaida     ; clk_50       ; clk_50      ; 1.000        ; -0.071     ; 4.008      ;
; -3.056 ; DivisorFrequencia:Divisor_inst|contador[16] ; DivisorFrequencia:Divisor_inst|clkSaida     ; clk_50       ; clk_50      ; 1.000        ; -0.071     ; 3.984      ;
; -3.028 ; DivisorFrequencia:Divisor_inst|contador[4]  ; DivisorFrequencia:Divisor_inst|clkSaida     ; clk_50       ; clk_50      ; 1.000        ; -0.072     ; 3.955      ;
; -3.022 ; DivisorFrequencia:Divisor_inst|contador[6]  ; DivisorFrequencia:Divisor_inst|clkSaida     ; clk_50       ; clk_50      ; 1.000        ; -0.072     ; 3.949      ;
; -3.015 ; DivisorFrequencia:Divisor_inst|contador[9]  ; DivisorFrequencia:Divisor_inst|clkSaida     ; clk_50       ; clk_50      ; 1.000        ; -0.072     ; 3.942      ;
; -2.996 ; DivisorFrequencia:Divisor_inst|contador[11] ; DivisorFrequencia:Divisor_inst|clkSaida     ; clk_50       ; clk_50      ; 1.000        ; -0.072     ; 3.923      ;
; -2.982 ; DivisorFrequencia:Divisor_inst|contador[7]  ; DivisorFrequencia:Divisor_inst|clkSaida     ; clk_50       ; clk_50      ; 1.000        ; -0.072     ; 3.909      ;
; -2.975 ; DivisorFrequencia:Divisor_inst|contador[10] ; DivisorFrequencia:Divisor_inst|clkSaida     ; clk_50       ; clk_50      ; 1.000        ; -0.072     ; 3.902      ;
; -2.971 ; DivisorFrequencia:Divisor_inst|contador[12] ; DivisorFrequencia:Divisor_inst|clkSaida     ; clk_50       ; clk_50      ; 1.000        ; -0.071     ; 3.899      ;
; -2.948 ; DivisorFrequencia:Divisor_inst|contador[18] ; DivisorFrequencia:Divisor_inst|clkSaida     ; clk_50       ; clk_50      ; 1.000        ; -0.071     ; 3.876      ;
; -2.930 ; DivisorFrequencia:Divisor_inst|contador[8]  ; DivisorFrequencia:Divisor_inst|clkSaida     ; clk_50       ; clk_50      ; 1.000        ; -0.072     ; 3.857      ;
; -2.919 ; DivisorFrequencia:Divisor_inst|contador[23] ; DivisorFrequencia:Divisor_inst|clkSaida     ; clk_50       ; clk_50      ; 1.000        ; -0.071     ; 3.847      ;
; -2.913 ; DivisorFrequencia:Divisor_inst|contador[22] ; DivisorFrequencia:Divisor_inst|clkSaida     ; clk_50       ; clk_50      ; 1.000        ; -0.071     ; 3.841      ;
; -2.886 ; DivisorFrequencia:Divisor_inst|contador[21] ; DivisorFrequencia:Divisor_inst|clkSaida     ; clk_50       ; clk_50      ; 1.000        ; -0.071     ; 3.814      ;
; -2.765 ; DivisorFrequencia:Divisor_inst|contador[1]  ; DivisorFrequencia:Divisor_inst|clkSaida     ; clk_50       ; clk_50      ; 1.000        ; -0.072     ; 3.692      ;
; -2.649 ; DivisorFrequencia:Divisor_inst|contador[20] ; DivisorFrequencia:Divisor_inst|clkSaida     ; clk_50       ; clk_50      ; 1.000        ; -0.071     ; 3.577      ;
; -2.606 ; DivisorFrequencia:Divisor_inst|contador[24] ; DivisorFrequencia:Divisor_inst|clkSaida     ; clk_50       ; clk_50      ; 1.000        ; -0.071     ; 3.534      ;
; -1.925 ; DivisorFrequencia:Divisor_inst|contador[1]  ; DivisorFrequencia:Divisor_inst|contador[24] ; clk_50       ; clk_50      ; 1.000        ; -0.074     ; 2.850      ;
; -1.858 ; DivisorFrequencia:Divisor_inst|contador[15] ; DivisorFrequencia:Divisor_inst|contador[0]  ; clk_50       ; clk_50      ; 1.000        ; -0.072     ; 2.785      ;
; -1.858 ; DivisorFrequencia:Divisor_inst|contador[15] ; DivisorFrequencia:Divisor_inst|contador[1]  ; clk_50       ; clk_50      ; 1.000        ; -0.072     ; 2.785      ;
; -1.858 ; DivisorFrequencia:Divisor_inst|contador[15] ; DivisorFrequencia:Divisor_inst|contador[4]  ; clk_50       ; clk_50      ; 1.000        ; -0.072     ; 2.785      ;
; -1.858 ; DivisorFrequencia:Divisor_inst|contador[15] ; DivisorFrequencia:Divisor_inst|contador[5]  ; clk_50       ; clk_50      ; 1.000        ; -0.072     ; 2.785      ;
; -1.852 ; DivisorFrequencia:Divisor_inst|contador[13] ; DivisorFrequencia:Divisor_inst|contador[0]  ; clk_50       ; clk_50      ; 1.000        ; -0.072     ; 2.779      ;
; -1.852 ; DivisorFrequencia:Divisor_inst|contador[13] ; DivisorFrequencia:Divisor_inst|contador[1]  ; clk_50       ; clk_50      ; 1.000        ; -0.072     ; 2.779      ;
; -1.852 ; DivisorFrequencia:Divisor_inst|contador[13] ; DivisorFrequencia:Divisor_inst|contador[4]  ; clk_50       ; clk_50      ; 1.000        ; -0.072     ; 2.779      ;
; -1.852 ; DivisorFrequencia:Divisor_inst|contador[13] ; DivisorFrequencia:Divisor_inst|contador[5]  ; clk_50       ; clk_50      ; 1.000        ; -0.072     ; 2.779      ;
; -1.851 ; DivisorFrequencia:Divisor_inst|contador[0]  ; DivisorFrequencia:Divisor_inst|contador[24] ; clk_50       ; clk_50      ; 1.000        ; -0.074     ; 2.776      ;
; -1.834 ; DivisorFrequencia:Divisor_inst|contador[17] ; DivisorFrequencia:Divisor_inst|contador[0]  ; clk_50       ; clk_50      ; 1.000        ; -0.072     ; 2.761      ;
; -1.834 ; DivisorFrequencia:Divisor_inst|contador[17] ; DivisorFrequencia:Divisor_inst|contador[1]  ; clk_50       ; clk_50      ; 1.000        ; -0.072     ; 2.761      ;
; -1.834 ; DivisorFrequencia:Divisor_inst|contador[17] ; DivisorFrequencia:Divisor_inst|contador[4]  ; clk_50       ; clk_50      ; 1.000        ; -0.072     ; 2.761      ;
; -1.834 ; DivisorFrequencia:Divisor_inst|contador[17] ; DivisorFrequencia:Divisor_inst|contador[5]  ; clk_50       ; clk_50      ; 1.000        ; -0.072     ; 2.761      ;
; -1.833 ; DivisorFrequencia:Divisor_inst|contador[3]  ; DivisorFrequencia:Divisor_inst|contador[0]  ; clk_50       ; clk_50      ; 1.000        ; -0.073     ; 2.759      ;
; -1.833 ; DivisorFrequencia:Divisor_inst|contador[3]  ; DivisorFrequencia:Divisor_inst|contador[1]  ; clk_50       ; clk_50      ; 1.000        ; -0.073     ; 2.759      ;
; -1.833 ; DivisorFrequencia:Divisor_inst|contador[3]  ; DivisorFrequencia:Divisor_inst|contador[4]  ; clk_50       ; clk_50      ; 1.000        ; -0.073     ; 2.759      ;
; -1.833 ; DivisorFrequencia:Divisor_inst|contador[3]  ; DivisorFrequencia:Divisor_inst|contador[5]  ; clk_50       ; clk_50      ; 1.000        ; -0.073     ; 2.759      ;
; -1.827 ; DivisorFrequencia:Divisor_inst|contador[19] ; DivisorFrequencia:Divisor_inst|contador[0]  ; clk_50       ; clk_50      ; 1.000        ; -0.072     ; 2.754      ;
; -1.827 ; DivisorFrequencia:Divisor_inst|contador[19] ; DivisorFrequencia:Divisor_inst|contador[1]  ; clk_50       ; clk_50      ; 1.000        ; -0.072     ; 2.754      ;
; -1.827 ; DivisorFrequencia:Divisor_inst|contador[19] ; DivisorFrequencia:Divisor_inst|contador[4]  ; clk_50       ; clk_50      ; 1.000        ; -0.072     ; 2.754      ;
; -1.827 ; DivisorFrequencia:Divisor_inst|contador[19] ; DivisorFrequencia:Divisor_inst|contador[5]  ; clk_50       ; clk_50      ; 1.000        ; -0.072     ; 2.754      ;
; -1.824 ; DivisorFrequencia:Divisor_inst|contador[0]  ; DivisorFrequencia:Divisor_inst|contador[23] ; clk_50       ; clk_50      ; 1.000        ; -0.074     ; 2.749      ;
; -1.824 ; DivisorFrequencia:Divisor_inst|contador[0]  ; DivisorFrequencia:Divisor_inst|contador[0]  ; clk_50       ; clk_50      ; 1.000        ; -0.073     ; 2.750      ;
; -1.824 ; DivisorFrequencia:Divisor_inst|contador[0]  ; DivisorFrequencia:Divisor_inst|contador[1]  ; clk_50       ; clk_50      ; 1.000        ; -0.073     ; 2.750      ;
; -1.824 ; DivisorFrequencia:Divisor_inst|contador[0]  ; DivisorFrequencia:Divisor_inst|contador[4]  ; clk_50       ; clk_50      ; 1.000        ; -0.073     ; 2.750      ;
; -1.824 ; DivisorFrequencia:Divisor_inst|contador[0]  ; DivisorFrequencia:Divisor_inst|contador[5]  ; clk_50       ; clk_50      ; 1.000        ; -0.073     ; 2.750      ;
; -1.810 ; DivisorFrequencia:Divisor_inst|contador[3]  ; DivisorFrequencia:Divisor_inst|contador[24] ; clk_50       ; clk_50      ; 1.000        ; -0.074     ; 2.735      ;
; -1.809 ; DivisorFrequencia:Divisor_inst|contador[1]  ; DivisorFrequencia:Divisor_inst|contador[22] ; clk_50       ; clk_50      ; 1.000        ; -0.074     ; 2.734      ;
; -1.780 ; DivisorFrequencia:Divisor_inst|contador[1]  ; DivisorFrequencia:Divisor_inst|contador[23] ; clk_50       ; clk_50      ; 1.000        ; -0.074     ; 2.705      ;
; -1.735 ; DivisorFrequencia:Divisor_inst|contador[2]  ; DivisorFrequencia:Divisor_inst|contador[24] ; clk_50       ; clk_50      ; 1.000        ; -0.074     ; 2.660      ;
; -1.735 ; DivisorFrequencia:Divisor_inst|contador[0]  ; DivisorFrequencia:Divisor_inst|contador[22] ; clk_50       ; clk_50      ; 1.000        ; -0.074     ; 2.660      ;
; -1.714 ; DivisorFrequencia:Divisor_inst|contador[5]  ; DivisorFrequencia:Divisor_inst|contador[0]  ; clk_50       ; clk_50      ; 1.000        ; -0.073     ; 2.640      ;
; -1.714 ; DivisorFrequencia:Divisor_inst|contador[5]  ; DivisorFrequencia:Divisor_inst|contador[1]  ; clk_50       ; clk_50      ; 1.000        ; -0.073     ; 2.640      ;
; -1.714 ; DivisorFrequencia:Divisor_inst|contador[5]  ; DivisorFrequencia:Divisor_inst|contador[4]  ; clk_50       ; clk_50      ; 1.000        ; -0.073     ; 2.640      ;
; -1.714 ; DivisorFrequencia:Divisor_inst|contador[5]  ; DivisorFrequencia:Divisor_inst|contador[5]  ; clk_50       ; clk_50      ; 1.000        ; -0.073     ; 2.640      ;
; -1.708 ; DivisorFrequencia:Divisor_inst|contador[0]  ; DivisorFrequencia:Divisor_inst|contador[21] ; clk_50       ; clk_50      ; 1.000        ; -0.074     ; 2.633      ;
; -1.708 ; DivisorFrequencia:Divisor_inst|contador[2]  ; DivisorFrequencia:Divisor_inst|contador[23] ; clk_50       ; clk_50      ; 1.000        ; -0.074     ; 2.633      ;
; -1.697 ; DivisorFrequencia:Divisor_inst|contador[14] ; DivisorFrequencia:Divisor_inst|contador[0]  ; clk_50       ; clk_50      ; 1.000        ; -0.072     ; 2.624      ;
; -1.697 ; DivisorFrequencia:Divisor_inst|contador[14] ; DivisorFrequencia:Divisor_inst|contador[1]  ; clk_50       ; clk_50      ; 1.000        ; -0.072     ; 2.624      ;
; -1.697 ; DivisorFrequencia:Divisor_inst|contador[14] ; DivisorFrequencia:Divisor_inst|contador[4]  ; clk_50       ; clk_50      ; 1.000        ; -0.072     ; 2.624      ;
; -1.697 ; DivisorFrequencia:Divisor_inst|contador[14] ; DivisorFrequencia:Divisor_inst|contador[5]  ; clk_50       ; clk_50      ; 1.000        ; -0.072     ; 2.624      ;
; -1.694 ; DivisorFrequencia:Divisor_inst|contador[5]  ; DivisorFrequencia:Divisor_inst|contador[24] ; clk_50       ; clk_50      ; 1.000        ; -0.074     ; 2.619      ;
; -1.694 ; DivisorFrequencia:Divisor_inst|contador[3]  ; DivisorFrequencia:Divisor_inst|contador[22] ; clk_50       ; clk_50      ; 1.000        ; -0.074     ; 2.619      ;
; -1.693 ; DivisorFrequencia:Divisor_inst|contador[1]  ; DivisorFrequencia:Divisor_inst|contador[20] ; clk_50       ; clk_50      ; 1.000        ; -0.074     ; 2.618      ;
; -1.684 ; DivisorFrequencia:Divisor_inst|contador[2]  ; DivisorFrequencia:Divisor_inst|contador[0]  ; clk_50       ; clk_50      ; 1.000        ; -0.073     ; 2.610      ;
; -1.684 ; DivisorFrequencia:Divisor_inst|contador[2]  ; DivisorFrequencia:Divisor_inst|contador[1]  ; clk_50       ; clk_50      ; 1.000        ; -0.073     ; 2.610      ;
; -1.684 ; DivisorFrequencia:Divisor_inst|contador[2]  ; DivisorFrequencia:Divisor_inst|contador[4]  ; clk_50       ; clk_50      ; 1.000        ; -0.073     ; 2.610      ;
; -1.684 ; DivisorFrequencia:Divisor_inst|contador[2]  ; DivisorFrequencia:Divisor_inst|contador[5]  ; clk_50       ; clk_50      ; 1.000        ; -0.073     ; 2.610      ;
; -1.673 ; DivisorFrequencia:Divisor_inst|contador[16] ; DivisorFrequencia:Divisor_inst|contador[0]  ; clk_50       ; clk_50      ; 1.000        ; -0.072     ; 2.600      ;
; -1.673 ; DivisorFrequencia:Divisor_inst|contador[16] ; DivisorFrequencia:Divisor_inst|contador[1]  ; clk_50       ; clk_50      ; 1.000        ; -0.072     ; 2.600      ;
; -1.673 ; DivisorFrequencia:Divisor_inst|contador[16] ; DivisorFrequencia:Divisor_inst|contador[4]  ; clk_50       ; clk_50      ; 1.000        ; -0.072     ; 2.600      ;
; -1.673 ; DivisorFrequencia:Divisor_inst|contador[16] ; DivisorFrequencia:Divisor_inst|contador[5]  ; clk_50       ; clk_50      ; 1.000        ; -0.072     ; 2.600      ;
; -1.665 ; DivisorFrequencia:Divisor_inst|contador[3]  ; DivisorFrequencia:Divisor_inst|contador[23] ; clk_50       ; clk_50      ; 1.000        ; -0.074     ; 2.590      ;
; -1.664 ; DivisorFrequencia:Divisor_inst|contador[1]  ; DivisorFrequencia:Divisor_inst|contador[21] ; clk_50       ; clk_50      ; 1.000        ; -0.074     ; 2.589      ;
; -1.645 ; DivisorFrequencia:Divisor_inst|contador[4]  ; DivisorFrequencia:Divisor_inst|contador[0]  ; clk_50       ; clk_50      ; 1.000        ; -0.073     ; 2.571      ;
; -1.645 ; DivisorFrequencia:Divisor_inst|contador[4]  ; DivisorFrequencia:Divisor_inst|contador[1]  ; clk_50       ; clk_50      ; 1.000        ; -0.073     ; 2.571      ;
; -1.645 ; DivisorFrequencia:Divisor_inst|contador[4]  ; DivisorFrequencia:Divisor_inst|contador[4]  ; clk_50       ; clk_50      ; 1.000        ; -0.073     ; 2.571      ;
; -1.645 ; DivisorFrequencia:Divisor_inst|contador[4]  ; DivisorFrequencia:Divisor_inst|contador[5]  ; clk_50       ; clk_50      ; 1.000        ; -0.073     ; 2.571      ;
; -1.637 ; DivisorFrequencia:Divisor_inst|contador[6]  ; DivisorFrequencia:Divisor_inst|contador[0]  ; clk_50       ; clk_50      ; 1.000        ; -0.073     ; 2.563      ;
; -1.637 ; DivisorFrequencia:Divisor_inst|contador[6]  ; DivisorFrequencia:Divisor_inst|contador[1]  ; clk_50       ; clk_50      ; 1.000        ; -0.073     ; 2.563      ;
; -1.637 ; DivisorFrequencia:Divisor_inst|contador[6]  ; DivisorFrequencia:Divisor_inst|contador[4]  ; clk_50       ; clk_50      ; 1.000        ; -0.073     ; 2.563      ;
; -1.637 ; DivisorFrequencia:Divisor_inst|contador[6]  ; DivisorFrequencia:Divisor_inst|contador[5]  ; clk_50       ; clk_50      ; 1.000        ; -0.073     ; 2.563      ;
; -1.632 ; DivisorFrequencia:Divisor_inst|contador[9]  ; DivisorFrequencia:Divisor_inst|contador[0]  ; clk_50       ; clk_50      ; 1.000        ; -0.073     ; 2.558      ;
; -1.632 ; DivisorFrequencia:Divisor_inst|contador[9]  ; DivisorFrequencia:Divisor_inst|contador[1]  ; clk_50       ; clk_50      ; 1.000        ; -0.073     ; 2.558      ;
; -1.632 ; DivisorFrequencia:Divisor_inst|contador[9]  ; DivisorFrequencia:Divisor_inst|contador[4]  ; clk_50       ; clk_50      ; 1.000        ; -0.073     ; 2.558      ;
; -1.632 ; DivisorFrequencia:Divisor_inst|contador[9]  ; DivisorFrequencia:Divisor_inst|contador[5]  ; clk_50       ; clk_50      ; 1.000        ; -0.073     ; 2.558      ;
; -1.619 ; DivisorFrequencia:Divisor_inst|contador[2]  ; DivisorFrequencia:Divisor_inst|contador[22] ; clk_50       ; clk_50      ; 1.000        ; -0.074     ; 2.544      ;
; -1.619 ; DivisorFrequencia:Divisor_inst|contador[0]  ; DivisorFrequencia:Divisor_inst|contador[20] ; clk_50       ; clk_50      ; 1.000        ; -0.074     ; 2.544      ;
; -1.615 ; DivisorFrequencia:Divisor_inst|contador[4]  ; DivisorFrequencia:Divisor_inst|contador[24] ; clk_50       ; clk_50      ; 1.000        ; -0.074     ; 2.540      ;
; -1.613 ; DivisorFrequencia:Divisor_inst|contador[11] ; DivisorFrequencia:Divisor_inst|contador[0]  ; clk_50       ; clk_50      ; 1.000        ; -0.073     ; 2.539      ;
; -1.613 ; DivisorFrequencia:Divisor_inst|contador[11] ; DivisorFrequencia:Divisor_inst|contador[1]  ; clk_50       ; clk_50      ; 1.000        ; -0.073     ; 2.539      ;
; -1.613 ; DivisorFrequencia:Divisor_inst|contador[11] ; DivisorFrequencia:Divisor_inst|contador[4]  ; clk_50       ; clk_50      ; 1.000        ; -0.073     ; 2.539      ;
; -1.613 ; DivisorFrequencia:Divisor_inst|contador[11] ; DivisorFrequencia:Divisor_inst|contador[5]  ; clk_50       ; clk_50      ; 1.000        ; -0.073     ; 2.539      ;
; -1.597 ; DivisorFrequencia:Divisor_inst|contador[4]  ; DivisorFrequencia:Divisor_inst|contador[23] ; clk_50       ; clk_50      ; 1.000        ; -0.074     ; 2.522      ;
+--------+---------------------------------------------+---------------------------------------------+--------------+-------------+--------------+------------+------------+


+-------------------------------------------------------------------------------------------------------------------------------------------------------------------------+
; Slow 1200mV 0C Model Hold: 'clk_50'                                                                                                                                     ;
+-------+---------------------------------------------+---------------------------------------------+--------------+-------------+--------------+------------+------------+
; Slack ; From Node                                   ; To Node                                     ; Launch Clock ; Latch Clock ; Relationship ; Clock Skew ; Data Delay ;
+-------+---------------------------------------------+---------------------------------------------+--------------+-------------+--------------+------------+------------+
; 0.399 ; DivisorFrequencia:Divisor_inst|contador[24] ; DivisorFrequencia:Divisor_inst|contador[24] ; clk_50       ; clk_50      ; 0.000        ; 0.073      ; 0.643      ;
; 0.585 ; DivisorFrequencia:Divisor_inst|contador[15] ; DivisorFrequencia:Divisor_inst|contador[15] ; clk_50       ; clk_50      ; 0.000        ; 0.073      ; 0.829      ;
; 0.586 ; DivisorFrequencia:Divisor_inst|contador[18] ; DivisorFrequencia:Divisor_inst|contador[18] ; clk_50       ; clk_50      ; 0.000        ; 0.073      ; 0.830      ;
; 0.586 ; DivisorFrequencia:Divisor_inst|contador[17] ; DivisorFrequencia:Divisor_inst|contador[17] ; clk_50       ; clk_50      ; 0.000        ; 0.073      ; 0.830      ;
; 0.586 ; DivisorFrequencia:Divisor_inst|contador[13] ; DivisorFrequencia:Divisor_inst|contador[13] ; clk_50       ; clk_50      ; 0.000        ; 0.073      ; 0.830      ;
; 0.587 ; DivisorFrequencia:Divisor_inst|contador[23] ; DivisorFrequencia:Divisor_inst|contador[23] ; clk_50       ; clk_50      ; 0.000        ; 0.073      ; 0.831      ;
; 0.588 ; DivisorFrequencia:Divisor_inst|contador[12] ; DivisorFrequencia:Divisor_inst|contador[12] ; clk_50       ; clk_50      ; 0.000        ; 0.073      ; 0.832      ;
; 0.589 ; DivisorFrequencia:Divisor_inst|contador[19] ; DivisorFrequencia:Divisor_inst|contador[19] ; clk_50       ; clk_50      ; 0.000        ; 0.073      ; 0.833      ;
; 0.589 ; DivisorFrequencia:Divisor_inst|contador[14] ; DivisorFrequencia:Divisor_inst|contador[14] ; clk_50       ; clk_50      ; 0.000        ; 0.073      ; 0.833      ;
; 0.590 ; DivisorFrequencia:Divisor_inst|contador[16] ; DivisorFrequencia:Divisor_inst|contador[16] ; clk_50       ; clk_50      ; 0.000        ; 0.073      ; 0.834      ;
; 0.591 ; DivisorFrequencia:Divisor_inst|contador[20] ; DivisorFrequencia:Divisor_inst|contador[20] ; clk_50       ; clk_50      ; 0.000        ; 0.073      ; 0.835      ;
; 0.592 ; DivisorFrequencia:Divisor_inst|contador[22] ; DivisorFrequencia:Divisor_inst|contador[22] ; clk_50       ; clk_50      ; 0.000        ; 0.073      ; 0.836      ;
; 0.597 ; DivisorFrequencia:Divisor_inst|contador[9]  ; DivisorFrequencia:Divisor_inst|contador[9]  ; clk_50       ; clk_50      ; 0.000        ; 0.073      ; 0.841      ;
; 0.598 ; DivisorFrequencia:Divisor_inst|contador[7]  ; DivisorFrequencia:Divisor_inst|contador[7]  ; clk_50       ; clk_50      ; 0.000        ; 0.073      ; 0.842      ;
; 0.599 ; DivisorFrequencia:Divisor_inst|contador[2]  ; DivisorFrequencia:Divisor_inst|contador[2]  ; clk_50       ; clk_50      ; 0.000        ; 0.073      ; 0.843      ;
; 0.601 ; DivisorFrequencia:Divisor_inst|contador[3]  ; DivisorFrequencia:Divisor_inst|contador[3]  ; clk_50       ; clk_50      ; 0.000        ; 0.073      ; 0.845      ;
; 0.602 ; DivisorFrequencia:Divisor_inst|contador[10] ; DivisorFrequencia:Divisor_inst|contador[10] ; clk_50       ; clk_50      ; 0.000        ; 0.073      ; 0.846      ;
; 0.603 ; DivisorFrequencia:Divisor_inst|contador[8]  ; DivisorFrequencia:Divisor_inst|contador[8]  ; clk_50       ; clk_50      ; 0.000        ; 0.073      ; 0.847      ;
; 0.603 ; DivisorFrequencia:Divisor_inst|contador[6]  ; DivisorFrequencia:Divisor_inst|contador[6]  ; clk_50       ; clk_50      ; 0.000        ; 0.073      ; 0.847      ;
; 0.742 ; DivisorFrequencia:Divisor_inst|contador[11] ; DivisorFrequencia:Divisor_inst|contador[11] ; clk_50       ; clk_50      ; 0.000        ; 0.073      ; 0.986      ;
; 0.748 ; DivisorFrequencia:Divisor_inst|contador[21] ; DivisorFrequencia:Divisor_inst|contador[21] ; clk_50       ; clk_50      ; 0.000        ; 0.073      ; 0.992      ;
; 0.871 ; DivisorFrequencia:Divisor_inst|contador[15] ; DivisorFrequencia:Divisor_inst|contador[16] ; clk_50       ; clk_50      ; 0.000        ; 0.073      ; 1.115      ;
; 0.872 ; DivisorFrequencia:Divisor_inst|contador[17] ; DivisorFrequencia:Divisor_inst|contador[18] ; clk_50       ; clk_50      ; 0.000        ; 0.073      ; 1.116      ;
; 0.873 ; DivisorFrequencia:Divisor_inst|contador[23] ; DivisorFrequencia:Divisor_inst|contador[24] ; clk_50       ; clk_50      ; 0.000        ; 0.073      ; 1.117      ;
; 0.873 ; DivisorFrequencia:Divisor_inst|contador[13] ; DivisorFrequencia:Divisor_inst|contador[14] ; clk_50       ; clk_50      ; 0.000        ; 0.073      ; 1.117      ;
; 0.874 ; DivisorFrequencia:Divisor_inst|contador[18] ; DivisorFrequencia:Divisor_inst|contador[19] ; clk_50       ; clk_50      ; 0.000        ; 0.073      ; 1.118      ;
; 0.876 ; DivisorFrequencia:Divisor_inst|contador[19] ; DivisorFrequencia:Divisor_inst|contador[20] ; clk_50       ; clk_50      ; 0.000        ; 0.073      ; 1.120      ;
; 0.876 ; DivisorFrequencia:Divisor_inst|contador[12] ; DivisorFrequencia:Divisor_inst|contador[13] ; clk_50       ; clk_50      ; 0.000        ; 0.073      ; 1.120      ;
; 0.877 ; DivisorFrequencia:Divisor_inst|contador[14] ; DivisorFrequencia:Divisor_inst|contador[15] ; clk_50       ; clk_50      ; 0.000        ; 0.073      ; 1.121      ;
; 0.878 ; DivisorFrequencia:Divisor_inst|contador[16] ; DivisorFrequencia:Divisor_inst|contador[17] ; clk_50       ; clk_50      ; 0.000        ; 0.073      ; 1.122      ;
; 0.879 ; DivisorFrequencia:Divisor_inst|contador[20] ; DivisorFrequencia:Divisor_inst|contador[21] ; clk_50       ; clk_50      ; 0.000        ; 0.073      ; 1.123      ;
; 0.880 ; DivisorFrequencia:Divisor_inst|contador[22] ; DivisorFrequencia:Divisor_inst|contador[23] ; clk_50       ; clk_50      ; 0.000        ; 0.073      ; 1.124      ;
; 0.883 ; DivisorFrequencia:Divisor_inst|contador[9]  ; DivisorFrequencia:Divisor_inst|contador[10] ; clk_50       ; clk_50      ; 0.000        ; 0.073      ; 1.127      ;
; 0.884 ; DivisorFrequencia:Divisor_inst|contador[7]  ; DivisorFrequencia:Divisor_inst|contador[8]  ; clk_50       ; clk_50      ; 0.000        ; 0.073      ; 1.128      ;
; 0.885 ; DivisorFrequencia:Divisor_inst|contador[18] ; DivisorFrequencia:Divisor_inst|contador[20] ; clk_50       ; clk_50      ; 0.000        ; 0.073      ; 1.129      ;
; 0.887 ; DivisorFrequencia:Divisor_inst|contador[2]  ; DivisorFrequencia:Divisor_inst|contador[3]  ; clk_50       ; clk_50      ; 0.000        ; 0.073      ; 1.131      ;
; 0.887 ; DivisorFrequencia:Divisor_inst|contador[12] ; DivisorFrequencia:Divisor_inst|contador[14] ; clk_50       ; clk_50      ; 0.000        ; 0.073      ; 1.131      ;
; 0.888 ; DivisorFrequencia:Divisor_inst|contador[1]  ; DivisorFrequencia:Divisor_inst|contador[2]  ; clk_50       ; clk_50      ; 0.000        ; 0.073      ; 1.132      ;
; 0.888 ; DivisorFrequencia:Divisor_inst|contador[14] ; DivisorFrequencia:Divisor_inst|contador[16] ; clk_50       ; clk_50      ; 0.000        ; 0.073      ; 1.132      ;
; 0.889 ; DivisorFrequencia:Divisor_inst|contador[5]  ; DivisorFrequencia:Divisor_inst|contador[6]  ; clk_50       ; clk_50      ; 0.000        ; 0.073      ; 1.133      ;
; 0.889 ; DivisorFrequencia:Divisor_inst|contador[16] ; DivisorFrequencia:Divisor_inst|contador[18] ; clk_50       ; clk_50      ; 0.000        ; 0.073      ; 1.133      ;
; 0.890 ; DivisorFrequencia:Divisor_inst|contador[20] ; DivisorFrequencia:Divisor_inst|contador[22] ; clk_50       ; clk_50      ; 0.000        ; 0.073      ; 1.134      ;
; 0.890 ; DivisorFrequencia:Divisor_inst|contador[10] ; DivisorFrequencia:Divisor_inst|contador[11] ; clk_50       ; clk_50      ; 0.000        ; 0.073      ; 1.134      ;
; 0.891 ; DivisorFrequencia:Divisor_inst|contador[8]  ; DivisorFrequencia:Divisor_inst|contador[9]  ; clk_50       ; clk_50      ; 0.000        ; 0.073      ; 1.135      ;
; 0.891 ; DivisorFrequencia:Divisor_inst|contador[6]  ; DivisorFrequencia:Divisor_inst|contador[7]  ; clk_50       ; clk_50      ; 0.000        ; 0.073      ; 1.135      ;
; 0.891 ; DivisorFrequencia:Divisor_inst|contador[22] ; DivisorFrequencia:Divisor_inst|contador[24] ; clk_50       ; clk_50      ; 0.000        ; 0.073      ; 1.135      ;
; 0.897 ; DivisorFrequencia:Divisor_inst|contador[0]  ; DivisorFrequencia:Divisor_inst|contador[2]  ; clk_50       ; clk_50      ; 0.000        ; 0.073      ; 1.141      ;
; 0.902 ; DivisorFrequencia:Divisor_inst|contador[10] ; DivisorFrequencia:Divisor_inst|contador[12] ; clk_50       ; clk_50      ; 0.000        ; 0.072      ; 1.145      ;
; 0.902 ; DivisorFrequencia:Divisor_inst|contador[8]  ; DivisorFrequencia:Divisor_inst|contador[10] ; clk_50       ; clk_50      ; 0.000        ; 0.073      ; 1.146      ;
; 0.902 ; DivisorFrequencia:Divisor_inst|contador[6]  ; DivisorFrequencia:Divisor_inst|contador[8]  ; clk_50       ; clk_50      ; 0.000        ; 0.073      ; 1.146      ;
; 0.903 ; DivisorFrequencia:Divisor_inst|contador[4]  ; DivisorFrequencia:Divisor_inst|contador[6]  ; clk_50       ; clk_50      ; 0.000        ; 0.073      ; 1.147      ;
; 0.970 ; DivisorFrequencia:Divisor_inst|contador[15] ; DivisorFrequencia:Divisor_inst|contador[17] ; clk_50       ; clk_50      ; 0.000        ; 0.073      ; 1.214      ;
; 0.971 ; DivisorFrequencia:Divisor_inst|contador[17] ; DivisorFrequencia:Divisor_inst|contador[19] ; clk_50       ; clk_50      ; 0.000        ; 0.073      ; 1.215      ;
; 0.972 ; DivisorFrequencia:Divisor_inst|contador[13] ; DivisorFrequencia:Divisor_inst|contador[15] ; clk_50       ; clk_50      ; 0.000        ; 0.073      ; 1.216      ;
; 0.975 ; DivisorFrequencia:Divisor_inst|contador[19] ; DivisorFrequencia:Divisor_inst|contador[21] ; clk_50       ; clk_50      ; 0.000        ; 0.073      ; 1.219      ;
; 0.981 ; DivisorFrequencia:Divisor_inst|contador[15] ; DivisorFrequencia:Divisor_inst|contador[18] ; clk_50       ; clk_50      ; 0.000        ; 0.073      ; 1.225      ;
; 0.982 ; DivisorFrequencia:Divisor_inst|contador[17] ; DivisorFrequencia:Divisor_inst|contador[20] ; clk_50       ; clk_50      ; 0.000        ; 0.073      ; 1.226      ;
; 0.982 ; DivisorFrequencia:Divisor_inst|contador[9]  ; DivisorFrequencia:Divisor_inst|contador[11] ; clk_50       ; clk_50      ; 0.000        ; 0.073      ; 1.226      ;
; 0.983 ; DivisorFrequencia:Divisor_inst|contador[13] ; DivisorFrequencia:Divisor_inst|contador[16] ; clk_50       ; clk_50      ; 0.000        ; 0.073      ; 1.227      ;
; 0.983 ; DivisorFrequencia:Divisor_inst|contador[7]  ; DivisorFrequencia:Divisor_inst|contador[9]  ; clk_50       ; clk_50      ; 0.000        ; 0.073      ; 1.227      ;
; 0.984 ; DivisorFrequencia:Divisor_inst|contador[18] ; DivisorFrequencia:Divisor_inst|contador[21] ; clk_50       ; clk_50      ; 0.000        ; 0.073      ; 1.228      ;
; 0.986 ; DivisorFrequencia:Divisor_inst|contador[19] ; DivisorFrequencia:Divisor_inst|contador[22] ; clk_50       ; clk_50      ; 0.000        ; 0.073      ; 1.230      ;
; 0.986 ; DivisorFrequencia:Divisor_inst|contador[12] ; DivisorFrequencia:Divisor_inst|contador[15] ; clk_50       ; clk_50      ; 0.000        ; 0.073      ; 1.230      ;
; 0.987 ; DivisorFrequencia:Divisor_inst|contador[1]  ; DivisorFrequencia:Divisor_inst|contador[3]  ; clk_50       ; clk_50      ; 0.000        ; 0.073      ; 1.231      ;
; 0.987 ; DivisorFrequencia:Divisor_inst|contador[14] ; DivisorFrequencia:Divisor_inst|contador[17] ; clk_50       ; clk_50      ; 0.000        ; 0.073      ; 1.231      ;
; 0.988 ; DivisorFrequencia:Divisor_inst|contador[5]  ; DivisorFrequencia:Divisor_inst|contador[7]  ; clk_50       ; clk_50      ; 0.000        ; 0.073      ; 1.232      ;
; 0.988 ; DivisorFrequencia:Divisor_inst|contador[16] ; DivisorFrequencia:Divisor_inst|contador[19] ; clk_50       ; clk_50      ; 0.000        ; 0.073      ; 1.232      ;
; 0.989 ; DivisorFrequencia:Divisor_inst|contador[20] ; DivisorFrequencia:Divisor_inst|contador[23] ; clk_50       ; clk_50      ; 0.000        ; 0.073      ; 1.233      ;
; 0.994 ; DivisorFrequencia:Divisor_inst|contador[9]  ; DivisorFrequencia:Divisor_inst|contador[12] ; clk_50       ; clk_50      ; 0.000        ; 0.072      ; 1.237      ;
; 0.994 ; DivisorFrequencia:Divisor_inst|contador[7]  ; DivisorFrequencia:Divisor_inst|contador[10] ; clk_50       ; clk_50      ; 0.000        ; 0.073      ; 1.238      ;
; 0.995 ; DivisorFrequencia:Divisor_inst|contador[18] ; DivisorFrequencia:Divisor_inst|contador[22] ; clk_50       ; clk_50      ; 0.000        ; 0.073      ; 1.239      ;
; 0.996 ; DivisorFrequencia:Divisor_inst|contador[0]  ; DivisorFrequencia:Divisor_inst|contador[3]  ; clk_50       ; clk_50      ; 0.000        ; 0.073      ; 1.240      ;
; 0.997 ; DivisorFrequencia:Divisor_inst|contador[12] ; DivisorFrequencia:Divisor_inst|contador[16] ; clk_50       ; clk_50      ; 0.000        ; 0.073      ; 1.241      ;
; 0.998 ; DivisorFrequencia:Divisor_inst|contador[3]  ; DivisorFrequencia:Divisor_inst|contador[6]  ; clk_50       ; clk_50      ; 0.000        ; 0.073      ; 1.242      ;
; 0.998 ; DivisorFrequencia:Divisor_inst|contador[14] ; DivisorFrequencia:Divisor_inst|contador[18] ; clk_50       ; clk_50      ; 0.000        ; 0.073      ; 1.242      ;
; 0.999 ; DivisorFrequencia:Divisor_inst|contador[5]  ; DivisorFrequencia:Divisor_inst|contador[8]  ; clk_50       ; clk_50      ; 0.000        ; 0.073      ; 1.243      ;
; 0.999 ; DivisorFrequencia:Divisor_inst|contador[16] ; DivisorFrequencia:Divisor_inst|contador[20] ; clk_50       ; clk_50      ; 0.000        ; 0.073      ; 1.243      ;
; 1.000 ; DivisorFrequencia:Divisor_inst|contador[20] ; DivisorFrequencia:Divisor_inst|contador[24] ; clk_50       ; clk_50      ; 0.000        ; 0.073      ; 1.244      ;
; 1.001 ; DivisorFrequencia:Divisor_inst|contador[10] ; DivisorFrequencia:Divisor_inst|contador[13] ; clk_50       ; clk_50      ; 0.000        ; 0.072      ; 1.244      ;
; 1.001 ; DivisorFrequencia:Divisor_inst|contador[8]  ; DivisorFrequencia:Divisor_inst|contador[11] ; clk_50       ; clk_50      ; 0.000        ; 0.073      ; 1.245      ;
; 1.001 ; DivisorFrequencia:Divisor_inst|contador[6]  ; DivisorFrequencia:Divisor_inst|contador[9]  ; clk_50       ; clk_50      ; 0.000        ; 0.073      ; 1.245      ;
; 1.002 ; DivisorFrequencia:Divisor_inst|contador[4]  ; DivisorFrequencia:Divisor_inst|contador[7]  ; clk_50       ; clk_50      ; 0.000        ; 0.073      ; 1.246      ;
; 1.008 ; DivisorFrequencia:Divisor_inst|contador[2]  ; DivisorFrequencia:Divisor_inst|contador[6]  ; clk_50       ; clk_50      ; 0.000        ; 0.073      ; 1.252      ;
; 1.012 ; DivisorFrequencia:Divisor_inst|contador[10] ; DivisorFrequencia:Divisor_inst|contador[14] ; clk_50       ; clk_50      ; 0.000        ; 0.072      ; 1.255      ;
; 1.012 ; DivisorFrequencia:Divisor_inst|contador[6]  ; DivisorFrequencia:Divisor_inst|contador[10] ; clk_50       ; clk_50      ; 0.000        ; 0.073      ; 1.256      ;
; 1.013 ; DivisorFrequencia:Divisor_inst|contador[8]  ; DivisorFrequencia:Divisor_inst|contador[12] ; clk_50       ; clk_50      ; 0.000        ; 0.072      ; 1.256      ;
; 1.013 ; DivisorFrequencia:Divisor_inst|contador[4]  ; DivisorFrequencia:Divisor_inst|contador[8]  ; clk_50       ; clk_50      ; 0.000        ; 0.073      ; 1.257      ;
; 1.030 ; DivisorFrequencia:Divisor_inst|contador[11] ; DivisorFrequencia:Divisor_inst|contador[12] ; clk_50       ; clk_50      ; 0.000        ; 0.072      ; 1.273      ;
; 1.034 ; DivisorFrequencia:Divisor_inst|contador[21] ; DivisorFrequencia:Divisor_inst|contador[22] ; clk_50       ; clk_50      ; 0.000        ; 0.073      ; 1.278      ;
; 1.064 ; DivisorFrequencia:Divisor_inst|contador[0]  ; DivisorFrequencia:Divisor_inst|contador[0]  ; clk_50       ; clk_50      ; 0.000        ; 0.073      ; 1.308      ;
; 1.080 ; DivisorFrequencia:Divisor_inst|contador[15] ; DivisorFrequencia:Divisor_inst|contador[19] ; clk_50       ; clk_50      ; 0.000        ; 0.073      ; 1.324      ;
; 1.081 ; DivisorFrequencia:Divisor_inst|contador[17] ; DivisorFrequencia:Divisor_inst|contador[21] ; clk_50       ; clk_50      ; 0.000        ; 0.073      ; 1.325      ;
; 1.082 ; DivisorFrequencia:Divisor_inst|contador[13] ; DivisorFrequencia:Divisor_inst|contador[17] ; clk_50       ; clk_50      ; 0.000        ; 0.073      ; 1.326      ;
; 1.085 ; DivisorFrequencia:Divisor_inst|contador[19] ; DivisorFrequencia:Divisor_inst|contador[23] ; clk_50       ; clk_50      ; 0.000        ; 0.073      ; 1.329      ;
; 1.091 ; DivisorFrequencia:Divisor_inst|contador[15] ; DivisorFrequencia:Divisor_inst|contador[20] ; clk_50       ; clk_50      ; 0.000        ; 0.073      ; 1.335      ;
; 1.092 ; DivisorFrequencia:Divisor_inst|contador[17] ; DivisorFrequencia:Divisor_inst|contador[22] ; clk_50       ; clk_50      ; 0.000        ; 0.073      ; 1.336      ;
; 1.093 ; DivisorFrequencia:Divisor_inst|contador[13] ; DivisorFrequencia:Divisor_inst|contador[18] ; clk_50       ; clk_50      ; 0.000        ; 0.073      ; 1.337      ;
; 1.093 ; DivisorFrequencia:Divisor_inst|contador[9]  ; DivisorFrequencia:Divisor_inst|contador[13] ; clk_50       ; clk_50      ; 0.000        ; 0.072      ; 1.336      ;
; 1.093 ; DivisorFrequencia:Divisor_inst|contador[7]  ; DivisorFrequencia:Divisor_inst|contador[11] ; clk_50       ; clk_50      ; 0.000        ; 0.073      ; 1.337      ;
; 1.094 ; DivisorFrequencia:Divisor_inst|contador[18] ; DivisorFrequencia:Divisor_inst|contador[23] ; clk_50       ; clk_50      ; 0.000        ; 0.073      ; 1.338      ;
+-------+---------------------------------------------+---------------------------------------------+--------------+-------------+--------------+------------+------------+


+------------------------------------------------------------------------------------------------------------------------------------------------------------------------------------------------------------------------------+
; Slow 1200mV 0C Model Hold: 'DivisorFrequencia:Divisor_inst|clkSaida'                                                                                                                                                         ;
+-------+------------------------------------+----------------------------------------------------+-----------------------------------------+-----------------------------------------+--------------+------------+------------+
; Slack ; From Node                          ; To Node                                            ; Launch Clock                            ; Latch Clock                             ; Relationship ; Clock Skew ; Data Delay ;
+-------+------------------------------------+----------------------------------------------------+-----------------------------------------+-----------------------------------------+--------------+------------+------------+
; 0.784 ; banco:banco_inst|registradores~71  ; ControleSaida:display_controller|valor_exibido[7]  ; DivisorFrequencia:Divisor_inst|clkSaida ; DivisorFrequencia:Divisor_inst|clkSaida ; 0.000        ; 0.078      ; 1.033      ;
; 0.896 ; PC:PC_inst|PC_reg[17]              ; PC:PC_inst|PC_reg[17]                              ; DivisorFrequencia:Divisor_inst|clkSaida ; DivisorFrequencia:Divisor_inst|clkSaida ; 0.000        ; 0.086      ; 1.153      ;
; 0.908 ; PC:PC_inst|PC_reg[9]               ; PC:PC_inst|PC_reg[9]                               ; DivisorFrequencia:Divisor_inst|clkSaida ; DivisorFrequencia:Divisor_inst|clkSaida ; 0.000        ; 0.086      ; 1.165      ;
; 0.914 ; PC:PC_inst|PC_reg[12]              ; PC:PC_inst|PC_reg[12]                              ; DivisorFrequencia:Divisor_inst|clkSaida ; DivisorFrequencia:Divisor_inst|clkSaida ; 0.000        ; 0.086      ; 1.171      ;
; 0.926 ; PC:PC_inst|PC_reg[15]              ; PC:PC_inst|PC_reg[15]                              ; DivisorFrequencia:Divisor_inst|clkSaida ; DivisorFrequencia:Divisor_inst|clkSaida ; 0.000        ; 0.086      ; 1.183      ;
; 1.025 ; banco:banco_inst|registradores~78  ; ControleSaida:display_controller|valor_exibido[14] ; DivisorFrequencia:Divisor_inst|clkSaida ; DivisorFrequencia:Divisor_inst|clkSaida ; 0.000        ; 0.098      ; 1.294      ;
; 1.042 ; banco:banco_inst|registradores~73  ; ControleSaida:display_controller|valor_exibido[9]  ; DivisorFrequencia:Divisor_inst|clkSaida ; DivisorFrequencia:Divisor_inst|clkSaida ; 0.000        ; 0.083      ; 1.296      ;
; 1.058 ; banco:banco_inst|registradores~74  ; ControleSaida:display_controller|valor_exibido[10] ; DivisorFrequencia:Divisor_inst|clkSaida ; DivisorFrequencia:Divisor_inst|clkSaida ; 0.000        ; 0.083      ; 1.312      ;
; 1.061 ; banco:banco_inst|registradores~79  ; ControleSaida:display_controller|valor_exibido[15] ; DivisorFrequencia:Divisor_inst|clkSaida ; DivisorFrequencia:Divisor_inst|clkSaida ; 0.000        ; 0.074      ; 1.306      ;
; 1.077 ; banco:banco_inst|registradores~81  ; ControleSaida:display_controller|valor_exibido[17] ; DivisorFrequencia:Divisor_inst|clkSaida ; DivisorFrequencia:Divisor_inst|clkSaida ; 0.000        ; 0.476      ; 1.724      ;
; 1.118 ; PC:PC_inst|PC_reg[10]              ; PC:PC_inst|PC_reg[10]                              ; DivisorFrequencia:Divisor_inst|clkSaida ; DivisorFrequencia:Divisor_inst|clkSaida ; 0.000        ; 0.086      ; 1.375      ;
; 1.133 ; PC:PC_inst|PC_reg[11]              ; PC:PC_inst|PC_reg[11]                              ; DivisorFrequencia:Divisor_inst|clkSaida ; DivisorFrequencia:Divisor_inst|clkSaida ; 0.000        ; 0.086      ; 1.390      ;
; 1.164 ; banco:banco_inst|registradores~181 ; ControleSaida:display_controller|valor_exibido[21] ; DivisorFrequencia:Divisor_inst|clkSaida ; DivisorFrequencia:Divisor_inst|clkSaida ; 0.000        ; 0.142      ; 1.477      ;
; 1.195 ; PC:PC_inst|PC_reg[11]              ; PC:PC_inst|PC_reg[12]                              ; DivisorFrequencia:Divisor_inst|clkSaida ; DivisorFrequencia:Divisor_inst|clkSaida ; 0.000        ; 0.086      ; 1.452      ;
; 1.213 ; PC:PC_inst|PC_reg[10]              ; PC:PC_inst|PC_reg[12]                              ; DivisorFrequencia:Divisor_inst|clkSaida ; DivisorFrequencia:Divisor_inst|clkSaida ; 0.000        ; 0.086      ; 1.470      ;
; 1.222 ; PC:PC_inst|PC_reg[16]              ; PC:PC_inst|PC_reg[16]                              ; DivisorFrequencia:Divisor_inst|clkSaida ; DivisorFrequencia:Divisor_inst|clkSaida ; 0.000        ; 0.086      ; 1.479      ;
; 1.268 ; banco:banco_inst|registradores~69  ; ControleSaida:display_controller|valor_exibido[5]  ; DivisorFrequencia:Divisor_inst|clkSaida ; DivisorFrequencia:Divisor_inst|clkSaida ; 0.000        ; 0.075      ; 1.514      ;
; 1.301 ; banco:banco_inst|registradores~66  ; ControleSaida:display_controller|valor_exibido[2]  ; DivisorFrequencia:Divisor_inst|clkSaida ; DivisorFrequencia:Divisor_inst|clkSaida ; 0.000        ; 0.055      ; 1.527      ;
; 1.305 ; PC:PC_inst|PC_reg[9]               ; PC:PC_inst|PC_reg[12]                              ; DivisorFrequencia:Divisor_inst|clkSaida ; DivisorFrequencia:Divisor_inst|clkSaida ; 0.000        ; 0.086      ; 1.562      ;
; 1.315 ; PC:PC_inst|PC_reg[12]              ; PC:PC_inst|PC_reg[15]                              ; DivisorFrequencia:Divisor_inst|clkSaida ; DivisorFrequencia:Divisor_inst|clkSaida ; 0.000        ; 0.086      ; 1.572      ;
; 1.364 ; banco:banco_inst|registradores~195 ; ControleSaida:display_controller|valor_exibido[3]  ; DivisorFrequencia:Divisor_inst|clkSaida ; DivisorFrequencia:Divisor_inst|clkSaida ; 0.000        ; 0.088      ; 1.623      ;
; 1.390 ; PC:PC_inst|PC_reg[16]              ; PC:PC_inst|PC_reg[17]                              ; DivisorFrequencia:Divisor_inst|clkSaida ; DivisorFrequencia:Divisor_inst|clkSaida ; 0.000        ; 0.086      ; 1.647      ;
; 1.395 ; PC:PC_inst|PC_reg[14]              ; PC:PC_inst|PC_reg[15]                              ; DivisorFrequencia:Divisor_inst|clkSaida ; DivisorFrequencia:Divisor_inst|clkSaida ; 0.000        ; 0.085      ; 1.651      ;
; 1.399 ; PC:PC_inst|PC_reg[9]               ; PC:PC_inst|PC_reg[10]                              ; DivisorFrequencia:Divisor_inst|clkSaida ; DivisorFrequencia:Divisor_inst|clkSaida ; 0.000        ; 0.086      ; 1.656      ;
; 1.407 ; PC:PC_inst|PC_reg[11]              ; PC:PC_inst|PC_reg[15]                              ; DivisorFrequencia:Divisor_inst|clkSaida ; DivisorFrequencia:Divisor_inst|clkSaida ; 0.000        ; 0.086      ; 1.664      ;
; 1.414 ; PC:PC_inst|PC_reg[10]              ; PC:PC_inst|PC_reg[11]                              ; DivisorFrequencia:Divisor_inst|clkSaida ; DivisorFrequencia:Divisor_inst|clkSaida ; 0.000        ; 0.086      ; 1.671      ;
; 1.425 ; PC:PC_inst|PC_reg[10]              ; PC:PC_inst|PC_reg[15]                              ; DivisorFrequencia:Divisor_inst|clkSaida ; DivisorFrequencia:Divisor_inst|clkSaida ; 0.000        ; 0.086      ; 1.682      ;
; 1.440 ; PC:PC_inst|PC_reg[13]              ; PC:PC_inst|PC_reg[15]                              ; DivisorFrequencia:Divisor_inst|clkSaida ; DivisorFrequencia:Divisor_inst|clkSaida ; 0.000        ; 0.085      ; 1.696      ;
; 1.470 ; PC:PC_inst|PC_reg[7]               ; PC:PC_inst|PC_reg[9]                               ; DivisorFrequencia:Divisor_inst|clkSaida ; DivisorFrequencia:Divisor_inst|clkSaida ; 0.000        ; 0.039      ; 1.680      ;
; 1.481 ; banco:banco_inst|registradores~236 ; ControleSaida:display_controller|valor_exibido[12] ; DivisorFrequencia:Divisor_inst|clkSaida ; DivisorFrequencia:Divisor_inst|clkSaida ; 0.000        ; 0.125      ; 1.777      ;
; 1.482 ; PC:PC_inst|PC_reg[15]              ; PC:PC_inst|PC_reg[17]                              ; DivisorFrequencia:Divisor_inst|clkSaida ; DivisorFrequencia:Divisor_inst|clkSaida ; 0.000        ; 0.086      ; 1.739      ;
; 1.489 ; PC:PC_inst|PC_reg[2]               ; banco:banco_inst|registradores~122                 ; DivisorFrequencia:Divisor_inst|clkSaida ; DivisorFrequencia:Divisor_inst|clkSaida ; -0.500       ; 0.116      ; 1.296      ;
; 1.499 ; PC:PC_inst|PC_reg[15]              ; PC:PC_inst|PC_reg[16]                              ; DivisorFrequencia:Divisor_inst|clkSaida ; DivisorFrequencia:Divisor_inst|clkSaida ; 0.000        ; 0.086      ; 1.756      ;
; 1.506 ; PC:PC_inst|PC_reg[9]               ; PC:PC_inst|PC_reg[11]                              ; DivisorFrequencia:Divisor_inst|clkSaida ; DivisorFrequencia:Divisor_inst|clkSaida ; 0.000        ; 0.086      ; 1.763      ;
; 1.511 ; banco:banco_inst|registradores~244 ; ControleSaida:display_controller|valor_exibido[20] ; DivisorFrequencia:Divisor_inst|clkSaida ; DivisorFrequencia:Divisor_inst|clkSaida ; 0.000        ; 0.146      ; 1.828      ;
; 1.517 ; PC:PC_inst|PC_reg[9]               ; PC:PC_inst|PC_reg[15]                              ; DivisorFrequencia:Divisor_inst|clkSaida ; DivisorFrequencia:Divisor_inst|clkSaida ; 0.000        ; 0.086      ; 1.774      ;
; 1.518 ; banco:banco_inst|registradores~194 ; ControleSaida:display_controller|valor_exibido[2]  ; DivisorFrequencia:Divisor_inst|clkSaida ; DivisorFrequencia:Divisor_inst|clkSaida ; 0.000        ; 0.088      ; 1.777      ;
; 1.524 ; PC:PC_inst|PC_reg[8]               ; PC:PC_inst|PC_reg[9]                               ; DivisorFrequencia:Divisor_inst|clkSaida ; DivisorFrequencia:Divisor_inst|clkSaida ; 0.000        ; 0.085      ; 1.780      ;
; 1.529 ; banco:banco_inst|registradores~191 ; ControleSaida:display_controller|valor_exibido[31] ; DivisorFrequencia:Divisor_inst|clkSaida ; DivisorFrequencia:Divisor_inst|clkSaida ; 0.000        ; 0.122      ; 1.822      ;
; 1.532 ; PC:PC_inst|PC_reg[6]               ; PC:PC_inst|PC_reg[9]                               ; DivisorFrequencia:Divisor_inst|clkSaida ; DivisorFrequencia:Divisor_inst|clkSaida ; 0.000        ; 0.039      ; 1.742      ;
; 1.571 ; banco:banco_inst|registradores~227 ; ControleSaida:display_controller|valor_exibido[3]  ; DivisorFrequencia:Divisor_inst|clkSaida ; DivisorFrequencia:Divisor_inst|clkSaida ; 0.000        ; 0.453      ; 2.195      ;
; 1.604 ; banco:banco_inst|registradores~102 ; ControleSaida:display_controller|valor_exibido[6]  ; DivisorFrequencia:Divisor_inst|clkSaida ; DivisorFrequencia:Divisor_inst|clkSaida ; 0.000        ; 0.462      ; 2.237      ;
; 1.611 ; PC:PC_inst|PC_reg[12]              ; PC:PC_inst|PC_reg[17]                              ; DivisorFrequencia:Divisor_inst|clkSaida ; DivisorFrequencia:Divisor_inst|clkSaida ; 0.000        ; 0.086      ; 1.868      ;
; 1.625 ; PC:PC_inst|PC_reg[7]               ; PC:PC_inst|PC_reg[12]                              ; DivisorFrequencia:Divisor_inst|clkSaida ; DivisorFrequencia:Divisor_inst|clkSaida ; 0.000        ; 0.039      ; 1.835      ;
; 1.628 ; PC:PC_inst|PC_reg[12]              ; PC:PC_inst|PC_reg[16]                              ; DivisorFrequencia:Divisor_inst|clkSaida ; DivisorFrequencia:Divisor_inst|clkSaida ; 0.000        ; 0.086      ; 1.885      ;
; 1.639 ; PC:PC_inst|PC_reg[5]               ; ControleSaida:display_controller|valor_exibido[17] ; DivisorFrequencia:Divisor_inst|clkSaida ; DivisorFrequencia:Divisor_inst|clkSaida ; -0.500       ; 0.498      ; 1.828      ;
; 1.666 ; banco:banco_inst|registradores~106 ; ControleSaida:display_controller|valor_exibido[10] ; DivisorFrequencia:Divisor_inst|clkSaida ; DivisorFrequencia:Divisor_inst|clkSaida ; 0.000        ; 0.092      ; 1.929      ;
; 1.667 ; PC:PC_inst|PC_reg[4]               ; ControleSaida:display_controller|valor_exibido[17] ; DivisorFrequencia:Divisor_inst|clkSaida ; DivisorFrequencia:Divisor_inst|clkSaida ; -0.500       ; 0.498      ; 1.856      ;
; 1.674 ; PC:PC_inst|PC_reg[6]               ; PC:PC_inst|PC_reg[12]                              ; DivisorFrequencia:Divisor_inst|clkSaida ; DivisorFrequencia:Divisor_inst|clkSaida ; 0.000        ; 0.039      ; 1.884      ;
; 1.684 ; PC:PC_inst|PC_reg[8]               ; PC:PC_inst|PC_reg[12]                              ; DivisorFrequencia:Divisor_inst|clkSaida ; DivisorFrequencia:Divisor_inst|clkSaida ; 0.000        ; 0.085      ; 1.940      ;
; 1.688 ; banco:banco_inst|registradores~162 ; ControleSaida:display_controller|valor_exibido[2]  ; DivisorFrequencia:Divisor_inst|clkSaida ; DivisorFrequencia:Divisor_inst|clkSaida ; 0.000        ; 0.052      ; 1.911      ;
; 1.689 ; PC:PC_inst|PC_reg[14]              ; PC:PC_inst|PC_reg[17]                              ; DivisorFrequencia:Divisor_inst|clkSaida ; DivisorFrequencia:Divisor_inst|clkSaida ; 0.000        ; 0.085      ; 1.945      ;
; 1.690 ; banco:banco_inst|registradores~204 ; ControleSaida:display_controller|valor_exibido[12] ; DivisorFrequencia:Divisor_inst|clkSaida ; DivisorFrequencia:Divisor_inst|clkSaida ; 0.000        ; 0.093      ; 1.954      ;
; 1.703 ; PC:PC_inst|PC_reg[11]              ; PC:PC_inst|PC_reg[17]                              ; DivisorFrequencia:Divisor_inst|clkSaida ; DivisorFrequencia:Divisor_inst|clkSaida ; 0.000        ; 0.086      ; 1.960      ;
; 1.708 ; PC:PC_inst|PC_reg[2]               ; banco:banco_inst|registradores~124                 ; DivisorFrequencia:Divisor_inst|clkSaida ; DivisorFrequencia:Divisor_inst|clkSaida ; -0.500       ; 0.116      ; 1.515      ;
; 1.713 ; PC:PC_inst|PC_reg[14]              ; PC:PC_inst|PC_reg[16]                              ; DivisorFrequencia:Divisor_inst|clkSaida ; DivisorFrequencia:Divisor_inst|clkSaida ; 0.000        ; 0.085      ; 1.969      ;
; 1.716 ; PC:PC_inst|PC_reg[2]               ; banco:banco_inst|registradores~118                 ; DivisorFrequencia:Divisor_inst|clkSaida ; DivisorFrequencia:Divisor_inst|clkSaida ; -0.500       ; 0.514      ; 1.921      ;
; 1.719 ; PC:PC_inst|PC_reg[7]               ; PC:PC_inst|PC_reg[10]                              ; DivisorFrequencia:Divisor_inst|clkSaida ; DivisorFrequencia:Divisor_inst|clkSaida ; 0.000        ; 0.039      ; 1.929      ;
; 1.720 ; banco:banco_inst|registradores~180 ; ControleSaida:display_controller|valor_exibido[20] ; DivisorFrequencia:Divisor_inst|clkSaida ; DivisorFrequencia:Divisor_inst|clkSaida ; 0.000        ; 0.142      ; 2.033      ;
; 1.720 ; PC:PC_inst|PC_reg[11]              ; PC:PC_inst|PC_reg[16]                              ; DivisorFrequencia:Divisor_inst|clkSaida ; DivisorFrequencia:Divisor_inst|clkSaida ; 0.000        ; 0.086      ; 1.977      ;
; 1.721 ; PC:PC_inst|PC_reg[10]              ; PC:PC_inst|PC_reg[17]                              ; DivisorFrequencia:Divisor_inst|clkSaida ; DivisorFrequencia:Divisor_inst|clkSaida ; 0.000        ; 0.086      ; 1.978      ;
; 1.732 ; banco:banco_inst|registradores~201 ; ControleSaida:display_controller|valor_exibido[9]  ; DivisorFrequencia:Divisor_inst|clkSaida ; DivisorFrequencia:Divisor_inst|clkSaida ; 0.000        ; 0.093      ; 1.996      ;
; 1.734 ; PC:PC_inst|PC_reg[13]              ; PC:PC_inst|PC_reg[17]                              ; DivisorFrequencia:Divisor_inst|clkSaida ; DivisorFrequencia:Divisor_inst|clkSaida ; 0.000        ; 0.085      ; 1.990      ;
; 1.737 ; PC:PC_inst|PC_reg[2]               ; banco:banco_inst|registradores~186                 ; DivisorFrequencia:Divisor_inst|clkSaida ; DivisorFrequencia:Divisor_inst|clkSaida ; -0.500       ; 0.517      ; 1.945      ;
; 1.738 ; PC:PC_inst|PC_reg[10]              ; PC:PC_inst|PC_reg[16]                              ; DivisorFrequencia:Divisor_inst|clkSaida ; DivisorFrequencia:Divisor_inst|clkSaida ; 0.000        ; 0.086      ; 1.995      ;
; 1.762 ; banco:banco_inst|registradores~111 ; ControleSaida:display_controller|valor_exibido[15] ; DivisorFrequencia:Divisor_inst|clkSaida ; DivisorFrequencia:Divisor_inst|clkSaida ; 0.000        ; 0.089      ; 2.022      ;
; 1.763 ; banco:banco_inst|registradores~239 ; ControleSaida:display_controller|valor_exibido[15] ; DivisorFrequencia:Divisor_inst|clkSaida ; DivisorFrequencia:Divisor_inst|clkSaida ; 0.000        ; 0.451      ; 2.385      ;
; 1.768 ; PC:PC_inst|PC_reg[6]               ; PC:PC_inst|PC_reg[10]                              ; DivisorFrequencia:Divisor_inst|clkSaida ; DivisorFrequencia:Divisor_inst|clkSaida ; 0.000        ; 0.039      ; 1.978      ;
; 1.769 ; banco:banco_inst|registradores~68  ; ControleSaida:display_controller|valor_exibido[4]  ; DivisorFrequencia:Divisor_inst|clkSaida ; DivisorFrequencia:Divisor_inst|clkSaida ; 0.000        ; 0.074      ; 2.014      ;
; 1.772 ; banco:banco_inst|registradores~124 ; ControleSaida:display_controller|valor_exibido[28] ; DivisorFrequencia:Divisor_inst|clkSaida ; DivisorFrequencia:Divisor_inst|clkSaida ; 0.000        ; 0.460      ; 2.403      ;
; 1.772 ; PC:PC_inst|PC_reg[13]              ; PC:PC_inst|PC_reg[16]                              ; DivisorFrequencia:Divisor_inst|clkSaida ; DivisorFrequencia:Divisor_inst|clkSaida ; 0.000        ; 0.085      ; 2.028      ;
; 1.778 ; PC:PC_inst|PC_reg[8]               ; PC:PC_inst|PC_reg[10]                              ; DivisorFrequencia:Divisor_inst|clkSaida ; DivisorFrequencia:Divisor_inst|clkSaida ; 0.000        ; 0.085      ; 2.034      ;
; 1.780 ; PC:PC_inst|PC_reg[2]               ; banco:banco_inst|registradores~116                 ; DivisorFrequencia:Divisor_inst|clkSaida ; DivisorFrequencia:Divisor_inst|clkSaida ; -0.500       ; 0.481      ; 1.952      ;
; 1.786 ; banco:banco_inst|registradores~98  ; ControleSaida:display_controller|valor_exibido[2]  ; DivisorFrequencia:Divisor_inst|clkSaida ; DivisorFrequencia:Divisor_inst|clkSaida ; 0.000        ; 0.437      ; 2.394      ;
; 1.794 ; PC:PC_inst|PC_reg[5]               ; ControleSaida:display_controller|valor_exibido[2]  ; DivisorFrequencia:Divisor_inst|clkSaida ; DivisorFrequencia:Divisor_inst|clkSaida ; -0.500       ; 0.475      ; 1.960      ;
; 1.795 ; banco:banco_inst|registradores~163 ; ControleSaida:display_controller|valor_exibido[3]  ; DivisorFrequencia:Divisor_inst|clkSaida ; DivisorFrequencia:Divisor_inst|clkSaida ; 0.000        ; 0.062      ; 2.028      ;
; 1.801 ; banco:banco_inst|registradores~185 ; ControleSaida:display_controller|valor_exibido[25] ; DivisorFrequencia:Divisor_inst|clkSaida ; DivisorFrequencia:Divisor_inst|clkSaida ; 0.000        ; 0.109      ; 2.081      ;
; 1.805 ; PC:PC_inst|PC_reg[7]               ; PC:PC_inst|PC_reg[11]                              ; DivisorFrequencia:Divisor_inst|clkSaida ; DivisorFrequencia:Divisor_inst|clkSaida ; 0.000        ; 0.039      ; 2.015      ;
; 1.813 ; PC:PC_inst|PC_reg[9]               ; PC:PC_inst|PC_reg[17]                              ; DivisorFrequencia:Divisor_inst|clkSaida ; DivisorFrequencia:Divisor_inst|clkSaida ; 0.000        ; 0.086      ; 2.070      ;
; 1.814 ; PC:PC_inst|PC_reg[5]               ; ControleSaida:display_controller|valor_exibido[5]  ; DivisorFrequencia:Divisor_inst|clkSaida ; DivisorFrequencia:Divisor_inst|clkSaida ; -0.500       ; 0.475      ; 1.980      ;
; 1.815 ; PC:PC_inst|PC_reg[5]               ; ControleSaida:display_controller|valor_exibido[4]  ; DivisorFrequencia:Divisor_inst|clkSaida ; DivisorFrequencia:Divisor_inst|clkSaida ; -0.500       ; 0.475      ; 1.981      ;
; 1.819 ; PC:PC_inst|PC_reg[7]               ; PC:PC_inst|PC_reg[15]                              ; DivisorFrequencia:Divisor_inst|clkSaida ; DivisorFrequencia:Divisor_inst|clkSaida ; 0.000        ; 0.039      ; 2.029      ;
; 1.822 ; PC:PC_inst|PC_reg[4]               ; ControleSaida:display_controller|valor_exibido[2]  ; DivisorFrequencia:Divisor_inst|clkSaida ; DivisorFrequencia:Divisor_inst|clkSaida ; -0.500       ; 0.475      ; 1.988      ;
; 1.824 ; banco:banco_inst|registradores~100 ; ControleSaida:display_controller|valor_exibido[4]  ; DivisorFrequencia:Divisor_inst|clkSaida ; DivisorFrequencia:Divisor_inst|clkSaida ; 0.000        ; 0.450      ; 2.445      ;
; 1.830 ; PC:PC_inst|PC_reg[9]               ; PC:PC_inst|PC_reg[16]                              ; DivisorFrequencia:Divisor_inst|clkSaida ; DivisorFrequencia:Divisor_inst|clkSaida ; 0.000        ; 0.086      ; 2.087      ;
; 1.832 ; banco:banco_inst|registradores~170 ; ControleSaida:display_controller|valor_exibido[10] ; DivisorFrequencia:Divisor_inst|clkSaida ; DivisorFrequencia:Divisor_inst|clkSaida ; 0.000        ; 0.092      ; 2.095      ;
; 1.838 ; banco:banco_inst|registradores~52  ; ControleSaida:display_controller|valor_exibido[20] ; DivisorFrequencia:Divisor_inst|clkSaida ; DivisorFrequencia:Divisor_inst|clkSaida ; 0.000        ; 0.118      ; 2.127      ;
; 1.838 ; PC:PC_inst|PC_reg[0]               ; banco:banco_inst|registradores~122                 ; DivisorFrequencia:Divisor_inst|clkSaida ; DivisorFrequencia:Divisor_inst|clkSaida ; -0.500       ; 0.116      ; 1.645      ;
; 1.842 ; PC:PC_inst|PC_reg[4]               ; ControleSaida:display_controller|valor_exibido[5]  ; DivisorFrequencia:Divisor_inst|clkSaida ; DivisorFrequencia:Divisor_inst|clkSaida ; -0.500       ; 0.475      ; 2.008      ;
; 1.843 ; PC:PC_inst|PC_reg[2]               ; banco:banco_inst|registradores~60                  ; DivisorFrequencia:Divisor_inst|clkSaida ; DivisorFrequencia:Divisor_inst|clkSaida ; -0.500       ; 0.481      ; 2.015      ;
; 1.843 ; PC:PC_inst|PC_reg[4]               ; ControleSaida:display_controller|valor_exibido[4]  ; DivisorFrequencia:Divisor_inst|clkSaida ; DivisorFrequencia:Divisor_inst|clkSaida ; -0.500       ; 0.475      ; 2.009      ;
; 1.844 ; banco:banco_inst|registradores~84  ; ControleSaida:display_controller|valor_exibido[20] ; DivisorFrequencia:Divisor_inst|clkSaida ; DivisorFrequencia:Divisor_inst|clkSaida ; 0.000        ; 0.111      ; 2.126      ;
; 1.848 ; PC:PC_inst|PC_reg[3]               ; PC:PC_inst|PC_reg[9]                               ; DivisorFrequencia:Divisor_inst|clkSaida ; DivisorFrequencia:Divisor_inst|clkSaida ; 0.000        ; 0.402      ; 2.421      ;
; 1.851 ; PC:PC_inst|PC_reg[5]               ; ControleSaida:display_controller|valor_exibido[3]  ; DivisorFrequencia:Divisor_inst|clkSaida ; DivisorFrequencia:Divisor_inst|clkSaida ; -0.500       ; 0.475      ; 2.017      ;
; 1.853 ; PC:PC_inst|PC_reg[5]               ; PC:PC_inst|PC_reg[6]                               ; DivisorFrequencia:Divisor_inst|clkSaida ; DivisorFrequencia:Divisor_inst|clkSaida ; 0.000        ; 0.446      ; 2.470      ;
; 1.859 ; PC:PC_inst|PC_reg[8]               ; PC:PC_inst|PC_reg[11]                              ; DivisorFrequencia:Divisor_inst|clkSaida ; DivisorFrequencia:Divisor_inst|clkSaida ; 0.000        ; 0.085      ; 2.115      ;
; 1.862 ; banco:banco_inst|registradores~199 ; ControleSaida:display_controller|valor_exibido[7]  ; DivisorFrequencia:Divisor_inst|clkSaida ; DivisorFrequencia:Divisor_inst|clkSaida ; 0.000        ; 0.111      ; 2.144      ;
; 1.865 ; PC:PC_inst|PC_reg[5]               ; ControleSaida:display_controller|valor_exibido[6]  ; DivisorFrequencia:Divisor_inst|clkSaida ; DivisorFrequencia:Divisor_inst|clkSaida ; -0.500       ; 0.475      ; 2.031      ;
; 1.866 ; PC:PC_inst|PC_reg[5]               ; ControleSaida:display_controller|valor_exibido[15] ; DivisorFrequencia:Divisor_inst|clkSaida ; DivisorFrequencia:Divisor_inst|clkSaida ; -0.500       ; 0.475      ; 2.032      ;
; 1.867 ; PC:PC_inst|PC_reg[6]               ; PC:PC_inst|PC_reg[11]                              ; DivisorFrequencia:Divisor_inst|clkSaida ; DivisorFrequencia:Divisor_inst|clkSaida ; 0.000        ; 0.039      ; 2.077      ;
+-------+------------------------------------+----------------------------------------------------+-----------------------------------------+-----------------------------------------+--------------+------------+------------+


+------------------------------------------------------------------------------------------------------------------------------------------------------------------------+
; Slow 1200mV 0C Model Recovery: 'btn_in'                                                                                                                                ;
+--------+----------------------+---------------------------------------+-----------------------------------------+-------------+--------------+------------+------------+
; Slack  ; From Node            ; To Node                               ; Launch Clock                            ; Latch Clock ; Relationship ; Clock Skew ; Data Delay ;
+--------+----------------------+---------------------------------------+-----------------------------------------+-------------+--------------+------------+------------+
; -1.382 ; PC:PC_inst|PC_reg[5] ; ControleSinal:io_signal_control|saida ; DivisorFrequencia:Divisor_inst|clkSaida ; btn_in      ; 1.000        ; 0.831      ; 3.202      ;
; -1.366 ; PC:PC_inst|PC_reg[4] ; ControleSinal:io_signal_control|saida ; DivisorFrequencia:Divisor_inst|clkSaida ; btn_in      ; 1.000        ; 0.831      ; 3.186      ;
; -1.325 ; PC:PC_inst|PC_reg[1] ; ControleSinal:io_signal_control|saida ; DivisorFrequencia:Divisor_inst|clkSaida ; btn_in      ; 1.000        ; 0.832      ; 3.146      ;
; -1.275 ; PC:PC_inst|PC_reg[2] ; ControleSinal:io_signal_control|saida ; DivisorFrequencia:Divisor_inst|clkSaida ; btn_in      ; 1.000        ; 0.832      ; 3.096      ;
; -1.208 ; PC:PC_inst|PC_reg[3] ; ControleSinal:io_signal_control|saida ; DivisorFrequencia:Divisor_inst|clkSaida ; btn_in      ; 1.000        ; 0.835      ; 3.032      ;
; -1.038 ; PC:PC_inst|PC_reg[0] ; ControleSinal:io_signal_control|saida ; DivisorFrequencia:Divisor_inst|clkSaida ; btn_in      ; 1.000        ; 0.832      ; 2.859      ;
+--------+----------------------+---------------------------------------+-----------------------------------------+-------------+--------------+------------+------------+


+-----------------------------------------------------------------------------------------------------------------------------------------------------------------------+
; Slow 1200mV 0C Model Removal: 'btn_in'                                                                                                                                ;
+-------+----------------------+---------------------------------------+-----------------------------------------+-------------+--------------+------------+------------+
; Slack ; From Node            ; To Node                               ; Launch Clock                            ; Latch Clock ; Relationship ; Clock Skew ; Data Delay ;
+-------+----------------------+---------------------------------------+-----------------------------------------+-------------+--------------+------------+------------+
; 1.409 ; PC:PC_inst|PC_reg[0] ; ControleSinal:io_signal_control|saida ; DivisorFrequencia:Divisor_inst|clkSaida ; btn_in      ; 0.000        ; 1.124      ; 2.734      ;
; 1.483 ; PC:PC_inst|PC_reg[3] ; ControleSinal:io_signal_control|saida ; DivisorFrequencia:Divisor_inst|clkSaida ; btn_in      ; 0.000        ; 1.127      ; 2.811      ;
; 1.577 ; PC:PC_inst|PC_reg[2] ; ControleSinal:io_signal_control|saida ; DivisorFrequencia:Divisor_inst|clkSaida ; btn_in      ; 0.000        ; 1.124      ; 2.902      ;
; 1.617 ; PC:PC_inst|PC_reg[1] ; ControleSinal:io_signal_control|saida ; DivisorFrequencia:Divisor_inst|clkSaida ; btn_in      ; 0.000        ; 1.124      ; 2.942      ;
; 1.675 ; PC:PC_inst|PC_reg[5] ; ControleSinal:io_signal_control|saida ; DivisorFrequencia:Divisor_inst|clkSaida ; btn_in      ; 0.000        ; 1.123      ; 2.999      ;
; 1.682 ; PC:PC_inst|PC_reg[4] ; ControleSinal:io_signal_control|saida ; DivisorFrequencia:Divisor_inst|clkSaida ; btn_in      ; 0.000        ; 1.123      ; 3.006      ;
+-------+----------------------+---------------------------------------+-----------------------------------------+-------------+--------------+------------+------------+


----------------------------------------------
; Slow 1200mV 0C Model Metastability Summary ;
----------------------------------------------
No synchronizer chains to report.


+-------------------------------------------------------------------+
; Fast 1200mV 0C Model Setup Summary                                ;
+-----------------------------------------+---------+---------------+
; Clock                                   ; Slack   ; End Point TNS ;
+-----------------------------------------+---------+---------------+
; DivisorFrequencia:Divisor_inst|clkSaida ; -67.955 ; -15310.021    ;
; clk_50                                  ; -1.227  ; -9.247        ;
+-----------------------------------------+---------+---------------+


+-----------------------------------------------------------------+
; Fast 1200mV 0C Model Hold Summary                               ;
+-----------------------------------------+-------+---------------+
; Clock                                   ; Slack ; End Point TNS ;
+-----------------------------------------+-------+---------------+
; clk_50                                  ; 0.199 ; 0.000         ;
; DivisorFrequencia:Divisor_inst|clkSaida ; 0.401 ; 0.000         ;
+-----------------------------------------+-------+---------------+


+---------------------------------------+
; Fast 1200mV 0C Model Recovery Summary ;
+--------+--------+---------------------+
; Clock  ; Slack  ; End Point TNS       ;
+--------+--------+---------------------+
; btn_in ; -0.071 ; -0.071              ;
+--------+--------+---------------------+


+--------------------------------------+
; Fast 1200mV 0C Model Removal Summary ;
+--------+-------+---------------------+
; Clock  ; Slack ; End Point TNS       ;
+--------+-------+---------------------+
; btn_in ; 0.378 ; 0.000               ;
+--------+-------+---------------------+


+------------------------------------------------------------------+
; Fast 1200mV 0C Model Minimum Pulse Width Summary                 ;
+-----------------------------------------+--------+---------------+
; Clock                                   ; Slack  ; End Point TNS ;
+-----------------------------------------+--------+---------------+
; clk_50                                  ; -3.000 ; -30.456       ;
; btn_in                                  ; -3.000 ; -4.459        ;
; DivisorFrequencia:Divisor_inst|clkSaida ; -1.000 ; -274.000      ;
+-----------------------------------------+--------+---------------+


+--------------------------------------------------------------------------------------------------------------------------------------------------------------------------------------------------+
; Fast 1200mV 0C Model Setup: 'DivisorFrequencia:Divisor_inst|clkSaida'                                                                                                                            ;
+---------+----------------------+------------------------------------+-----------------------------------------+-----------------------------------------+--------------+------------+------------+
; Slack   ; From Node            ; To Node                            ; Launch Clock                            ; Latch Clock                             ; Relationship ; Clock Skew ; Data Delay ;
+---------+----------------------+------------------------------------+-----------------------------------------+-----------------------------------------+--------------+------------+------------+
; -67.955 ; PC:PC_inst|PC_reg[3] ; banco:banco_inst|registradores~246 ; DivisorFrequencia:Divisor_inst|clkSaida ; DivisorFrequencia:Divisor_inst|clkSaida ; 0.500        ; 0.070      ; 68.512     ;
; -67.898 ; PC:PC_inst|PC_reg[3] ; banco:banco_inst|registradores~93  ; DivisorFrequencia:Divisor_inst|clkSaida ; DivisorFrequencia:Divisor_inst|clkSaida ; 0.500        ; 0.080      ; 68.465     ;
; -67.888 ; PC:PC_inst|PC_reg[3] ; banco:banco_inst|registradores~80  ; DivisorFrequencia:Divisor_inst|clkSaida ; DivisorFrequencia:Divisor_inst|clkSaida ; 0.500        ; 0.067      ; 68.442     ;
; -67.882 ; PC:PC_inst|PC_reg[3] ; banco:banco_inst|registradores~221 ; DivisorFrequencia:Divisor_inst|clkSaida ; DivisorFrequencia:Divisor_inst|clkSaida ; 0.500        ; 0.094      ; 68.463     ;
; -67.869 ; PC:PC_inst|PC_reg[3] ; banco:banco_inst|registradores~223 ; DivisorFrequencia:Divisor_inst|clkSaida ; DivisorFrequencia:Divisor_inst|clkSaida ; 0.500        ; 0.080      ; 68.436     ;
; -67.862 ; PC:PC_inst|PC_reg[3] ; banco:banco_inst|registradores~191 ; DivisorFrequencia:Divisor_inst|clkSaida ; DivisorFrequencia:Divisor_inst|clkSaida ; 0.500        ; 0.072      ; 68.421     ;
; -67.845 ; PC:PC_inst|PC_reg[3] ; banco:banco_inst|registradores~212 ; DivisorFrequencia:Divisor_inst|clkSaida ; DivisorFrequencia:Divisor_inst|clkSaida ; 0.500        ; 0.080      ; 68.412     ;
; -67.825 ; PC:PC_inst|PC_reg[4] ; banco:banco_inst|registradores~246 ; DivisorFrequencia:Divisor_inst|clkSaida ; DivisorFrequencia:Divisor_inst|clkSaida ; 0.500        ; 0.064      ; 68.376     ;
; -67.823 ; PC:PC_inst|PC_reg[3] ; banco:banco_inst|registradores~253 ; DivisorFrequencia:Divisor_inst|clkSaida ; DivisorFrequencia:Divisor_inst|clkSaida ; 0.500        ; 0.058      ; 68.368     ;
; -67.822 ; PC:PC_inst|PC_reg[3] ; banco:banco_inst|registradores~148 ; DivisorFrequencia:Divisor_inst|clkSaida ; DivisorFrequencia:Divisor_inst|clkSaida ; 0.500        ; 0.066      ; 68.375     ;
; -67.821 ; PC:PC_inst|PC_reg[1] ; banco:banco_inst|registradores~246 ; DivisorFrequencia:Divisor_inst|clkSaida ; DivisorFrequencia:Divisor_inst|clkSaida ; 0.500        ; 0.065      ; 68.373     ;
; -67.814 ; PC:PC_inst|PC_reg[3] ; banco:banco_inst|registradores~254 ; DivisorFrequencia:Divisor_inst|clkSaida ; DivisorFrequencia:Divisor_inst|clkSaida ; 0.500        ; 0.081      ; 68.382     ;
; -67.811 ; PC:PC_inst|PC_reg[3] ; banco:banco_inst|registradores~150 ; DivisorFrequencia:Divisor_inst|clkSaida ; DivisorFrequencia:Divisor_inst|clkSaida ; 0.500        ; 0.073      ; 68.371     ;
; -67.811 ; PC:PC_inst|PC_reg[3] ; banco:banco_inst|registradores~61  ; DivisorFrequencia:Divisor_inst|clkSaida ; DivisorFrequencia:Divisor_inst|clkSaida ; 0.500        ; 0.081      ; 68.379     ;
; -67.795 ; PC:PC_inst|PC_reg[3] ; banco:banco_inst|registradores~222 ; DivisorFrequencia:Divisor_inst|clkSaida ; DivisorFrequencia:Divisor_inst|clkSaida ; 0.500        ; 0.095      ; 68.377     ;
; -67.793 ; PC:PC_inst|PC_reg[3] ; banco:banco_inst|registradores~113 ; DivisorFrequencia:Divisor_inst|clkSaida ; DivisorFrequencia:Divisor_inst|clkSaida ; 0.500        ; 0.055      ; 68.335     ;
; -67.791 ; PC:PC_inst|PC_reg[3] ; banco:banco_inst|registradores~159 ; DivisorFrequencia:Divisor_inst|clkSaida ; DivisorFrequencia:Divisor_inst|clkSaida ; 0.500        ; 0.061      ; 68.339     ;
; -67.780 ; PC:PC_inst|PC_reg[3] ; banco:banco_inst|registradores~62  ; DivisorFrequencia:Divisor_inst|clkSaida ; DivisorFrequencia:Divisor_inst|clkSaida ; 0.500        ; 0.088      ; 68.355     ;
; -67.779 ; PC:PC_inst|PC_reg[3] ; banco:banco_inst|registradores~49  ; DivisorFrequencia:Divisor_inst|clkSaida ; DivisorFrequencia:Divisor_inst|clkSaida ; 0.500        ; 0.070      ; 68.336     ;
; -67.768 ; PC:PC_inst|PC_reg[4] ; banco:banco_inst|registradores~93  ; DivisorFrequencia:Divisor_inst|clkSaida ; DivisorFrequencia:Divisor_inst|clkSaida ; 0.500        ; 0.074      ; 68.329     ;
; -67.764 ; PC:PC_inst|PC_reg[1] ; banco:banco_inst|registradores~93  ; DivisorFrequencia:Divisor_inst|clkSaida ; DivisorFrequencia:Divisor_inst|clkSaida ; 0.500        ; 0.075      ; 68.326     ;
; -67.761 ; PC:PC_inst|PC_reg[3] ; banco:banco_inst|registradores~145 ; DivisorFrequencia:Divisor_inst|clkSaida ; DivisorFrequencia:Divisor_inst|clkSaida ; 0.500        ; 0.058      ; 68.306     ;
; -67.758 ; PC:PC_inst|PC_reg[4] ; banco:banco_inst|registradores~80  ; DivisorFrequencia:Divisor_inst|clkSaida ; DivisorFrequencia:Divisor_inst|clkSaida ; 0.500        ; 0.061      ; 68.306     ;
; -67.754 ; PC:PC_inst|PC_reg[1] ; banco:banco_inst|registradores~80  ; DivisorFrequencia:Divisor_inst|clkSaida ; DivisorFrequencia:Divisor_inst|clkSaida ; 0.500        ; 0.062      ; 68.303     ;
; -67.752 ; PC:PC_inst|PC_reg[4] ; banco:banco_inst|registradores~221 ; DivisorFrequencia:Divisor_inst|clkSaida ; DivisorFrequencia:Divisor_inst|clkSaida ; 0.500        ; 0.088      ; 68.327     ;
; -67.750 ; PC:PC_inst|PC_reg[3] ; banco:banco_inst|registradores~250 ; DivisorFrequencia:Divisor_inst|clkSaida ; DivisorFrequencia:Divisor_inst|clkSaida ; 0.500        ; 0.062      ; 68.299     ;
; -67.748 ; PC:PC_inst|PC_reg[3] ; banco:banco_inst|registradores~177 ; DivisorFrequencia:Divisor_inst|clkSaida ; DivisorFrequencia:Divisor_inst|clkSaida ; 0.500        ; 0.072      ; 68.307     ;
; -67.748 ; PC:PC_inst|PC_reg[1] ; banco:banco_inst|registradores~221 ; DivisorFrequencia:Divisor_inst|clkSaida ; DivisorFrequencia:Divisor_inst|clkSaida ; 0.500        ; 0.089      ; 68.324     ;
; -67.745 ; PC:PC_inst|PC_reg[3] ; banco:banco_inst|registradores~181 ; DivisorFrequencia:Divisor_inst|clkSaida ; DivisorFrequencia:Divisor_inst|clkSaida ; 0.500        ; 0.067      ; 68.299     ;
; -67.742 ; PC:PC_inst|PC_reg[3] ; banco:banco_inst|registradores~208 ; DivisorFrequencia:Divisor_inst|clkSaida ; DivisorFrequencia:Divisor_inst|clkSaida ; 0.500        ; 0.045      ; 68.274     ;
; -67.740 ; PC:PC_inst|PC_reg[3] ; banco:banco_inst|registradores~54  ; DivisorFrequencia:Divisor_inst|clkSaida ; DivisorFrequencia:Divisor_inst|clkSaida ; 0.500        ; 0.076      ; 68.303     ;
; -67.739 ; PC:PC_inst|PC_reg[4] ; banco:banco_inst|registradores~223 ; DivisorFrequencia:Divisor_inst|clkSaida ; DivisorFrequencia:Divisor_inst|clkSaida ; 0.500        ; 0.074      ; 68.300     ;
; -67.738 ; PC:PC_inst|PC_reg[3] ; banco:banco_inst|registradores~154 ; DivisorFrequencia:Divisor_inst|clkSaida ; DivisorFrequencia:Divisor_inst|clkSaida ; 0.500        ; 0.076      ; 68.301     ;
; -67.738 ; PC:PC_inst|PC_reg[3] ; banco:banco_inst|registradores~151 ; DivisorFrequencia:Divisor_inst|clkSaida ; DivisorFrequencia:Divisor_inst|clkSaida ; 0.500        ; 0.076      ; 68.301     ;
; -67.735 ; PC:PC_inst|PC_reg[1] ; banco:banco_inst|registradores~223 ; DivisorFrequencia:Divisor_inst|clkSaida ; DivisorFrequencia:Divisor_inst|clkSaida ; 0.500        ; 0.075      ; 68.297     ;
; -67.732 ; PC:PC_inst|PC_reg[4] ; banco:banco_inst|registradores~191 ; DivisorFrequencia:Divisor_inst|clkSaida ; DivisorFrequencia:Divisor_inst|clkSaida ; 0.500        ; 0.066      ; 68.285     ;
; -67.728 ; PC:PC_inst|PC_reg[1] ; banco:banco_inst|registradores~191 ; DivisorFrequencia:Divisor_inst|clkSaida ; DivisorFrequencia:Divisor_inst|clkSaida ; 0.500        ; 0.067      ; 68.282     ;
; -67.727 ; PC:PC_inst|PC_reg[2] ; banco:banco_inst|registradores~246 ; DivisorFrequencia:Divisor_inst|clkSaida ; DivisorFrequencia:Divisor_inst|clkSaida ; 0.500        ; 0.065      ; 68.279     ;
; -67.724 ; PC:PC_inst|PC_reg[3] ; banco:banco_inst|registradores~112 ; DivisorFrequencia:Divisor_inst|clkSaida ; DivisorFrequencia:Divisor_inst|clkSaida ; 0.500        ; 0.061      ; 68.272     ;
; -67.715 ; PC:PC_inst|PC_reg[4] ; banco:banco_inst|registradores~212 ; DivisorFrequencia:Divisor_inst|clkSaida ; DivisorFrequencia:Divisor_inst|clkSaida ; 0.500        ; 0.074      ; 68.276     ;
; -67.711 ; PC:PC_inst|PC_reg[1] ; banco:banco_inst|registradores~212 ; DivisorFrequencia:Divisor_inst|clkSaida ; DivisorFrequencia:Divisor_inst|clkSaida ; 0.500        ; 0.075      ; 68.273     ;
; -67.710 ; PC:PC_inst|PC_reg[3] ; banco:banco_inst|registradores~174 ; DivisorFrequencia:Divisor_inst|clkSaida ; DivisorFrequencia:Divisor_inst|clkSaida ; 0.500        ; -0.128     ; 68.069     ;
; -67.710 ; PC:PC_inst|PC_reg[3] ; banco:banco_inst|registradores~53  ; DivisorFrequencia:Divisor_inst|clkSaida ; DivisorFrequencia:Divisor_inst|clkSaida ; 0.500        ; 0.075      ; 68.272     ;
; -67.708 ; PC:PC_inst|PC_reg[5] ; banco:banco_inst|registradores~246 ; DivisorFrequencia:Divisor_inst|clkSaida ; DivisorFrequencia:Divisor_inst|clkSaida ; 0.500        ; 0.064      ; 68.259     ;
; -67.701 ; PC:PC_inst|PC_reg[3] ; banco:banco_inst|registradores~170 ; DivisorFrequencia:Divisor_inst|clkSaida ; DivisorFrequencia:Divisor_inst|clkSaida ; 0.500        ; 0.061      ; 68.249     ;
; -67.693 ; PC:PC_inst|PC_reg[3] ; banco:banco_inst|registradores~90  ; DivisorFrequencia:Divisor_inst|clkSaida ; DivisorFrequencia:Divisor_inst|clkSaida ; 0.500        ; -0.118     ; 68.062     ;
; -67.693 ; PC:PC_inst|PC_reg[4] ; banco:banco_inst|registradores~253 ; DivisorFrequencia:Divisor_inst|clkSaida ; DivisorFrequencia:Divisor_inst|clkSaida ; 0.500        ; 0.052      ; 68.232     ;
; -67.692 ; PC:PC_inst|PC_reg[4] ; banco:banco_inst|registradores~148 ; DivisorFrequencia:Divisor_inst|clkSaida ; DivisorFrequencia:Divisor_inst|clkSaida ; 0.500        ; 0.060      ; 68.239     ;
; -67.689 ; PC:PC_inst|PC_reg[1] ; banco:banco_inst|registradores~253 ; DivisorFrequencia:Divisor_inst|clkSaida ; DivisorFrequencia:Divisor_inst|clkSaida ; 0.500        ; 0.053      ; 68.229     ;
; -67.688 ; PC:PC_inst|PC_reg[1] ; banco:banco_inst|registradores~148 ; DivisorFrequencia:Divisor_inst|clkSaida ; DivisorFrequencia:Divisor_inst|clkSaida ; 0.500        ; 0.061      ; 68.236     ;
; -67.687 ; PC:PC_inst|PC_reg[3] ; banco:banco_inst|registradores~172 ; DivisorFrequencia:Divisor_inst|clkSaida ; DivisorFrequencia:Divisor_inst|clkSaida ; 0.500        ; 0.067      ; 68.241     ;
; -67.684 ; PC:PC_inst|PC_reg[4] ; banco:banco_inst|registradores~254 ; DivisorFrequencia:Divisor_inst|clkSaida ; DivisorFrequencia:Divisor_inst|clkSaida ; 0.500        ; 0.075      ; 68.246     ;
; -67.681 ; PC:PC_inst|PC_reg[3] ; banco:banco_inst|registradores~213 ; DivisorFrequencia:Divisor_inst|clkSaida ; DivisorFrequencia:Divisor_inst|clkSaida ; 0.500        ; 0.080      ; 68.248     ;
; -67.681 ; PC:PC_inst|PC_reg[4] ; banco:banco_inst|registradores~150 ; DivisorFrequencia:Divisor_inst|clkSaida ; DivisorFrequencia:Divisor_inst|clkSaida ; 0.500        ; 0.067      ; 68.235     ;
; -67.681 ; PC:PC_inst|PC_reg[4] ; banco:banco_inst|registradores~61  ; DivisorFrequencia:Divisor_inst|clkSaida ; DivisorFrequencia:Divisor_inst|clkSaida ; 0.500        ; 0.075      ; 68.243     ;
; -67.680 ; PC:PC_inst|PC_reg[1] ; banco:banco_inst|registradores~254 ; DivisorFrequencia:Divisor_inst|clkSaida ; DivisorFrequencia:Divisor_inst|clkSaida ; 0.500        ; 0.076      ; 68.243     ;
; -67.677 ; PC:PC_inst|PC_reg[1] ; banco:banco_inst|registradores~150 ; DivisorFrequencia:Divisor_inst|clkSaida ; DivisorFrequencia:Divisor_inst|clkSaida ; 0.500        ; 0.068      ; 68.232     ;
; -67.677 ; PC:PC_inst|PC_reg[1] ; banco:banco_inst|registradores~61  ; DivisorFrequencia:Divisor_inst|clkSaida ; DivisorFrequencia:Divisor_inst|clkSaida ; 0.500        ; 0.076      ; 68.240     ;
; -67.671 ; PC:PC_inst|PC_reg[3] ; banco:banco_inst|registradores~63  ; DivisorFrequencia:Divisor_inst|clkSaida ; DivisorFrequencia:Divisor_inst|clkSaida ; 0.500        ; 0.045      ; 68.203     ;
; -67.670 ; PC:PC_inst|PC_reg[2] ; banco:banco_inst|registradores~93  ; DivisorFrequencia:Divisor_inst|clkSaida ; DivisorFrequencia:Divisor_inst|clkSaida ; 0.500        ; 0.075      ; 68.232     ;
; -67.667 ; PC:PC_inst|PC_reg[3] ; banco:banco_inst|registradores~95  ; DivisorFrequencia:Divisor_inst|clkSaida ; DivisorFrequencia:Divisor_inst|clkSaida ; 0.500        ; 0.075      ; 68.229     ;
; -67.665 ; PC:PC_inst|PC_reg[0] ; banco:banco_inst|registradores~246 ; DivisorFrequencia:Divisor_inst|clkSaida ; DivisorFrequencia:Divisor_inst|clkSaida ; 0.500        ; 0.065      ; 68.217     ;
; -67.665 ; PC:PC_inst|PC_reg[4] ; banco:banco_inst|registradores~222 ; DivisorFrequencia:Divisor_inst|clkSaida ; DivisorFrequencia:Divisor_inst|clkSaida ; 0.500        ; 0.089      ; 68.241     ;
; -67.663 ; PC:PC_inst|PC_reg[4] ; banco:banco_inst|registradores~113 ; DivisorFrequencia:Divisor_inst|clkSaida ; DivisorFrequencia:Divisor_inst|clkSaida ; 0.500        ; 0.049      ; 68.199     ;
; -67.661 ; PC:PC_inst|PC_reg[1] ; banco:banco_inst|registradores~222 ; DivisorFrequencia:Divisor_inst|clkSaida ; DivisorFrequencia:Divisor_inst|clkSaida ; 0.500        ; 0.090      ; 68.238     ;
; -67.661 ; PC:PC_inst|PC_reg[4] ; banco:banco_inst|registradores~159 ; DivisorFrequencia:Divisor_inst|clkSaida ; DivisorFrequencia:Divisor_inst|clkSaida ; 0.500        ; 0.055      ; 68.203     ;
; -67.660 ; PC:PC_inst|PC_reg[3] ; banco:banco_inst|registradores~210 ; DivisorFrequencia:Divisor_inst|clkSaida ; DivisorFrequencia:Divisor_inst|clkSaida ; 0.500        ; 0.063      ; 68.210     ;
; -67.660 ; PC:PC_inst|PC_reg[2] ; banco:banco_inst|registradores~80  ; DivisorFrequencia:Divisor_inst|clkSaida ; DivisorFrequencia:Divisor_inst|clkSaida ; 0.500        ; 0.062      ; 68.209     ;
; -67.659 ; PC:PC_inst|PC_reg[1] ; banco:banco_inst|registradores~113 ; DivisorFrequencia:Divisor_inst|clkSaida ; DivisorFrequencia:Divisor_inst|clkSaida ; 0.500        ; 0.050      ; 68.196     ;
; -67.657 ; PC:PC_inst|PC_reg[3] ; banco:banco_inst|registradores~157 ; DivisorFrequencia:Divisor_inst|clkSaida ; DivisorFrequencia:Divisor_inst|clkSaida ; 0.500        ; 0.093      ; 68.237     ;
; -67.657 ; PC:PC_inst|PC_reg[1] ; banco:banco_inst|registradores~159 ; DivisorFrequencia:Divisor_inst|clkSaida ; DivisorFrequencia:Divisor_inst|clkSaida ; 0.500        ; 0.056      ; 68.200     ;
; -67.654 ; PC:PC_inst|PC_reg[2] ; banco:banco_inst|registradores~221 ; DivisorFrequencia:Divisor_inst|clkSaida ; DivisorFrequencia:Divisor_inst|clkSaida ; 0.500        ; 0.089      ; 68.230     ;
; -67.652 ; PC:PC_inst|PC_reg[3] ; banco:banco_inst|registradores~209 ; DivisorFrequencia:Divisor_inst|clkSaida ; DivisorFrequencia:Divisor_inst|clkSaida ; 0.500        ; 0.061      ; 68.200     ;
; -67.651 ; PC:PC_inst|PC_reg[5] ; banco:banco_inst|registradores~93  ; DivisorFrequencia:Divisor_inst|clkSaida ; DivisorFrequencia:Divisor_inst|clkSaida ; 0.500        ; 0.074      ; 68.212     ;
; -67.650 ; PC:PC_inst|PC_reg[4] ; banco:banco_inst|registradores~62  ; DivisorFrequencia:Divisor_inst|clkSaida ; DivisorFrequencia:Divisor_inst|clkSaida ; 0.500        ; 0.082      ; 68.219     ;
; -67.649 ; PC:PC_inst|PC_reg[3] ; banco:banco_inst|registradores~218 ; DivisorFrequencia:Divisor_inst|clkSaida ; DivisorFrequencia:Divisor_inst|clkSaida ; 0.500        ; 0.095      ; 68.231     ;
; -67.649 ; PC:PC_inst|PC_reg[4] ; banco:banco_inst|registradores~49  ; DivisorFrequencia:Divisor_inst|clkSaida ; DivisorFrequencia:Divisor_inst|clkSaida ; 0.500        ; 0.064      ; 68.200     ;
; -67.646 ; PC:PC_inst|PC_reg[1] ; banco:banco_inst|registradores~62  ; DivisorFrequencia:Divisor_inst|clkSaida ; DivisorFrequencia:Divisor_inst|clkSaida ; 0.500        ; 0.083      ; 68.216     ;
; -67.645 ; PC:PC_inst|PC_reg[3] ; banco:banco_inst|registradores~143 ; DivisorFrequencia:Divisor_inst|clkSaida ; DivisorFrequencia:Divisor_inst|clkSaida ; 0.500        ; 0.051      ; 68.183     ;
; -67.645 ; PC:PC_inst|PC_reg[1] ; banco:banco_inst|registradores~49  ; DivisorFrequencia:Divisor_inst|clkSaida ; DivisorFrequencia:Divisor_inst|clkSaida ; 0.500        ; 0.065      ; 68.197     ;
; -67.644 ; PC:PC_inst|PC_reg[3] ; banco:banco_inst|registradores~81  ; DivisorFrequencia:Divisor_inst|clkSaida ; DivisorFrequencia:Divisor_inst|clkSaida ; 0.500        ; -0.133     ; 67.998     ;
; -67.641 ; PC:PC_inst|PC_reg[5] ; banco:banco_inst|registradores~80  ; DivisorFrequencia:Divisor_inst|clkSaida ; DivisorFrequencia:Divisor_inst|clkSaida ; 0.500        ; 0.061      ; 68.189     ;
; -67.641 ; PC:PC_inst|PC_reg[2] ; banco:banco_inst|registradores~223 ; DivisorFrequencia:Divisor_inst|clkSaida ; DivisorFrequencia:Divisor_inst|clkSaida ; 0.500        ; 0.075      ; 68.203     ;
; -67.640 ; PC:PC_inst|PC_reg[3] ; banco:banco_inst|registradores~94  ; DivisorFrequencia:Divisor_inst|clkSaida ; DivisorFrequencia:Divisor_inst|clkSaida ; 0.500        ; 0.093      ; 68.220     ;
; -67.635 ; PC:PC_inst|PC_reg[5] ; banco:banco_inst|registradores~221 ; DivisorFrequencia:Divisor_inst|clkSaida ; DivisorFrequencia:Divisor_inst|clkSaida ; 0.500        ; 0.088      ; 68.210     ;
; -67.634 ; PC:PC_inst|PC_reg[2] ; banco:banco_inst|registradores~191 ; DivisorFrequencia:Divisor_inst|clkSaida ; DivisorFrequencia:Divisor_inst|clkSaida ; 0.500        ; 0.067      ; 68.188     ;
; -67.631 ; PC:PC_inst|PC_reg[3] ; banco:banco_inst|registradores~175 ; DivisorFrequencia:Divisor_inst|clkSaida ; DivisorFrequencia:Divisor_inst|clkSaida ; 0.500        ; 0.066      ; 68.184     ;
; -67.631 ; PC:PC_inst|PC_reg[4] ; banco:banco_inst|registradores~145 ; DivisorFrequencia:Divisor_inst|clkSaida ; DivisorFrequencia:Divisor_inst|clkSaida ; 0.500        ; 0.052      ; 68.170     ;
; -67.629 ; PC:PC_inst|PC_reg[3] ; banco:banco_inst|registradores~58  ; DivisorFrequencia:Divisor_inst|clkSaida ; DivisorFrequencia:Divisor_inst|clkSaida ; 0.500        ; 0.066      ; 68.182     ;
; -67.627 ; PC:PC_inst|PC_reg[3] ; banco:banco_inst|registradores~255 ; DivisorFrequencia:Divisor_inst|clkSaida ; DivisorFrequencia:Divisor_inst|clkSaida ; 0.500        ; 0.060      ; 68.174     ;
; -67.627 ; PC:PC_inst|PC_reg[1] ; banco:banco_inst|registradores~145 ; DivisorFrequencia:Divisor_inst|clkSaida ; DivisorFrequencia:Divisor_inst|clkSaida ; 0.500        ; 0.053      ; 68.167     ;
; -67.626 ; PC:PC_inst|PC_reg[3] ; banco:banco_inst|registradores~50  ; DivisorFrequencia:Divisor_inst|clkSaida ; DivisorFrequencia:Divisor_inst|clkSaida ; 0.500        ; 0.081      ; 68.194     ;
; -67.622 ; PC:PC_inst|PC_reg[5] ; banco:banco_inst|registradores~223 ; DivisorFrequencia:Divisor_inst|clkSaida ; DivisorFrequencia:Divisor_inst|clkSaida ; 0.500        ; 0.074      ; 68.183     ;
; -67.621 ; PC:PC_inst|PC_reg[3] ; banco:banco_inst|registradores~182 ; DivisorFrequencia:Divisor_inst|clkSaida ; DivisorFrequencia:Divisor_inst|clkSaida ; 0.500        ; 0.067      ; 68.175     ;
; -67.620 ; PC:PC_inst|PC_reg[4] ; banco:banco_inst|registradores~250 ; DivisorFrequencia:Divisor_inst|clkSaida ; DivisorFrequencia:Divisor_inst|clkSaida ; 0.500        ; 0.056      ; 68.163     ;
; -67.618 ; PC:PC_inst|PC_reg[4] ; banco:banco_inst|registradores~177 ; DivisorFrequencia:Divisor_inst|clkSaida ; DivisorFrequencia:Divisor_inst|clkSaida ; 0.500        ; 0.066      ; 68.171     ;
; -67.617 ; PC:PC_inst|PC_reg[2] ; banco:banco_inst|registradores~212 ; DivisorFrequencia:Divisor_inst|clkSaida ; DivisorFrequencia:Divisor_inst|clkSaida ; 0.500        ; 0.075      ; 68.179     ;
; -67.616 ; PC:PC_inst|PC_reg[1] ; banco:banco_inst|registradores~250 ; DivisorFrequencia:Divisor_inst|clkSaida ; DivisorFrequencia:Divisor_inst|clkSaida ; 0.500        ; 0.057      ; 68.160     ;
; -67.615 ; PC:PC_inst|PC_reg[5] ; banco:banco_inst|registradores~191 ; DivisorFrequencia:Divisor_inst|clkSaida ; DivisorFrequencia:Divisor_inst|clkSaida ; 0.500        ; 0.066      ; 68.168     ;
; -67.615 ; PC:PC_inst|PC_reg[4] ; banco:banco_inst|registradores~181 ; DivisorFrequencia:Divisor_inst|clkSaida ; DivisorFrequencia:Divisor_inst|clkSaida ; 0.500        ; 0.061      ; 68.163     ;
+---------+----------------------+------------------------------------+-----------------------------------------+-----------------------------------------+--------------+------------+------------+


+-----------------------------------------------------------------------------------------------------------------------------------------------------------------------------------------------------+
; Fast 1200mV 0C Model Setup: 'clk_50'                                                                                                                                                                ;
+--------+---------------------------------------------+---------------------------------------------+-----------------------------------------+-------------+--------------+------------+------------+
; Slack  ; From Node                                   ; To Node                                     ; Launch Clock                            ; Latch Clock ; Relationship ; Clock Skew ; Data Delay ;
+--------+---------------------------------------------+---------------------------------------------+-----------------------------------------+-------------+--------------+------------+------------+
; -1.227 ; DivisorFrequencia:Divisor_inst|contador[5]  ; DivisorFrequencia:Divisor_inst|clkSaida     ; clk_50                                  ; clk_50      ; 1.000        ; -0.042     ; 2.172      ;
; -1.227 ; DivisorFrequencia:Divisor_inst|contador[15] ; DivisorFrequencia:Divisor_inst|clkSaida     ; clk_50                                  ; clk_50      ; 1.000        ; -0.041     ; 2.173      ;
; -1.227 ; DivisorFrequencia:Divisor_inst|contador[13] ; DivisorFrequencia:Divisor_inst|clkSaida     ; clk_50                                  ; clk_50      ; 1.000        ; -0.041     ; 2.173      ;
; -1.226 ; DivisorFrequencia:Divisor_inst|contador[3]  ; DivisorFrequencia:Divisor_inst|clkSaida     ; clk_50                                  ; clk_50      ; 1.000        ; -0.042     ; 2.171      ;
; -1.217 ; DivisorFrequencia:Divisor_inst|contador[0]  ; DivisorFrequencia:Divisor_inst|clkSaida     ; clk_50                                  ; clk_50      ; 1.000        ; -0.042     ; 2.162      ;
; -1.196 ; DivisorFrequencia:Divisor_inst|contador[17] ; DivisorFrequencia:Divisor_inst|clkSaida     ; clk_50                                  ; clk_50      ; 1.000        ; -0.041     ; 2.142      ;
; -1.196 ; DivisorFrequencia:Divisor_inst|contador[19] ; DivisorFrequencia:Divisor_inst|clkSaida     ; clk_50                                  ; clk_50      ; 1.000        ; -0.041     ; 2.142      ;
; -1.176 ; DivisorFrequencia:Divisor_inst|contador[4]  ; DivisorFrequencia:Divisor_inst|clkSaida     ; clk_50                                  ; clk_50      ; 1.000        ; -0.042     ; 2.121      ;
; -1.156 ; DivisorFrequencia:Divisor_inst|contador[2]  ; DivisorFrequencia:Divisor_inst|clkSaida     ; clk_50                                  ; clk_50      ; 1.000        ; -0.042     ; 2.101      ;
; -1.140 ; DivisorFrequencia:Divisor_inst|contador[14] ; DivisorFrequencia:Divisor_inst|clkSaida     ; clk_50                                  ; clk_50      ; 1.000        ; -0.041     ; 2.086      ;
; -1.131 ; DivisorFrequencia:Divisor_inst|contador[6]  ; DivisorFrequencia:Divisor_inst|clkSaida     ; clk_50                                  ; clk_50      ; 1.000        ; -0.042     ; 2.076      ;
; -1.109 ; DivisorFrequencia:Divisor_inst|contador[16] ; DivisorFrequencia:Divisor_inst|clkSaida     ; clk_50                                  ; clk_50      ; 1.000        ; -0.041     ; 2.055      ;
; -1.102 ; DivisorFrequencia:Divisor_inst|contador[7]  ; DivisorFrequencia:Divisor_inst|clkSaida     ; clk_50                                  ; clk_50      ; 1.000        ; -0.042     ; 2.047      ;
; -1.100 ; DivisorFrequencia:Divisor_inst|contador[9]  ; DivisorFrequencia:Divisor_inst|clkSaida     ; clk_50                                  ; clk_50      ; 1.000        ; -0.042     ; 2.045      ;
; -1.096 ; DivisorFrequencia:Divisor_inst|contador[11] ; DivisorFrequencia:Divisor_inst|clkSaida     ; clk_50                                  ; clk_50      ; 1.000        ; -0.042     ; 2.041      ;
; -1.084 ; DivisorFrequencia:Divisor_inst|contador[12] ; DivisorFrequencia:Divisor_inst|clkSaida     ; clk_50                                  ; clk_50      ; 1.000        ; -0.041     ; 2.030      ;
; -1.079 ; DivisorFrequencia:Divisor_inst|contador[10] ; DivisorFrequencia:Divisor_inst|clkSaida     ; clk_50                                  ; clk_50      ; 1.000        ; -0.042     ; 2.024      ;
; -1.065 ; DivisorFrequencia:Divisor_inst|contador[8]  ; DivisorFrequencia:Divisor_inst|clkSaida     ; clk_50                                  ; clk_50      ; 1.000        ; -0.042     ; 2.010      ;
; -1.062 ; DivisorFrequencia:Divisor_inst|contador[23] ; DivisorFrequencia:Divisor_inst|clkSaida     ; clk_50                                  ; clk_50      ; 1.000        ; -0.041     ; 2.008      ;
; -1.062 ; DivisorFrequencia:Divisor_inst|contador[22] ; DivisorFrequencia:Divisor_inst|clkSaida     ; clk_50                                  ; clk_50      ; 1.000        ; -0.041     ; 2.008      ;
; -1.052 ; DivisorFrequencia:Divisor_inst|contador[18] ; DivisorFrequencia:Divisor_inst|clkSaida     ; clk_50                                  ; clk_50      ; 1.000        ; -0.041     ; 1.998      ;
; -1.044 ; DivisorFrequencia:Divisor_inst|contador[21] ; DivisorFrequencia:Divisor_inst|clkSaida     ; clk_50                                  ; clk_50      ; 1.000        ; -0.041     ; 1.990      ;
; -1.038 ; DivisorFrequencia:Divisor_inst|contador[1]  ; DivisorFrequencia:Divisor_inst|clkSaida     ; clk_50                                  ; clk_50      ; 1.000        ; -0.042     ; 1.983      ;
; -0.956 ; DivisorFrequencia:Divisor_inst|contador[24] ; DivisorFrequencia:Divisor_inst|clkSaida     ; clk_50                                  ; clk_50      ; 1.000        ; -0.041     ; 1.902      ;
; -0.918 ; DivisorFrequencia:Divisor_inst|contador[20] ; DivisorFrequencia:Divisor_inst|clkSaida     ; clk_50                                  ; clk_50      ; 1.000        ; -0.041     ; 1.864      ;
; -0.640 ; DivisorFrequencia:Divisor_inst|contador[1]  ; DivisorFrequencia:Divisor_inst|contador[24] ; clk_50                                  ; clk_50      ; 1.000        ; -0.043     ; 1.584      ;
; -0.591 ; DivisorFrequencia:Divisor_inst|contador[0]  ; DivisorFrequencia:Divisor_inst|contador[24] ; clk_50                                  ; clk_50      ; 1.000        ; -0.043     ; 1.535      ;
; -0.576 ; DivisorFrequencia:Divisor_inst|contador[1]  ; DivisorFrequencia:Divisor_inst|contador[23] ; clk_50                                  ; clk_50      ; 1.000        ; -0.043     ; 1.520      ;
; -0.572 ; DivisorFrequencia:Divisor_inst|contador[1]  ; DivisorFrequencia:Divisor_inst|contador[22] ; clk_50                                  ; clk_50      ; 1.000        ; -0.043     ; 1.516      ;
; -0.571 ; DivisorFrequencia:Divisor_inst|contador[3]  ; DivisorFrequencia:Divisor_inst|contador[24] ; clk_50                                  ; clk_50      ; 1.000        ; -0.043     ; 1.515      ;
; -0.561 ; DivisorFrequencia:Divisor_inst|contador[0]  ; DivisorFrequencia:Divisor_inst|contador[23] ; clk_50                                  ; clk_50      ; 1.000        ; -0.043     ; 1.505      ;
; -0.523 ; DivisorFrequencia:Divisor_inst|contador[0]  ; DivisorFrequencia:Divisor_inst|contador[22] ; clk_50                                  ; clk_50      ; 1.000        ; -0.043     ; 1.467      ;
; -0.522 ; DivisorFrequencia:Divisor_inst|contador[2]  ; DivisorFrequencia:Divisor_inst|contador[24] ; clk_50                                  ; clk_50      ; 1.000        ; -0.043     ; 1.466      ;
; -0.515 ; DivisorFrequencia:Divisor_inst|clkSaida     ; DivisorFrequencia:Divisor_inst|clkSaida     ; DivisorFrequencia:Divisor_inst|clkSaida ; clk_50      ; 0.500        ; 1.538      ; 2.635      ;
; -0.508 ; DivisorFrequencia:Divisor_inst|contador[1]  ; DivisorFrequencia:Divisor_inst|contador[21] ; clk_50                                  ; clk_50      ; 1.000        ; -0.043     ; 1.452      ;
; -0.507 ; DivisorFrequencia:Divisor_inst|contador[3]  ; DivisorFrequencia:Divisor_inst|contador[23] ; clk_50                                  ; clk_50      ; 1.000        ; -0.043     ; 1.451      ;
; -0.506 ; DivisorFrequencia:Divisor_inst|contador[5]  ; DivisorFrequencia:Divisor_inst|contador[24] ; clk_50                                  ; clk_50      ; 1.000        ; -0.043     ; 1.450      ;
; -0.504 ; DivisorFrequencia:Divisor_inst|contador[1]  ; DivisorFrequencia:Divisor_inst|contador[20] ; clk_50                                  ; clk_50      ; 1.000        ; -0.043     ; 1.448      ;
; -0.503 ; DivisorFrequencia:Divisor_inst|contador[3]  ; DivisorFrequencia:Divisor_inst|contador[22] ; clk_50                                  ; clk_50      ; 1.000        ; -0.043     ; 1.447      ;
; -0.493 ; DivisorFrequencia:Divisor_inst|contador[2]  ; DivisorFrequencia:Divisor_inst|contador[23] ; clk_50                                  ; clk_50      ; 1.000        ; -0.043     ; 1.437      ;
; -0.493 ; DivisorFrequencia:Divisor_inst|contador[0]  ; DivisorFrequencia:Divisor_inst|contador[21] ; clk_50                                  ; clk_50      ; 1.000        ; -0.043     ; 1.437      ;
; -0.486 ; DivisorFrequencia:Divisor_inst|contador[5]  ; DivisorFrequencia:Divisor_inst|contador[0]  ; clk_50                                  ; clk_50      ; 1.000        ; -0.043     ; 1.430      ;
; -0.486 ; DivisorFrequencia:Divisor_inst|contador[5]  ; DivisorFrequencia:Divisor_inst|contador[1]  ; clk_50                                  ; clk_50      ; 1.000        ; -0.043     ; 1.430      ;
; -0.486 ; DivisorFrequencia:Divisor_inst|contador[5]  ; DivisorFrequencia:Divisor_inst|contador[4]  ; clk_50                                  ; clk_50      ; 1.000        ; -0.043     ; 1.430      ;
; -0.486 ; DivisorFrequencia:Divisor_inst|contador[5]  ; DivisorFrequencia:Divisor_inst|contador[5]  ; clk_50                                  ; clk_50      ; 1.000        ; -0.043     ; 1.430      ;
; -0.486 ; DivisorFrequencia:Divisor_inst|contador[15] ; DivisorFrequencia:Divisor_inst|contador[0]  ; clk_50                                  ; clk_50      ; 1.000        ; -0.042     ; 1.431      ;
; -0.486 ; DivisorFrequencia:Divisor_inst|contador[15] ; DivisorFrequencia:Divisor_inst|contador[1]  ; clk_50                                  ; clk_50      ; 1.000        ; -0.042     ; 1.431      ;
; -0.486 ; DivisorFrequencia:Divisor_inst|contador[15] ; DivisorFrequencia:Divisor_inst|contador[4]  ; clk_50                                  ; clk_50      ; 1.000        ; -0.042     ; 1.431      ;
; -0.486 ; DivisorFrequencia:Divisor_inst|contador[15] ; DivisorFrequencia:Divisor_inst|contador[5]  ; clk_50                                  ; clk_50      ; 1.000        ; -0.042     ; 1.431      ;
; -0.486 ; DivisorFrequencia:Divisor_inst|contador[13] ; DivisorFrequencia:Divisor_inst|contador[0]  ; clk_50                                  ; clk_50      ; 1.000        ; -0.042     ; 1.431      ;
; -0.486 ; DivisorFrequencia:Divisor_inst|contador[13] ; DivisorFrequencia:Divisor_inst|contador[1]  ; clk_50                                  ; clk_50      ; 1.000        ; -0.042     ; 1.431      ;
; -0.486 ; DivisorFrequencia:Divisor_inst|contador[13] ; DivisorFrequencia:Divisor_inst|contador[4]  ; clk_50                                  ; clk_50      ; 1.000        ; -0.042     ; 1.431      ;
; -0.486 ; DivisorFrequencia:Divisor_inst|contador[13] ; DivisorFrequencia:Divisor_inst|contador[5]  ; clk_50                                  ; clk_50      ; 1.000        ; -0.042     ; 1.431      ;
; -0.482 ; DivisorFrequencia:Divisor_inst|contador[3]  ; DivisorFrequencia:Divisor_inst|contador[0]  ; clk_50                                  ; clk_50      ; 1.000        ; -0.043     ; 1.426      ;
; -0.482 ; DivisorFrequencia:Divisor_inst|contador[3]  ; DivisorFrequencia:Divisor_inst|contador[1]  ; clk_50                                  ; clk_50      ; 1.000        ; -0.043     ; 1.426      ;
; -0.482 ; DivisorFrequencia:Divisor_inst|contador[3]  ; DivisorFrequencia:Divisor_inst|contador[4]  ; clk_50                                  ; clk_50      ; 1.000        ; -0.043     ; 1.426      ;
; -0.482 ; DivisorFrequencia:Divisor_inst|contador[3]  ; DivisorFrequencia:Divisor_inst|contador[5]  ; clk_50                                  ; clk_50      ; 1.000        ; -0.043     ; 1.426      ;
; -0.476 ; DivisorFrequencia:Divisor_inst|contador[0]  ; DivisorFrequencia:Divisor_inst|contador[0]  ; clk_50                                  ; clk_50      ; 1.000        ; -0.043     ; 1.420      ;
; -0.476 ; DivisorFrequencia:Divisor_inst|contador[0]  ; DivisorFrequencia:Divisor_inst|contador[1]  ; clk_50                                  ; clk_50      ; 1.000        ; -0.043     ; 1.420      ;
; -0.476 ; DivisorFrequencia:Divisor_inst|contador[0]  ; DivisorFrequencia:Divisor_inst|contador[4]  ; clk_50                                  ; clk_50      ; 1.000        ; -0.043     ; 1.420      ;
; -0.476 ; DivisorFrequencia:Divisor_inst|contador[0]  ; DivisorFrequencia:Divisor_inst|contador[5]  ; clk_50                                  ; clk_50      ; 1.000        ; -0.043     ; 1.420      ;
; -0.458 ; DivisorFrequencia:Divisor_inst|contador[4]  ; DivisorFrequencia:Divisor_inst|contador[24] ; clk_50                                  ; clk_50      ; 1.000        ; -0.043     ; 1.402      ;
; -0.455 ; DivisorFrequencia:Divisor_inst|contador[0]  ; DivisorFrequencia:Divisor_inst|contador[20] ; clk_50                                  ; clk_50      ; 1.000        ; -0.043     ; 1.399      ;
; -0.455 ; DivisorFrequencia:Divisor_inst|contador[17] ; DivisorFrequencia:Divisor_inst|contador[0]  ; clk_50                                  ; clk_50      ; 1.000        ; -0.042     ; 1.400      ;
; -0.455 ; DivisorFrequencia:Divisor_inst|contador[17] ; DivisorFrequencia:Divisor_inst|contador[1]  ; clk_50                                  ; clk_50      ; 1.000        ; -0.042     ; 1.400      ;
; -0.455 ; DivisorFrequencia:Divisor_inst|contador[17] ; DivisorFrequencia:Divisor_inst|contador[4]  ; clk_50                                  ; clk_50      ; 1.000        ; -0.042     ; 1.400      ;
; -0.455 ; DivisorFrequencia:Divisor_inst|contador[17] ; DivisorFrequencia:Divisor_inst|contador[5]  ; clk_50                                  ; clk_50      ; 1.000        ; -0.042     ; 1.400      ;
; -0.455 ; DivisorFrequencia:Divisor_inst|contador[19] ; DivisorFrequencia:Divisor_inst|contador[0]  ; clk_50                                  ; clk_50      ; 1.000        ; -0.042     ; 1.400      ;
; -0.455 ; DivisorFrequencia:Divisor_inst|contador[19] ; DivisorFrequencia:Divisor_inst|contador[1]  ; clk_50                                  ; clk_50      ; 1.000        ; -0.042     ; 1.400      ;
; -0.455 ; DivisorFrequencia:Divisor_inst|contador[19] ; DivisorFrequencia:Divisor_inst|contador[4]  ; clk_50                                  ; clk_50      ; 1.000        ; -0.042     ; 1.400      ;
; -0.455 ; DivisorFrequencia:Divisor_inst|contador[19] ; DivisorFrequencia:Divisor_inst|contador[5]  ; clk_50                                  ; clk_50      ; 1.000        ; -0.042     ; 1.400      ;
; -0.454 ; DivisorFrequencia:Divisor_inst|contador[2]  ; DivisorFrequencia:Divisor_inst|contador[22] ; clk_50                                  ; clk_50      ; 1.000        ; -0.043     ; 1.398      ;
; -0.442 ; DivisorFrequencia:Divisor_inst|contador[5]  ; DivisorFrequencia:Divisor_inst|contador[23] ; clk_50                                  ; clk_50      ; 1.000        ; -0.043     ; 1.386      ;
; -0.440 ; DivisorFrequencia:Divisor_inst|contador[1]  ; DivisorFrequencia:Divisor_inst|contador[19] ; clk_50                                  ; clk_50      ; 1.000        ; -0.043     ; 1.384      ;
; -0.439 ; DivisorFrequencia:Divisor_inst|contador[3]  ; DivisorFrequencia:Divisor_inst|contador[21] ; clk_50                                  ; clk_50      ; 1.000        ; -0.043     ; 1.383      ;
; -0.438 ; DivisorFrequencia:Divisor_inst|contador[5]  ; DivisorFrequencia:Divisor_inst|contador[22] ; clk_50                                  ; clk_50      ; 1.000        ; -0.043     ; 1.382      ;
; -0.436 ; DivisorFrequencia:Divisor_inst|contador[1]  ; DivisorFrequencia:Divisor_inst|contador[18] ; clk_50                                  ; clk_50      ; 1.000        ; -0.043     ; 1.380      ;
; -0.435 ; DivisorFrequencia:Divisor_inst|contador[3]  ; DivisorFrequencia:Divisor_inst|contador[20] ; clk_50                                  ; clk_50      ; 1.000        ; -0.043     ; 1.379      ;
; -0.435 ; DivisorFrequencia:Divisor_inst|contador[4]  ; DivisorFrequencia:Divisor_inst|contador[0]  ; clk_50                                  ; clk_50      ; 1.000        ; -0.043     ; 1.379      ;
; -0.435 ; DivisorFrequencia:Divisor_inst|contador[4]  ; DivisorFrequencia:Divisor_inst|contador[1]  ; clk_50                                  ; clk_50      ; 1.000        ; -0.043     ; 1.379      ;
; -0.435 ; DivisorFrequencia:Divisor_inst|contador[4]  ; DivisorFrequencia:Divisor_inst|contador[4]  ; clk_50                                  ; clk_50      ; 1.000        ; -0.043     ; 1.379      ;
; -0.435 ; DivisorFrequencia:Divisor_inst|contador[4]  ; DivisorFrequencia:Divisor_inst|contador[5]  ; clk_50                                  ; clk_50      ; 1.000        ; -0.043     ; 1.379      ;
; -0.431 ; DivisorFrequencia:Divisor_inst|contador[7]  ; DivisorFrequencia:Divisor_inst|contador[24] ; clk_50                                  ; clk_50      ; 1.000        ; -0.043     ; 1.375      ;
; -0.427 ; DivisorFrequencia:Divisor_inst|contador[4]  ; DivisorFrequencia:Divisor_inst|contador[23] ; clk_50                                  ; clk_50      ; 1.000        ; -0.043     ; 1.371      ;
; -0.425 ; DivisorFrequencia:Divisor_inst|contador[2]  ; DivisorFrequencia:Divisor_inst|contador[21] ; clk_50                                  ; clk_50      ; 1.000        ; -0.043     ; 1.369      ;
; -0.425 ; DivisorFrequencia:Divisor_inst|contador[0]  ; DivisorFrequencia:Divisor_inst|contador[19] ; clk_50                                  ; clk_50      ; 1.000        ; -0.043     ; 1.369      ;
; -0.415 ; DivisorFrequencia:Divisor_inst|contador[2]  ; DivisorFrequencia:Divisor_inst|contador[0]  ; clk_50                                  ; clk_50      ; 1.000        ; -0.043     ; 1.359      ;
; -0.415 ; DivisorFrequencia:Divisor_inst|contador[2]  ; DivisorFrequencia:Divisor_inst|contador[1]  ; clk_50                                  ; clk_50      ; 1.000        ; -0.043     ; 1.359      ;
; -0.415 ; DivisorFrequencia:Divisor_inst|contador[2]  ; DivisorFrequencia:Divisor_inst|contador[4]  ; clk_50                                  ; clk_50      ; 1.000        ; -0.043     ; 1.359      ;
; -0.415 ; DivisorFrequencia:Divisor_inst|contador[2]  ; DivisorFrequencia:Divisor_inst|contador[5]  ; clk_50                                  ; clk_50      ; 1.000        ; -0.043     ; 1.359      ;
; -0.399 ; DivisorFrequencia:Divisor_inst|contador[14] ; DivisorFrequencia:Divisor_inst|contador[0]  ; clk_50                                  ; clk_50      ; 1.000        ; -0.042     ; 1.344      ;
; -0.399 ; DivisorFrequencia:Divisor_inst|contador[14] ; DivisorFrequencia:Divisor_inst|contador[1]  ; clk_50                                  ; clk_50      ; 1.000        ; -0.042     ; 1.344      ;
; -0.399 ; DivisorFrequencia:Divisor_inst|contador[14] ; DivisorFrequencia:Divisor_inst|contador[4]  ; clk_50                                  ; clk_50      ; 1.000        ; -0.042     ; 1.344      ;
; -0.399 ; DivisorFrequencia:Divisor_inst|contador[14] ; DivisorFrequencia:Divisor_inst|contador[5]  ; clk_50                                  ; clk_50      ; 1.000        ; -0.042     ; 1.344      ;
; -0.390 ; DivisorFrequencia:Divisor_inst|contador[4]  ; DivisorFrequencia:Divisor_inst|contador[22] ; clk_50                                  ; clk_50      ; 1.000        ; -0.043     ; 1.334      ;
; -0.390 ; DivisorFrequencia:Divisor_inst|contador[6]  ; DivisorFrequencia:Divisor_inst|contador[0]  ; clk_50                                  ; clk_50      ; 1.000        ; -0.043     ; 1.334      ;
; -0.390 ; DivisorFrequencia:Divisor_inst|contador[6]  ; DivisorFrequencia:Divisor_inst|contador[1]  ; clk_50                                  ; clk_50      ; 1.000        ; -0.043     ; 1.334      ;
; -0.390 ; DivisorFrequencia:Divisor_inst|contador[6]  ; DivisorFrequencia:Divisor_inst|contador[4]  ; clk_50                                  ; clk_50      ; 1.000        ; -0.043     ; 1.334      ;
; -0.390 ; DivisorFrequencia:Divisor_inst|contador[6]  ; DivisorFrequencia:Divisor_inst|contador[5]  ; clk_50                                  ; clk_50      ; 1.000        ; -0.043     ; 1.334      ;
; -0.387 ; DivisorFrequencia:Divisor_inst|contador[6]  ; DivisorFrequencia:Divisor_inst|contador[24] ; clk_50                                  ; clk_50      ; 1.000        ; -0.043     ; 1.331      ;
+--------+---------------------------------------------+---------------------------------------------+-----------------------------------------+-------------+--------------+------------+------------+


+----------------------------------------------------------------------------------------------------------------------------------------------------------------------------------------------------+
; Fast 1200mV 0C Model Hold: 'clk_50'                                                                                                                                                                ;
+-------+---------------------------------------------+---------------------------------------------+-----------------------------------------+-------------+--------------+------------+------------+
; Slack ; From Node                                   ; To Node                                     ; Launch Clock                            ; Latch Clock ; Relationship ; Clock Skew ; Data Delay ;
+-------+---------------------------------------------+---------------------------------------------+-----------------------------------------+-------------+--------------+------------+------------+
; 0.199 ; DivisorFrequencia:Divisor_inst|contador[24] ; DivisorFrequencia:Divisor_inst|contador[24] ; clk_50                                  ; clk_50      ; 0.000        ; 0.042      ; 0.325      ;
; 0.292 ; DivisorFrequencia:Divisor_inst|contador[17] ; DivisorFrequencia:Divisor_inst|contador[17] ; clk_50                                  ; clk_50      ; 0.000        ; 0.042      ; 0.418      ;
; 0.292 ; DivisorFrequencia:Divisor_inst|contador[15] ; DivisorFrequencia:Divisor_inst|contador[15] ; clk_50                                  ; clk_50      ; 0.000        ; 0.042      ; 0.418      ;
; 0.292 ; DivisorFrequencia:Divisor_inst|contador[13] ; DivisorFrequencia:Divisor_inst|contador[13] ; clk_50                                  ; clk_50      ; 0.000        ; 0.042      ; 0.418      ;
; 0.292 ; DivisorFrequencia:Divisor_inst|contador[12] ; DivisorFrequencia:Divisor_inst|contador[12] ; clk_50                                  ; clk_50      ; 0.000        ; 0.042      ; 0.418      ;
; 0.293 ; DivisorFrequencia:Divisor_inst|contador[23] ; DivisorFrequencia:Divisor_inst|contador[23] ; clk_50                                  ; clk_50      ; 0.000        ; 0.042      ; 0.419      ;
; 0.293 ; DivisorFrequencia:Divisor_inst|contador[19] ; DivisorFrequencia:Divisor_inst|contador[19] ; clk_50                                  ; clk_50      ; 0.000        ; 0.042      ; 0.419      ;
; 0.293 ; DivisorFrequencia:Divisor_inst|contador[18] ; DivisorFrequencia:Divisor_inst|contador[18] ; clk_50                                  ; clk_50      ; 0.000        ; 0.042      ; 0.419      ;
; 0.293 ; DivisorFrequencia:Divisor_inst|contador[14] ; DivisorFrequencia:Divisor_inst|contador[14] ; clk_50                                  ; clk_50      ; 0.000        ; 0.042      ; 0.419      ;
; 0.294 ; DivisorFrequencia:Divisor_inst|contador[20] ; DivisorFrequencia:Divisor_inst|contador[20] ; clk_50                                  ; clk_50      ; 0.000        ; 0.042      ; 0.420      ;
; 0.294 ; DivisorFrequencia:Divisor_inst|contador[16] ; DivisorFrequencia:Divisor_inst|contador[16] ; clk_50                                  ; clk_50      ; 0.000        ; 0.042      ; 0.420      ;
; 0.295 ; DivisorFrequencia:Divisor_inst|contador[22] ; DivisorFrequencia:Divisor_inst|contador[22] ; clk_50                                  ; clk_50      ; 0.000        ; 0.042      ; 0.421      ;
; 0.297 ; DivisorFrequencia:Divisor_inst|contador[9]  ; DivisorFrequencia:Divisor_inst|contador[9]  ; clk_50                                  ; clk_50      ; 0.000        ; 0.043      ; 0.424      ;
; 0.298 ; DivisorFrequencia:Divisor_inst|contador[7]  ; DivisorFrequencia:Divisor_inst|contador[7]  ; clk_50                                  ; clk_50      ; 0.000        ; 0.043      ; 0.425      ;
; 0.298 ; DivisorFrequencia:Divisor_inst|contador[3]  ; DivisorFrequencia:Divisor_inst|contador[3]  ; clk_50                                  ; clk_50      ; 0.000        ; 0.043      ; 0.425      ;
; 0.298 ; DivisorFrequencia:Divisor_inst|contador[2]  ; DivisorFrequencia:Divisor_inst|contador[2]  ; clk_50                                  ; clk_50      ; 0.000        ; 0.043      ; 0.425      ;
; 0.299 ; DivisorFrequencia:Divisor_inst|contador[10] ; DivisorFrequencia:Divisor_inst|contador[10] ; clk_50                                  ; clk_50      ; 0.000        ; 0.043      ; 0.426      ;
; 0.300 ; DivisorFrequencia:Divisor_inst|contador[8]  ; DivisorFrequencia:Divisor_inst|contador[8]  ; clk_50                                  ; clk_50      ; 0.000        ; 0.043      ; 0.427      ;
; 0.300 ; DivisorFrequencia:Divisor_inst|contador[6]  ; DivisorFrequencia:Divisor_inst|contador[6]  ; clk_50                                  ; clk_50      ; 0.000        ; 0.043      ; 0.427      ;
; 0.358 ; DivisorFrequencia:Divisor_inst|contador[11] ; DivisorFrequencia:Divisor_inst|contador[11] ; clk_50                                  ; clk_50      ; 0.000        ; 0.043      ; 0.485      ;
; 0.360 ; DivisorFrequencia:Divisor_inst|contador[21] ; DivisorFrequencia:Divisor_inst|contador[21] ; clk_50                                  ; clk_50      ; 0.000        ; 0.042      ; 0.486      ;
; 0.371 ; DivisorFrequencia:Divisor_inst|clkSaida     ; DivisorFrequencia:Divisor_inst|clkSaida     ; DivisorFrequencia:Divisor_inst|clkSaida ; clk_50      ; 0.000        ; 1.599      ; 2.189      ;
; 0.441 ; DivisorFrequencia:Divisor_inst|contador[17] ; DivisorFrequencia:Divisor_inst|contador[18] ; clk_50                                  ; clk_50      ; 0.000        ; 0.042      ; 0.567      ;
; 0.441 ; DivisorFrequencia:Divisor_inst|contador[13] ; DivisorFrequencia:Divisor_inst|contador[14] ; clk_50                                  ; clk_50      ; 0.000        ; 0.042      ; 0.567      ;
; 0.441 ; DivisorFrequencia:Divisor_inst|contador[15] ; DivisorFrequencia:Divisor_inst|contador[16] ; clk_50                                  ; clk_50      ; 0.000        ; 0.042      ; 0.567      ;
; 0.442 ; DivisorFrequencia:Divisor_inst|contador[23] ; DivisorFrequencia:Divisor_inst|contador[24] ; clk_50                                  ; clk_50      ; 0.000        ; 0.042      ; 0.568      ;
; 0.442 ; DivisorFrequencia:Divisor_inst|contador[19] ; DivisorFrequencia:Divisor_inst|contador[20] ; clk_50                                  ; clk_50      ; 0.000        ; 0.042      ; 0.568      ;
; 0.446 ; DivisorFrequencia:Divisor_inst|contador[9]  ; DivisorFrequencia:Divisor_inst|contador[10] ; clk_50                                  ; clk_50      ; 0.000        ; 0.043      ; 0.573      ;
; 0.447 ; DivisorFrequencia:Divisor_inst|contador[7]  ; DivisorFrequencia:Divisor_inst|contador[8]  ; clk_50                                  ; clk_50      ; 0.000        ; 0.043      ; 0.574      ;
; 0.448 ; DivisorFrequencia:Divisor_inst|contador[1]  ; DivisorFrequencia:Divisor_inst|contador[2]  ; clk_50                                  ; clk_50      ; 0.000        ; 0.043      ; 0.575      ;
; 0.449 ; DivisorFrequencia:Divisor_inst|contador[5]  ; DivisorFrequencia:Divisor_inst|contador[6]  ; clk_50                                  ; clk_50      ; 0.000        ; 0.043      ; 0.576      ;
; 0.450 ; DivisorFrequencia:Divisor_inst|contador[12] ; DivisorFrequencia:Divisor_inst|contador[13] ; clk_50                                  ; clk_50      ; 0.000        ; 0.042      ; 0.576      ;
; 0.451 ; DivisorFrequencia:Divisor_inst|contador[14] ; DivisorFrequencia:Divisor_inst|contador[15] ; clk_50                                  ; clk_50      ; 0.000        ; 0.042      ; 0.577      ;
; 0.451 ; DivisorFrequencia:Divisor_inst|contador[18] ; DivisorFrequencia:Divisor_inst|contador[19] ; clk_50                                  ; clk_50      ; 0.000        ; 0.042      ; 0.577      ;
; 0.452 ; DivisorFrequencia:Divisor_inst|contador[16] ; DivisorFrequencia:Divisor_inst|contador[17] ; clk_50                                  ; clk_50      ; 0.000        ; 0.042      ; 0.578      ;
; 0.452 ; DivisorFrequencia:Divisor_inst|contador[20] ; DivisorFrequencia:Divisor_inst|contador[21] ; clk_50                                  ; clk_50      ; 0.000        ; 0.042      ; 0.578      ;
; 0.453 ; DivisorFrequencia:Divisor_inst|contador[22] ; DivisorFrequencia:Divisor_inst|contador[23] ; clk_50                                  ; clk_50      ; 0.000        ; 0.042      ; 0.579      ;
; 0.453 ; DivisorFrequencia:Divisor_inst|contador[12] ; DivisorFrequencia:Divisor_inst|contador[14] ; clk_50                                  ; clk_50      ; 0.000        ; 0.042      ; 0.579      ;
; 0.454 ; DivisorFrequencia:Divisor_inst|contador[14] ; DivisorFrequencia:Divisor_inst|contador[16] ; clk_50                                  ; clk_50      ; 0.000        ; 0.042      ; 0.580      ;
; 0.454 ; DivisorFrequencia:Divisor_inst|contador[18] ; DivisorFrequencia:Divisor_inst|contador[20] ; clk_50                                  ; clk_50      ; 0.000        ; 0.042      ; 0.580      ;
; 0.455 ; DivisorFrequencia:Divisor_inst|contador[20] ; DivisorFrequencia:Divisor_inst|contador[22] ; clk_50                                  ; clk_50      ; 0.000        ; 0.042      ; 0.581      ;
; 0.455 ; DivisorFrequencia:Divisor_inst|contador[16] ; DivisorFrequencia:Divisor_inst|contador[18] ; clk_50                                  ; clk_50      ; 0.000        ; 0.042      ; 0.581      ;
; 0.456 ; DivisorFrequencia:Divisor_inst|contador[2]  ; DivisorFrequencia:Divisor_inst|contador[3]  ; clk_50                                  ; clk_50      ; 0.000        ; 0.043      ; 0.583      ;
; 0.456 ; DivisorFrequencia:Divisor_inst|contador[22] ; DivisorFrequencia:Divisor_inst|contador[24] ; clk_50                                  ; clk_50      ; 0.000        ; 0.042      ; 0.582      ;
; 0.457 ; DivisorFrequencia:Divisor_inst|contador[10] ; DivisorFrequencia:Divisor_inst|contador[11] ; clk_50                                  ; clk_50      ; 0.000        ; 0.043      ; 0.584      ;
; 0.458 ; DivisorFrequencia:Divisor_inst|contador[8]  ; DivisorFrequencia:Divisor_inst|contador[9]  ; clk_50                                  ; clk_50      ; 0.000        ; 0.043      ; 0.585      ;
; 0.458 ; DivisorFrequencia:Divisor_inst|contador[6]  ; DivisorFrequencia:Divisor_inst|contador[7]  ; clk_50                                  ; clk_50      ; 0.000        ; 0.043      ; 0.585      ;
; 0.459 ; DivisorFrequencia:Divisor_inst|contador[0]  ; DivisorFrequencia:Divisor_inst|contador[2]  ; clk_50                                  ; clk_50      ; 0.000        ; 0.043      ; 0.586      ;
; 0.461 ; DivisorFrequencia:Divisor_inst|contador[10] ; DivisorFrequencia:Divisor_inst|contador[12] ; clk_50                                  ; clk_50      ; 0.000        ; 0.042      ; 0.587      ;
; 0.461 ; DivisorFrequencia:Divisor_inst|contador[8]  ; DivisorFrequencia:Divisor_inst|contador[10] ; clk_50                                  ; clk_50      ; 0.000        ; 0.043      ; 0.588      ;
; 0.461 ; DivisorFrequencia:Divisor_inst|contador[6]  ; DivisorFrequencia:Divisor_inst|contador[8]  ; clk_50                                  ; clk_50      ; 0.000        ; 0.043      ; 0.588      ;
; 0.463 ; DivisorFrequencia:Divisor_inst|contador[4]  ; DivisorFrequencia:Divisor_inst|contador[6]  ; clk_50                                  ; clk_50      ; 0.000        ; 0.043      ; 0.590      ;
; 0.504 ; DivisorFrequencia:Divisor_inst|contador[13] ; DivisorFrequencia:Divisor_inst|contador[15] ; clk_50                                  ; clk_50      ; 0.000        ; 0.042      ; 0.630      ;
; 0.504 ; DivisorFrequencia:Divisor_inst|contador[17] ; DivisorFrequencia:Divisor_inst|contador[19] ; clk_50                                  ; clk_50      ; 0.000        ; 0.042      ; 0.630      ;
; 0.504 ; DivisorFrequencia:Divisor_inst|contador[15] ; DivisorFrequencia:Divisor_inst|contador[17] ; clk_50                                  ; clk_50      ; 0.000        ; 0.042      ; 0.630      ;
; 0.505 ; DivisorFrequencia:Divisor_inst|contador[19] ; DivisorFrequencia:Divisor_inst|contador[21] ; clk_50                                  ; clk_50      ; 0.000        ; 0.042      ; 0.631      ;
; 0.507 ; DivisorFrequencia:Divisor_inst|contador[13] ; DivisorFrequencia:Divisor_inst|contador[16] ; clk_50                                  ; clk_50      ; 0.000        ; 0.042      ; 0.633      ;
; 0.507 ; DivisorFrequencia:Divisor_inst|contador[17] ; DivisorFrequencia:Divisor_inst|contador[20] ; clk_50                                  ; clk_50      ; 0.000        ; 0.042      ; 0.633      ;
; 0.507 ; DivisorFrequencia:Divisor_inst|contador[15] ; DivisorFrequencia:Divisor_inst|contador[18] ; clk_50                                  ; clk_50      ; 0.000        ; 0.042      ; 0.633      ;
; 0.508 ; DivisorFrequencia:Divisor_inst|contador[19] ; DivisorFrequencia:Divisor_inst|contador[22] ; clk_50                                  ; clk_50      ; 0.000        ; 0.042      ; 0.634      ;
; 0.508 ; DivisorFrequencia:Divisor_inst|contador[11] ; DivisorFrequencia:Divisor_inst|contador[12] ; clk_50                                  ; clk_50      ; 0.000        ; 0.042      ; 0.634      ;
; 0.509 ; DivisorFrequencia:Divisor_inst|contador[21] ; DivisorFrequencia:Divisor_inst|contador[22] ; clk_50                                  ; clk_50      ; 0.000        ; 0.042      ; 0.635      ;
; 0.509 ; DivisorFrequencia:Divisor_inst|contador[9]  ; DivisorFrequencia:Divisor_inst|contador[11] ; clk_50                                  ; clk_50      ; 0.000        ; 0.043      ; 0.636      ;
; 0.510 ; DivisorFrequencia:Divisor_inst|contador[7]  ; DivisorFrequencia:Divisor_inst|contador[9]  ; clk_50                                  ; clk_50      ; 0.000        ; 0.043      ; 0.637      ;
; 0.511 ; DivisorFrequencia:Divisor_inst|contador[1]  ; DivisorFrequencia:Divisor_inst|contador[3]  ; clk_50                                  ; clk_50      ; 0.000        ; 0.043      ; 0.638      ;
; 0.512 ; DivisorFrequencia:Divisor_inst|contador[5]  ; DivisorFrequencia:Divisor_inst|contador[7]  ; clk_50                                  ; clk_50      ; 0.000        ; 0.043      ; 0.639      ;
; 0.513 ; DivisorFrequencia:Divisor_inst|contador[9]  ; DivisorFrequencia:Divisor_inst|contador[12] ; clk_50                                  ; clk_50      ; 0.000        ; 0.042      ; 0.639      ;
; 0.513 ; DivisorFrequencia:Divisor_inst|contador[7]  ; DivisorFrequencia:Divisor_inst|contador[10] ; clk_50                                  ; clk_50      ; 0.000        ; 0.043      ; 0.640      ;
; 0.513 ; DivisorFrequencia:Divisor_inst|contador[3]  ; DivisorFrequencia:Divisor_inst|contador[6]  ; clk_50                                  ; clk_50      ; 0.000        ; 0.043      ; 0.640      ;
; 0.515 ; DivisorFrequencia:Divisor_inst|contador[5]  ; DivisorFrequencia:Divisor_inst|contador[8]  ; clk_50                                  ; clk_50      ; 0.000        ; 0.043      ; 0.642      ;
; 0.516 ; DivisorFrequencia:Divisor_inst|contador[12] ; DivisorFrequencia:Divisor_inst|contador[15] ; clk_50                                  ; clk_50      ; 0.000        ; 0.042      ; 0.642      ;
; 0.517 ; DivisorFrequencia:Divisor_inst|contador[14] ; DivisorFrequencia:Divisor_inst|contador[17] ; clk_50                                  ; clk_50      ; 0.000        ; 0.042      ; 0.643      ;
; 0.517 ; DivisorFrequencia:Divisor_inst|contador[18] ; DivisorFrequencia:Divisor_inst|contador[21] ; clk_50                                  ; clk_50      ; 0.000        ; 0.042      ; 0.643      ;
; 0.518 ; DivisorFrequencia:Divisor_inst|contador[20] ; DivisorFrequencia:Divisor_inst|contador[23] ; clk_50                                  ; clk_50      ; 0.000        ; 0.042      ; 0.644      ;
; 0.518 ; DivisorFrequencia:Divisor_inst|contador[16] ; DivisorFrequencia:Divisor_inst|contador[19] ; clk_50                                  ; clk_50      ; 0.000        ; 0.042      ; 0.644      ;
; 0.519 ; DivisorFrequencia:Divisor_inst|contador[12] ; DivisorFrequencia:Divisor_inst|contador[16] ; clk_50                                  ; clk_50      ; 0.000        ; 0.042      ; 0.645      ;
; 0.520 ; DivisorFrequencia:Divisor_inst|contador[14] ; DivisorFrequencia:Divisor_inst|contador[18] ; clk_50                                  ; clk_50      ; 0.000        ; 0.042      ; 0.646      ;
; 0.520 ; DivisorFrequencia:Divisor_inst|contador[18] ; DivisorFrequencia:Divisor_inst|contador[22] ; clk_50                                  ; clk_50      ; 0.000        ; 0.042      ; 0.646      ;
; 0.521 ; DivisorFrequencia:Divisor_inst|contador[20] ; DivisorFrequencia:Divisor_inst|contador[24] ; clk_50                                  ; clk_50      ; 0.000        ; 0.042      ; 0.647      ;
; 0.521 ; DivisorFrequencia:Divisor_inst|contador[16] ; DivisorFrequencia:Divisor_inst|contador[20] ; clk_50                                  ; clk_50      ; 0.000        ; 0.042      ; 0.647      ;
; 0.522 ; DivisorFrequencia:Divisor_inst|contador[0]  ; DivisorFrequencia:Divisor_inst|contador[3]  ; clk_50                                  ; clk_50      ; 0.000        ; 0.043      ; 0.649      ;
; 0.524 ; DivisorFrequencia:Divisor_inst|contador[10] ; DivisorFrequencia:Divisor_inst|contador[13] ; clk_50                                  ; clk_50      ; 0.000        ; 0.042      ; 0.650      ;
; 0.524 ; DivisorFrequencia:Divisor_inst|contador[8]  ; DivisorFrequencia:Divisor_inst|contador[11] ; clk_50                                  ; clk_50      ; 0.000        ; 0.043      ; 0.651      ;
; 0.524 ; DivisorFrequencia:Divisor_inst|contador[6]  ; DivisorFrequencia:Divisor_inst|contador[9]  ; clk_50                                  ; clk_50      ; 0.000        ; 0.043      ; 0.651      ;
; 0.525 ; DivisorFrequencia:Divisor_inst|contador[2]  ; DivisorFrequencia:Divisor_inst|contador[6]  ; clk_50                                  ; clk_50      ; 0.000        ; 0.043      ; 0.652      ;
; 0.526 ; DivisorFrequencia:Divisor_inst|contador[4]  ; DivisorFrequencia:Divisor_inst|contador[7]  ; clk_50                                  ; clk_50      ; 0.000        ; 0.043      ; 0.653      ;
; 0.527 ; DivisorFrequencia:Divisor_inst|contador[10] ; DivisorFrequencia:Divisor_inst|contador[14] ; clk_50                                  ; clk_50      ; 0.000        ; 0.042      ; 0.653      ;
; 0.527 ; DivisorFrequencia:Divisor_inst|contador[6]  ; DivisorFrequencia:Divisor_inst|contador[10] ; clk_50                                  ; clk_50      ; 0.000        ; 0.043      ; 0.654      ;
; 0.528 ; DivisorFrequencia:Divisor_inst|contador[8]  ; DivisorFrequencia:Divisor_inst|contador[12] ; clk_50                                  ; clk_50      ; 0.000        ; 0.042      ; 0.654      ;
; 0.529 ; DivisorFrequencia:Divisor_inst|contador[4]  ; DivisorFrequencia:Divisor_inst|contador[8]  ; clk_50                                  ; clk_50      ; 0.000        ; 0.043      ; 0.656      ;
; 0.530 ; DivisorFrequencia:Divisor_inst|contador[0]  ; DivisorFrequencia:Divisor_inst|contador[0]  ; clk_50                                  ; clk_50      ; 0.000        ; 0.043      ; 0.657      ;
; 0.570 ; DivisorFrequencia:Divisor_inst|contador[13] ; DivisorFrequencia:Divisor_inst|contador[17] ; clk_50                                  ; clk_50      ; 0.000        ; 0.042      ; 0.696      ;
; 0.570 ; DivisorFrequencia:Divisor_inst|contador[17] ; DivisorFrequencia:Divisor_inst|contador[21] ; clk_50                                  ; clk_50      ; 0.000        ; 0.042      ; 0.696      ;
; 0.570 ; DivisorFrequencia:Divisor_inst|contador[15] ; DivisorFrequencia:Divisor_inst|contador[19] ; clk_50                                  ; clk_50      ; 0.000        ; 0.042      ; 0.696      ;
; 0.571 ; DivisorFrequencia:Divisor_inst|contador[19] ; DivisorFrequencia:Divisor_inst|contador[23] ; clk_50                                  ; clk_50      ; 0.000        ; 0.042      ; 0.697      ;
; 0.571 ; DivisorFrequencia:Divisor_inst|contador[11] ; DivisorFrequencia:Divisor_inst|contador[13] ; clk_50                                  ; clk_50      ; 0.000        ; 0.042      ; 0.697      ;
; 0.572 ; DivisorFrequencia:Divisor_inst|contador[21] ; DivisorFrequencia:Divisor_inst|contador[23] ; clk_50                                  ; clk_50      ; 0.000        ; 0.042      ; 0.698      ;
; 0.573 ; DivisorFrequencia:Divisor_inst|contador[1]  ; DivisorFrequencia:Divisor_inst|contador[1]  ; clk_50                                  ; clk_50      ; 0.000        ; 0.043      ; 0.700      ;
; 0.573 ; DivisorFrequencia:Divisor_inst|contador[13] ; DivisorFrequencia:Divisor_inst|contador[18] ; clk_50                                  ; clk_50      ; 0.000        ; 0.042      ; 0.699      ;
; 0.573 ; DivisorFrequencia:Divisor_inst|contador[17] ; DivisorFrequencia:Divisor_inst|contador[22] ; clk_50                                  ; clk_50      ; 0.000        ; 0.042      ; 0.699      ;
+-------+---------------------------------------------+---------------------------------------------+-----------------------------------------+-------------+--------------+------------+------------+


+------------------------------------------------------------------------------------------------------------------------------------------------------------------------------------------------------------------------------+
; Fast 1200mV 0C Model Hold: 'DivisorFrequencia:Divisor_inst|clkSaida'                                                                                                                                                         ;
+-------+------------------------------------+----------------------------------------------------+-----------------------------------------+-----------------------------------------+--------------+------------+------------+
; Slack ; From Node                          ; To Node                                            ; Launch Clock                            ; Latch Clock                             ; Relationship ; Clock Skew ; Data Delay ;
+-------+------------------------------------+----------------------------------------------------+-----------------------------------------+-----------------------------------------+--------------+------------+------------+
; 0.401 ; banco:banco_inst|registradores~71  ; ControleSaida:display_controller|valor_exibido[7]  ; DivisorFrequencia:Divisor_inst|clkSaida ; DivisorFrequencia:Divisor_inst|clkSaida ; 0.000        ; 0.044      ; 0.529      ;
; 0.446 ; PC:PC_inst|PC_reg[9]               ; PC:PC_inst|PC_reg[9]                               ; DivisorFrequencia:Divisor_inst|clkSaida ; DivisorFrequencia:Divisor_inst|clkSaida ; 0.000        ; 0.051      ; 0.581      ;
; 0.448 ; PC:PC_inst|PC_reg[12]              ; PC:PC_inst|PC_reg[12]                              ; DivisorFrequencia:Divisor_inst|clkSaida ; DivisorFrequencia:Divisor_inst|clkSaida ; 0.000        ; 0.051      ; 0.583      ;
; 0.448 ; PC:PC_inst|PC_reg[17]              ; PC:PC_inst|PC_reg[17]                              ; DivisorFrequencia:Divisor_inst|clkSaida ; DivisorFrequencia:Divisor_inst|clkSaida ; 0.000        ; 0.051      ; 0.583      ;
; 0.456 ; PC:PC_inst|PC_reg[15]              ; PC:PC_inst|PC_reg[15]                              ; DivisorFrequencia:Divisor_inst|clkSaida ; DivisorFrequencia:Divisor_inst|clkSaida ; 0.000        ; 0.051      ; 0.591      ;
; 0.533 ; banco:banco_inst|registradores~78  ; ControleSaida:display_controller|valor_exibido[14] ; DivisorFrequencia:Divisor_inst|clkSaida ; DivisorFrequencia:Divisor_inst|clkSaida ; 0.000        ; 0.057      ; 0.674      ;
; 0.544 ; banco:banco_inst|registradores~73  ; ControleSaida:display_controller|valor_exibido[9]  ; DivisorFrequencia:Divisor_inst|clkSaida ; DivisorFrequencia:Divisor_inst|clkSaida ; 0.000        ; 0.051      ; 0.679      ;
; 0.554 ; banco:banco_inst|registradores~79  ; ControleSaida:display_controller|valor_exibido[15] ; DivisorFrequencia:Divisor_inst|clkSaida ; DivisorFrequencia:Divisor_inst|clkSaida ; 0.000        ; 0.048      ; 0.686      ;
; 0.555 ; PC:PC_inst|PC_reg[10]              ; PC:PC_inst|PC_reg[10]                              ; DivisorFrequencia:Divisor_inst|clkSaida ; DivisorFrequencia:Divisor_inst|clkSaida ; 0.000        ; 0.051      ; 0.690      ;
; 0.556 ; banco:banco_inst|registradores~74  ; ControleSaida:display_controller|valor_exibido[10] ; DivisorFrequencia:Divisor_inst|clkSaida ; DivisorFrequencia:Divisor_inst|clkSaida ; 0.000        ; 0.051      ; 0.691      ;
; 0.565 ; banco:banco_inst|registradores~81  ; ControleSaida:display_controller|valor_exibido[17] ; DivisorFrequencia:Divisor_inst|clkSaida ; DivisorFrequencia:Divisor_inst|clkSaida ; 0.000        ; 0.252      ; 0.901      ;
; 0.566 ; PC:PC_inst|PC_reg[11]              ; PC:PC_inst|PC_reg[11]                              ; DivisorFrequencia:Divisor_inst|clkSaida ; DivisorFrequencia:Divisor_inst|clkSaida ; 0.000        ; 0.051      ; 0.701      ;
; 0.593 ; banco:banco_inst|registradores~181 ; ControleSaida:display_controller|valor_exibido[21] ; DivisorFrequencia:Divisor_inst|clkSaida ; DivisorFrequencia:Divisor_inst|clkSaida ; 0.000        ; 0.079      ; 0.756      ;
; 0.595 ; PC:PC_inst|PC_reg[11]              ; PC:PC_inst|PC_reg[12]                              ; DivisorFrequencia:Divisor_inst|clkSaida ; DivisorFrequencia:Divisor_inst|clkSaida ; 0.000        ; 0.051      ; 0.730      ;
; 0.609 ; PC:PC_inst|PC_reg[10]              ; PC:PC_inst|PC_reg[12]                              ; DivisorFrequencia:Divisor_inst|clkSaida ; DivisorFrequencia:Divisor_inst|clkSaida ; 0.000        ; 0.051      ; 0.744      ;
; 0.611 ; PC:PC_inst|PC_reg[16]              ; PC:PC_inst|PC_reg[16]                              ; DivisorFrequencia:Divisor_inst|clkSaida ; DivisorFrequencia:Divisor_inst|clkSaida ; 0.000        ; 0.051      ; 0.746      ;
; 0.661 ; PC:PC_inst|PC_reg[9]               ; PC:PC_inst|PC_reg[12]                              ; DivisorFrequencia:Divisor_inst|clkSaida ; DivisorFrequencia:Divisor_inst|clkSaida ; 0.000        ; 0.051      ; 0.796      ;
; 0.664 ; banco:banco_inst|registradores~69  ; ControleSaida:display_controller|valor_exibido[5]  ; DivisorFrequencia:Divisor_inst|clkSaida ; DivisorFrequencia:Divisor_inst|clkSaida ; 0.000        ; 0.049      ; 0.797      ;
; 0.680 ; banco:banco_inst|registradores~66  ; ControleSaida:display_controller|valor_exibido[2]  ; DivisorFrequencia:Divisor_inst|clkSaida ; DivisorFrequencia:Divisor_inst|clkSaida ; 0.000        ; 0.036      ; 0.800      ;
; 0.683 ; PC:PC_inst|PC_reg[12]              ; PC:PC_inst|PC_reg[15]                              ; DivisorFrequencia:Divisor_inst|clkSaida ; DivisorFrequencia:Divisor_inst|clkSaida ; 0.000        ; 0.051      ; 0.818      ;
; 0.698 ; PC:PC_inst|PC_reg[14]              ; PC:PC_inst|PC_reg[15]                              ; DivisorFrequencia:Divisor_inst|clkSaida ; DivisorFrequencia:Divisor_inst|clkSaida ; 0.000        ; 0.050      ; 0.832      ;
; 0.702 ; PC:PC_inst|PC_reg[9]               ; PC:PC_inst|PC_reg[10]                              ; DivisorFrequencia:Divisor_inst|clkSaida ; DivisorFrequencia:Divisor_inst|clkSaida ; 0.000        ; 0.051      ; 0.837      ;
; 0.705 ; banco:banco_inst|registradores~195 ; ControleSaida:display_controller|valor_exibido[3]  ; DivisorFrequencia:Divisor_inst|clkSaida ; DivisorFrequencia:Divisor_inst|clkSaida ; 0.000        ; 0.050      ; 0.839      ;
; 0.708 ; PC:PC_inst|PC_reg[16]              ; PC:PC_inst|PC_reg[17]                              ; DivisorFrequencia:Divisor_inst|clkSaida ; DivisorFrequencia:Divisor_inst|clkSaida ; 0.000        ; 0.051      ; 0.843      ;
; 0.726 ; PC:PC_inst|PC_reg[10]              ; PC:PC_inst|PC_reg[11]                              ; DivisorFrequencia:Divisor_inst|clkSaida ; DivisorFrequencia:Divisor_inst|clkSaida ; 0.000        ; 0.051      ; 0.861      ;
; 0.734 ; PC:PC_inst|PC_reg[13]              ; PC:PC_inst|PC_reg[15]                              ; DivisorFrequencia:Divisor_inst|clkSaida ; DivisorFrequencia:Divisor_inst|clkSaida ; 0.000        ; 0.050      ; 0.868      ;
; 0.735 ; PC:PC_inst|PC_reg[11]              ; PC:PC_inst|PC_reg[15]                              ; DivisorFrequencia:Divisor_inst|clkSaida ; DivisorFrequencia:Divisor_inst|clkSaida ; 0.000        ; 0.051      ; 0.870      ;
; 0.736 ; banco:banco_inst|registradores~236 ; ControleSaida:display_controller|valor_exibido[12] ; DivisorFrequencia:Divisor_inst|clkSaida ; DivisorFrequencia:Divisor_inst|clkSaida ; 0.000        ; 0.070      ; 0.890      ;
; 0.741 ; banco:banco_inst|registradores~244 ; ControleSaida:display_controller|valor_exibido[20] ; DivisorFrequencia:Divisor_inst|clkSaida ; DivisorFrequencia:Divisor_inst|clkSaida ; 0.000        ; 0.083      ; 0.908      ;
; 0.749 ; PC:PC_inst|PC_reg[10]              ; PC:PC_inst|PC_reg[15]                              ; DivisorFrequencia:Divisor_inst|clkSaida ; DivisorFrequencia:Divisor_inst|clkSaida ; 0.000        ; 0.051      ; 0.884      ;
; 0.759 ; PC:PC_inst|PC_reg[7]               ; PC:PC_inst|PC_reg[9]                               ; DivisorFrequencia:Divisor_inst|clkSaida ; DivisorFrequencia:Divisor_inst|clkSaida ; 0.000        ; 0.017      ; 0.860      ;
; 0.759 ; PC:PC_inst|PC_reg[15]              ; PC:PC_inst|PC_reg[16]                              ; DivisorFrequencia:Divisor_inst|clkSaida ; DivisorFrequencia:Divisor_inst|clkSaida ; 0.000        ; 0.051      ; 0.894      ;
; 0.761 ; PC:PC_inst|PC_reg[15]              ; PC:PC_inst|PC_reg[17]                              ; DivisorFrequencia:Divisor_inst|clkSaida ; DivisorFrequencia:Divisor_inst|clkSaida ; 0.000        ; 0.051      ; 0.896      ;
; 0.769 ; PC:PC_inst|PC_reg[8]               ; PC:PC_inst|PC_reg[9]                               ; DivisorFrequencia:Divisor_inst|clkSaida ; DivisorFrequencia:Divisor_inst|clkSaida ; 0.000        ; 0.050      ; 0.903      ;
; 0.778 ; PC:PC_inst|PC_reg[9]               ; PC:PC_inst|PC_reg[11]                              ; DivisorFrequencia:Divisor_inst|clkSaida ; DivisorFrequencia:Divisor_inst|clkSaida ; 0.000        ; 0.051      ; 0.913      ;
; 0.785 ; PC:PC_inst|PC_reg[6]               ; PC:PC_inst|PC_reg[9]                               ; DivisorFrequencia:Divisor_inst|clkSaida ; DivisorFrequencia:Divisor_inst|clkSaida ; 0.000        ; 0.017      ; 0.886      ;
; 0.793 ; banco:banco_inst|registradores~194 ; ControleSaida:display_controller|valor_exibido[2]  ; DivisorFrequencia:Divisor_inst|clkSaida ; DivisorFrequencia:Divisor_inst|clkSaida ; 0.000        ; 0.050      ; 0.927      ;
; 0.795 ; banco:banco_inst|registradores~227 ; ControleSaida:display_controller|valor_exibido[3]  ; DivisorFrequencia:Divisor_inst|clkSaida ; DivisorFrequencia:Divisor_inst|clkSaida ; 0.000        ; 0.244      ; 1.123      ;
; 0.801 ; banco:banco_inst|registradores~191 ; ControleSaida:display_controller|valor_exibido[31] ; DivisorFrequencia:Divisor_inst|clkSaida ; DivisorFrequencia:Divisor_inst|clkSaida ; 0.000        ; 0.073      ; 0.958      ;
; 0.801 ; PC:PC_inst|PC_reg[9]               ; PC:PC_inst|PC_reg[15]                              ; DivisorFrequencia:Divisor_inst|clkSaida ; DivisorFrequencia:Divisor_inst|clkSaida ; 0.000        ; 0.051      ; 0.936      ;
; 0.828 ; PC:PC_inst|PC_reg[7]               ; PC:PC_inst|PC_reg[12]                              ; DivisorFrequencia:Divisor_inst|clkSaida ; DivisorFrequencia:Divisor_inst|clkSaida ; 0.000        ; 0.017      ; 0.929      ;
; 0.836 ; banco:banco_inst|registradores~102 ; ControleSaida:display_controller|valor_exibido[6]  ; DivisorFrequencia:Divisor_inst|clkSaida ; DivisorFrequencia:Divisor_inst|clkSaida ; 0.000        ; 0.254      ; 1.174      ;
; 0.838 ; PC:PC_inst|PC_reg[8]               ; PC:PC_inst|PC_reg[12]                              ; DivisorFrequencia:Divisor_inst|clkSaida ; DivisorFrequencia:Divisor_inst|clkSaida ; 0.000        ; 0.050      ; 0.972      ;
; 0.839 ; banco:banco_inst|registradores~106 ; ControleSaida:display_controller|valor_exibido[10] ; DivisorFrequencia:Divisor_inst|clkSaida ; DivisorFrequencia:Divisor_inst|clkSaida ; 0.000        ; 0.055      ; 0.978      ;
; 0.840 ; PC:PC_inst|PC_reg[12]              ; PC:PC_inst|PC_reg[16]                              ; DivisorFrequencia:Divisor_inst|clkSaida ; DivisorFrequencia:Divisor_inst|clkSaida ; 0.000        ; 0.051      ; 0.975      ;
; 0.842 ; PC:PC_inst|PC_reg[12]              ; PC:PC_inst|PC_reg[17]                              ; DivisorFrequencia:Divisor_inst|clkSaida ; DivisorFrequencia:Divisor_inst|clkSaida ; 0.000        ; 0.051      ; 0.977      ;
; 0.844 ; banco:banco_inst|registradores~204 ; ControleSaida:display_controller|valor_exibido[12] ; DivisorFrequencia:Divisor_inst|clkSaida ; DivisorFrequencia:Divisor_inst|clkSaida ; 0.000        ; 0.055      ; 0.983      ;
; 0.851 ; banco:banco_inst|registradores~180 ; ControleSaida:display_controller|valor_exibido[20] ; DivisorFrequencia:Divisor_inst|clkSaida ; DivisorFrequencia:Divisor_inst|clkSaida ; 0.000        ; 0.079      ; 1.014      ;
; 0.854 ; PC:PC_inst|PC_reg[6]               ; PC:PC_inst|PC_reg[12]                              ; DivisorFrequencia:Divisor_inst|clkSaida ; DivisorFrequencia:Divisor_inst|clkSaida ; 0.000        ; 0.017      ; 0.955      ;
; 0.855 ; banco:banco_inst|registradores~162 ; ControleSaida:display_controller|valor_exibido[2]  ; DivisorFrequencia:Divisor_inst|clkSaida ; DivisorFrequencia:Divisor_inst|clkSaida ; 0.000        ; 0.034      ; 0.973      ;
; 0.855 ; PC:PC_inst|PC_reg[14]              ; PC:PC_inst|PC_reg[16]                              ; DivisorFrequencia:Divisor_inst|clkSaida ; DivisorFrequencia:Divisor_inst|clkSaida ; 0.000        ; 0.050      ; 0.989      ;
; 0.857 ; PC:PC_inst|PC_reg[14]              ; PC:PC_inst|PC_reg[17]                              ; DivisorFrequencia:Divisor_inst|clkSaida ; DivisorFrequencia:Divisor_inst|clkSaida ; 0.000        ; 0.050      ; 0.991      ;
; 0.864 ; banco:banco_inst|registradores~239 ; ControleSaida:display_controller|valor_exibido[15] ; DivisorFrequencia:Divisor_inst|clkSaida ; DivisorFrequencia:Divisor_inst|clkSaida ; 0.000        ; 0.242      ; 1.190      ;
; 0.869 ; PC:PC_inst|PC_reg[7]               ; PC:PC_inst|PC_reg[10]                              ; DivisorFrequencia:Divisor_inst|clkSaida ; DivisorFrequencia:Divisor_inst|clkSaida ; 0.000        ; 0.017      ; 0.970      ;
; 0.872 ; banco:banco_inst|registradores~201 ; ControleSaida:display_controller|valor_exibido[9]  ; DivisorFrequencia:Divisor_inst|clkSaida ; DivisorFrequencia:Divisor_inst|clkSaida ; 0.000        ; 0.055      ; 1.011      ;
; 0.879 ; PC:PC_inst|PC_reg[8]               ; PC:PC_inst|PC_reg[10]                              ; DivisorFrequencia:Divisor_inst|clkSaida ; DivisorFrequencia:Divisor_inst|clkSaida ; 0.000        ; 0.050      ; 1.013      ;
; 0.890 ; banco:banco_inst|registradores~124 ; ControleSaida:display_controller|valor_exibido[28] ; DivisorFrequencia:Divisor_inst|clkSaida ; DivisorFrequencia:Divisor_inst|clkSaida ; 0.000        ; 0.249      ; 1.223      ;
; 0.891 ; PC:PC_inst|PC_reg[13]              ; PC:PC_inst|PC_reg[16]                              ; DivisorFrequencia:Divisor_inst|clkSaida ; DivisorFrequencia:Divisor_inst|clkSaida ; 0.000        ; 0.050      ; 1.025      ;
; 0.892 ; PC:PC_inst|PC_reg[11]              ; PC:PC_inst|PC_reg[16]                              ; DivisorFrequencia:Divisor_inst|clkSaida ; DivisorFrequencia:Divisor_inst|clkSaida ; 0.000        ; 0.051      ; 1.027      ;
; 0.893 ; PC:PC_inst|PC_reg[13]              ; PC:PC_inst|PC_reg[17]                              ; DivisorFrequencia:Divisor_inst|clkSaida ; DivisorFrequencia:Divisor_inst|clkSaida ; 0.000        ; 0.050      ; 1.027      ;
; 0.894 ; PC:PC_inst|PC_reg[11]              ; PC:PC_inst|PC_reg[17]                              ; DivisorFrequencia:Divisor_inst|clkSaida ; DivisorFrequencia:Divisor_inst|clkSaida ; 0.000        ; 0.051      ; 1.029      ;
; 0.895 ; PC:PC_inst|PC_reg[6]               ; PC:PC_inst|PC_reg[10]                              ; DivisorFrequencia:Divisor_inst|clkSaida ; DivisorFrequencia:Divisor_inst|clkSaida ; 0.000        ; 0.017      ; 0.996      ;
; 0.896 ; banco:banco_inst|registradores~111 ; ControleSaida:display_controller|valor_exibido[15] ; DivisorFrequencia:Divisor_inst|clkSaida ; DivisorFrequencia:Divisor_inst|clkSaida ; 0.000        ; 0.050      ; 1.030      ;
; 0.902 ; banco:banco_inst|registradores~68  ; ControleSaida:display_controller|valor_exibido[4]  ; DivisorFrequencia:Divisor_inst|clkSaida ; DivisorFrequencia:Divisor_inst|clkSaida ; 0.000        ; 0.048      ; 1.034      ;
; 0.905 ; banco:banco_inst|registradores~98  ; ControleSaida:display_controller|valor_exibido[2]  ; DivisorFrequencia:Divisor_inst|clkSaida ; DivisorFrequencia:Divisor_inst|clkSaida ; 0.000        ; 0.233      ; 1.222      ;
; 0.906 ; PC:PC_inst|PC_reg[10]              ; PC:PC_inst|PC_reg[16]                              ; DivisorFrequencia:Divisor_inst|clkSaida ; DivisorFrequencia:Divisor_inst|clkSaida ; 0.000        ; 0.051      ; 1.041      ;
; 0.907 ; banco:banco_inst|registradores~170 ; ControleSaida:display_controller|valor_exibido[10] ; DivisorFrequencia:Divisor_inst|clkSaida ; DivisorFrequencia:Divisor_inst|clkSaida ; 0.000        ; 0.058      ; 1.049      ;
; 0.908 ; banco:banco_inst|registradores~163 ; ControleSaida:display_controller|valor_exibido[3]  ; DivisorFrequencia:Divisor_inst|clkSaida ; DivisorFrequencia:Divisor_inst|clkSaida ; 0.000        ; 0.041      ; 1.033      ;
; 0.908 ; PC:PC_inst|PC_reg[10]              ; PC:PC_inst|PC_reg[17]                              ; DivisorFrequencia:Divisor_inst|clkSaida ; DivisorFrequencia:Divisor_inst|clkSaida ; 0.000        ; 0.051      ; 1.043      ;
; 0.920 ; banco:banco_inst|registradores~100 ; ControleSaida:display_controller|valor_exibido[4]  ; DivisorFrequencia:Divisor_inst|clkSaida ; DivisorFrequencia:Divisor_inst|clkSaida ; 0.000        ; 0.241      ; 1.245      ;
; 0.922 ; banco:banco_inst|registradores~84  ; ControleSaida:display_controller|valor_exibido[20] ; DivisorFrequencia:Divisor_inst|clkSaida ; DivisorFrequencia:Divisor_inst|clkSaida ; 0.000        ; 0.066      ; 1.072      ;
; 0.925 ; PC:PC_inst|PC_reg[6]               ; PC:PC_inst|PC_reg[6]                               ; DivisorFrequencia:Divisor_inst|clkSaida ; DivisorFrequencia:Divisor_inst|clkSaida ; 0.000        ; 0.052      ; 1.061      ;
; 0.928 ; banco:banco_inst|registradores~233 ; ControleSaida:display_controller|valor_exibido[9]  ; DivisorFrequencia:Divisor_inst|clkSaida ; DivisorFrequencia:Divisor_inst|clkSaida ; 0.000        ; 0.059      ; 1.071      ;
; 0.930 ; banco:banco_inst|registradores~199 ; ControleSaida:display_controller|valor_exibido[7]  ; DivisorFrequencia:Divisor_inst|clkSaida ; DivisorFrequencia:Divisor_inst|clkSaida ; 0.000        ; 0.058      ; 1.072      ;
; 0.939 ; banco:banco_inst|registradores~52  ; ControleSaida:display_controller|valor_exibido[20] ; DivisorFrequencia:Divisor_inst|clkSaida ; DivisorFrequencia:Divisor_inst|clkSaida ; 0.000        ; 0.070      ; 1.093      ;
; 0.940 ; banco:banco_inst|registradores~121 ; ControleSaida:display_controller|valor_exibido[25] ; DivisorFrequencia:Divisor_inst|clkSaida ; DivisorFrequencia:Divisor_inst|clkSaida ; 0.000        ; 0.071      ; 1.095      ;
; 0.945 ; PC:PC_inst|PC_reg[7]               ; PC:PC_inst|PC_reg[11]                              ; DivisorFrequencia:Divisor_inst|clkSaida ; DivisorFrequencia:Divisor_inst|clkSaida ; 0.000        ; 0.017      ; 1.046      ;
; 0.955 ; PC:PC_inst|PC_reg[8]               ; PC:PC_inst|PC_reg[11]                              ; DivisorFrequencia:Divisor_inst|clkSaida ; DivisorFrequencia:Divisor_inst|clkSaida ; 0.000        ; 0.050      ; 1.089      ;
; 0.956 ; banco:banco_inst|registradores~167 ; ControleSaida:display_controller|valor_exibido[7]  ; DivisorFrequencia:Divisor_inst|clkSaida ; DivisorFrequencia:Divisor_inst|clkSaida ; 0.000        ; 0.241      ; 1.281      ;
; 0.956 ; banco:banco_inst|registradores~185 ; ControleSaida:display_controller|valor_exibido[25] ; DivisorFrequencia:Divisor_inst|clkSaida ; DivisorFrequencia:Divisor_inst|clkSaida ; 0.000        ; 0.064      ; 1.104      ;
; 0.958 ; PC:PC_inst|PC_reg[9]               ; PC:PC_inst|PC_reg[16]                              ; DivisorFrequencia:Divisor_inst|clkSaida ; DivisorFrequencia:Divisor_inst|clkSaida ; 0.000        ; 0.051      ; 1.093      ;
; 0.959 ; banco:banco_inst|registradores~42  ; ControleSaida:display_controller|valor_exibido[10] ; DivisorFrequencia:Divisor_inst|clkSaida ; DivisorFrequencia:Divisor_inst|clkSaida ; 0.000        ; 0.067      ; 1.110      ;
; 0.960 ; PC:PC_inst|PC_reg[9]               ; PC:PC_inst|PC_reg[17]                              ; DivisorFrequencia:Divisor_inst|clkSaida ; DivisorFrequencia:Divisor_inst|clkSaida ; 0.000        ; 0.051      ; 1.095      ;
; 0.964 ; PC:PC_inst|PC_reg[3]               ; PC:PC_inst|PC_reg[9]                               ; DivisorFrequencia:Divisor_inst|clkSaida ; DivisorFrequencia:Divisor_inst|clkSaida ; 0.000        ; 0.235      ; 1.283      ;
; 0.968 ; PC:PC_inst|PC_reg[7]               ; PC:PC_inst|PC_reg[15]                              ; DivisorFrequencia:Divisor_inst|clkSaida ; DivisorFrequencia:Divisor_inst|clkSaida ; 0.000        ; 0.017      ; 1.069      ;
; 0.969 ; banco:banco_inst|registradores~196 ; ControleSaida:display_controller|valor_exibido[4]  ; DivisorFrequencia:Divisor_inst|clkSaida ; DivisorFrequencia:Divisor_inst|clkSaida ; 0.000        ; 0.050      ; 1.103      ;
; 0.971 ; PC:PC_inst|PC_reg[6]               ; PC:PC_inst|PC_reg[11]                              ; DivisorFrequencia:Divisor_inst|clkSaida ; DivisorFrequencia:Divisor_inst|clkSaida ; 0.000        ; 0.017      ; 1.072      ;
; 0.976 ; banco:banco_inst|registradores~213 ; ControleSaida:display_controller|valor_exibido[21] ; DivisorFrequencia:Divisor_inst|clkSaida ; DivisorFrequencia:Divisor_inst|clkSaida ; 0.000        ; 0.066      ; 1.126      ;
; 0.978 ; banco:banco_inst|registradores~211 ; ControleSaida:display_controller|valor_exibido[19] ; DivisorFrequencia:Divisor_inst|clkSaida ; DivisorFrequencia:Divisor_inst|clkSaida ; 0.000        ; 0.083      ; 1.145      ;
; 0.978 ; PC:PC_inst|PC_reg[8]               ; PC:PC_inst|PC_reg[15]                              ; DivisorFrequencia:Divisor_inst|clkSaida ; DivisorFrequencia:Divisor_inst|clkSaida ; 0.000        ; 0.050      ; 1.112      ;
; 0.990 ; banco:banco_inst|registradores~91  ; ControleSaida:display_controller|valor_exibido[27] ; DivisorFrequencia:Divisor_inst|clkSaida ; DivisorFrequencia:Divisor_inst|clkSaida ; 0.000        ; 0.062      ; 1.136      ;
; 0.993 ; PC:PC_inst|PC_reg[5]               ; PC:PC_inst|PC_reg[6]                               ; DivisorFrequencia:Divisor_inst|clkSaida ; DivisorFrequencia:Divisor_inst|clkSaida ; 0.000        ; 0.264      ; 1.341      ;
; 0.993 ; PC:PC_inst|PC_reg[4]               ; PC:PC_inst|PC_reg[6]                               ; DivisorFrequencia:Divisor_inst|clkSaida ; DivisorFrequencia:Divisor_inst|clkSaida ; 0.000        ; 0.264      ; 1.341      ;
; 0.994 ; PC:PC_inst|PC_reg[6]               ; PC:PC_inst|PC_reg[15]                              ; DivisorFrequencia:Divisor_inst|clkSaida ; DivisorFrequencia:Divisor_inst|clkSaida ; 0.000        ; 0.017      ; 1.095      ;
; 0.996 ; banco:banco_inst|registradores~99  ; ControleSaida:display_controller|valor_exibido[3]  ; DivisorFrequencia:Divisor_inst|clkSaida ; DivisorFrequencia:Divisor_inst|clkSaida ; 0.000        ; 0.044      ; 1.124      ;
; 0.996 ; banco:banco_inst|registradores~172 ; ControleSaida:display_controller|valor_exibido[12] ; DivisorFrequencia:Divisor_inst|clkSaida ; DivisorFrequencia:Divisor_inst|clkSaida ; 0.000        ; 0.052      ; 1.132      ;
; 0.997 ; banco:banco_inst|registradores~234 ; ControleSaida:display_controller|valor_exibido[10] ; DivisorFrequencia:Divisor_inst|clkSaida ; DivisorFrequencia:Divisor_inst|clkSaida ; 0.000        ; 0.058      ; 1.139      ;
; 1.002 ; banco:banco_inst|registradores~120 ; ControleSaida:display_controller|valor_exibido[24] ; DivisorFrequencia:Divisor_inst|clkSaida ; DivisorFrequencia:Divisor_inst|clkSaida ; 0.000        ; 0.266      ; 1.352      ;
; 1.006 ; banco:banco_inst|registradores~118 ; ControleSaida:display_controller|valor_exibido[22] ; DivisorFrequencia:Divisor_inst|clkSaida ; DivisorFrequencia:Divisor_inst|clkSaida ; 0.000        ; 0.065      ; 1.155      ;
; 1.008 ; banco:banco_inst|registradores~92  ; ControleSaida:display_controller|valor_exibido[28] ; DivisorFrequencia:Divisor_inst|clkSaida ; DivisorFrequencia:Divisor_inst|clkSaida ; 0.000        ; 0.249      ; 1.341      ;
+-------+------------------------------------+----------------------------------------------------+-----------------------------------------+-----------------------------------------+--------------+------------+------------+


+------------------------------------------------------------------------------------------------------------------------------------------------------------------------+
; Fast 1200mV 0C Model Recovery: 'btn_in'                                                                                                                                ;
+--------+----------------------+---------------------------------------+-----------------------------------------+-------------+--------------+------------+------------+
; Slack  ; From Node            ; To Node                               ; Launch Clock                            ; Latch Clock ; Relationship ; Clock Skew ; Data Delay ;
+--------+----------------------+---------------------------------------+-----------------------------------------+-------------+--------------+------------+------------+
; -0.071 ; PC:PC_inst|PC_reg[4] ; ControleSinal:io_signal_control|saida ; DivisorFrequencia:Divisor_inst|clkSaida ; btn_in      ; 1.000        ; 0.747      ; 1.795      ;
; -0.071 ; PC:PC_inst|PC_reg[5] ; ControleSinal:io_signal_control|saida ; DivisorFrequencia:Divisor_inst|clkSaida ; btn_in      ; 1.000        ; 0.747      ; 1.795      ;
; -0.004 ; PC:PC_inst|PC_reg[1] ; ControleSinal:io_signal_control|saida ; DivisorFrequencia:Divisor_inst|clkSaida ; btn_in      ; 1.000        ; 0.748      ; 1.729      ;
; 0.010  ; PC:PC_inst|PC_reg[2] ; ControleSinal:io_signal_control|saida ; DivisorFrequencia:Divisor_inst|clkSaida ; btn_in      ; 1.000        ; 0.748      ; 1.715      ;
; 0.062  ; PC:PC_inst|PC_reg[3] ; ControleSinal:io_signal_control|saida ; DivisorFrequencia:Divisor_inst|clkSaida ; btn_in      ; 1.000        ; 0.753      ; 1.668      ;
; 0.094  ; PC:PC_inst|PC_reg[0] ; ControleSinal:io_signal_control|saida ; DivisorFrequencia:Divisor_inst|clkSaida ; btn_in      ; 1.000        ; 0.748      ; 1.631      ;
+--------+----------------------+---------------------------------------+-----------------------------------------+-------------+--------------+------------+------------+


+-----------------------------------------------------------------------------------------------------------------------------------------------------------------------+
; Fast 1200mV 0C Model Removal: 'btn_in'                                                                                                                                ;
+-------+----------------------+---------------------------------------+-----------------------------------------+-------------+--------------+------------+------------+
; Slack ; From Node            ; To Node                               ; Launch Clock                            ; Latch Clock ; Relationship ; Clock Skew ; Data Delay ;
+-------+----------------------+---------------------------------------+-----------------------------------------+-------------+--------------+------------+------------+
; 0.378 ; PC:PC_inst|PC_reg[0] ; ControleSinal:io_signal_control|saida ; DivisorFrequencia:Divisor_inst|clkSaida ; btn_in      ; 0.000        ; 0.929      ; 1.421      ;
; 0.415 ; PC:PC_inst|PC_reg[3] ; ControleSinal:io_signal_control|saida ; DivisorFrequencia:Divisor_inst|clkSaida ; btn_in      ; 0.000        ; 0.933      ; 1.462      ;
; 0.444 ; PC:PC_inst|PC_reg[2] ; ControleSinal:io_signal_control|saida ; DivisorFrequencia:Divisor_inst|clkSaida ; btn_in      ; 0.000        ; 0.929      ; 1.487      ;
; 0.471 ; PC:PC_inst|PC_reg[1] ; ControleSinal:io_signal_control|saida ; DivisorFrequencia:Divisor_inst|clkSaida ; btn_in      ; 0.000        ; 0.929      ; 1.514      ;
; 0.514 ; PC:PC_inst|PC_reg[5] ; ControleSinal:io_signal_control|saida ; DivisorFrequencia:Divisor_inst|clkSaida ; btn_in      ; 0.000        ; 0.927      ; 1.555      ;
; 0.528 ; PC:PC_inst|PC_reg[4] ; ControleSinal:io_signal_control|saida ; DivisorFrequencia:Divisor_inst|clkSaida ; btn_in      ; 0.000        ; 0.927      ; 1.569      ;
+-------+----------------------+---------------------------------------+-----------------------------------------+-------------+--------------+------------+------------+


----------------------------------------------
; Fast 1200mV 0C Model Metastability Summary ;
----------------------------------------------
No synchronizer chains to report.


+----------------------------------------------------------------------------------------------------------+
; Multicorner Timing Analysis Summary                                                                      ;
+------------------------------------------+------------+-------+----------+---------+---------------------+
; Clock                                    ; Setup      ; Hold  ; Recovery ; Removal ; Minimum Pulse Width ;
+------------------------------------------+------------+-------+----------+---------+---------------------+
; Worst-case Slack                         ; -137.366   ; 0.199 ; -1.638   ; 0.378   ; -3.000              ;
;  DivisorFrequencia:Divisor_inst|clkSaida ; -137.366   ; 0.401 ; N/A      ; N/A     ; -1.285              ;
;  btn_in                                  ; N/A        ; N/A   ; -1.638   ; 0.378   ; -3.000              ;
;  clk_50                                  ; -3.602     ; 0.199 ; N/A      ; N/A     ; -3.000              ;
; Design-wide TNS                          ; -31033.465 ; 0.0   ; -1.638   ; 0.0     ; -392.785            ;
;  DivisorFrequencia:Divisor_inst|clkSaida ; -30988.034 ; 0.000 ; N/A      ; N/A     ; -352.090            ;
;  btn_in                                  ; N/A        ; N/A   ; -1.638   ; 0.000   ; -4.459              ;
;  clk_50                                  ; -45.431    ; 0.000 ; N/A      ; N/A     ; -36.410             ;
+------------------------------------------+------------+-------+----------+---------+---------------------+


+---------------------------------------------------------------------------------------------------------------------------------------------------------------------------------------------------------------------------------------------------------------------------------------------------------------------------------------------------------------------------------------------------------------------+
; Board Trace Model Assignments                                                                                                                                                                                                                                                                                                                                                                                       ;
+------------------+--------------+-------------------+-------------------------+-------------------------+---------------+---------------------+----------------+------------------+--------+------------------+------------------------+------------------------+--------------+---------------+-----------------+-------+---------------------+--------------------+---------------+-----------------+-------------+
; Pin              ; I/O Standard ; Near Tline Length ; Near Tline L per Length ; Near Tline C per Length ; Near Series R ; Near Differential R ; Near Pull-up R ; Near Pull-down R ; Near C ; Far Tline Length ; Far Tline L per Length ; Far Tline C per Length ; Far Series R ; Far Pull-up R ; Far Pull-down R ; Far C ; Termination Voltage ; Far Differential R ; EBD File Name ; EBD Signal Name ; EBD Far-end ;
+------------------+--------------+-------------------+-------------------------+-------------------------+---------------+---------------------+----------------+------------------+--------+------------------+------------------------+------------------------+--------------+---------------+-----------------+-------+---------------------+--------------------+---------------+-----------------+-------------+
; led_clock        ; 2.5 V        ; 0 in              ; 0 H/in                  ; 0 F/in                  ; short         ; -                   ; open           ; open             ; open   ; 0 in             ; 0 H/in                 ; 0 F/in                 ; short        ; open          ; open            ; open  ; 0 V                 ; -                  ; n/a           ; n/a             ; n/a         ;
; Hex0[0]          ; 2.5 V        ; 0 in              ; 0 H/in                  ; 0 F/in                  ; short         ; -                   ; open           ; open             ; open   ; 0 in             ; 0 H/in                 ; 0 F/in                 ; short        ; open          ; open            ; open  ; 0 V                 ; -                  ; n/a           ; n/a             ; n/a         ;
; Hex0[1]          ; 2.5 V        ; 0 in              ; 0 H/in                  ; 0 F/in                  ; short         ; -                   ; open           ; open             ; open   ; 0 in             ; 0 H/in                 ; 0 F/in                 ; short        ; open          ; open            ; open  ; 0 V                 ; -                  ; n/a           ; n/a             ; n/a         ;
; Hex0[2]          ; 2.5 V        ; 0 in              ; 0 H/in                  ; 0 F/in                  ; short         ; -                   ; open           ; open             ; open   ; 0 in             ; 0 H/in                 ; 0 F/in                 ; short        ; open          ; open            ; open  ; 0 V                 ; -                  ; n/a           ; n/a             ; n/a         ;
; Hex0[3]          ; 2.5 V        ; 0 in              ; 0 H/in                  ; 0 F/in                  ; short         ; -                   ; open           ; open             ; open   ; 0 in             ; 0 H/in                 ; 0 F/in                 ; short        ; open          ; open            ; open  ; 0 V                 ; -                  ; n/a           ; n/a             ; n/a         ;
; Hex0[4]          ; 2.5 V        ; 0 in              ; 0 H/in                  ; 0 F/in                  ; short         ; -                   ; open           ; open             ; open   ; 0 in             ; 0 H/in                 ; 0 F/in                 ; short        ; open          ; open            ; open  ; 0 V                 ; -                  ; n/a           ; n/a             ; n/a         ;
; Hex0[5]          ; 2.5 V        ; 0 in              ; 0 H/in                  ; 0 F/in                  ; short         ; -                   ; open           ; open             ; open   ; 0 in             ; 0 H/in                 ; 0 F/in                 ; short        ; open          ; open            ; open  ; 0 V                 ; -                  ; n/a           ; n/a             ; n/a         ;
; Hex0[6]          ; 2.5 V        ; 0 in              ; 0 H/in                  ; 0 F/in                  ; short         ; -                   ; open           ; open             ; open   ; 0 in             ; 0 H/in                 ; 0 F/in                 ; short        ; open          ; open            ; open  ; 0 V                 ; -                  ; n/a           ; n/a             ; n/a         ;
; Hex1[0]          ; 2.5 V        ; 0 in              ; 0 H/in                  ; 0 F/in                  ; short         ; -                   ; open           ; open             ; open   ; 0 in             ; 0 H/in                 ; 0 F/in                 ; short        ; open          ; open            ; open  ; 0 V                 ; -                  ; n/a           ; n/a             ; n/a         ;
; Hex1[1]          ; 2.5 V        ; 0 in              ; 0 H/in                  ; 0 F/in                  ; short         ; -                   ; open           ; open             ; open   ; 0 in             ; 0 H/in                 ; 0 F/in                 ; short        ; open          ; open            ; open  ; 0 V                 ; -                  ; n/a           ; n/a             ; n/a         ;
; Hex1[2]          ; 2.5 V        ; 0 in              ; 0 H/in                  ; 0 F/in                  ; short         ; -                   ; open           ; open             ; open   ; 0 in             ; 0 H/in                 ; 0 F/in                 ; short        ; open          ; open            ; open  ; 0 V                 ; -                  ; n/a           ; n/a             ; n/a         ;
; Hex1[3]          ; 2.5 V        ; 0 in              ; 0 H/in                  ; 0 F/in                  ; short         ; -                   ; open           ; open             ; open   ; 0 in             ; 0 H/in                 ; 0 F/in                 ; short        ; open          ; open            ; open  ; 0 V                 ; -                  ; n/a           ; n/a             ; n/a         ;
; Hex1[4]          ; 2.5 V        ; 0 in              ; 0 H/in                  ; 0 F/in                  ; short         ; -                   ; open           ; open             ; open   ; 0 in             ; 0 H/in                 ; 0 F/in                 ; short        ; open          ; open            ; open  ; 0 V                 ; -                  ; n/a           ; n/a             ; n/a         ;
; Hex1[5]          ; 2.5 V        ; 0 in              ; 0 H/in                  ; 0 F/in                  ; short         ; -                   ; open           ; open             ; open   ; 0 in             ; 0 H/in                 ; 0 F/in                 ; short        ; open          ; open            ; open  ; 0 V                 ; -                  ; n/a           ; n/a             ; n/a         ;
; Hex1[6]          ; 2.5 V        ; 0 in              ; 0 H/in                  ; 0 F/in                  ; short         ; -                   ; open           ; open             ; open   ; 0 in             ; 0 H/in                 ; 0 F/in                 ; short        ; open          ; open            ; open  ; 0 V                 ; -                  ; n/a           ; n/a             ; n/a         ;
; Hex2[0]          ; 2.5 V        ; 0 in              ; 0 H/in                  ; 0 F/in                  ; short         ; -                   ; open           ; open             ; open   ; 0 in             ; 0 H/in                 ; 0 F/in                 ; short        ; open          ; open            ; open  ; 0 V                 ; -                  ; n/a           ; n/a             ; n/a         ;
; Hex2[1]          ; 2.5 V        ; 0 in              ; 0 H/in                  ; 0 F/in                  ; short         ; -                   ; open           ; open             ; open   ; 0 in             ; 0 H/in                 ; 0 F/in                 ; short        ; open          ; open            ; open  ; 0 V                 ; -                  ; n/a           ; n/a             ; n/a         ;
; Hex2[2]          ; 2.5 V        ; 0 in              ; 0 H/in                  ; 0 F/in                  ; short         ; -                   ; open           ; open             ; open   ; 0 in             ; 0 H/in                 ; 0 F/in                 ; short        ; open          ; open            ; open  ; 0 V                 ; -                  ; n/a           ; n/a             ; n/a         ;
; Hex2[3]          ; 2.5 V        ; 0 in              ; 0 H/in                  ; 0 F/in                  ; short         ; -                   ; open           ; open             ; open   ; 0 in             ; 0 H/in                 ; 0 F/in                 ; short        ; open          ; open            ; open  ; 0 V                 ; -                  ; n/a           ; n/a             ; n/a         ;
; Hex2[4]          ; 2.5 V        ; 0 in              ; 0 H/in                  ; 0 F/in                  ; short         ; -                   ; open           ; open             ; open   ; 0 in             ; 0 H/in                 ; 0 F/in                 ; short        ; open          ; open            ; open  ; 0 V                 ; -                  ; n/a           ; n/a             ; n/a         ;
; Hex2[5]          ; 2.5 V        ; 0 in              ; 0 H/in                  ; 0 F/in                  ; short         ; -                   ; open           ; open             ; open   ; 0 in             ; 0 H/in                 ; 0 F/in                 ; short        ; open          ; open            ; open  ; 0 V                 ; -                  ; n/a           ; n/a             ; n/a         ;
; Hex2[6]          ; 2.5 V        ; 0 in              ; 0 H/in                  ; 0 F/in                  ; short         ; -                   ; open           ; open             ; open   ; 0 in             ; 0 H/in                 ; 0 F/in                 ; short        ; open          ; open            ; open  ; 0 V                 ; -                  ; n/a           ; n/a             ; n/a         ;
; Hex3[0]          ; 2.5 V        ; 0 in              ; 0 H/in                  ; 0 F/in                  ; short         ; -                   ; open           ; open             ; open   ; 0 in             ; 0 H/in                 ; 0 F/in                 ; short        ; open          ; open            ; open  ; 0 V                 ; -                  ; n/a           ; n/a             ; n/a         ;
; Hex3[1]          ; 2.5 V        ; 0 in              ; 0 H/in                  ; 0 F/in                  ; short         ; -                   ; open           ; open             ; open   ; 0 in             ; 0 H/in                 ; 0 F/in                 ; short        ; open          ; open            ; open  ; 0 V                 ; -                  ; n/a           ; n/a             ; n/a         ;
; Hex3[2]          ; 2.5 V        ; 0 in              ; 0 H/in                  ; 0 F/in                  ; short         ; -                   ; open           ; open             ; open   ; 0 in             ; 0 H/in                 ; 0 F/in                 ; short        ; open          ; open            ; open  ; 0 V                 ; -                  ; n/a           ; n/a             ; n/a         ;
; Hex3[3]          ; 2.5 V        ; 0 in              ; 0 H/in                  ; 0 F/in                  ; short         ; -                   ; open           ; open             ; open   ; 0 in             ; 0 H/in                 ; 0 F/in                 ; short        ; open          ; open            ; open  ; 0 V                 ; -                  ; n/a           ; n/a             ; n/a         ;
; Hex3[4]          ; 2.5 V        ; 0 in              ; 0 H/in                  ; 0 F/in                  ; short         ; -                   ; open           ; open             ; open   ; 0 in             ; 0 H/in                 ; 0 F/in                 ; short        ; open          ; open            ; open  ; 0 V                 ; -                  ; n/a           ; n/a             ; n/a         ;
; Hex3[5]          ; 2.5 V        ; 0 in              ; 0 H/in                  ; 0 F/in                  ; short         ; -                   ; open           ; open             ; open   ; 0 in             ; 0 H/in                 ; 0 F/in                 ; short        ; open          ; open            ; open  ; 0 V                 ; -                  ; n/a           ; n/a             ; n/a         ;
; Hex3[6]          ; 2.5 V        ; 0 in              ; 0 H/in                  ; 0 F/in                  ; short         ; -                   ; open           ; open             ; open   ; 0 in             ; 0 H/in                 ; 0 F/in                 ; short        ; open          ; open            ; open  ; 0 V                 ; -                  ; n/a           ; n/a             ; n/a         ;
; Hex4[0]          ; 2.5 V        ; 0 in              ; 0 H/in                  ; 0 F/in                  ; short         ; -                   ; open           ; open             ; open   ; 0 in             ; 0 H/in                 ; 0 F/in                 ; short        ; open          ; open            ; open  ; 0 V                 ; -                  ; n/a           ; n/a             ; n/a         ;
; Hex4[1]          ; 2.5 V        ; 0 in              ; 0 H/in                  ; 0 F/in                  ; short         ; -                   ; open           ; open             ; open   ; 0 in             ; 0 H/in                 ; 0 F/in                 ; short        ; open          ; open            ; open  ; 0 V                 ; -                  ; n/a           ; n/a             ; n/a         ;
; Hex4[2]          ; 2.5 V        ; 0 in              ; 0 H/in                  ; 0 F/in                  ; short         ; -                   ; open           ; open             ; open   ; 0 in             ; 0 H/in                 ; 0 F/in                 ; short        ; open          ; open            ; open  ; 0 V                 ; -                  ; n/a           ; n/a             ; n/a         ;
; Hex4[3]          ; 2.5 V        ; 0 in              ; 0 H/in                  ; 0 F/in                  ; short         ; -                   ; open           ; open             ; open   ; 0 in             ; 0 H/in                 ; 0 F/in                 ; short        ; open          ; open            ; open  ; 0 V                 ; -                  ; n/a           ; n/a             ; n/a         ;
; Hex4[4]          ; 2.5 V        ; 0 in              ; 0 H/in                  ; 0 F/in                  ; short         ; -                   ; open           ; open             ; open   ; 0 in             ; 0 H/in                 ; 0 F/in                 ; short        ; open          ; open            ; open  ; 0 V                 ; -                  ; n/a           ; n/a             ; n/a         ;
; Hex4[5]          ; 2.5 V        ; 0 in              ; 0 H/in                  ; 0 F/in                  ; short         ; -                   ; open           ; open             ; open   ; 0 in             ; 0 H/in                 ; 0 F/in                 ; short        ; open          ; open            ; open  ; 0 V                 ; -                  ; n/a           ; n/a             ; n/a         ;
; Hex4[6]          ; 2.5 V        ; 0 in              ; 0 H/in                  ; 0 F/in                  ; short         ; -                   ; open           ; open             ; open   ; 0 in             ; 0 H/in                 ; 0 F/in                 ; short        ; open          ; open            ; open  ; 0 V                 ; -                  ; n/a           ; n/a             ; n/a         ;
; Hex5[0]          ; 2.5 V        ; 0 in              ; 0 H/in                  ; 0 F/in                  ; short         ; -                   ; open           ; open             ; open   ; 0 in             ; 0 H/in                 ; 0 F/in                 ; short        ; open          ; open            ; open  ; 0 V                 ; -                  ; n/a           ; n/a             ; n/a         ;
; Hex5[1]          ; 2.5 V        ; 0 in              ; 0 H/in                  ; 0 F/in                  ; short         ; -                   ; open           ; open             ; open   ; 0 in             ; 0 H/in                 ; 0 F/in                 ; short        ; open          ; open            ; open  ; 0 V                 ; -                  ; n/a           ; n/a             ; n/a         ;
; Hex5[2]          ; 2.5 V        ; 0 in              ; 0 H/in                  ; 0 F/in                  ; short         ; -                   ; open           ; open             ; open   ; 0 in             ; 0 H/in                 ; 0 F/in                 ; short        ; open          ; open            ; open  ; 0 V                 ; -                  ; n/a           ; n/a             ; n/a         ;
; Hex5[3]          ; 2.5 V        ; 0 in              ; 0 H/in                  ; 0 F/in                  ; short         ; -                   ; open           ; open             ; open   ; 0 in             ; 0 H/in                 ; 0 F/in                 ; short        ; open          ; open            ; open  ; 0 V                 ; -                  ; n/a           ; n/a             ; n/a         ;
; Hex5[4]          ; 2.5 V        ; 0 in              ; 0 H/in                  ; 0 F/in                  ; short         ; -                   ; open           ; open             ; open   ; 0 in             ; 0 H/in                 ; 0 F/in                 ; short        ; open          ; open            ; open  ; 0 V                 ; -                  ; n/a           ; n/a             ; n/a         ;
; Hex5[5]          ; 2.5 V        ; 0 in              ; 0 H/in                  ; 0 F/in                  ; short         ; -                   ; open           ; open             ; open   ; 0 in             ; 0 H/in                 ; 0 F/in                 ; short        ; open          ; open            ; open  ; 0 V                 ; -                  ; n/a           ; n/a             ; n/a         ;
; Hex5[6]          ; 2.5 V        ; 0 in              ; 0 H/in                  ; 0 F/in                  ; short         ; -                   ; open           ; open             ; open   ; 0 in             ; 0 H/in                 ; 0 F/in                 ; short        ; open          ; open            ; open  ; 0 V                 ; -                  ; n/a           ; n/a             ; n/a         ;
; Hex6[0]          ; 2.5 V        ; 0 in              ; 0 H/in                  ; 0 F/in                  ; short         ; -                   ; open           ; open             ; open   ; 0 in             ; 0 H/in                 ; 0 F/in                 ; short        ; open          ; open            ; open  ; 0 V                 ; -                  ; n/a           ; n/a             ; n/a         ;
; Hex6[1]          ; 2.5 V        ; 0 in              ; 0 H/in                  ; 0 F/in                  ; short         ; -                   ; open           ; open             ; open   ; 0 in             ; 0 H/in                 ; 0 F/in                 ; short        ; open          ; open            ; open  ; 0 V                 ; -                  ; n/a           ; n/a             ; n/a         ;
; Hex6[2]          ; 2.5 V        ; 0 in              ; 0 H/in                  ; 0 F/in                  ; short         ; -                   ; open           ; open             ; open   ; 0 in             ; 0 H/in                 ; 0 F/in                 ; short        ; open          ; open            ; open  ; 0 V                 ; -                  ; n/a           ; n/a             ; n/a         ;
; Hex6[3]          ; 2.5 V        ; 0 in              ; 0 H/in                  ; 0 F/in                  ; short         ; -                   ; open           ; open             ; open   ; 0 in             ; 0 H/in                 ; 0 F/in                 ; short        ; open          ; open            ; open  ; 0 V                 ; -                  ; n/a           ; n/a             ; n/a         ;
; Hex6[4]          ; 2.5 V        ; 0 in              ; 0 H/in                  ; 0 F/in                  ; short         ; -                   ; open           ; open             ; open   ; 0 in             ; 0 H/in                 ; 0 F/in                 ; short        ; open          ; open            ; open  ; 0 V                 ; -                  ; n/a           ; n/a             ; n/a         ;
; Hex6[5]          ; 2.5 V        ; 0 in              ; 0 H/in                  ; 0 F/in                  ; short         ; -                   ; open           ; open             ; open   ; 0 in             ; 0 H/in                 ; 0 F/in                 ; short        ; open          ; open            ; open  ; 0 V                 ; -                  ; n/a           ; n/a             ; n/a         ;
; Hex6[6]          ; 2.5 V        ; 0 in              ; 0 H/in                  ; 0 F/in                  ; short         ; -                   ; open           ; open             ; open   ; 0 in             ; 0 H/in                 ; 0 F/in                 ; short        ; open          ; open            ; open  ; 0 V                 ; -                  ; n/a           ; n/a             ; n/a         ;
; Hex7[0]          ; 2.5 V        ; 0 in              ; 0 H/in                  ; 0 F/in                  ; short         ; -                   ; open           ; open             ; open   ; 0 in             ; 0 H/in                 ; 0 F/in                 ; short        ; open          ; open            ; open  ; 0 V                 ; -                  ; n/a           ; n/a             ; n/a         ;
; Hex7[1]          ; 2.5 V        ; 0 in              ; 0 H/in                  ; 0 F/in                  ; short         ; -                   ; open           ; open             ; open   ; 0 in             ; 0 H/in                 ; 0 F/in                 ; short        ; open          ; open            ; open  ; 0 V                 ; -                  ; n/a           ; n/a             ; n/a         ;
; Hex7[2]          ; 2.5 V        ; 0 in              ; 0 H/in                  ; 0 F/in                  ; short         ; -                   ; open           ; open             ; open   ; 0 in             ; 0 H/in                 ; 0 F/in                 ; short        ; open          ; open            ; open  ; 0 V                 ; -                  ; n/a           ; n/a             ; n/a         ;
; Hex7[3]          ; 2.5 V        ; 0 in              ; 0 H/in                  ; 0 F/in                  ; short         ; -                   ; open           ; open             ; open   ; 0 in             ; 0 H/in                 ; 0 F/in                 ; short        ; open          ; open            ; open  ; 0 V                 ; -                  ; n/a           ; n/a             ; n/a         ;
; Hex7[4]          ; 2.5 V        ; 0 in              ; 0 H/in                  ; 0 F/in                  ; short         ; -                   ; open           ; open             ; open   ; 0 in             ; 0 H/in                 ; 0 F/in                 ; short        ; open          ; open            ; open  ; 0 V                 ; -                  ; n/a           ; n/a             ; n/a         ;
; Hex7[5]          ; 2.5 V        ; 0 in              ; 0 H/in                  ; 0 F/in                  ; short         ; -                   ; open           ; open             ; open   ; 0 in             ; 0 H/in                 ; 0 F/in                 ; short        ; open          ; open            ; open  ; 0 V                 ; -                  ; n/a           ; n/a             ; n/a         ;
; Hex7[6]          ; 2.5 V        ; 0 in              ; 0 H/in                  ; 0 F/in                  ; short         ; -                   ; open           ; open             ; open   ; 0 in             ; 0 H/in                 ; 0 F/in                 ; short        ; open          ; open            ; open  ; 0 V                 ; -                  ; n/a           ; n/a             ; n/a         ;
; switches_leds[0] ; 2.5 V        ; 0 in              ; 0 H/in                  ; 0 F/in                  ; short         ; -                   ; open           ; open             ; open   ; 0 in             ; 0 H/in                 ; 0 F/in                 ; short        ; open          ; open            ; open  ; 0 V                 ; -                  ; n/a           ; n/a             ; n/a         ;
; switches_leds[1] ; 2.5 V        ; 0 in              ; 0 H/in                  ; 0 F/in                  ; short         ; -                   ; open           ; open             ; open   ; 0 in             ; 0 H/in                 ; 0 F/in                 ; short        ; open          ; open            ; open  ; 0 V                 ; -                  ; n/a           ; n/a             ; n/a         ;
; switches_leds[2] ; 2.5 V        ; 0 in              ; 0 H/in                  ; 0 F/in                  ; short         ; -                   ; open           ; open             ; open   ; 0 in             ; 0 H/in                 ; 0 F/in                 ; short        ; open          ; open            ; open  ; 0 V                 ; -                  ; n/a           ; n/a             ; n/a         ;
; switches_leds[3] ; 2.5 V        ; 0 in              ; 0 H/in                  ; 0 F/in                  ; short         ; -                   ; open           ; open             ; open   ; 0 in             ; 0 H/in                 ; 0 F/in                 ; short        ; open          ; open            ; open  ; 0 V                 ; -                  ; n/a           ; n/a             ; n/a         ;
; switches_leds[4] ; 2.5 V        ; 0 in              ; 0 H/in                  ; 0 F/in                  ; short         ; -                   ; open           ; open             ; open   ; 0 in             ; 0 H/in                 ; 0 F/in                 ; short        ; open          ; open            ; open  ; 0 V                 ; -                  ; n/a           ; n/a             ; n/a         ;
; switches_leds[5] ; 2.5 V        ; 0 in              ; 0 H/in                  ; 0 F/in                  ; short         ; -                   ; open           ; open             ; open   ; 0 in             ; 0 H/in                 ; 0 F/in                 ; short        ; open          ; open            ; open  ; 0 V                 ; -                  ; n/a           ; n/a             ; n/a         ;
; btn_out          ; 2.5 V        ; 0 in              ; 0 H/in                  ; 0 F/in                  ; short         ; -                   ; open           ; open             ; open   ; 0 in             ; 0 H/in                 ; 0 F/in                 ; short        ; open          ; open            ; open  ; 0 V                 ; -                  ; n/a           ; n/a             ; n/a         ;
; in_sign_out      ; 2.5 V        ; 0 in              ; 0 H/in                  ; 0 F/in                  ; short         ; -                   ; open           ; open             ; open   ; 0 in             ; 0 H/in                 ; 0 F/in                 ; short        ; open          ; open            ; open  ; 0 V                 ; -                  ; n/a           ; n/a             ; n/a         ;
; ~ALTERA_DCLK~    ; 2.5 V        ; 0 in              ; 0 H/in                  ; 0 F/in                  ; short         ; -                   ; open           ; open             ; open   ; 0 in             ; 0 H/in                 ; 0 F/in                 ; short        ; open          ; open            ; open  ; 0 V                 ; -                  ; n/a           ; n/a             ; n/a         ;
; ~ALTERA_nCEO~    ; 2.5 V        ; 0 in              ; 0 H/in                  ; 0 F/in                  ; short         ; -                   ; open           ; open             ; open   ; 0 in             ; 0 H/in                 ; 0 F/in                 ; short        ; open          ; open            ; open  ; 0 V                 ; -                  ; n/a           ; n/a             ; n/a         ;
+------------------+--------------+-------------------+-------------------------+-------------------------+---------------+---------------------+----------------+------------------+--------+------------------+------------------------+------------------------+--------------+---------------+-----------------+-------+---------------------+--------------------+---------------+-----------------+-------------+


+----------------------------------------------------------------------------+
; Input Transition Times                                                     ;
+-------------------------+--------------+-----------------+-----------------+
; Pin                     ; I/O Standard ; 10-90 Rise Time ; 90-10 Fall Time ;
+-------------------------+--------------+-----------------+-----------------+
; rst                     ; 2.5 V        ; 2000 ps         ; 2000 ps         ;
; switches[0]             ; 2.5 V        ; 2000 ps         ; 2000 ps         ;
; switches[1]             ; 2.5 V        ; 2000 ps         ; 2000 ps         ;
; switches[2]             ; 2.5 V        ; 2000 ps         ; 2000 ps         ;
; switches[3]             ; 2.5 V        ; 2000 ps         ; 2000 ps         ;
; switches[4]             ; 2.5 V        ; 2000 ps         ; 2000 ps         ;
; switches[5]             ; 2.5 V        ; 2000 ps         ; 2000 ps         ;
; btn_in                  ; 2.5 V        ; 2000 ps         ; 2000 ps         ;
; clk_50                  ; 2.5 V        ; 2000 ps         ; 2000 ps         ;
; switches[17]            ; 2.5 V        ; 2000 ps         ; 2000 ps         ;
; switches[16]            ; 2.5 V        ; 2000 ps         ; 2000 ps         ;
; switches[15]            ; 2.5 V        ; 2000 ps         ; 2000 ps         ;
; switches[14]            ; 2.5 V        ; 2000 ps         ; 2000 ps         ;
; switches[13]            ; 2.5 V        ; 2000 ps         ; 2000 ps         ;
; switches[12]            ; 2.5 V        ; 2000 ps         ; 2000 ps         ;
; switches[11]            ; 2.5 V        ; 2000 ps         ; 2000 ps         ;
; switches[10]            ; 2.5 V        ; 2000 ps         ; 2000 ps         ;
; switches[9]             ; 2.5 V        ; 2000 ps         ; 2000 ps         ;
; switches[8]             ; 2.5 V        ; 2000 ps         ; 2000 ps         ;
; switches[7]             ; 2.5 V        ; 2000 ps         ; 2000 ps         ;
; switches[6]             ; 2.5 V        ; 2000 ps         ; 2000 ps         ;
; ~ALTERA_ASDO_DATA1~     ; 2.5 V        ; 2000 ps         ; 2000 ps         ;
; ~ALTERA_FLASH_nCE_nCSO~ ; 2.5 V        ; 2000 ps         ; 2000 ps         ;
; ~ALTERA_DATA0~          ; 2.5 V        ; 2000 ps         ; 2000 ps         ;
+-------------------------+--------------+-----------------+-----------------+


+-----------------------------------------------------------------------------------------------------------------------------------------------------------------------------------------------------------------------------------------------------------------------------------------------------------------------------------------------------------------------------------------------------------------------------------------------------------------------------------------------------------------------------------------------------------------------------------------------------------------------------------------------------------------------------------------------+
; Signal Integrity Metrics (Slow 1200mv 0c Model)                                                                                                                                                                                                                                                                                                                                                                                                                                                                                                                                                                                                                                               ;
+------------------+--------------+---------------------+---------------------+------------------------------+------------------------------+---------------------+---------------------+--------------------------------------+--------------------------------------+-----------------------------+-----------------------------+----------------------------+----------------------------+-----------------------------+-----------------------------+--------------------+--------------------+-------------------------------------+-------------------------------------+----------------------------+----------------------------+---------------------------+---------------------------+
; Pin              ; I/O Standard ; Board Delay on Rise ; Board Delay on Fall ; Steady State Voh at FPGA Pin ; Steady State Vol at FPGA Pin ; Voh Max at FPGA Pin ; Vol Min at FPGA Pin ; Ringback Voltage on Rise at FPGA Pin ; Ringback Voltage on Fall at FPGA Pin ; 10-90 Rise Time at FPGA Pin ; 90-10 Fall Time at FPGA Pin ; Monotonic Rise at FPGA Pin ; Monotonic Fall at FPGA Pin ; Steady State Voh at Far-end ; Steady State Vol at Far-end ; Voh Max at Far-end ; Vol Min at Far-end ; Ringback Voltage on Rise at Far-end ; Ringback Voltage on Fall at Far-end ; 10-90 Rise Time at Far-end ; 90-10 Fall Time at Far-end ; Monotonic Rise at Far-end ; Monotonic Fall at Far-end ;
+------------------+--------------+---------------------+---------------------+------------------------------+------------------------------+---------------------+---------------------+--------------------------------------+--------------------------------------+-----------------------------+-----------------------------+----------------------------+----------------------------+-----------------------------+-----------------------------+--------------------+--------------------+-------------------------------------+-------------------------------------+----------------------------+----------------------------+---------------------------+---------------------------+
; led_clock        ; 2.5 V        ; 0 s                 ; 0 s                 ; 2.32 V                       ; 4.49e-09 V                   ; 2.38 V              ; -0.00552 V          ; 0.096 V                              ; 0.019 V                              ; 4.18e-10 s                  ; 3.59e-10 s                  ; No                         ; Yes                        ; 2.32 V                      ; 4.49e-09 V                  ; 2.38 V             ; -0.00552 V         ; 0.096 V                             ; 0.019 V                             ; 4.18e-10 s                 ; 3.59e-10 s                 ; No                        ; Yes                       ;
; Hex0[0]          ; 2.5 V        ; 0 s                 ; 0 s                 ; 2.32 V                       ; 4.49e-09 V                   ; 2.38 V              ; -0.00552 V          ; 0.096 V                              ; 0.019 V                              ; 4.18e-10 s                  ; 3.59e-10 s                  ; No                         ; Yes                        ; 2.32 V                      ; 4.49e-09 V                  ; 2.38 V             ; -0.00552 V         ; 0.096 V                             ; 0.019 V                             ; 4.18e-10 s                 ; 3.59e-10 s                 ; No                        ; Yes                       ;
; Hex0[1]          ; 2.5 V        ; 0 s                 ; 0 s                 ; 2.32 V                       ; 4.49e-09 V                   ; 2.33 V              ; -0.00467 V          ; 0.226 V                              ; 0.087 V                              ; 2.91e-09 s                  ; 2.74e-09 s                  ; Yes                        ; Yes                        ; 2.32 V                      ; 4.49e-09 V                  ; 2.33 V             ; -0.00467 V         ; 0.226 V                             ; 0.087 V                             ; 2.91e-09 s                 ; 2.74e-09 s                 ; Yes                       ; Yes                       ;
; Hex0[2]          ; 2.5 V        ; 0 s                 ; 0 s                 ; 2.32 V                       ; 4.49e-09 V                   ; 2.38 V              ; -0.00552 V          ; 0.096 V                              ; 0.019 V                              ; 4.18e-10 s                  ; 3.59e-10 s                  ; No                         ; Yes                        ; 2.32 V                      ; 4.49e-09 V                  ; 2.38 V             ; -0.00552 V         ; 0.096 V                             ; 0.019 V                             ; 4.18e-10 s                 ; 3.59e-10 s                 ; No                        ; Yes                       ;
; Hex0[3]          ; 2.5 V        ; 0 s                 ; 0 s                 ; 2.32 V                       ; 3.07e-09 V                   ; 2.38 V              ; -0.0144 V           ; 0.227 V                              ; 0.024 V                              ; 3.14e-10 s                  ; 3.39e-10 s                  ; Yes                        ; Yes                        ; 2.32 V                      ; 3.07e-09 V                  ; 2.38 V             ; -0.0144 V          ; 0.227 V                             ; 0.024 V                             ; 3.14e-10 s                 ; 3.39e-10 s                 ; Yes                       ; Yes                       ;
; Hex0[4]          ; 2.5 V        ; 0 s                 ; 0 s                 ; 2.32 V                       ; 3.07e-09 V                   ; 2.38 V              ; -0.0144 V           ; 0.227 V                              ; 0.024 V                              ; 3.14e-10 s                  ; 3.39e-10 s                  ; Yes                        ; Yes                        ; 2.32 V                      ; 3.07e-09 V                  ; 2.38 V             ; -0.0144 V          ; 0.227 V                             ; 0.024 V                             ; 3.14e-10 s                 ; 3.39e-10 s                 ; Yes                       ; Yes                       ;
; Hex0[5]          ; 2.5 V        ; 0 s                 ; 0 s                 ; 2.32 V                       ; 3.07e-09 V                   ; 2.33 V              ; -0.00496 V          ; 0.223 V                              ; 0.086 V                              ; 2.9e-09 s                   ; 2.73e-09 s                  ; Yes                        ; Yes                        ; 2.32 V                      ; 3.07e-09 V                  ; 2.33 V             ; -0.00496 V         ; 0.223 V                             ; 0.086 V                             ; 2.9e-09 s                  ; 2.73e-09 s                 ; Yes                       ; Yes                       ;
; Hex0[6]          ; 2.5 V        ; 0 s                 ; 0 s                 ; 2.32 V                       ; 3.07e-09 V                   ; 2.38 V              ; -0.0144 V           ; 0.227 V                              ; 0.024 V                              ; 3.14e-10 s                  ; 3.39e-10 s                  ; Yes                        ; Yes                        ; 2.32 V                      ; 3.07e-09 V                  ; 2.38 V             ; -0.0144 V          ; 0.227 V                             ; 0.024 V                             ; 3.14e-10 s                 ; 3.39e-10 s                 ; Yes                       ; Yes                       ;
; Hex1[0]          ; 2.5 V        ; 0 s                 ; 0 s                 ; 2.32 V                       ; 3.07e-09 V                   ; 2.38 V              ; -0.0144 V           ; 0.227 V                              ; 0.024 V                              ; 3.14e-10 s                  ; 3.39e-10 s                  ; Yes                        ; Yes                        ; 2.32 V                      ; 3.07e-09 V                  ; 2.38 V             ; -0.0144 V          ; 0.227 V                             ; 0.024 V                             ; 3.14e-10 s                 ; 3.39e-10 s                 ; Yes                       ; Yes                       ;
; Hex1[1]          ; 2.5 V        ; 0 s                 ; 0 s                 ; 2.32 V                       ; 3.07e-09 V                   ; 2.37 V              ; -0.00994 V          ; 0.186 V                              ; 0.028 V                              ; 4.98e-10 s                  ; 4.96e-10 s                  ; Yes                        ; Yes                        ; 2.32 V                      ; 3.07e-09 V                  ; 2.37 V             ; -0.00994 V         ; 0.186 V                             ; 0.028 V                             ; 4.98e-10 s                 ; 4.96e-10 s                 ; Yes                       ; Yes                       ;
; Hex1[2]          ; 2.5 V        ; 0 s                 ; 0 s                 ; 2.32 V                       ; 3.07e-09 V                   ; 2.37 V              ; -0.00994 V          ; 0.186 V                              ; 0.028 V                              ; 4.98e-10 s                  ; 4.96e-10 s                  ; Yes                        ; Yes                        ; 2.32 V                      ; 3.07e-09 V                  ; 2.37 V             ; -0.00994 V         ; 0.186 V                             ; 0.028 V                             ; 4.98e-10 s                 ; 4.96e-10 s                 ; Yes                       ; Yes                       ;
; Hex1[3]          ; 2.5 V        ; 0 s                 ; 0 s                 ; 2.32 V                       ; 3.07e-09 V                   ; 2.37 V              ; -0.00994 V          ; 0.186 V                              ; 0.028 V                              ; 4.98e-10 s                  ; 4.96e-10 s                  ; Yes                        ; Yes                        ; 2.32 V                      ; 3.07e-09 V                  ; 2.37 V             ; -0.00994 V         ; 0.186 V                             ; 0.028 V                             ; 4.98e-10 s                 ; 4.96e-10 s                 ; Yes                       ; Yes                       ;
; Hex1[4]          ; 2.5 V        ; 0 s                 ; 0 s                 ; 2.32 V                       ; 3.07e-09 V                   ; 2.37 V              ; -0.00994 V          ; 0.186 V                              ; 0.028 V                              ; 4.98e-10 s                  ; 4.96e-10 s                  ; Yes                        ; Yes                        ; 2.32 V                      ; 3.07e-09 V                  ; 2.37 V             ; -0.00994 V         ; 0.186 V                             ; 0.028 V                             ; 4.98e-10 s                 ; 4.96e-10 s                 ; Yes                       ; Yes                       ;
; Hex1[5]          ; 2.5 V        ; 0 s                 ; 0 s                 ; 2.32 V                       ; 3.07e-09 V                   ; 2.33 V              ; -0.00496 V          ; 0.223 V                              ; 0.086 V                              ; 2.9e-09 s                   ; 2.73e-09 s                  ; Yes                        ; Yes                        ; 2.32 V                      ; 3.07e-09 V                  ; 2.33 V             ; -0.00496 V         ; 0.223 V                             ; 0.086 V                             ; 2.9e-09 s                  ; 2.73e-09 s                 ; Yes                       ; Yes                       ;
; Hex1[6]          ; 2.5 V        ; 0 s                 ; 0 s                 ; 2.32 V                       ; 3.07e-09 V                   ; 2.33 V              ; -0.00496 V          ; 0.223 V                              ; 0.086 V                              ; 2.9e-09 s                   ; 2.73e-09 s                  ; Yes                        ; Yes                        ; 2.32 V                      ; 3.07e-09 V                  ; 2.33 V             ; -0.00496 V         ; 0.223 V                             ; 0.086 V                             ; 2.9e-09 s                  ; 2.73e-09 s                 ; Yes                       ; Yes                       ;
; Hex2[0]          ; 2.5 V        ; 0 s                 ; 0 s                 ; 2.32 V                       ; 3.07e-09 V                   ; 2.37 V              ; -0.00994 V          ; 0.186 V                              ; 0.028 V                              ; 4.98e-10 s                  ; 4.96e-10 s                  ; Yes                        ; Yes                        ; 2.32 V                      ; 3.07e-09 V                  ; 2.37 V             ; -0.00994 V         ; 0.186 V                             ; 0.028 V                             ; 4.98e-10 s                 ; 4.96e-10 s                 ; Yes                       ; Yes                       ;
; Hex2[1]          ; 2.5 V        ; 0 s                 ; 0 s                 ; 2.32 V                       ; 3.07e-09 V                   ; 2.37 V              ; -0.00994 V          ; 0.186 V                              ; 0.028 V                              ; 4.98e-10 s                  ; 4.96e-10 s                  ; Yes                        ; Yes                        ; 2.32 V                      ; 3.07e-09 V                  ; 2.37 V             ; -0.00994 V         ; 0.186 V                             ; 0.028 V                             ; 4.98e-10 s                 ; 4.96e-10 s                 ; Yes                       ; Yes                       ;
; Hex2[2]          ; 2.5 V        ; 0 s                 ; 0 s                 ; 2.32 V                       ; 3.07e-09 V                   ; 2.37 V              ; -0.00994 V          ; 0.186 V                              ; 0.028 V                              ; 4.98e-10 s                  ; 4.96e-10 s                  ; Yes                        ; Yes                        ; 2.32 V                      ; 3.07e-09 V                  ; 2.37 V             ; -0.00994 V         ; 0.186 V                             ; 0.028 V                             ; 4.98e-10 s                 ; 4.96e-10 s                 ; Yes                       ; Yes                       ;
; Hex2[3]          ; 2.5 V        ; 0 s                 ; 0 s                 ; 2.32 V                       ; 3.07e-09 V                   ; 2.37 V              ; -0.00994 V          ; 0.186 V                              ; 0.028 V                              ; 4.98e-10 s                  ; 4.96e-10 s                  ; Yes                        ; Yes                        ; 2.32 V                      ; 3.07e-09 V                  ; 2.37 V             ; -0.00994 V         ; 0.186 V                             ; 0.028 V                             ; 4.98e-10 s                 ; 4.96e-10 s                 ; Yes                       ; Yes                       ;
; Hex2[4]          ; 2.5 V        ; 0 s                 ; 0 s                 ; 2.32 V                       ; 3.07e-09 V                   ; 2.37 V              ; -0.00994 V          ; 0.186 V                              ; 0.028 V                              ; 4.98e-10 s                  ; 4.96e-10 s                  ; Yes                        ; Yes                        ; 2.32 V                      ; 3.07e-09 V                  ; 2.37 V             ; -0.00994 V         ; 0.186 V                             ; 0.028 V                             ; 4.98e-10 s                 ; 4.96e-10 s                 ; Yes                       ; Yes                       ;
; Hex2[5]          ; 2.5 V        ; 0 s                 ; 0 s                 ; 2.32 V                       ; 3.07e-09 V                   ; 2.37 V              ; -0.00994 V          ; 0.186 V                              ; 0.028 V                              ; 4.98e-10 s                  ; 4.96e-10 s                  ; Yes                        ; Yes                        ; 2.32 V                      ; 3.07e-09 V                  ; 2.37 V             ; -0.00994 V         ; 0.186 V                             ; 0.028 V                             ; 4.98e-10 s                 ; 4.96e-10 s                 ; Yes                       ; Yes                       ;
; Hex2[6]          ; 2.5 V        ; 0 s                 ; 0 s                 ; 2.32 V                       ; 3.07e-09 V                   ; 2.37 V              ; -0.00994 V          ; 0.186 V                              ; 0.028 V                              ; 4.98e-10 s                  ; 4.96e-10 s                  ; Yes                        ; Yes                        ; 2.32 V                      ; 3.07e-09 V                  ; 2.37 V             ; -0.00994 V         ; 0.186 V                             ; 0.028 V                             ; 4.98e-10 s                 ; 4.96e-10 s                 ; Yes                       ; Yes                       ;
; Hex3[0]          ; 2.5 V        ; 0 s                 ; 0 s                 ; 2.32 V                       ; 3.07e-09 V                   ; 2.37 V              ; -0.00994 V          ; 0.186 V                              ; 0.028 V                              ; 4.98e-10 s                  ; 4.96e-10 s                  ; Yes                        ; Yes                        ; 2.32 V                      ; 3.07e-09 V                  ; 2.37 V             ; -0.00994 V         ; 0.186 V                             ; 0.028 V                             ; 4.98e-10 s                 ; 4.96e-10 s                 ; Yes                       ; Yes                       ;
; Hex3[1]          ; 2.5 V        ; 0 s                 ; 0 s                 ; 2.32 V                       ; 3.07e-09 V                   ; 2.38 V              ; -0.0144 V           ; 0.227 V                              ; 0.024 V                              ; 3.14e-10 s                  ; 3.39e-10 s                  ; Yes                        ; Yes                        ; 2.32 V                      ; 3.07e-09 V                  ; 2.38 V             ; -0.0144 V          ; 0.227 V                             ; 0.024 V                             ; 3.14e-10 s                 ; 3.39e-10 s                 ; Yes                       ; Yes                       ;
; Hex3[2]          ; 2.5 V        ; 0 s                 ; 0 s                 ; 2.32 V                       ; 4.49e-09 V                   ; 2.33 V              ; -0.00467 V          ; 0.226 V                              ; 0.087 V                              ; 2.91e-09 s                  ; 2.74e-09 s                  ; Yes                        ; Yes                        ; 2.32 V                      ; 4.49e-09 V                  ; 2.33 V             ; -0.00467 V         ; 0.226 V                             ; 0.087 V                             ; 2.91e-09 s                 ; 2.74e-09 s                 ; Yes                       ; Yes                       ;
; Hex3[3]          ; 2.5 V        ; 0 s                 ; 0 s                 ; 2.32 V                       ; 4.49e-09 V                   ; 2.38 V              ; -0.00552 V          ; 0.096 V                              ; 0.019 V                              ; 4.18e-10 s                  ; 3.59e-10 s                  ; No                         ; Yes                        ; 2.32 V                      ; 4.49e-09 V                  ; 2.38 V             ; -0.00552 V         ; 0.096 V                             ; 0.019 V                             ; 4.18e-10 s                 ; 3.59e-10 s                 ; No                        ; Yes                       ;
; Hex3[4]          ; 2.5 V        ; 0 s                 ; 0 s                 ; 2.32 V                       ; 4.49e-09 V                   ; 2.38 V              ; -0.00552 V          ; 0.096 V                              ; 0.019 V                              ; 4.18e-10 s                  ; 3.59e-10 s                  ; No                         ; Yes                        ; 2.32 V                      ; 4.49e-09 V                  ; 2.38 V             ; -0.00552 V         ; 0.096 V                             ; 0.019 V                             ; 4.18e-10 s                 ; 3.59e-10 s                 ; No                        ; Yes                       ;
; Hex3[5]          ; 2.5 V        ; 0 s                 ; 0 s                 ; 2.32 V                       ; 4.49e-09 V                   ; 2.38 V              ; -0.00552 V          ; 0.096 V                              ; 0.019 V                              ; 4.18e-10 s                  ; 3.59e-10 s                  ; No                         ; Yes                        ; 2.32 V                      ; 4.49e-09 V                  ; 2.38 V             ; -0.00552 V         ; 0.096 V                             ; 0.019 V                             ; 4.18e-10 s                 ; 3.59e-10 s                 ; No                        ; Yes                       ;
; Hex3[6]          ; 2.5 V        ; 0 s                 ; 0 s                 ; 2.32 V                       ; 4.49e-09 V                   ; 2.38 V              ; -0.00552 V          ; 0.096 V                              ; 0.019 V                              ; 4.18e-10 s                  ; 3.59e-10 s                  ; No                         ; Yes                        ; 2.32 V                      ; 4.49e-09 V                  ; 2.38 V             ; -0.00552 V         ; 0.096 V                             ; 0.019 V                             ; 4.18e-10 s                 ; 3.59e-10 s                 ; No                        ; Yes                       ;
; Hex4[0]          ; 2.5 V        ; 0 s                 ; 0 s                 ; 2.32 V                       ; 4.49e-09 V                   ; 2.38 V              ; -0.00552 V          ; 0.096 V                              ; 0.019 V                              ; 4.18e-10 s                  ; 3.59e-10 s                  ; No                         ; Yes                        ; 2.32 V                      ; 4.49e-09 V                  ; 2.38 V             ; -0.00552 V         ; 0.096 V                             ; 0.019 V                             ; 4.18e-10 s                 ; 3.59e-10 s                 ; No                        ; Yes                       ;
; Hex4[1]          ; 2.5 V        ; 0 s                 ; 0 s                 ; 2.32 V                       ; 4.49e-09 V                   ; 2.38 V              ; -0.00552 V          ; 0.096 V                              ; 0.019 V                              ; 4.18e-10 s                  ; 3.59e-10 s                  ; No                         ; Yes                        ; 2.32 V                      ; 4.49e-09 V                  ; 2.38 V             ; -0.00552 V         ; 0.096 V                             ; 0.019 V                             ; 4.18e-10 s                 ; 3.59e-10 s                 ; No                        ; Yes                       ;
; Hex4[2]          ; 2.5 V        ; 0 s                 ; 0 s                 ; 2.32 V                       ; 4.49e-09 V                   ; 2.38 V              ; -0.00552 V          ; 0.096 V                              ; 0.019 V                              ; 4.18e-10 s                  ; 3.59e-10 s                  ; No                         ; Yes                        ; 2.32 V                      ; 4.49e-09 V                  ; 2.38 V             ; -0.00552 V         ; 0.096 V                             ; 0.019 V                             ; 4.18e-10 s                 ; 3.59e-10 s                 ; No                        ; Yes                       ;
; Hex4[3]          ; 2.5 V        ; 0 s                 ; 0 s                 ; 2.32 V                       ; 4.49e-09 V                   ; 2.38 V              ; -0.00552 V          ; 0.096 V                              ; 0.019 V                              ; 4.18e-10 s                  ; 3.59e-10 s                  ; No                         ; Yes                        ; 2.32 V                      ; 4.49e-09 V                  ; 2.38 V             ; -0.00552 V         ; 0.096 V                             ; 0.019 V                             ; 4.18e-10 s                 ; 3.59e-10 s                 ; No                        ; Yes                       ;
; Hex4[4]          ; 2.5 V        ; 0 s                 ; 0 s                 ; 2.32 V                       ; 4.49e-09 V                   ; 2.38 V              ; -0.00552 V          ; 0.096 V                              ; 0.019 V                              ; 4.18e-10 s                  ; 3.59e-10 s                  ; No                         ; Yes                        ; 2.32 V                      ; 4.49e-09 V                  ; 2.38 V             ; -0.00552 V         ; 0.096 V                             ; 0.019 V                             ; 4.18e-10 s                 ; 3.59e-10 s                 ; No                        ; Yes                       ;
; Hex4[5]          ; 2.5 V        ; 0 s                 ; 0 s                 ; 2.32 V                       ; 4.49e-09 V                   ; 2.38 V              ; -0.00552 V          ; 0.096 V                              ; 0.019 V                              ; 4.18e-10 s                  ; 3.59e-10 s                  ; No                         ; Yes                        ; 2.32 V                      ; 4.49e-09 V                  ; 2.38 V             ; -0.00552 V         ; 0.096 V                             ; 0.019 V                             ; 4.18e-10 s                 ; 3.59e-10 s                 ; No                        ; Yes                       ;
; Hex4[6]          ; 2.5 V        ; 0 s                 ; 0 s                 ; 2.32 V                       ; 4.49e-09 V                   ; 2.38 V              ; -0.00552 V          ; 0.096 V                              ; 0.019 V                              ; 4.18e-10 s                  ; 3.59e-10 s                  ; No                         ; Yes                        ; 2.32 V                      ; 4.49e-09 V                  ; 2.38 V             ; -0.00552 V         ; 0.096 V                             ; 0.019 V                             ; 4.18e-10 s                 ; 3.59e-10 s                 ; No                        ; Yes                       ;
; Hex5[0]          ; 2.5 V        ; 0 s                 ; 0 s                 ; 2.32 V                       ; 4.49e-09 V                   ; 2.38 V              ; -0.00552 V          ; 0.096 V                              ; 0.019 V                              ; 4.18e-10 s                  ; 3.59e-10 s                  ; No                         ; Yes                        ; 2.32 V                      ; 4.49e-09 V                  ; 2.38 V             ; -0.00552 V         ; 0.096 V                             ; 0.019 V                             ; 4.18e-10 s                 ; 3.59e-10 s                 ; No                        ; Yes                       ;
; Hex5[1]          ; 2.5 V        ; 0 s                 ; 0 s                 ; 2.32 V                       ; 4.49e-09 V                   ; 2.33 V              ; -0.00467 V          ; 0.226 V                              ; 0.087 V                              ; 2.91e-09 s                  ; 2.74e-09 s                  ; Yes                        ; Yes                        ; 2.32 V                      ; 4.49e-09 V                  ; 2.33 V             ; -0.00467 V         ; 0.226 V                             ; 0.087 V                             ; 2.91e-09 s                 ; 2.74e-09 s                 ; Yes                       ; Yes                       ;
; Hex5[2]          ; 2.5 V        ; 0 s                 ; 0 s                 ; 2.32 V                       ; 4.49e-09 V                   ; 2.38 V              ; -0.00552 V          ; 0.096 V                              ; 0.019 V                              ; 4.18e-10 s                  ; 3.59e-10 s                  ; No                         ; Yes                        ; 2.32 V                      ; 4.49e-09 V                  ; 2.38 V             ; -0.00552 V         ; 0.096 V                             ; 0.019 V                             ; 4.18e-10 s                 ; 3.59e-10 s                 ; No                        ; Yes                       ;
; Hex5[3]          ; 2.5 V        ; 0 s                 ; 0 s                 ; 2.32 V                       ; 4.49e-09 V                   ; 2.38 V              ; -0.00552 V          ; 0.096 V                              ; 0.019 V                              ; 4.18e-10 s                  ; 3.59e-10 s                  ; No                         ; Yes                        ; 2.32 V                      ; 4.49e-09 V                  ; 2.38 V             ; -0.00552 V         ; 0.096 V                             ; 0.019 V                             ; 4.18e-10 s                 ; 3.59e-10 s                 ; No                        ; Yes                       ;
; Hex5[4]          ; 2.5 V        ; 0 s                 ; 0 s                 ; 2.32 V                       ; 4.49e-09 V                   ; 2.38 V              ; -0.00552 V          ; 0.096 V                              ; 0.019 V                              ; 4.18e-10 s                  ; 3.59e-10 s                  ; No                         ; Yes                        ; 2.32 V                      ; 4.49e-09 V                  ; 2.38 V             ; -0.00552 V         ; 0.096 V                             ; 0.019 V                             ; 4.18e-10 s                 ; 3.59e-10 s                 ; No                        ; Yes                       ;
; Hex5[5]          ; 2.5 V        ; 0 s                 ; 0 s                 ; 2.32 V                       ; 4.49e-09 V                   ; 2.38 V              ; -0.00552 V          ; 0.096 V                              ; 0.019 V                              ; 4.18e-10 s                  ; 3.59e-10 s                  ; No                         ; Yes                        ; 2.32 V                      ; 4.49e-09 V                  ; 2.38 V             ; -0.00552 V         ; 0.096 V                             ; 0.019 V                             ; 4.18e-10 s                 ; 3.59e-10 s                 ; No                        ; Yes                       ;
; Hex5[6]          ; 2.5 V        ; 0 s                 ; 0 s                 ; 2.32 V                       ; 4.49e-09 V                   ; 2.38 V              ; -0.00552 V          ; 0.096 V                              ; 0.019 V                              ; 4.18e-10 s                  ; 3.59e-10 s                  ; No                         ; Yes                        ; 2.32 V                      ; 4.49e-09 V                  ; 2.38 V             ; -0.00552 V         ; 0.096 V                             ; 0.019 V                             ; 4.18e-10 s                 ; 3.59e-10 s                 ; No                        ; Yes                       ;
; Hex6[0]          ; 2.5 V        ; 0 s                 ; 0 s                 ; 2.32 V                       ; 4.49e-09 V                   ; 2.38 V              ; -0.00552 V          ; 0.096 V                              ; 0.019 V                              ; 4.18e-10 s                  ; 3.59e-10 s                  ; No                         ; Yes                        ; 2.32 V                      ; 4.49e-09 V                  ; 2.38 V             ; -0.00552 V         ; 0.096 V                             ; 0.019 V                             ; 4.18e-10 s                 ; 3.59e-10 s                 ; No                        ; Yes                       ;
; Hex6[1]          ; 2.5 V        ; 0 s                 ; 0 s                 ; 2.32 V                       ; 4.49e-09 V                   ; 2.38 V              ; -0.00552 V          ; 0.096 V                              ; 0.019 V                              ; 4.18e-10 s                  ; 3.59e-10 s                  ; No                         ; Yes                        ; 2.32 V                      ; 4.49e-09 V                  ; 2.38 V             ; -0.00552 V         ; 0.096 V                             ; 0.019 V                             ; 4.18e-10 s                 ; 3.59e-10 s                 ; No                        ; Yes                       ;
; Hex6[2]          ; 2.5 V        ; 0 s                 ; 0 s                 ; 2.32 V                       ; 4.49e-09 V                   ; 2.38 V              ; -0.00552 V          ; 0.096 V                              ; 0.019 V                              ; 4.18e-10 s                  ; 3.59e-10 s                  ; No                         ; Yes                        ; 2.32 V                      ; 4.49e-09 V                  ; 2.38 V             ; -0.00552 V         ; 0.096 V                             ; 0.019 V                             ; 4.18e-10 s                 ; 3.59e-10 s                 ; No                        ; Yes                       ;
; Hex6[3]          ; 2.5 V        ; 0 s                 ; 0 s                 ; 2.32 V                       ; 4.49e-09 V                   ; 2.38 V              ; -0.00552 V          ; 0.096 V                              ; 0.019 V                              ; 4.18e-10 s                  ; 3.59e-10 s                  ; No                         ; Yes                        ; 2.32 V                      ; 4.49e-09 V                  ; 2.38 V             ; -0.00552 V         ; 0.096 V                             ; 0.019 V                             ; 4.18e-10 s                 ; 3.59e-10 s                 ; No                        ; Yes                       ;
; Hex6[4]          ; 2.5 V        ; 0 s                 ; 0 s                 ; 2.32 V                       ; 4.49e-09 V                   ; 2.38 V              ; -0.00552 V          ; 0.096 V                              ; 0.019 V                              ; 4.18e-10 s                  ; 3.59e-10 s                  ; No                         ; Yes                        ; 2.32 V                      ; 4.49e-09 V                  ; 2.38 V             ; -0.00552 V         ; 0.096 V                             ; 0.019 V                             ; 4.18e-10 s                 ; 3.59e-10 s                 ; No                        ; Yes                       ;
; Hex6[5]          ; 2.5 V        ; 0 s                 ; 0 s                 ; 2.32 V                       ; 4.49e-09 V                   ; 2.33 V              ; -0.00467 V          ; 0.226 V                              ; 0.087 V                              ; 2.91e-09 s                  ; 2.74e-09 s                  ; Yes                        ; Yes                        ; 2.32 V                      ; 4.49e-09 V                  ; 2.33 V             ; -0.00467 V         ; 0.226 V                             ; 0.087 V                             ; 2.91e-09 s                 ; 2.74e-09 s                 ; Yes                       ; Yes                       ;
; Hex6[6]          ; 2.5 V        ; 0 s                 ; 0 s                 ; 2.32 V                       ; 4.49e-09 V                   ; 2.38 V              ; -0.00552 V          ; 0.096 V                              ; 0.019 V                              ; 4.18e-10 s                  ; 3.59e-10 s                  ; No                         ; Yes                        ; 2.32 V                      ; 4.49e-09 V                  ; 2.38 V             ; -0.00552 V         ; 0.096 V                             ; 0.019 V                             ; 4.18e-10 s                 ; 3.59e-10 s                 ; No                        ; Yes                       ;
; Hex7[0]          ; 2.5 V        ; 0 s                 ; 0 s                 ; 2.32 V                       ; 4.49e-09 V                   ; 2.38 V              ; -0.00552 V          ; 0.096 V                              ; 0.019 V                              ; 4.18e-10 s                  ; 3.59e-10 s                  ; No                         ; Yes                        ; 2.32 V                      ; 4.49e-09 V                  ; 2.38 V             ; -0.00552 V         ; 0.096 V                             ; 0.019 V                             ; 4.18e-10 s                 ; 3.59e-10 s                 ; No                        ; Yes                       ;
; Hex7[1]          ; 2.5 V        ; 0 s                 ; 0 s                 ; 2.32 V                       ; 4.49e-09 V                   ; 2.38 V              ; -0.00552 V          ; 0.096 V                              ; 0.019 V                              ; 4.18e-10 s                  ; 3.59e-10 s                  ; No                         ; Yes                        ; 2.32 V                      ; 4.49e-09 V                  ; 2.38 V             ; -0.00552 V         ; 0.096 V                             ; 0.019 V                             ; 4.18e-10 s                 ; 3.59e-10 s                 ; No                        ; Yes                       ;
; Hex7[2]          ; 2.5 V        ; 0 s                 ; 0 s                 ; 2.32 V                       ; 4.49e-09 V                   ; 2.38 V              ; -0.00552 V          ; 0.096 V                              ; 0.019 V                              ; 4.18e-10 s                  ; 3.59e-10 s                  ; No                         ; Yes                        ; 2.32 V                      ; 4.49e-09 V                  ; 2.38 V             ; -0.00552 V         ; 0.096 V                             ; 0.019 V                             ; 4.18e-10 s                 ; 3.59e-10 s                 ; No                        ; Yes                       ;
; Hex7[3]          ; 2.5 V        ; 0 s                 ; 0 s                 ; 2.32 V                       ; 4.49e-09 V                   ; 2.38 V              ; -0.00552 V          ; 0.096 V                              ; 0.019 V                              ; 4.18e-10 s                  ; 3.59e-10 s                  ; No                         ; Yes                        ; 2.32 V                      ; 4.49e-09 V                  ; 2.38 V             ; -0.00552 V         ; 0.096 V                             ; 0.019 V                             ; 4.18e-10 s                 ; 3.59e-10 s                 ; No                        ; Yes                       ;
; Hex7[4]          ; 2.5 V        ; 0 s                 ; 0 s                 ; 2.32 V                       ; 4.49e-09 V                   ; 2.38 V              ; -0.00552 V          ; 0.096 V                              ; 0.019 V                              ; 4.18e-10 s                  ; 3.59e-10 s                  ; No                         ; Yes                        ; 2.32 V                      ; 4.49e-09 V                  ; 2.38 V             ; -0.00552 V         ; 0.096 V                             ; 0.019 V                             ; 4.18e-10 s                 ; 3.59e-10 s                 ; No                        ; Yes                       ;
; Hex7[5]          ; 2.5 V        ; 0 s                 ; 0 s                 ; 2.32 V                       ; 4.49e-09 V                   ; 2.38 V              ; -0.00552 V          ; 0.096 V                              ; 0.019 V                              ; 4.18e-10 s                  ; 3.59e-10 s                  ; No                         ; Yes                        ; 2.32 V                      ; 4.49e-09 V                  ; 2.38 V             ; -0.00552 V         ; 0.096 V                             ; 0.019 V                             ; 4.18e-10 s                 ; 3.59e-10 s                 ; No                        ; Yes                       ;
; Hex7[6]          ; 2.5 V        ; 0 s                 ; 0 s                 ; 2.32 V                       ; 4.49e-09 V                   ; 2.38 V              ; -0.00552 V          ; 0.096 V                              ; 0.019 V                              ; 4.18e-10 s                  ; 3.59e-10 s                  ; No                         ; Yes                        ; 2.32 V                      ; 4.49e-09 V                  ; 2.38 V             ; -0.00552 V         ; 0.096 V                             ; 0.019 V                             ; 4.18e-10 s                 ; 3.59e-10 s                 ; No                        ; Yes                       ;
; switches_leds[0] ; 2.5 V        ; 0 s                 ; 0 s                 ; 2.32 V                       ; 4.49e-09 V                   ; 2.38 V              ; -0.00552 V          ; 0.096 V                              ; 0.019 V                              ; 4.18e-10 s                  ; 3.59e-10 s                  ; No                         ; Yes                        ; 2.32 V                      ; 4.49e-09 V                  ; 2.38 V             ; -0.00552 V         ; 0.096 V                             ; 0.019 V                             ; 4.18e-10 s                 ; 3.59e-10 s                 ; No                        ; Yes                       ;
; switches_leds[1] ; 2.5 V        ; 0 s                 ; 0 s                 ; 2.32 V                       ; 4.49e-09 V                   ; 2.38 V              ; -0.00552 V          ; 0.096 V                              ; 0.019 V                              ; 4.18e-10 s                  ; 3.59e-10 s                  ; No                         ; Yes                        ; 2.32 V                      ; 4.49e-09 V                  ; 2.38 V             ; -0.00552 V         ; 0.096 V                             ; 0.019 V                             ; 4.18e-10 s                 ; 3.59e-10 s                 ; No                        ; Yes                       ;
; switches_leds[2] ; 2.5 V        ; 0 s                 ; 0 s                 ; 2.32 V                       ; 4.49e-09 V                   ; 2.38 V              ; -0.00552 V          ; 0.096 V                              ; 0.019 V                              ; 4.18e-10 s                  ; 3.59e-10 s                  ; No                         ; Yes                        ; 2.32 V                      ; 4.49e-09 V                  ; 2.38 V             ; -0.00552 V         ; 0.096 V                             ; 0.019 V                             ; 4.18e-10 s                 ; 3.59e-10 s                 ; No                        ; Yes                       ;
; switches_leds[3] ; 2.5 V        ; 0 s                 ; 0 s                 ; 2.32 V                       ; 4.49e-09 V                   ; 2.33 V              ; -0.00467 V          ; 0.226 V                              ; 0.087 V                              ; 2.91e-09 s                  ; 2.74e-09 s                  ; Yes                        ; Yes                        ; 2.32 V                      ; 4.49e-09 V                  ; 2.33 V             ; -0.00467 V         ; 0.226 V                             ; 0.087 V                             ; 2.91e-09 s                 ; 2.74e-09 s                 ; Yes                       ; Yes                       ;
; switches_leds[4] ; 2.5 V        ; 0 s                 ; 0 s                 ; 2.32 V                       ; 4.49e-09 V                   ; 2.38 V              ; -0.00552 V          ; 0.096 V                              ; 0.019 V                              ; 4.18e-10 s                  ; 3.59e-10 s                  ; No                         ; Yes                        ; 2.32 V                      ; 4.49e-09 V                  ; 2.38 V             ; -0.00552 V         ; 0.096 V                             ; 0.019 V                             ; 4.18e-10 s                 ; 3.59e-10 s                 ; No                        ; Yes                       ;
; switches_leds[5] ; 2.5 V        ; 0 s                 ; 0 s                 ; 2.32 V                       ; 4.49e-09 V                   ; 2.38 V              ; -0.00552 V          ; 0.096 V                              ; 0.019 V                              ; 4.18e-10 s                  ; 3.59e-10 s                  ; No                         ; Yes                        ; 2.32 V                      ; 4.49e-09 V                  ; 2.38 V             ; -0.00552 V         ; 0.096 V                             ; 0.019 V                             ; 4.18e-10 s                 ; 3.59e-10 s                 ; No                        ; Yes                       ;
; btn_out          ; 2.5 V        ; 0 s                 ; 0 s                 ; 2.32 V                       ; 3.07e-09 V                   ; 2.38 V              ; -0.0144 V           ; 0.227 V                              ; 0.024 V                              ; 3.14e-10 s                  ; 3.39e-10 s                  ; Yes                        ; Yes                        ; 2.32 V                      ; 3.07e-09 V                  ; 2.38 V             ; -0.0144 V          ; 0.227 V                             ; 0.024 V                             ; 3.14e-10 s                 ; 3.39e-10 s                 ; Yes                       ; Yes                       ;
; in_sign_out      ; 2.5 V        ; 0 s                 ; 0 s                 ; 2.32 V                       ; 4.49e-09 V                   ; 2.38 V              ; -0.00552 V          ; 0.096 V                              ; 0.019 V                              ; 4.18e-10 s                  ; 3.59e-10 s                  ; No                         ; Yes                        ; 2.32 V                      ; 4.49e-09 V                  ; 2.38 V             ; -0.00552 V         ; 0.096 V                             ; 0.019 V                             ; 4.18e-10 s                 ; 3.59e-10 s                 ; No                        ; Yes                       ;
; ~ALTERA_DCLK~    ; 2.5 V        ; 0 s                 ; 0 s                 ; 2.32 V                       ; 2.67e-09 V                   ; 2.38 V              ; -0.0485 V           ; 0.167 V                              ; 0.096 V                              ; 2.95e-10 s                  ; 2.73e-10 s                  ; Yes                        ; Yes                        ; 2.32 V                      ; 2.67e-09 V                  ; 2.38 V             ; -0.0485 V          ; 0.167 V                             ; 0.096 V                             ; 2.95e-10 s                 ; 2.73e-10 s                 ; Yes                       ; Yes                       ;
; ~ALTERA_nCEO~    ; 2.5 V        ; 0 s                 ; 0 s                 ; 2.32 V                       ; 4.18e-09 V                   ; 2.38 V              ; -0.00483 V          ; 0.152 V                              ; 0.012 V                              ; 4.81e-10 s                  ; 6.29e-10 s                  ; Yes                        ; Yes                        ; 2.32 V                      ; 4.18e-09 V                  ; 2.38 V             ; -0.00483 V         ; 0.152 V                             ; 0.012 V                             ; 4.81e-10 s                 ; 6.29e-10 s                 ; Yes                       ; Yes                       ;
+------------------+--------------+---------------------+---------------------+------------------------------+------------------------------+---------------------+---------------------+--------------------------------------+--------------------------------------+-----------------------------+-----------------------------+----------------------------+----------------------------+-----------------------------+-----------------------------+--------------------+--------------------+-------------------------------------+-------------------------------------+----------------------------+----------------------------+---------------------------+---------------------------+


+-----------------------------------------------------------------------------------------------------------------------------------------------------------------------------------------------------------------------------------------------------------------------------------------------------------------------------------------------------------------------------------------------------------------------------------------------------------------------------------------------------------------------------------------------------------------------------------------------------------------------------------------------------------------------------------------------+
; Signal Integrity Metrics (Slow 1200mv 85c Model)                                                                                                                                                                                                                                                                                                                                                                                                                                                                                                                                                                                                                                              ;
+------------------+--------------+---------------------+---------------------+------------------------------+------------------------------+---------------------+---------------------+--------------------------------------+--------------------------------------+-----------------------------+-----------------------------+----------------------------+----------------------------+-----------------------------+-----------------------------+--------------------+--------------------+-------------------------------------+-------------------------------------+----------------------------+----------------------------+---------------------------+---------------------------+
; Pin              ; I/O Standard ; Board Delay on Rise ; Board Delay on Fall ; Steady State Voh at FPGA Pin ; Steady State Vol at FPGA Pin ; Voh Max at FPGA Pin ; Vol Min at FPGA Pin ; Ringback Voltage on Rise at FPGA Pin ; Ringback Voltage on Fall at FPGA Pin ; 10-90 Rise Time at FPGA Pin ; 90-10 Fall Time at FPGA Pin ; Monotonic Rise at FPGA Pin ; Monotonic Fall at FPGA Pin ; Steady State Voh at Far-end ; Steady State Vol at Far-end ; Voh Max at Far-end ; Vol Min at Far-end ; Ringback Voltage on Rise at Far-end ; Ringback Voltage on Fall at Far-end ; 10-90 Rise Time at Far-end ; 90-10 Fall Time at Far-end ; Monotonic Rise at Far-end ; Monotonic Fall at Far-end ;
+------------------+--------------+---------------------+---------------------+------------------------------+------------------------------+---------------------+---------------------+--------------------------------------+--------------------------------------+-----------------------------+-----------------------------+----------------------------+----------------------------+-----------------------------+-----------------------------+--------------------+--------------------+-------------------------------------+-------------------------------------+----------------------------+----------------------------+---------------------------+---------------------------+
; led_clock        ; 2.5 V        ; 0 s                 ; 0 s                 ; 2.32 V                       ; 6.92e-07 V                   ; 2.35 V              ; -0.00996 V          ; 0.121 V                              ; 0.03 V                               ; 4.64e-10 s                  ; 4.47e-10 s                  ; Yes                        ; Yes                        ; 2.32 V                      ; 6.92e-07 V                  ; 2.35 V             ; -0.00996 V         ; 0.121 V                             ; 0.03 V                              ; 4.64e-10 s                 ; 4.47e-10 s                 ; Yes                       ; Yes                       ;
; Hex0[0]          ; 2.5 V        ; 0 s                 ; 0 s                 ; 2.32 V                       ; 6.92e-07 V                   ; 2.35 V              ; -0.00996 V          ; 0.121 V                              ; 0.03 V                               ; 4.64e-10 s                  ; 4.47e-10 s                  ; Yes                        ; Yes                        ; 2.32 V                      ; 6.92e-07 V                  ; 2.35 V             ; -0.00996 V         ; 0.121 V                             ; 0.03 V                              ; 4.64e-10 s                 ; 4.47e-10 s                 ; Yes                       ; Yes                       ;
; Hex0[1]          ; 2.5 V        ; 0 s                 ; 0 s                 ; 2.32 V                       ; 6.92e-07 V                   ; 2.33 V              ; -0.00265 V          ; 0.133 V                              ; 0.056 V                              ; 3.55e-09 s                  ; 3.31e-09 s                  ; Yes                        ; Yes                        ; 2.32 V                      ; 6.92e-07 V                  ; 2.33 V             ; -0.00265 V         ; 0.133 V                             ; 0.056 V                             ; 3.55e-09 s                 ; 3.31e-09 s                 ; Yes                       ; Yes                       ;
; Hex0[2]          ; 2.5 V        ; 0 s                 ; 0 s                 ; 2.32 V                       ; 6.92e-07 V                   ; 2.35 V              ; -0.00996 V          ; 0.121 V                              ; 0.03 V                               ; 4.64e-10 s                  ; 4.47e-10 s                  ; Yes                        ; Yes                        ; 2.32 V                      ; 6.92e-07 V                  ; 2.35 V             ; -0.00996 V         ; 0.121 V                             ; 0.03 V                              ; 4.64e-10 s                 ; 4.47e-10 s                 ; Yes                       ; Yes                       ;
; Hex0[3]          ; 2.5 V        ; 0 s                 ; 0 s                 ; 2.32 V                       ; 4.67e-07 V                   ; 2.36 V              ; -0.00552 V          ; 0.11 V                               ; 0.007 V                              ; 4.54e-10 s                  ; 4.35e-10 s                  ; Yes                        ; Yes                        ; 2.32 V                      ; 4.67e-07 V                  ; 2.36 V             ; -0.00552 V         ; 0.11 V                              ; 0.007 V                             ; 4.54e-10 s                 ; 4.35e-10 s                 ; Yes                       ; Yes                       ;
; Hex0[4]          ; 2.5 V        ; 0 s                 ; 0 s                 ; 2.32 V                       ; 4.67e-07 V                   ; 2.36 V              ; -0.00552 V          ; 0.11 V                               ; 0.007 V                              ; 4.54e-10 s                  ; 4.35e-10 s                  ; Yes                        ; Yes                        ; 2.32 V                      ; 4.67e-07 V                  ; 2.36 V             ; -0.00552 V         ; 0.11 V                              ; 0.007 V                             ; 4.54e-10 s                 ; 4.35e-10 s                 ; Yes                       ; Yes                       ;
; Hex0[5]          ; 2.5 V        ; 0 s                 ; 0 s                 ; 2.32 V                       ; 4.67e-07 V                   ; 2.33 V              ; -0.00269 V          ; 0.13 V                               ; 0.055 V                              ; 3.54e-09 s                  ; 3.29e-09 s                  ; Yes                        ; Yes                        ; 2.32 V                      ; 4.67e-07 V                  ; 2.33 V             ; -0.00269 V         ; 0.13 V                              ; 0.055 V                             ; 3.54e-09 s                 ; 3.29e-09 s                 ; Yes                       ; Yes                       ;
; Hex0[6]          ; 2.5 V        ; 0 s                 ; 0 s                 ; 2.32 V                       ; 4.67e-07 V                   ; 2.36 V              ; -0.00552 V          ; 0.11 V                               ; 0.007 V                              ; 4.54e-10 s                  ; 4.35e-10 s                  ; Yes                        ; Yes                        ; 2.32 V                      ; 4.67e-07 V                  ; 2.36 V             ; -0.00552 V         ; 0.11 V                              ; 0.007 V                             ; 4.54e-10 s                 ; 4.35e-10 s                 ; Yes                       ; Yes                       ;
; Hex1[0]          ; 2.5 V        ; 0 s                 ; 0 s                 ; 2.32 V                       ; 4.67e-07 V                   ; 2.36 V              ; -0.00552 V          ; 0.11 V                               ; 0.007 V                              ; 4.54e-10 s                  ; 4.35e-10 s                  ; Yes                        ; Yes                        ; 2.32 V                      ; 4.67e-07 V                  ; 2.36 V             ; -0.00552 V         ; 0.11 V                              ; 0.007 V                             ; 4.54e-10 s                 ; 4.35e-10 s                 ; Yes                       ; Yes                       ;
; Hex1[1]          ; 2.5 V        ; 0 s                 ; 0 s                 ; 2.32 V                       ; 4.67e-07 V                   ; 2.35 V              ; -0.00942 V          ; 0.116 V                              ; 0.033 V                              ; 6.66e-10 s                  ; 6.27e-10 s                  ; Yes                        ; Yes                        ; 2.32 V                      ; 4.67e-07 V                  ; 2.35 V             ; -0.00942 V         ; 0.116 V                             ; 0.033 V                             ; 6.66e-10 s                 ; 6.27e-10 s                 ; Yes                       ; Yes                       ;
; Hex1[2]          ; 2.5 V        ; 0 s                 ; 0 s                 ; 2.32 V                       ; 4.67e-07 V                   ; 2.35 V              ; -0.00942 V          ; 0.116 V                              ; 0.033 V                              ; 6.66e-10 s                  ; 6.27e-10 s                  ; Yes                        ; Yes                        ; 2.32 V                      ; 4.67e-07 V                  ; 2.35 V             ; -0.00942 V         ; 0.116 V                             ; 0.033 V                             ; 6.66e-10 s                 ; 6.27e-10 s                 ; Yes                       ; Yes                       ;
; Hex1[3]          ; 2.5 V        ; 0 s                 ; 0 s                 ; 2.32 V                       ; 4.67e-07 V                   ; 2.35 V              ; -0.00942 V          ; 0.116 V                              ; 0.033 V                              ; 6.66e-10 s                  ; 6.27e-10 s                  ; Yes                        ; Yes                        ; 2.32 V                      ; 4.67e-07 V                  ; 2.35 V             ; -0.00942 V         ; 0.116 V                             ; 0.033 V                             ; 6.66e-10 s                 ; 6.27e-10 s                 ; Yes                       ; Yes                       ;
; Hex1[4]          ; 2.5 V        ; 0 s                 ; 0 s                 ; 2.32 V                       ; 4.67e-07 V                   ; 2.35 V              ; -0.00942 V          ; 0.116 V                              ; 0.033 V                              ; 6.66e-10 s                  ; 6.27e-10 s                  ; Yes                        ; Yes                        ; 2.32 V                      ; 4.67e-07 V                  ; 2.35 V             ; -0.00942 V         ; 0.116 V                             ; 0.033 V                             ; 6.66e-10 s                 ; 6.27e-10 s                 ; Yes                       ; Yes                       ;
; Hex1[5]          ; 2.5 V        ; 0 s                 ; 0 s                 ; 2.32 V                       ; 4.67e-07 V                   ; 2.33 V              ; -0.00269 V          ; 0.13 V                               ; 0.055 V                              ; 3.54e-09 s                  ; 3.29e-09 s                  ; Yes                        ; Yes                        ; 2.32 V                      ; 4.67e-07 V                  ; 2.33 V             ; -0.00269 V         ; 0.13 V                              ; 0.055 V                             ; 3.54e-09 s                 ; 3.29e-09 s                 ; Yes                       ; Yes                       ;
; Hex1[6]          ; 2.5 V        ; 0 s                 ; 0 s                 ; 2.32 V                       ; 4.67e-07 V                   ; 2.33 V              ; -0.00269 V          ; 0.13 V                               ; 0.055 V                              ; 3.54e-09 s                  ; 3.29e-09 s                  ; Yes                        ; Yes                        ; 2.32 V                      ; 4.67e-07 V                  ; 2.33 V             ; -0.00269 V         ; 0.13 V                              ; 0.055 V                             ; 3.54e-09 s                 ; 3.29e-09 s                 ; Yes                       ; Yes                       ;
; Hex2[0]          ; 2.5 V        ; 0 s                 ; 0 s                 ; 2.32 V                       ; 4.67e-07 V                   ; 2.35 V              ; -0.00942 V          ; 0.116 V                              ; 0.033 V                              ; 6.66e-10 s                  ; 6.27e-10 s                  ; Yes                        ; Yes                        ; 2.32 V                      ; 4.67e-07 V                  ; 2.35 V             ; -0.00942 V         ; 0.116 V                             ; 0.033 V                             ; 6.66e-10 s                 ; 6.27e-10 s                 ; Yes                       ; Yes                       ;
; Hex2[1]          ; 2.5 V        ; 0 s                 ; 0 s                 ; 2.32 V                       ; 4.67e-07 V                   ; 2.35 V              ; -0.00942 V          ; 0.116 V                              ; 0.033 V                              ; 6.66e-10 s                  ; 6.27e-10 s                  ; Yes                        ; Yes                        ; 2.32 V                      ; 4.67e-07 V                  ; 2.35 V             ; -0.00942 V         ; 0.116 V                             ; 0.033 V                             ; 6.66e-10 s                 ; 6.27e-10 s                 ; Yes                       ; Yes                       ;
; Hex2[2]          ; 2.5 V        ; 0 s                 ; 0 s                 ; 2.32 V                       ; 4.67e-07 V                   ; 2.35 V              ; -0.00942 V          ; 0.116 V                              ; 0.033 V                              ; 6.66e-10 s                  ; 6.27e-10 s                  ; Yes                        ; Yes                        ; 2.32 V                      ; 4.67e-07 V                  ; 2.35 V             ; -0.00942 V         ; 0.116 V                             ; 0.033 V                             ; 6.66e-10 s                 ; 6.27e-10 s                 ; Yes                       ; Yes                       ;
; Hex2[3]          ; 2.5 V        ; 0 s                 ; 0 s                 ; 2.32 V                       ; 4.67e-07 V                   ; 2.35 V              ; -0.00942 V          ; 0.116 V                              ; 0.033 V                              ; 6.66e-10 s                  ; 6.27e-10 s                  ; Yes                        ; Yes                        ; 2.32 V                      ; 4.67e-07 V                  ; 2.35 V             ; -0.00942 V         ; 0.116 V                             ; 0.033 V                             ; 6.66e-10 s                 ; 6.27e-10 s                 ; Yes                       ; Yes                       ;
; Hex2[4]          ; 2.5 V        ; 0 s                 ; 0 s                 ; 2.32 V                       ; 4.67e-07 V                   ; 2.35 V              ; -0.00942 V          ; 0.116 V                              ; 0.033 V                              ; 6.66e-10 s                  ; 6.27e-10 s                  ; Yes                        ; Yes                        ; 2.32 V                      ; 4.67e-07 V                  ; 2.35 V             ; -0.00942 V         ; 0.116 V                             ; 0.033 V                             ; 6.66e-10 s                 ; 6.27e-10 s                 ; Yes                       ; Yes                       ;
; Hex2[5]          ; 2.5 V        ; 0 s                 ; 0 s                 ; 2.32 V                       ; 4.67e-07 V                   ; 2.35 V              ; -0.00942 V          ; 0.116 V                              ; 0.033 V                              ; 6.66e-10 s                  ; 6.27e-10 s                  ; Yes                        ; Yes                        ; 2.32 V                      ; 4.67e-07 V                  ; 2.35 V             ; -0.00942 V         ; 0.116 V                             ; 0.033 V                             ; 6.66e-10 s                 ; 6.27e-10 s                 ; Yes                       ; Yes                       ;
; Hex2[6]          ; 2.5 V        ; 0 s                 ; 0 s                 ; 2.32 V                       ; 4.67e-07 V                   ; 2.35 V              ; -0.00942 V          ; 0.116 V                              ; 0.033 V                              ; 6.66e-10 s                  ; 6.27e-10 s                  ; Yes                        ; Yes                        ; 2.32 V                      ; 4.67e-07 V                  ; 2.35 V             ; -0.00942 V         ; 0.116 V                             ; 0.033 V                             ; 6.66e-10 s                 ; 6.27e-10 s                 ; Yes                       ; Yes                       ;
; Hex3[0]          ; 2.5 V        ; 0 s                 ; 0 s                 ; 2.32 V                       ; 4.67e-07 V                   ; 2.35 V              ; -0.00942 V          ; 0.116 V                              ; 0.033 V                              ; 6.66e-10 s                  ; 6.27e-10 s                  ; Yes                        ; Yes                        ; 2.32 V                      ; 4.67e-07 V                  ; 2.35 V             ; -0.00942 V         ; 0.116 V                             ; 0.033 V                             ; 6.66e-10 s                 ; 6.27e-10 s                 ; Yes                       ; Yes                       ;
; Hex3[1]          ; 2.5 V        ; 0 s                 ; 0 s                 ; 2.32 V                       ; 4.67e-07 V                   ; 2.36 V              ; -0.00552 V          ; 0.11 V                               ; 0.007 V                              ; 4.54e-10 s                  ; 4.35e-10 s                  ; Yes                        ; Yes                        ; 2.32 V                      ; 4.67e-07 V                  ; 2.36 V             ; -0.00552 V         ; 0.11 V                              ; 0.007 V                             ; 4.54e-10 s                 ; 4.35e-10 s                 ; Yes                       ; Yes                       ;
; Hex3[2]          ; 2.5 V        ; 0 s                 ; 0 s                 ; 2.32 V                       ; 6.92e-07 V                   ; 2.33 V              ; -0.00265 V          ; 0.133 V                              ; 0.056 V                              ; 3.55e-09 s                  ; 3.31e-09 s                  ; Yes                        ; Yes                        ; 2.32 V                      ; 6.92e-07 V                  ; 2.33 V             ; -0.00265 V         ; 0.133 V                             ; 0.056 V                             ; 3.55e-09 s                 ; 3.31e-09 s                 ; Yes                       ; Yes                       ;
; Hex3[3]          ; 2.5 V        ; 0 s                 ; 0 s                 ; 2.32 V                       ; 6.92e-07 V                   ; 2.35 V              ; -0.00996 V          ; 0.121 V                              ; 0.03 V                               ; 4.64e-10 s                  ; 4.47e-10 s                  ; Yes                        ; Yes                        ; 2.32 V                      ; 6.92e-07 V                  ; 2.35 V             ; -0.00996 V         ; 0.121 V                             ; 0.03 V                              ; 4.64e-10 s                 ; 4.47e-10 s                 ; Yes                       ; Yes                       ;
; Hex3[4]          ; 2.5 V        ; 0 s                 ; 0 s                 ; 2.32 V                       ; 6.92e-07 V                   ; 2.35 V              ; -0.00996 V          ; 0.121 V                              ; 0.03 V                               ; 4.64e-10 s                  ; 4.47e-10 s                  ; Yes                        ; Yes                        ; 2.32 V                      ; 6.92e-07 V                  ; 2.35 V             ; -0.00996 V         ; 0.121 V                             ; 0.03 V                              ; 4.64e-10 s                 ; 4.47e-10 s                 ; Yes                       ; Yes                       ;
; Hex3[5]          ; 2.5 V        ; 0 s                 ; 0 s                 ; 2.32 V                       ; 6.92e-07 V                   ; 2.35 V              ; -0.00996 V          ; 0.121 V                              ; 0.03 V                               ; 4.64e-10 s                  ; 4.47e-10 s                  ; Yes                        ; Yes                        ; 2.32 V                      ; 6.92e-07 V                  ; 2.35 V             ; -0.00996 V         ; 0.121 V                             ; 0.03 V                              ; 4.64e-10 s                 ; 4.47e-10 s                 ; Yes                       ; Yes                       ;
; Hex3[6]          ; 2.5 V        ; 0 s                 ; 0 s                 ; 2.32 V                       ; 6.92e-07 V                   ; 2.35 V              ; -0.00996 V          ; 0.121 V                              ; 0.03 V                               ; 4.64e-10 s                  ; 4.47e-10 s                  ; Yes                        ; Yes                        ; 2.32 V                      ; 6.92e-07 V                  ; 2.35 V             ; -0.00996 V         ; 0.121 V                             ; 0.03 V                              ; 4.64e-10 s                 ; 4.47e-10 s                 ; Yes                       ; Yes                       ;
; Hex4[0]          ; 2.5 V        ; 0 s                 ; 0 s                 ; 2.32 V                       ; 6.92e-07 V                   ; 2.35 V              ; -0.00996 V          ; 0.121 V                              ; 0.03 V                               ; 4.64e-10 s                  ; 4.47e-10 s                  ; Yes                        ; Yes                        ; 2.32 V                      ; 6.92e-07 V                  ; 2.35 V             ; -0.00996 V         ; 0.121 V                             ; 0.03 V                              ; 4.64e-10 s                 ; 4.47e-10 s                 ; Yes                       ; Yes                       ;
; Hex4[1]          ; 2.5 V        ; 0 s                 ; 0 s                 ; 2.32 V                       ; 6.92e-07 V                   ; 2.35 V              ; -0.00996 V          ; 0.121 V                              ; 0.03 V                               ; 4.64e-10 s                  ; 4.47e-10 s                  ; Yes                        ; Yes                        ; 2.32 V                      ; 6.92e-07 V                  ; 2.35 V             ; -0.00996 V         ; 0.121 V                             ; 0.03 V                              ; 4.64e-10 s                 ; 4.47e-10 s                 ; Yes                       ; Yes                       ;
; Hex4[2]          ; 2.5 V        ; 0 s                 ; 0 s                 ; 2.32 V                       ; 6.92e-07 V                   ; 2.35 V              ; -0.00996 V          ; 0.121 V                              ; 0.03 V                               ; 4.64e-10 s                  ; 4.47e-10 s                  ; Yes                        ; Yes                        ; 2.32 V                      ; 6.92e-07 V                  ; 2.35 V             ; -0.00996 V         ; 0.121 V                             ; 0.03 V                              ; 4.64e-10 s                 ; 4.47e-10 s                 ; Yes                       ; Yes                       ;
; Hex4[3]          ; 2.5 V        ; 0 s                 ; 0 s                 ; 2.32 V                       ; 6.92e-07 V                   ; 2.35 V              ; -0.00996 V          ; 0.121 V                              ; 0.03 V                               ; 4.64e-10 s                  ; 4.47e-10 s                  ; Yes                        ; Yes                        ; 2.32 V                      ; 6.92e-07 V                  ; 2.35 V             ; -0.00996 V         ; 0.121 V                             ; 0.03 V                              ; 4.64e-10 s                 ; 4.47e-10 s                 ; Yes                       ; Yes                       ;
; Hex4[4]          ; 2.5 V        ; 0 s                 ; 0 s                 ; 2.32 V                       ; 6.92e-07 V                   ; 2.35 V              ; -0.00996 V          ; 0.121 V                              ; 0.03 V                               ; 4.64e-10 s                  ; 4.47e-10 s                  ; Yes                        ; Yes                        ; 2.32 V                      ; 6.92e-07 V                  ; 2.35 V             ; -0.00996 V         ; 0.121 V                             ; 0.03 V                              ; 4.64e-10 s                 ; 4.47e-10 s                 ; Yes                       ; Yes                       ;
; Hex4[5]          ; 2.5 V        ; 0 s                 ; 0 s                 ; 2.32 V                       ; 6.92e-07 V                   ; 2.35 V              ; -0.00996 V          ; 0.121 V                              ; 0.03 V                               ; 4.64e-10 s                  ; 4.47e-10 s                  ; Yes                        ; Yes                        ; 2.32 V                      ; 6.92e-07 V                  ; 2.35 V             ; -0.00996 V         ; 0.121 V                             ; 0.03 V                              ; 4.64e-10 s                 ; 4.47e-10 s                 ; Yes                       ; Yes                       ;
; Hex4[6]          ; 2.5 V        ; 0 s                 ; 0 s                 ; 2.32 V                       ; 6.92e-07 V                   ; 2.35 V              ; -0.00996 V          ; 0.121 V                              ; 0.03 V                               ; 4.64e-10 s                  ; 4.47e-10 s                  ; Yes                        ; Yes                        ; 2.32 V                      ; 6.92e-07 V                  ; 2.35 V             ; -0.00996 V         ; 0.121 V                             ; 0.03 V                              ; 4.64e-10 s                 ; 4.47e-10 s                 ; Yes                       ; Yes                       ;
; Hex5[0]          ; 2.5 V        ; 0 s                 ; 0 s                 ; 2.32 V                       ; 6.92e-07 V                   ; 2.35 V              ; -0.00996 V          ; 0.121 V                              ; 0.03 V                               ; 4.64e-10 s                  ; 4.47e-10 s                  ; Yes                        ; Yes                        ; 2.32 V                      ; 6.92e-07 V                  ; 2.35 V             ; -0.00996 V         ; 0.121 V                             ; 0.03 V                              ; 4.64e-10 s                 ; 4.47e-10 s                 ; Yes                       ; Yes                       ;
; Hex5[1]          ; 2.5 V        ; 0 s                 ; 0 s                 ; 2.32 V                       ; 6.92e-07 V                   ; 2.33 V              ; -0.00265 V          ; 0.133 V                              ; 0.056 V                              ; 3.55e-09 s                  ; 3.31e-09 s                  ; Yes                        ; Yes                        ; 2.32 V                      ; 6.92e-07 V                  ; 2.33 V             ; -0.00265 V         ; 0.133 V                             ; 0.056 V                             ; 3.55e-09 s                 ; 3.31e-09 s                 ; Yes                       ; Yes                       ;
; Hex5[2]          ; 2.5 V        ; 0 s                 ; 0 s                 ; 2.32 V                       ; 6.92e-07 V                   ; 2.35 V              ; -0.00996 V          ; 0.121 V                              ; 0.03 V                               ; 4.64e-10 s                  ; 4.47e-10 s                  ; Yes                        ; Yes                        ; 2.32 V                      ; 6.92e-07 V                  ; 2.35 V             ; -0.00996 V         ; 0.121 V                             ; 0.03 V                              ; 4.64e-10 s                 ; 4.47e-10 s                 ; Yes                       ; Yes                       ;
; Hex5[3]          ; 2.5 V        ; 0 s                 ; 0 s                 ; 2.32 V                       ; 6.92e-07 V                   ; 2.35 V              ; -0.00996 V          ; 0.121 V                              ; 0.03 V                               ; 4.64e-10 s                  ; 4.47e-10 s                  ; Yes                        ; Yes                        ; 2.32 V                      ; 6.92e-07 V                  ; 2.35 V             ; -0.00996 V         ; 0.121 V                             ; 0.03 V                              ; 4.64e-10 s                 ; 4.47e-10 s                 ; Yes                       ; Yes                       ;
; Hex5[4]          ; 2.5 V        ; 0 s                 ; 0 s                 ; 2.32 V                       ; 6.92e-07 V                   ; 2.35 V              ; -0.00996 V          ; 0.121 V                              ; 0.03 V                               ; 4.64e-10 s                  ; 4.47e-10 s                  ; Yes                        ; Yes                        ; 2.32 V                      ; 6.92e-07 V                  ; 2.35 V             ; -0.00996 V         ; 0.121 V                             ; 0.03 V                              ; 4.64e-10 s                 ; 4.47e-10 s                 ; Yes                       ; Yes                       ;
; Hex5[5]          ; 2.5 V        ; 0 s                 ; 0 s                 ; 2.32 V                       ; 6.92e-07 V                   ; 2.35 V              ; -0.00996 V          ; 0.121 V                              ; 0.03 V                               ; 4.64e-10 s                  ; 4.47e-10 s                  ; Yes                        ; Yes                        ; 2.32 V                      ; 6.92e-07 V                  ; 2.35 V             ; -0.00996 V         ; 0.121 V                             ; 0.03 V                              ; 4.64e-10 s                 ; 4.47e-10 s                 ; Yes                       ; Yes                       ;
; Hex5[6]          ; 2.5 V        ; 0 s                 ; 0 s                 ; 2.32 V                       ; 6.92e-07 V                   ; 2.35 V              ; -0.00996 V          ; 0.121 V                              ; 0.03 V                               ; 4.64e-10 s                  ; 4.47e-10 s                  ; Yes                        ; Yes                        ; 2.32 V                      ; 6.92e-07 V                  ; 2.35 V             ; -0.00996 V         ; 0.121 V                             ; 0.03 V                              ; 4.64e-10 s                 ; 4.47e-10 s                 ; Yes                       ; Yes                       ;
; Hex6[0]          ; 2.5 V        ; 0 s                 ; 0 s                 ; 2.32 V                       ; 6.92e-07 V                   ; 2.35 V              ; -0.00996 V          ; 0.121 V                              ; 0.03 V                               ; 4.64e-10 s                  ; 4.47e-10 s                  ; Yes                        ; Yes                        ; 2.32 V                      ; 6.92e-07 V                  ; 2.35 V             ; -0.00996 V         ; 0.121 V                             ; 0.03 V                              ; 4.64e-10 s                 ; 4.47e-10 s                 ; Yes                       ; Yes                       ;
; Hex6[1]          ; 2.5 V        ; 0 s                 ; 0 s                 ; 2.32 V                       ; 6.92e-07 V                   ; 2.35 V              ; -0.00996 V          ; 0.121 V                              ; 0.03 V                               ; 4.64e-10 s                  ; 4.47e-10 s                  ; Yes                        ; Yes                        ; 2.32 V                      ; 6.92e-07 V                  ; 2.35 V             ; -0.00996 V         ; 0.121 V                             ; 0.03 V                              ; 4.64e-10 s                 ; 4.47e-10 s                 ; Yes                       ; Yes                       ;
; Hex6[2]          ; 2.5 V        ; 0 s                 ; 0 s                 ; 2.32 V                       ; 6.92e-07 V                   ; 2.35 V              ; -0.00996 V          ; 0.121 V                              ; 0.03 V                               ; 4.64e-10 s                  ; 4.47e-10 s                  ; Yes                        ; Yes                        ; 2.32 V                      ; 6.92e-07 V                  ; 2.35 V             ; -0.00996 V         ; 0.121 V                             ; 0.03 V                              ; 4.64e-10 s                 ; 4.47e-10 s                 ; Yes                       ; Yes                       ;
; Hex6[3]          ; 2.5 V        ; 0 s                 ; 0 s                 ; 2.32 V                       ; 6.92e-07 V                   ; 2.35 V              ; -0.00996 V          ; 0.121 V                              ; 0.03 V                               ; 4.64e-10 s                  ; 4.47e-10 s                  ; Yes                        ; Yes                        ; 2.32 V                      ; 6.92e-07 V                  ; 2.35 V             ; -0.00996 V         ; 0.121 V                             ; 0.03 V                              ; 4.64e-10 s                 ; 4.47e-10 s                 ; Yes                       ; Yes                       ;
; Hex6[4]          ; 2.5 V        ; 0 s                 ; 0 s                 ; 2.32 V                       ; 6.92e-07 V                   ; 2.35 V              ; -0.00996 V          ; 0.121 V                              ; 0.03 V                               ; 4.64e-10 s                  ; 4.47e-10 s                  ; Yes                        ; Yes                        ; 2.32 V                      ; 6.92e-07 V                  ; 2.35 V             ; -0.00996 V         ; 0.121 V                             ; 0.03 V                              ; 4.64e-10 s                 ; 4.47e-10 s                 ; Yes                       ; Yes                       ;
; Hex6[5]          ; 2.5 V        ; 0 s                 ; 0 s                 ; 2.32 V                       ; 6.92e-07 V                   ; 2.33 V              ; -0.00265 V          ; 0.133 V                              ; 0.056 V                              ; 3.55e-09 s                  ; 3.31e-09 s                  ; Yes                        ; Yes                        ; 2.32 V                      ; 6.92e-07 V                  ; 2.33 V             ; -0.00265 V         ; 0.133 V                             ; 0.056 V                             ; 3.55e-09 s                 ; 3.31e-09 s                 ; Yes                       ; Yes                       ;
; Hex6[6]          ; 2.5 V        ; 0 s                 ; 0 s                 ; 2.32 V                       ; 6.92e-07 V                   ; 2.35 V              ; -0.00996 V          ; 0.121 V                              ; 0.03 V                               ; 4.64e-10 s                  ; 4.47e-10 s                  ; Yes                        ; Yes                        ; 2.32 V                      ; 6.92e-07 V                  ; 2.35 V             ; -0.00996 V         ; 0.121 V                             ; 0.03 V                              ; 4.64e-10 s                 ; 4.47e-10 s                 ; Yes                       ; Yes                       ;
; Hex7[0]          ; 2.5 V        ; 0 s                 ; 0 s                 ; 2.32 V                       ; 6.92e-07 V                   ; 2.35 V              ; -0.00996 V          ; 0.121 V                              ; 0.03 V                               ; 4.64e-10 s                  ; 4.47e-10 s                  ; Yes                        ; Yes                        ; 2.32 V                      ; 6.92e-07 V                  ; 2.35 V             ; -0.00996 V         ; 0.121 V                             ; 0.03 V                              ; 4.64e-10 s                 ; 4.47e-10 s                 ; Yes                       ; Yes                       ;
; Hex7[1]          ; 2.5 V        ; 0 s                 ; 0 s                 ; 2.32 V                       ; 6.92e-07 V                   ; 2.35 V              ; -0.00996 V          ; 0.121 V                              ; 0.03 V                               ; 4.64e-10 s                  ; 4.47e-10 s                  ; Yes                        ; Yes                        ; 2.32 V                      ; 6.92e-07 V                  ; 2.35 V             ; -0.00996 V         ; 0.121 V                             ; 0.03 V                              ; 4.64e-10 s                 ; 4.47e-10 s                 ; Yes                       ; Yes                       ;
; Hex7[2]          ; 2.5 V        ; 0 s                 ; 0 s                 ; 2.32 V                       ; 6.92e-07 V                   ; 2.35 V              ; -0.00996 V          ; 0.121 V                              ; 0.03 V                               ; 4.64e-10 s                  ; 4.47e-10 s                  ; Yes                        ; Yes                        ; 2.32 V                      ; 6.92e-07 V                  ; 2.35 V             ; -0.00996 V         ; 0.121 V                             ; 0.03 V                              ; 4.64e-10 s                 ; 4.47e-10 s                 ; Yes                       ; Yes                       ;
; Hex7[3]          ; 2.5 V        ; 0 s                 ; 0 s                 ; 2.32 V                       ; 6.92e-07 V                   ; 2.35 V              ; -0.00996 V          ; 0.121 V                              ; 0.03 V                               ; 4.64e-10 s                  ; 4.47e-10 s                  ; Yes                        ; Yes                        ; 2.32 V                      ; 6.92e-07 V                  ; 2.35 V             ; -0.00996 V         ; 0.121 V                             ; 0.03 V                              ; 4.64e-10 s                 ; 4.47e-10 s                 ; Yes                       ; Yes                       ;
; Hex7[4]          ; 2.5 V        ; 0 s                 ; 0 s                 ; 2.32 V                       ; 6.92e-07 V                   ; 2.35 V              ; -0.00996 V          ; 0.121 V                              ; 0.03 V                               ; 4.64e-10 s                  ; 4.47e-10 s                  ; Yes                        ; Yes                        ; 2.32 V                      ; 6.92e-07 V                  ; 2.35 V             ; -0.00996 V         ; 0.121 V                             ; 0.03 V                              ; 4.64e-10 s                 ; 4.47e-10 s                 ; Yes                       ; Yes                       ;
; Hex7[5]          ; 2.5 V        ; 0 s                 ; 0 s                 ; 2.32 V                       ; 6.92e-07 V                   ; 2.35 V              ; -0.00996 V          ; 0.121 V                              ; 0.03 V                               ; 4.64e-10 s                  ; 4.47e-10 s                  ; Yes                        ; Yes                        ; 2.32 V                      ; 6.92e-07 V                  ; 2.35 V             ; -0.00996 V         ; 0.121 V                             ; 0.03 V                              ; 4.64e-10 s                 ; 4.47e-10 s                 ; Yes                       ; Yes                       ;
; Hex7[6]          ; 2.5 V        ; 0 s                 ; 0 s                 ; 2.32 V                       ; 6.92e-07 V                   ; 2.35 V              ; -0.00996 V          ; 0.121 V                              ; 0.03 V                               ; 4.64e-10 s                  ; 4.47e-10 s                  ; Yes                        ; Yes                        ; 2.32 V                      ; 6.92e-07 V                  ; 2.35 V             ; -0.00996 V         ; 0.121 V                             ; 0.03 V                              ; 4.64e-10 s                 ; 4.47e-10 s                 ; Yes                       ; Yes                       ;
; switches_leds[0] ; 2.5 V        ; 0 s                 ; 0 s                 ; 2.32 V                       ; 6.92e-07 V                   ; 2.35 V              ; -0.00996 V          ; 0.121 V                              ; 0.03 V                               ; 4.64e-10 s                  ; 4.47e-10 s                  ; Yes                        ; Yes                        ; 2.32 V                      ; 6.92e-07 V                  ; 2.35 V             ; -0.00996 V         ; 0.121 V                             ; 0.03 V                              ; 4.64e-10 s                 ; 4.47e-10 s                 ; Yes                       ; Yes                       ;
; switches_leds[1] ; 2.5 V        ; 0 s                 ; 0 s                 ; 2.32 V                       ; 6.92e-07 V                   ; 2.35 V              ; -0.00996 V          ; 0.121 V                              ; 0.03 V                               ; 4.64e-10 s                  ; 4.47e-10 s                  ; Yes                        ; Yes                        ; 2.32 V                      ; 6.92e-07 V                  ; 2.35 V             ; -0.00996 V         ; 0.121 V                             ; 0.03 V                              ; 4.64e-10 s                 ; 4.47e-10 s                 ; Yes                       ; Yes                       ;
; switches_leds[2] ; 2.5 V        ; 0 s                 ; 0 s                 ; 2.32 V                       ; 6.92e-07 V                   ; 2.35 V              ; -0.00996 V          ; 0.121 V                              ; 0.03 V                               ; 4.64e-10 s                  ; 4.47e-10 s                  ; Yes                        ; Yes                        ; 2.32 V                      ; 6.92e-07 V                  ; 2.35 V             ; -0.00996 V         ; 0.121 V                             ; 0.03 V                              ; 4.64e-10 s                 ; 4.47e-10 s                 ; Yes                       ; Yes                       ;
; switches_leds[3] ; 2.5 V        ; 0 s                 ; 0 s                 ; 2.32 V                       ; 6.92e-07 V                   ; 2.33 V              ; -0.00265 V          ; 0.133 V                              ; 0.056 V                              ; 3.55e-09 s                  ; 3.31e-09 s                  ; Yes                        ; Yes                        ; 2.32 V                      ; 6.92e-07 V                  ; 2.33 V             ; -0.00265 V         ; 0.133 V                             ; 0.056 V                             ; 3.55e-09 s                 ; 3.31e-09 s                 ; Yes                       ; Yes                       ;
; switches_leds[4] ; 2.5 V        ; 0 s                 ; 0 s                 ; 2.32 V                       ; 6.92e-07 V                   ; 2.35 V              ; -0.00996 V          ; 0.121 V                              ; 0.03 V                               ; 4.64e-10 s                  ; 4.47e-10 s                  ; Yes                        ; Yes                        ; 2.32 V                      ; 6.92e-07 V                  ; 2.35 V             ; -0.00996 V         ; 0.121 V                             ; 0.03 V                              ; 4.64e-10 s                 ; 4.47e-10 s                 ; Yes                       ; Yes                       ;
; switches_leds[5] ; 2.5 V        ; 0 s                 ; 0 s                 ; 2.32 V                       ; 6.92e-07 V                   ; 2.35 V              ; -0.00996 V          ; 0.121 V                              ; 0.03 V                               ; 4.64e-10 s                  ; 4.47e-10 s                  ; Yes                        ; Yes                        ; 2.32 V                      ; 6.92e-07 V                  ; 2.35 V             ; -0.00996 V         ; 0.121 V                             ; 0.03 V                              ; 4.64e-10 s                 ; 4.47e-10 s                 ; Yes                       ; Yes                       ;
; btn_out          ; 2.5 V        ; 0 s                 ; 0 s                 ; 2.32 V                       ; 4.67e-07 V                   ; 2.36 V              ; -0.00552 V          ; 0.11 V                               ; 0.007 V                              ; 4.54e-10 s                  ; 4.35e-10 s                  ; Yes                        ; Yes                        ; 2.32 V                      ; 4.67e-07 V                  ; 2.36 V             ; -0.00552 V         ; 0.11 V                              ; 0.007 V                             ; 4.54e-10 s                 ; 4.35e-10 s                 ; Yes                       ; Yes                       ;
; in_sign_out      ; 2.5 V        ; 0 s                 ; 0 s                 ; 2.32 V                       ; 6.92e-07 V                   ; 2.35 V              ; -0.00996 V          ; 0.121 V                              ; 0.03 V                               ; 4.64e-10 s                  ; 4.47e-10 s                  ; Yes                        ; Yes                        ; 2.32 V                      ; 6.92e-07 V                  ; 2.35 V             ; -0.00996 V         ; 0.121 V                             ; 0.03 V                              ; 4.64e-10 s                 ; 4.47e-10 s                 ; Yes                       ; Yes                       ;
; ~ALTERA_DCLK~    ; 2.5 V        ; 0 s                 ; 0 s                 ; 2.32 V                       ; 3.75e-07 V                   ; 2.35 V              ; -0.0109 V           ; 0.084 V                              ; 0.027 V                              ; 4.31e-10 s                  ; 3.61e-10 s                  ; Yes                        ; Yes                        ; 2.32 V                      ; 3.75e-07 V                  ; 2.35 V             ; -0.0109 V          ; 0.084 V                             ; 0.027 V                             ; 4.31e-10 s                 ; 3.61e-10 s                 ; Yes                       ; Yes                       ;
; ~ALTERA_nCEO~    ; 2.5 V        ; 0 s                 ; 0 s                 ; 2.32 V                       ; 6.15e-07 V                   ; 2.35 V              ; -0.00712 V          ; 0.093 V                              ; 0.02 V                               ; 6.21e-10 s                  ; 7.9e-10 s                   ; Yes                        ; Yes                        ; 2.32 V                      ; 6.15e-07 V                  ; 2.35 V             ; -0.00712 V         ; 0.093 V                             ; 0.02 V                              ; 6.21e-10 s                 ; 7.9e-10 s                  ; Yes                       ; Yes                       ;
+------------------+--------------+---------------------+---------------------+------------------------------+------------------------------+---------------------+---------------------+--------------------------------------+--------------------------------------+-----------------------------+-----------------------------+----------------------------+----------------------------+-----------------------------+-----------------------------+--------------------+--------------------+-------------------------------------+-------------------------------------+----------------------------+----------------------------+---------------------------+---------------------------+


+-----------------------------------------------------------------------------------------------------------------------------------------------------------------------------------------------------------------------------------------------------------------------------------------------------------------------------------------------------------------------------------------------------------------------------------------------------------------------------------------------------------------------------------------------------------------------------------------------------------------------------------------------------------------------------------------------+
; Signal Integrity Metrics (Fast 1200mv 0c Model)                                                                                                                                                                                                                                                                                                                                                                                                                                                                                                                                                                                                                                               ;
+------------------+--------------+---------------------+---------------------+------------------------------+------------------------------+---------------------+---------------------+--------------------------------------+--------------------------------------+-----------------------------+-----------------------------+----------------------------+----------------------------+-----------------------------+-----------------------------+--------------------+--------------------+-------------------------------------+-------------------------------------+----------------------------+----------------------------+---------------------------+---------------------------+
; Pin              ; I/O Standard ; Board Delay on Rise ; Board Delay on Fall ; Steady State Voh at FPGA Pin ; Steady State Vol at FPGA Pin ; Voh Max at FPGA Pin ; Vol Min at FPGA Pin ; Ringback Voltage on Rise at FPGA Pin ; Ringback Voltage on Fall at FPGA Pin ; 10-90 Rise Time at FPGA Pin ; 90-10 Fall Time at FPGA Pin ; Monotonic Rise at FPGA Pin ; Monotonic Fall at FPGA Pin ; Steady State Voh at Far-end ; Steady State Vol at Far-end ; Voh Max at Far-end ; Vol Min at Far-end ; Ringback Voltage on Rise at Far-end ; Ringback Voltage on Fall at Far-end ; 10-90 Rise Time at Far-end ; 90-10 Fall Time at Far-end ; Monotonic Rise at Far-end ; Monotonic Fall at Far-end ;
+------------------+--------------+---------------------+---------------------+------------------------------+------------------------------+---------------------+---------------------+--------------------------------------+--------------------------------------+-----------------------------+-----------------------------+----------------------------+----------------------------+-----------------------------+-----------------------------+--------------------+--------------------+-------------------------------------+-------------------------------------+----------------------------+----------------------------+---------------------------+---------------------------+
; led_clock        ; 2.5 V        ; 0 s                 ; 0 s                 ; 2.62 V                       ; 4.05e-08 V                   ; 2.72 V              ; -0.0349 V           ; 0.173 V                              ; 0.1 V                                ; 2.72e-10 s                  ; 2.69e-10 s                  ; Yes                        ; Yes                        ; 2.62 V                      ; 4.05e-08 V                  ; 2.72 V             ; -0.0349 V          ; 0.173 V                             ; 0.1 V                               ; 2.72e-10 s                 ; 2.69e-10 s                 ; Yes                       ; Yes                       ;
; Hex0[0]          ; 2.5 V        ; 0 s                 ; 0 s                 ; 2.62 V                       ; 4.05e-08 V                   ; 2.72 V              ; -0.0349 V           ; 0.173 V                              ; 0.1 V                                ; 2.72e-10 s                  ; 2.69e-10 s                  ; Yes                        ; Yes                        ; 2.62 V                      ; 4.05e-08 V                  ; 2.72 V             ; -0.0349 V          ; 0.173 V                             ; 0.1 V                               ; 2.72e-10 s                 ; 2.69e-10 s                 ; Yes                       ; Yes                       ;
; Hex0[1]          ; 2.5 V        ; 0 s                 ; 0 s                 ; 2.62 V                       ; 4.05e-08 V                   ; 2.64 V              ; -0.0113 V           ; 0.208 V                              ; 0.179 V                              ; 2.38e-09 s                  ; 2.23e-09 s                  ; No                         ; Yes                        ; 2.62 V                      ; 4.05e-08 V                  ; 2.64 V             ; -0.0113 V          ; 0.208 V                             ; 0.179 V                             ; 2.38e-09 s                 ; 2.23e-09 s                 ; No                        ; Yes                       ;
; Hex0[2]          ; 2.5 V        ; 0 s                 ; 0 s                 ; 2.62 V                       ; 4.05e-08 V                   ; 2.72 V              ; -0.0349 V           ; 0.173 V                              ; 0.1 V                                ; 2.72e-10 s                  ; 2.69e-10 s                  ; Yes                        ; Yes                        ; 2.62 V                      ; 4.05e-08 V                  ; 2.72 V             ; -0.0349 V          ; 0.173 V                             ; 0.1 V                               ; 2.72e-10 s                 ; 2.69e-10 s                 ; Yes                       ; Yes                       ;
; Hex0[3]          ; 2.5 V        ; 0 s                 ; 0 s                 ; 2.62 V                       ; 2.74e-08 V                   ; 2.73 V              ; -0.0384 V           ; 0.169 V                              ; 0.089 V                              ; 2.7e-10 s                   ; 2.62e-10 s                  ; Yes                        ; Yes                        ; 2.62 V                      ; 2.74e-08 V                  ; 2.73 V             ; -0.0384 V          ; 0.169 V                             ; 0.089 V                             ; 2.7e-10 s                  ; 2.62e-10 s                 ; Yes                       ; Yes                       ;
; Hex0[4]          ; 2.5 V        ; 0 s                 ; 0 s                 ; 2.62 V                       ; 2.74e-08 V                   ; 2.73 V              ; -0.0384 V           ; 0.169 V                              ; 0.089 V                              ; 2.7e-10 s                   ; 2.62e-10 s                  ; Yes                        ; Yes                        ; 2.62 V                      ; 2.74e-08 V                  ; 2.73 V             ; -0.0384 V          ; 0.169 V                             ; 0.089 V                             ; 2.7e-10 s                  ; 2.62e-10 s                 ; Yes                       ; Yes                       ;
; Hex0[5]          ; 2.5 V        ; 0 s                 ; 0 s                 ; 2.62 V                       ; 2.74e-08 V                   ; 2.64 V              ; -0.0117 V           ; 0.202 V                              ; 0.176 V                              ; 2.38e-09 s                  ; 2.22e-09 s                  ; No                         ; Yes                        ; 2.62 V                      ; 2.74e-08 V                  ; 2.64 V             ; -0.0117 V          ; 0.202 V                             ; 0.176 V                             ; 2.38e-09 s                 ; 2.22e-09 s                 ; No                        ; Yes                       ;
; Hex0[6]          ; 2.5 V        ; 0 s                 ; 0 s                 ; 2.62 V                       ; 2.74e-08 V                   ; 2.73 V              ; -0.0384 V           ; 0.169 V                              ; 0.089 V                              ; 2.7e-10 s                   ; 2.62e-10 s                  ; Yes                        ; Yes                        ; 2.62 V                      ; 2.74e-08 V                  ; 2.73 V             ; -0.0384 V          ; 0.169 V                             ; 0.089 V                             ; 2.7e-10 s                  ; 2.62e-10 s                 ; Yes                       ; Yes                       ;
; Hex1[0]          ; 2.5 V        ; 0 s                 ; 0 s                 ; 2.62 V                       ; 2.74e-08 V                   ; 2.73 V              ; -0.0384 V           ; 0.169 V                              ; 0.089 V                              ; 2.7e-10 s                   ; 2.62e-10 s                  ; Yes                        ; Yes                        ; 2.62 V                      ; 2.74e-08 V                  ; 2.73 V             ; -0.0384 V          ; 0.169 V                             ; 0.089 V                             ; 2.7e-10 s                  ; 2.62e-10 s                 ; Yes                       ; Yes                       ;
; Hex1[1]          ; 2.5 V        ; 0 s                 ; 0 s                 ; 2.62 V                       ; 2.74e-08 V                   ; 2.71 V              ; -0.0317 V           ; 0.148 V                              ; 0.064 V                              ; 4.51e-10 s                  ; 4.15e-10 s                  ; No                         ; Yes                        ; 2.62 V                      ; 2.74e-08 V                  ; 2.71 V             ; -0.0317 V          ; 0.148 V                             ; 0.064 V                             ; 4.51e-10 s                 ; 4.15e-10 s                 ; No                        ; Yes                       ;
; Hex1[2]          ; 2.5 V        ; 0 s                 ; 0 s                 ; 2.62 V                       ; 2.74e-08 V                   ; 2.71 V              ; -0.0317 V           ; 0.148 V                              ; 0.064 V                              ; 4.51e-10 s                  ; 4.15e-10 s                  ; No                         ; Yes                        ; 2.62 V                      ; 2.74e-08 V                  ; 2.71 V             ; -0.0317 V          ; 0.148 V                             ; 0.064 V                             ; 4.51e-10 s                 ; 4.15e-10 s                 ; No                        ; Yes                       ;
; Hex1[3]          ; 2.5 V        ; 0 s                 ; 0 s                 ; 2.62 V                       ; 2.74e-08 V                   ; 2.71 V              ; -0.0317 V           ; 0.148 V                              ; 0.064 V                              ; 4.51e-10 s                  ; 4.15e-10 s                  ; No                         ; Yes                        ; 2.62 V                      ; 2.74e-08 V                  ; 2.71 V             ; -0.0317 V          ; 0.148 V                             ; 0.064 V                             ; 4.51e-10 s                 ; 4.15e-10 s                 ; No                        ; Yes                       ;
; Hex1[4]          ; 2.5 V        ; 0 s                 ; 0 s                 ; 2.62 V                       ; 2.74e-08 V                   ; 2.71 V              ; -0.0317 V           ; 0.148 V                              ; 0.064 V                              ; 4.51e-10 s                  ; 4.15e-10 s                  ; No                         ; Yes                        ; 2.62 V                      ; 2.74e-08 V                  ; 2.71 V             ; -0.0317 V          ; 0.148 V                             ; 0.064 V                             ; 4.51e-10 s                 ; 4.15e-10 s                 ; No                        ; Yes                       ;
; Hex1[5]          ; 2.5 V        ; 0 s                 ; 0 s                 ; 2.62 V                       ; 2.74e-08 V                   ; 2.64 V              ; -0.0117 V           ; 0.202 V                              ; 0.176 V                              ; 2.38e-09 s                  ; 2.22e-09 s                  ; No                         ; Yes                        ; 2.62 V                      ; 2.74e-08 V                  ; 2.64 V             ; -0.0117 V          ; 0.202 V                             ; 0.176 V                             ; 2.38e-09 s                 ; 2.22e-09 s                 ; No                        ; Yes                       ;
; Hex1[6]          ; 2.5 V        ; 0 s                 ; 0 s                 ; 2.62 V                       ; 2.74e-08 V                   ; 2.64 V              ; -0.0117 V           ; 0.202 V                              ; 0.176 V                              ; 2.38e-09 s                  ; 2.22e-09 s                  ; No                         ; Yes                        ; 2.62 V                      ; 2.74e-08 V                  ; 2.64 V             ; -0.0117 V          ; 0.202 V                             ; 0.176 V                             ; 2.38e-09 s                 ; 2.22e-09 s                 ; No                        ; Yes                       ;
; Hex2[0]          ; 2.5 V        ; 0 s                 ; 0 s                 ; 2.62 V                       ; 2.74e-08 V                   ; 2.71 V              ; -0.0317 V           ; 0.148 V                              ; 0.064 V                              ; 4.51e-10 s                  ; 4.15e-10 s                  ; No                         ; Yes                        ; 2.62 V                      ; 2.74e-08 V                  ; 2.71 V             ; -0.0317 V          ; 0.148 V                             ; 0.064 V                             ; 4.51e-10 s                 ; 4.15e-10 s                 ; No                        ; Yes                       ;
; Hex2[1]          ; 2.5 V        ; 0 s                 ; 0 s                 ; 2.62 V                       ; 2.74e-08 V                   ; 2.71 V              ; -0.0317 V           ; 0.148 V                              ; 0.064 V                              ; 4.51e-10 s                  ; 4.15e-10 s                  ; No                         ; Yes                        ; 2.62 V                      ; 2.74e-08 V                  ; 2.71 V             ; -0.0317 V          ; 0.148 V                             ; 0.064 V                             ; 4.51e-10 s                 ; 4.15e-10 s                 ; No                        ; Yes                       ;
; Hex2[2]          ; 2.5 V        ; 0 s                 ; 0 s                 ; 2.62 V                       ; 2.74e-08 V                   ; 2.71 V              ; -0.0317 V           ; 0.148 V                              ; 0.064 V                              ; 4.51e-10 s                  ; 4.15e-10 s                  ; No                         ; Yes                        ; 2.62 V                      ; 2.74e-08 V                  ; 2.71 V             ; -0.0317 V          ; 0.148 V                             ; 0.064 V                             ; 4.51e-10 s                 ; 4.15e-10 s                 ; No                        ; Yes                       ;
; Hex2[3]          ; 2.5 V        ; 0 s                 ; 0 s                 ; 2.62 V                       ; 2.74e-08 V                   ; 2.71 V              ; -0.0317 V           ; 0.148 V                              ; 0.064 V                              ; 4.51e-10 s                  ; 4.15e-10 s                  ; No                         ; Yes                        ; 2.62 V                      ; 2.74e-08 V                  ; 2.71 V             ; -0.0317 V          ; 0.148 V                             ; 0.064 V                             ; 4.51e-10 s                 ; 4.15e-10 s                 ; No                        ; Yes                       ;
; Hex2[4]          ; 2.5 V        ; 0 s                 ; 0 s                 ; 2.62 V                       ; 2.74e-08 V                   ; 2.71 V              ; -0.0317 V           ; 0.148 V                              ; 0.064 V                              ; 4.51e-10 s                  ; 4.15e-10 s                  ; No                         ; Yes                        ; 2.62 V                      ; 2.74e-08 V                  ; 2.71 V             ; -0.0317 V          ; 0.148 V                             ; 0.064 V                             ; 4.51e-10 s                 ; 4.15e-10 s                 ; No                        ; Yes                       ;
; Hex2[5]          ; 2.5 V        ; 0 s                 ; 0 s                 ; 2.62 V                       ; 2.74e-08 V                   ; 2.71 V              ; -0.0317 V           ; 0.148 V                              ; 0.064 V                              ; 4.51e-10 s                  ; 4.15e-10 s                  ; No                         ; Yes                        ; 2.62 V                      ; 2.74e-08 V                  ; 2.71 V             ; -0.0317 V          ; 0.148 V                             ; 0.064 V                             ; 4.51e-10 s                 ; 4.15e-10 s                 ; No                        ; Yes                       ;
; Hex2[6]          ; 2.5 V        ; 0 s                 ; 0 s                 ; 2.62 V                       ; 2.74e-08 V                   ; 2.71 V              ; -0.0317 V           ; 0.148 V                              ; 0.064 V                              ; 4.51e-10 s                  ; 4.15e-10 s                  ; No                         ; Yes                        ; 2.62 V                      ; 2.74e-08 V                  ; 2.71 V             ; -0.0317 V          ; 0.148 V                             ; 0.064 V                             ; 4.51e-10 s                 ; 4.15e-10 s                 ; No                        ; Yes                       ;
; Hex3[0]          ; 2.5 V        ; 0 s                 ; 0 s                 ; 2.62 V                       ; 2.74e-08 V                   ; 2.71 V              ; -0.0317 V           ; 0.148 V                              ; 0.064 V                              ; 4.51e-10 s                  ; 4.15e-10 s                  ; No                         ; Yes                        ; 2.62 V                      ; 2.74e-08 V                  ; 2.71 V             ; -0.0317 V          ; 0.148 V                             ; 0.064 V                             ; 4.51e-10 s                 ; 4.15e-10 s                 ; No                        ; Yes                       ;
; Hex3[1]          ; 2.5 V        ; 0 s                 ; 0 s                 ; 2.62 V                       ; 2.74e-08 V                   ; 2.73 V              ; -0.0384 V           ; 0.169 V                              ; 0.089 V                              ; 2.7e-10 s                   ; 2.62e-10 s                  ; Yes                        ; Yes                        ; 2.62 V                      ; 2.74e-08 V                  ; 2.73 V             ; -0.0384 V          ; 0.169 V                             ; 0.089 V                             ; 2.7e-10 s                  ; 2.62e-10 s                 ; Yes                       ; Yes                       ;
; Hex3[2]          ; 2.5 V        ; 0 s                 ; 0 s                 ; 2.62 V                       ; 4.05e-08 V                   ; 2.64 V              ; -0.0113 V           ; 0.208 V                              ; 0.179 V                              ; 2.38e-09 s                  ; 2.23e-09 s                  ; No                         ; Yes                        ; 2.62 V                      ; 4.05e-08 V                  ; 2.64 V             ; -0.0113 V          ; 0.208 V                             ; 0.179 V                             ; 2.38e-09 s                 ; 2.23e-09 s                 ; No                        ; Yes                       ;
; Hex3[3]          ; 2.5 V        ; 0 s                 ; 0 s                 ; 2.62 V                       ; 4.05e-08 V                   ; 2.72 V              ; -0.0349 V           ; 0.173 V                              ; 0.1 V                                ; 2.72e-10 s                  ; 2.69e-10 s                  ; Yes                        ; Yes                        ; 2.62 V                      ; 4.05e-08 V                  ; 2.72 V             ; -0.0349 V          ; 0.173 V                             ; 0.1 V                               ; 2.72e-10 s                 ; 2.69e-10 s                 ; Yes                       ; Yes                       ;
; Hex3[4]          ; 2.5 V        ; 0 s                 ; 0 s                 ; 2.62 V                       ; 4.05e-08 V                   ; 2.72 V              ; -0.0349 V           ; 0.173 V                              ; 0.1 V                                ; 2.72e-10 s                  ; 2.69e-10 s                  ; Yes                        ; Yes                        ; 2.62 V                      ; 4.05e-08 V                  ; 2.72 V             ; -0.0349 V          ; 0.173 V                             ; 0.1 V                               ; 2.72e-10 s                 ; 2.69e-10 s                 ; Yes                       ; Yes                       ;
; Hex3[5]          ; 2.5 V        ; 0 s                 ; 0 s                 ; 2.62 V                       ; 4.05e-08 V                   ; 2.72 V              ; -0.0349 V           ; 0.173 V                              ; 0.1 V                                ; 2.72e-10 s                  ; 2.69e-10 s                  ; Yes                        ; Yes                        ; 2.62 V                      ; 4.05e-08 V                  ; 2.72 V             ; -0.0349 V          ; 0.173 V                             ; 0.1 V                               ; 2.72e-10 s                 ; 2.69e-10 s                 ; Yes                       ; Yes                       ;
; Hex3[6]          ; 2.5 V        ; 0 s                 ; 0 s                 ; 2.62 V                       ; 4.05e-08 V                   ; 2.72 V              ; -0.0349 V           ; 0.173 V                              ; 0.1 V                                ; 2.72e-10 s                  ; 2.69e-10 s                  ; Yes                        ; Yes                        ; 2.62 V                      ; 4.05e-08 V                  ; 2.72 V             ; -0.0349 V          ; 0.173 V                             ; 0.1 V                               ; 2.72e-10 s                 ; 2.69e-10 s                 ; Yes                       ; Yes                       ;
; Hex4[0]          ; 2.5 V        ; 0 s                 ; 0 s                 ; 2.62 V                       ; 4.05e-08 V                   ; 2.72 V              ; -0.0349 V           ; 0.173 V                              ; 0.1 V                                ; 2.72e-10 s                  ; 2.69e-10 s                  ; Yes                        ; Yes                        ; 2.62 V                      ; 4.05e-08 V                  ; 2.72 V             ; -0.0349 V          ; 0.173 V                             ; 0.1 V                               ; 2.72e-10 s                 ; 2.69e-10 s                 ; Yes                       ; Yes                       ;
; Hex4[1]          ; 2.5 V        ; 0 s                 ; 0 s                 ; 2.62 V                       ; 4.05e-08 V                   ; 2.72 V              ; -0.0349 V           ; 0.173 V                              ; 0.1 V                                ; 2.72e-10 s                  ; 2.69e-10 s                  ; Yes                        ; Yes                        ; 2.62 V                      ; 4.05e-08 V                  ; 2.72 V             ; -0.0349 V          ; 0.173 V                             ; 0.1 V                               ; 2.72e-10 s                 ; 2.69e-10 s                 ; Yes                       ; Yes                       ;
; Hex4[2]          ; 2.5 V        ; 0 s                 ; 0 s                 ; 2.62 V                       ; 4.05e-08 V                   ; 2.72 V              ; -0.0349 V           ; 0.173 V                              ; 0.1 V                                ; 2.72e-10 s                  ; 2.69e-10 s                  ; Yes                        ; Yes                        ; 2.62 V                      ; 4.05e-08 V                  ; 2.72 V             ; -0.0349 V          ; 0.173 V                             ; 0.1 V                               ; 2.72e-10 s                 ; 2.69e-10 s                 ; Yes                       ; Yes                       ;
; Hex4[3]          ; 2.5 V        ; 0 s                 ; 0 s                 ; 2.62 V                       ; 4.05e-08 V                   ; 2.72 V              ; -0.0349 V           ; 0.173 V                              ; 0.1 V                                ; 2.72e-10 s                  ; 2.69e-10 s                  ; Yes                        ; Yes                        ; 2.62 V                      ; 4.05e-08 V                  ; 2.72 V             ; -0.0349 V          ; 0.173 V                             ; 0.1 V                               ; 2.72e-10 s                 ; 2.69e-10 s                 ; Yes                       ; Yes                       ;
; Hex4[4]          ; 2.5 V        ; 0 s                 ; 0 s                 ; 2.62 V                       ; 4.05e-08 V                   ; 2.72 V              ; -0.0349 V           ; 0.173 V                              ; 0.1 V                                ; 2.72e-10 s                  ; 2.69e-10 s                  ; Yes                        ; Yes                        ; 2.62 V                      ; 4.05e-08 V                  ; 2.72 V             ; -0.0349 V          ; 0.173 V                             ; 0.1 V                               ; 2.72e-10 s                 ; 2.69e-10 s                 ; Yes                       ; Yes                       ;
; Hex4[5]          ; 2.5 V        ; 0 s                 ; 0 s                 ; 2.62 V                       ; 4.05e-08 V                   ; 2.72 V              ; -0.0349 V           ; 0.173 V                              ; 0.1 V                                ; 2.72e-10 s                  ; 2.69e-10 s                  ; Yes                        ; Yes                        ; 2.62 V                      ; 4.05e-08 V                  ; 2.72 V             ; -0.0349 V          ; 0.173 V                             ; 0.1 V                               ; 2.72e-10 s                 ; 2.69e-10 s                 ; Yes                       ; Yes                       ;
; Hex4[6]          ; 2.5 V        ; 0 s                 ; 0 s                 ; 2.62 V                       ; 4.05e-08 V                   ; 2.72 V              ; -0.0349 V           ; 0.173 V                              ; 0.1 V                                ; 2.72e-10 s                  ; 2.69e-10 s                  ; Yes                        ; Yes                        ; 2.62 V                      ; 4.05e-08 V                  ; 2.72 V             ; -0.0349 V          ; 0.173 V                             ; 0.1 V                               ; 2.72e-10 s                 ; 2.69e-10 s                 ; Yes                       ; Yes                       ;
; Hex5[0]          ; 2.5 V        ; 0 s                 ; 0 s                 ; 2.62 V                       ; 4.05e-08 V                   ; 2.72 V              ; -0.0349 V           ; 0.173 V                              ; 0.1 V                                ; 2.72e-10 s                  ; 2.69e-10 s                  ; Yes                        ; Yes                        ; 2.62 V                      ; 4.05e-08 V                  ; 2.72 V             ; -0.0349 V          ; 0.173 V                             ; 0.1 V                               ; 2.72e-10 s                 ; 2.69e-10 s                 ; Yes                       ; Yes                       ;
; Hex5[1]          ; 2.5 V        ; 0 s                 ; 0 s                 ; 2.62 V                       ; 4.05e-08 V                   ; 2.64 V              ; -0.0113 V           ; 0.208 V                              ; 0.179 V                              ; 2.38e-09 s                  ; 2.23e-09 s                  ; No                         ; Yes                        ; 2.62 V                      ; 4.05e-08 V                  ; 2.64 V             ; -0.0113 V          ; 0.208 V                             ; 0.179 V                             ; 2.38e-09 s                 ; 2.23e-09 s                 ; No                        ; Yes                       ;
; Hex5[2]          ; 2.5 V        ; 0 s                 ; 0 s                 ; 2.62 V                       ; 4.05e-08 V                   ; 2.72 V              ; -0.0349 V           ; 0.173 V                              ; 0.1 V                                ; 2.72e-10 s                  ; 2.69e-10 s                  ; Yes                        ; Yes                        ; 2.62 V                      ; 4.05e-08 V                  ; 2.72 V             ; -0.0349 V          ; 0.173 V                             ; 0.1 V                               ; 2.72e-10 s                 ; 2.69e-10 s                 ; Yes                       ; Yes                       ;
; Hex5[3]          ; 2.5 V        ; 0 s                 ; 0 s                 ; 2.62 V                       ; 4.05e-08 V                   ; 2.72 V              ; -0.0349 V           ; 0.173 V                              ; 0.1 V                                ; 2.72e-10 s                  ; 2.69e-10 s                  ; Yes                        ; Yes                        ; 2.62 V                      ; 4.05e-08 V                  ; 2.72 V             ; -0.0349 V          ; 0.173 V                             ; 0.1 V                               ; 2.72e-10 s                 ; 2.69e-10 s                 ; Yes                       ; Yes                       ;
; Hex5[4]          ; 2.5 V        ; 0 s                 ; 0 s                 ; 2.62 V                       ; 4.05e-08 V                   ; 2.72 V              ; -0.0349 V           ; 0.173 V                              ; 0.1 V                                ; 2.72e-10 s                  ; 2.69e-10 s                  ; Yes                        ; Yes                        ; 2.62 V                      ; 4.05e-08 V                  ; 2.72 V             ; -0.0349 V          ; 0.173 V                             ; 0.1 V                               ; 2.72e-10 s                 ; 2.69e-10 s                 ; Yes                       ; Yes                       ;
; Hex5[5]          ; 2.5 V        ; 0 s                 ; 0 s                 ; 2.62 V                       ; 4.05e-08 V                   ; 2.72 V              ; -0.0349 V           ; 0.173 V                              ; 0.1 V                                ; 2.72e-10 s                  ; 2.69e-10 s                  ; Yes                        ; Yes                        ; 2.62 V                      ; 4.05e-08 V                  ; 2.72 V             ; -0.0349 V          ; 0.173 V                             ; 0.1 V                               ; 2.72e-10 s                 ; 2.69e-10 s                 ; Yes                       ; Yes                       ;
; Hex5[6]          ; 2.5 V        ; 0 s                 ; 0 s                 ; 2.62 V                       ; 4.05e-08 V                   ; 2.72 V              ; -0.0349 V           ; 0.173 V                              ; 0.1 V                                ; 2.72e-10 s                  ; 2.69e-10 s                  ; Yes                        ; Yes                        ; 2.62 V                      ; 4.05e-08 V                  ; 2.72 V             ; -0.0349 V          ; 0.173 V                             ; 0.1 V                               ; 2.72e-10 s                 ; 2.69e-10 s                 ; Yes                       ; Yes                       ;
; Hex6[0]          ; 2.5 V        ; 0 s                 ; 0 s                 ; 2.62 V                       ; 4.05e-08 V                   ; 2.72 V              ; -0.0349 V           ; 0.173 V                              ; 0.1 V                                ; 2.72e-10 s                  ; 2.69e-10 s                  ; Yes                        ; Yes                        ; 2.62 V                      ; 4.05e-08 V                  ; 2.72 V             ; -0.0349 V          ; 0.173 V                             ; 0.1 V                               ; 2.72e-10 s                 ; 2.69e-10 s                 ; Yes                       ; Yes                       ;
; Hex6[1]          ; 2.5 V        ; 0 s                 ; 0 s                 ; 2.62 V                       ; 4.05e-08 V                   ; 2.72 V              ; -0.0349 V           ; 0.173 V                              ; 0.1 V                                ; 2.72e-10 s                  ; 2.69e-10 s                  ; Yes                        ; Yes                        ; 2.62 V                      ; 4.05e-08 V                  ; 2.72 V             ; -0.0349 V          ; 0.173 V                             ; 0.1 V                               ; 2.72e-10 s                 ; 2.69e-10 s                 ; Yes                       ; Yes                       ;
; Hex6[2]          ; 2.5 V        ; 0 s                 ; 0 s                 ; 2.62 V                       ; 4.05e-08 V                   ; 2.72 V              ; -0.0349 V           ; 0.173 V                              ; 0.1 V                                ; 2.72e-10 s                  ; 2.69e-10 s                  ; Yes                        ; Yes                        ; 2.62 V                      ; 4.05e-08 V                  ; 2.72 V             ; -0.0349 V          ; 0.173 V                             ; 0.1 V                               ; 2.72e-10 s                 ; 2.69e-10 s                 ; Yes                       ; Yes                       ;
; Hex6[3]          ; 2.5 V        ; 0 s                 ; 0 s                 ; 2.62 V                       ; 4.05e-08 V                   ; 2.72 V              ; -0.0349 V           ; 0.173 V                              ; 0.1 V                                ; 2.72e-10 s                  ; 2.69e-10 s                  ; Yes                        ; Yes                        ; 2.62 V                      ; 4.05e-08 V                  ; 2.72 V             ; -0.0349 V          ; 0.173 V                             ; 0.1 V                               ; 2.72e-10 s                 ; 2.69e-10 s                 ; Yes                       ; Yes                       ;
; Hex6[4]          ; 2.5 V        ; 0 s                 ; 0 s                 ; 2.62 V                       ; 4.05e-08 V                   ; 2.72 V              ; -0.0349 V           ; 0.173 V                              ; 0.1 V                                ; 2.72e-10 s                  ; 2.69e-10 s                  ; Yes                        ; Yes                        ; 2.62 V                      ; 4.05e-08 V                  ; 2.72 V             ; -0.0349 V          ; 0.173 V                             ; 0.1 V                               ; 2.72e-10 s                 ; 2.69e-10 s                 ; Yes                       ; Yes                       ;
; Hex6[5]          ; 2.5 V        ; 0 s                 ; 0 s                 ; 2.62 V                       ; 4.05e-08 V                   ; 2.64 V              ; -0.0113 V           ; 0.208 V                              ; 0.179 V                              ; 2.38e-09 s                  ; 2.23e-09 s                  ; No                         ; Yes                        ; 2.62 V                      ; 4.05e-08 V                  ; 2.64 V             ; -0.0113 V          ; 0.208 V                             ; 0.179 V                             ; 2.38e-09 s                 ; 2.23e-09 s                 ; No                        ; Yes                       ;
; Hex6[6]          ; 2.5 V        ; 0 s                 ; 0 s                 ; 2.62 V                       ; 4.05e-08 V                   ; 2.72 V              ; -0.0349 V           ; 0.173 V                              ; 0.1 V                                ; 2.72e-10 s                  ; 2.69e-10 s                  ; Yes                        ; Yes                        ; 2.62 V                      ; 4.05e-08 V                  ; 2.72 V             ; -0.0349 V          ; 0.173 V                             ; 0.1 V                               ; 2.72e-10 s                 ; 2.69e-10 s                 ; Yes                       ; Yes                       ;
; Hex7[0]          ; 2.5 V        ; 0 s                 ; 0 s                 ; 2.62 V                       ; 4.05e-08 V                   ; 2.72 V              ; -0.0349 V           ; 0.173 V                              ; 0.1 V                                ; 2.72e-10 s                  ; 2.69e-10 s                  ; Yes                        ; Yes                        ; 2.62 V                      ; 4.05e-08 V                  ; 2.72 V             ; -0.0349 V          ; 0.173 V                             ; 0.1 V                               ; 2.72e-10 s                 ; 2.69e-10 s                 ; Yes                       ; Yes                       ;
; Hex7[1]          ; 2.5 V        ; 0 s                 ; 0 s                 ; 2.62 V                       ; 4.05e-08 V                   ; 2.72 V              ; -0.0349 V           ; 0.173 V                              ; 0.1 V                                ; 2.72e-10 s                  ; 2.69e-10 s                  ; Yes                        ; Yes                        ; 2.62 V                      ; 4.05e-08 V                  ; 2.72 V             ; -0.0349 V          ; 0.173 V                             ; 0.1 V                               ; 2.72e-10 s                 ; 2.69e-10 s                 ; Yes                       ; Yes                       ;
; Hex7[2]          ; 2.5 V        ; 0 s                 ; 0 s                 ; 2.62 V                       ; 4.05e-08 V                   ; 2.72 V              ; -0.0349 V           ; 0.173 V                              ; 0.1 V                                ; 2.72e-10 s                  ; 2.69e-10 s                  ; Yes                        ; Yes                        ; 2.62 V                      ; 4.05e-08 V                  ; 2.72 V             ; -0.0349 V          ; 0.173 V                             ; 0.1 V                               ; 2.72e-10 s                 ; 2.69e-10 s                 ; Yes                       ; Yes                       ;
; Hex7[3]          ; 2.5 V        ; 0 s                 ; 0 s                 ; 2.62 V                       ; 4.05e-08 V                   ; 2.72 V              ; -0.0349 V           ; 0.173 V                              ; 0.1 V                                ; 2.72e-10 s                  ; 2.69e-10 s                  ; Yes                        ; Yes                        ; 2.62 V                      ; 4.05e-08 V                  ; 2.72 V             ; -0.0349 V          ; 0.173 V                             ; 0.1 V                               ; 2.72e-10 s                 ; 2.69e-10 s                 ; Yes                       ; Yes                       ;
; Hex7[4]          ; 2.5 V        ; 0 s                 ; 0 s                 ; 2.62 V                       ; 4.05e-08 V                   ; 2.72 V              ; -0.0349 V           ; 0.173 V                              ; 0.1 V                                ; 2.72e-10 s                  ; 2.69e-10 s                  ; Yes                        ; Yes                        ; 2.62 V                      ; 4.05e-08 V                  ; 2.72 V             ; -0.0349 V          ; 0.173 V                             ; 0.1 V                               ; 2.72e-10 s                 ; 2.69e-10 s                 ; Yes                       ; Yes                       ;
; Hex7[5]          ; 2.5 V        ; 0 s                 ; 0 s                 ; 2.62 V                       ; 4.05e-08 V                   ; 2.72 V              ; -0.0349 V           ; 0.173 V                              ; 0.1 V                                ; 2.72e-10 s                  ; 2.69e-10 s                  ; Yes                        ; Yes                        ; 2.62 V                      ; 4.05e-08 V                  ; 2.72 V             ; -0.0349 V          ; 0.173 V                             ; 0.1 V                               ; 2.72e-10 s                 ; 2.69e-10 s                 ; Yes                       ; Yes                       ;
; Hex7[6]          ; 2.5 V        ; 0 s                 ; 0 s                 ; 2.62 V                       ; 4.05e-08 V                   ; 2.72 V              ; -0.0349 V           ; 0.173 V                              ; 0.1 V                                ; 2.72e-10 s                  ; 2.69e-10 s                  ; Yes                        ; Yes                        ; 2.62 V                      ; 4.05e-08 V                  ; 2.72 V             ; -0.0349 V          ; 0.173 V                             ; 0.1 V                               ; 2.72e-10 s                 ; 2.69e-10 s                 ; Yes                       ; Yes                       ;
; switches_leds[0] ; 2.5 V        ; 0 s                 ; 0 s                 ; 2.62 V                       ; 4.05e-08 V                   ; 2.72 V              ; -0.0349 V           ; 0.173 V                              ; 0.1 V                                ; 2.72e-10 s                  ; 2.69e-10 s                  ; Yes                        ; Yes                        ; 2.62 V                      ; 4.05e-08 V                  ; 2.72 V             ; -0.0349 V          ; 0.173 V                             ; 0.1 V                               ; 2.72e-10 s                 ; 2.69e-10 s                 ; Yes                       ; Yes                       ;
; switches_leds[1] ; 2.5 V        ; 0 s                 ; 0 s                 ; 2.62 V                       ; 4.05e-08 V                   ; 2.72 V              ; -0.0349 V           ; 0.173 V                              ; 0.1 V                                ; 2.72e-10 s                  ; 2.69e-10 s                  ; Yes                        ; Yes                        ; 2.62 V                      ; 4.05e-08 V                  ; 2.72 V             ; -0.0349 V          ; 0.173 V                             ; 0.1 V                               ; 2.72e-10 s                 ; 2.69e-10 s                 ; Yes                       ; Yes                       ;
; switches_leds[2] ; 2.5 V        ; 0 s                 ; 0 s                 ; 2.62 V                       ; 4.05e-08 V                   ; 2.72 V              ; -0.0349 V           ; 0.173 V                              ; 0.1 V                                ; 2.72e-10 s                  ; 2.69e-10 s                  ; Yes                        ; Yes                        ; 2.62 V                      ; 4.05e-08 V                  ; 2.72 V             ; -0.0349 V          ; 0.173 V                             ; 0.1 V                               ; 2.72e-10 s                 ; 2.69e-10 s                 ; Yes                       ; Yes                       ;
; switches_leds[3] ; 2.5 V        ; 0 s                 ; 0 s                 ; 2.62 V                       ; 4.05e-08 V                   ; 2.64 V              ; -0.0113 V           ; 0.208 V                              ; 0.179 V                              ; 2.38e-09 s                  ; 2.23e-09 s                  ; No                         ; Yes                        ; 2.62 V                      ; 4.05e-08 V                  ; 2.64 V             ; -0.0113 V          ; 0.208 V                             ; 0.179 V                             ; 2.38e-09 s                 ; 2.23e-09 s                 ; No                        ; Yes                       ;
; switches_leds[4] ; 2.5 V        ; 0 s                 ; 0 s                 ; 2.62 V                       ; 4.05e-08 V                   ; 2.72 V              ; -0.0349 V           ; 0.173 V                              ; 0.1 V                                ; 2.72e-10 s                  ; 2.69e-10 s                  ; Yes                        ; Yes                        ; 2.62 V                      ; 4.05e-08 V                  ; 2.72 V             ; -0.0349 V          ; 0.173 V                             ; 0.1 V                               ; 2.72e-10 s                 ; 2.69e-10 s                 ; Yes                       ; Yes                       ;
; switches_leds[5] ; 2.5 V        ; 0 s                 ; 0 s                 ; 2.62 V                       ; 4.05e-08 V                   ; 2.72 V              ; -0.0349 V           ; 0.173 V                              ; 0.1 V                                ; 2.72e-10 s                  ; 2.69e-10 s                  ; Yes                        ; Yes                        ; 2.62 V                      ; 4.05e-08 V                  ; 2.72 V             ; -0.0349 V          ; 0.173 V                             ; 0.1 V                               ; 2.72e-10 s                 ; 2.69e-10 s                 ; Yes                       ; Yes                       ;
; btn_out          ; 2.5 V        ; 0 s                 ; 0 s                 ; 2.62 V                       ; 2.74e-08 V                   ; 2.73 V              ; -0.0384 V           ; 0.169 V                              ; 0.089 V                              ; 2.7e-10 s                   ; 2.62e-10 s                  ; Yes                        ; Yes                        ; 2.62 V                      ; 2.74e-08 V                  ; 2.73 V             ; -0.0384 V          ; 0.169 V                             ; 0.089 V                             ; 2.7e-10 s                  ; 2.62e-10 s                 ; Yes                       ; Yes                       ;
; in_sign_out      ; 2.5 V        ; 0 s                 ; 0 s                 ; 2.62 V                       ; 4.05e-08 V                   ; 2.72 V              ; -0.0349 V           ; 0.173 V                              ; 0.1 V                                ; 2.72e-10 s                  ; 2.69e-10 s                  ; Yes                        ; Yes                        ; 2.62 V                      ; 4.05e-08 V                  ; 2.72 V             ; -0.0349 V          ; 0.173 V                             ; 0.1 V                               ; 2.72e-10 s                 ; 2.69e-10 s                 ; Yes                       ; Yes                       ;
; ~ALTERA_DCLK~    ; 2.5 V        ; 0 s                 ; 0 s                 ; 2.62 V                       ; 2.22e-08 V                   ; 2.74 V              ; -0.06 V             ; 0.158 V                              ; 0.08 V                               ; 2.68e-10 s                  ; 2.19e-10 s                  ; Yes                        ; Yes                        ; 2.62 V                      ; 2.22e-08 V                  ; 2.74 V             ; -0.06 V            ; 0.158 V                             ; 0.08 V                              ; 2.68e-10 s                 ; 2.19e-10 s                 ; Yes                       ; Yes                       ;
; ~ALTERA_nCEO~    ; 2.5 V        ; 0 s                 ; 0 s                 ; 2.62 V                       ; 3.54e-08 V                   ; 2.7 V               ; -0.00943 V          ; 0.276 V                              ; 0.035 V                              ; 3.19e-10 s                  ; 4.99e-10 s                  ; No                         ; Yes                        ; 2.62 V                      ; 3.54e-08 V                  ; 2.7 V              ; -0.00943 V         ; 0.276 V                             ; 0.035 V                             ; 3.19e-10 s                 ; 4.99e-10 s                 ; No                        ; Yes                       ;
+------------------+--------------+---------------------+---------------------+------------------------------+------------------------------+---------------------+---------------------+--------------------------------------+--------------------------------------+-----------------------------+-----------------------------+----------------------------+----------------------------+-----------------------------+-----------------------------+--------------------+--------------------+-------------------------------------+-------------------------------------+----------------------------+----------------------------+---------------------------+---------------------------+


+---------------------------------------------------------------------------------------------------------------------------------------+
; Setup Transfers                                                                                                                       ;
+-----------------------------------------+-----------------------------------------+--------------+--------------+----------+----------+
; From Clock                              ; To Clock                                ; RR Paths     ; FR Paths     ; RF Paths ; FF Paths ;
+-----------------------------------------+-----------------------------------------+--------------+--------------+----------+----------+
; clk_50                                  ; clk_50                                  ; 450          ; 0            ; 0        ; 0        ;
; DivisorFrequencia:Divisor_inst|clkSaida ; clk_50                                  ; 1            ; 1            ; 0        ; 0        ;
; btn_in                                  ; DivisorFrequencia:Divisor_inst|clkSaida ; 0            ; 82           ; 0        ; 19       ;
; DivisorFrequencia:Divisor_inst|clkSaida ; DivisorFrequencia:Divisor_inst|clkSaida ; > 2147483647 ; > 2147483647 ; 44926    ; 463341   ;
+-----------------------------------------+-----------------------------------------+--------------+--------------+----------+----------+
Entries labeled "false path" only account for clock-to-clock false paths and not path-based false paths. As a result, actual path counts may be lower than reported.


+---------------------------------------------------------------------------------------------------------------------------------------+
; Hold Transfers                                                                                                                        ;
+-----------------------------------------+-----------------------------------------+--------------+--------------+----------+----------+
; From Clock                              ; To Clock                                ; RR Paths     ; FR Paths     ; RF Paths ; FF Paths ;
+-----------------------------------------+-----------------------------------------+--------------+--------------+----------+----------+
; clk_50                                  ; clk_50                                  ; 450          ; 0            ; 0        ; 0        ;
; DivisorFrequencia:Divisor_inst|clkSaida ; clk_50                                  ; 1            ; 1            ; 0        ; 0        ;
; btn_in                                  ; DivisorFrequencia:Divisor_inst|clkSaida ; 0            ; 82           ; 0        ; 19       ;
; DivisorFrequencia:Divisor_inst|clkSaida ; DivisorFrequencia:Divisor_inst|clkSaida ; > 2147483647 ; > 2147483647 ; 44926    ; 463341   ;
+-----------------------------------------+-----------------------------------------+--------------+--------------+----------+----------+
Entries labeled "false path" only account for clock-to-clock false paths and not path-based false paths. As a result, actual path counts may be lower than reported.


+------------------------------------------------------------------------------------------------+
; Recovery Transfers                                                                             ;
+-----------------------------------------+----------+----------+----------+----------+----------+
; From Clock                              ; To Clock ; RR Paths ; FR Paths ; RF Paths ; FF Paths ;
+-----------------------------------------+----------+----------+----------+----------+----------+
; DivisorFrequencia:Divisor_inst|clkSaida ; btn_in   ; 0        ; 0        ; 0        ; 6        ;
+-----------------------------------------+----------+----------+----------+----------+----------+
Entries labeled "false path" only account for clock-to-clock false paths and not path-based false paths. As a result, actual path counts may be lower than reported.


+------------------------------------------------------------------------------------------------+
; Removal Transfers                                                                              ;
+-----------------------------------------+----------+----------+----------+----------+----------+
; From Clock                              ; To Clock ; RR Paths ; FR Paths ; RF Paths ; FF Paths ;
+-----------------------------------------+----------+----------+----------+----------+----------+
; DivisorFrequencia:Divisor_inst|clkSaida ; btn_in   ; 0        ; 0        ; 0        ; 6        ;
+-----------------------------------------+----------+----------+----------+----------+----------+
Entries labeled "false path" only account for clock-to-clock false paths and not path-based false paths. As a result, actual path counts may be lower than reported.


---------------
; Report TCCS ;
---------------
No dedicated SERDES Transmitter circuitry present in device or used in design


---------------
; Report RSKM ;
---------------
No non-DPA dedicated SERDES Receiver circuitry present in device or used in design


+------------------------------------------------+
; Unconstrained Paths Summary                    ;
+---------------------------------+-------+------+
; Property                        ; Setup ; Hold ;
+---------------------------------+-------+------+
; Illegal Clocks                  ; 0     ; 0    ;
; Unconstrained Clocks            ; 0     ; 0    ;
; Unconstrained Input Ports       ; 19    ; 19   ;
; Unconstrained Input Port Paths  ; 151   ; 151  ;
; Unconstrained Output Ports      ; 64    ; 64   ;
; Unconstrained Output Port Paths ; 1604  ; 1604 ;
+---------------------------------+-------+------+


+--------------------------------------------------------------------------------------------------------+
; Clock Status Summary                                                                                   ;
+-----------------------------------------+-----------------------------------------+------+-------------+
; Target                                  ; Clock                                   ; Type ; Status      ;
+-----------------------------------------+-----------------------------------------+------+-------------+
; DivisorFrequencia:Divisor_inst|clkSaida ; DivisorFrequencia:Divisor_inst|clkSaida ; Base ; Constrained ;
; btn_in                                  ; btn_in                                  ; Base ; Constrained ;
; clk_50                                  ; clk_50                                  ; Base ; Constrained ;
+-----------------------------------------+-----------------------------------------+------+-------------+


+-----------------------------------------------------------------------------------------------------+
; Unconstrained Input Ports                                                                           ;
+--------------+--------------------------------------------------------------------------------------+
; Input Port   ; Comment                                                                              ;
+--------------+--------------------------------------------------------------------------------------+
; btn_in       ; No input delay, min/max delays, false-path exceptions, or max skew assignments found ;
; switches[0]  ; No input delay, min/max delays, false-path exceptions, or max skew assignments found ;
; switches[1]  ; No input delay, min/max delays, false-path exceptions, or max skew assignments found ;
; switches[2]  ; No input delay, min/max delays, false-path exceptions, or max skew assignments found ;
; switches[3]  ; No input delay, min/max delays, false-path exceptions, or max skew assignments found ;
; switches[4]  ; No input delay, min/max delays, false-path exceptions, or max skew assignments found ;
; switches[5]  ; No input delay, min/max delays, false-path exceptions, or max skew assignments found ;
; switches[6]  ; No input delay, min/max delays, false-path exceptions, or max skew assignments found ;
; switches[7]  ; No input delay, min/max delays, false-path exceptions, or max skew assignments found ;
; switches[8]  ; No input delay, min/max delays, false-path exceptions, or max skew assignments found ;
; switches[9]  ; No input delay, min/max delays, false-path exceptions, or max skew assignments found ;
; switches[10] ; No input delay, min/max delays, false-path exceptions, or max skew assignments found ;
; switches[11] ; No input delay, min/max delays, false-path exceptions, or max skew assignments found ;
; switches[12] ; No input delay, min/max delays, false-path exceptions, or max skew assignments found ;
; switches[13] ; No input delay, min/max delays, false-path exceptions, or max skew assignments found ;
; switches[14] ; No input delay, min/max delays, false-path exceptions, or max skew assignments found ;
; switches[15] ; No input delay, min/max delays, false-path exceptions, or max skew assignments found ;
; switches[16] ; No input delay, min/max delays, false-path exceptions, or max skew assignments found ;
; switches[17] ; No input delay, min/max delays, false-path exceptions, or max skew assignments found ;
+--------------+--------------------------------------------------------------------------------------+


+----------------------------------------------------------------------------------------------------------+
; Unconstrained Output Ports                                                                               ;
+------------------+---------------------------------------------------------------------------------------+
; Output Port      ; Comment                                                                               ;
+------------------+---------------------------------------------------------------------------------------+
; Hex0[0]          ; No output delay, min/max delays, false-path exceptions, or max skew assignments found ;
; Hex0[1]          ; No output delay, min/max delays, false-path exceptions, or max skew assignments found ;
; Hex0[2]          ; No output delay, min/max delays, false-path exceptions, or max skew assignments found ;
; Hex0[3]          ; No output delay, min/max delays, false-path exceptions, or max skew assignments found ;
; Hex0[4]          ; No output delay, min/max delays, false-path exceptions, or max skew assignments found ;
; Hex0[5]          ; No output delay, min/max delays, false-path exceptions, or max skew assignments found ;
; Hex0[6]          ; No output delay, min/max delays, false-path exceptions, or max skew assignments found ;
; Hex1[0]          ; No output delay, min/max delays, false-path exceptions, or max skew assignments found ;
; Hex1[1]          ; No output delay, min/max delays, false-path exceptions, or max skew assignments found ;
; Hex1[2]          ; No output delay, min/max delays, false-path exceptions, or max skew assignments found ;
; Hex1[3]          ; No output delay, min/max delays, false-path exceptions, or max skew assignments found ;
; Hex1[4]          ; No output delay, min/max delays, false-path exceptions, or max skew assignments found ;
; Hex1[5]          ; No output delay, min/max delays, false-path exceptions, or max skew assignments found ;
; Hex1[6]          ; No output delay, min/max delays, false-path exceptions, or max skew assignments found ;
; Hex2[0]          ; No output delay, min/max delays, false-path exceptions, or max skew assignments found ;
; Hex2[1]          ; No output delay, min/max delays, false-path exceptions, or max skew assignments found ;
; Hex2[2]          ; No output delay, min/max delays, false-path exceptions, or max skew assignments found ;
; Hex2[3]          ; No output delay, min/max delays, false-path exceptions, or max skew assignments found ;
; Hex2[4]          ; No output delay, min/max delays, false-path exceptions, or max skew assignments found ;
; Hex2[5]          ; No output delay, min/max delays, false-path exceptions, or max skew assignments found ;
; Hex2[6]          ; No output delay, min/max delays, false-path exceptions, or max skew assignments found ;
; Hex3[0]          ; No output delay, min/max delays, false-path exceptions, or max skew assignments found ;
; Hex3[1]          ; No output delay, min/max delays, false-path exceptions, or max skew assignments found ;
; Hex3[2]          ; No output delay, min/max delays, false-path exceptions, or max skew assignments found ;
; Hex3[3]          ; No output delay, min/max delays, false-path exceptions, or max skew assignments found ;
; Hex3[4]          ; No output delay, min/max delays, false-path exceptions, or max skew assignments found ;
; Hex3[5]          ; No output delay, min/max delays, false-path exceptions, or max skew assignments found ;
; Hex3[6]          ; No output delay, min/max delays, false-path exceptions, or max skew assignments found ;
; Hex4[0]          ; No output delay, min/max delays, false-path exceptions, or max skew assignments found ;
; Hex4[1]          ; No output delay, min/max delays, false-path exceptions, or max skew assignments found ;
; Hex4[2]          ; No output delay, min/max delays, false-path exceptions, or max skew assignments found ;
; Hex4[3]          ; No output delay, min/max delays, false-path exceptions, or max skew assignments found ;
; Hex4[4]          ; No output delay, min/max delays, false-path exceptions, or max skew assignments found ;
; Hex4[5]          ; No output delay, min/max delays, false-path exceptions, or max skew assignments found ;
; Hex4[6]          ; No output delay, min/max delays, false-path exceptions, or max skew assignments found ;
; Hex5[0]          ; No output delay, min/max delays, false-path exceptions, or max skew assignments found ;
; Hex5[1]          ; No output delay, min/max delays, false-path exceptions, or max skew assignments found ;
; Hex5[2]          ; No output delay, min/max delays, false-path exceptions, or max skew assignments found ;
; Hex5[3]          ; No output delay, min/max delays, false-path exceptions, or max skew assignments found ;
; Hex5[4]          ; No output delay, min/max delays, false-path exceptions, or max skew assignments found ;
; Hex5[5]          ; No output delay, min/max delays, false-path exceptions, or max skew assignments found ;
; Hex5[6]          ; No output delay, min/max delays, false-path exceptions, or max skew assignments found ;
; Hex6[0]          ; No output delay, min/max delays, false-path exceptions, or max skew assignments found ;
; Hex6[1]          ; No output delay, min/max delays, false-path exceptions, or max skew assignments found ;
; Hex6[2]          ; No output delay, min/max delays, false-path exceptions, or max skew assignments found ;
; Hex6[3]          ; No output delay, min/max delays, false-path exceptions, or max skew assignments found ;
; Hex6[4]          ; No output delay, min/max delays, false-path exceptions, or max skew assignments found ;
; Hex6[5]          ; No output delay, min/max delays, false-path exceptions, or max skew assignments found ;
; Hex6[6]          ; No output delay, min/max delays, false-path exceptions, or max skew assignments found ;
; Hex7[0]          ; No output delay, min/max delays, false-path exceptions, or max skew assignments found ;
; Hex7[1]          ; No output delay, min/max delays, false-path exceptions, or max skew assignments found ;
; Hex7[2]          ; No output delay, min/max delays, false-path exceptions, or max skew assignments found ;
; Hex7[3]          ; No output delay, min/max delays, false-path exceptions, or max skew assignments found ;
; Hex7[4]          ; No output delay, min/max delays, false-path exceptions, or max skew assignments found ;
; Hex7[5]          ; No output delay, min/max delays, false-path exceptions, or max skew assignments found ;
; Hex7[6]          ; No output delay, min/max delays, false-path exceptions, or max skew assignments found ;
; btn_out          ; No output delay, min/max delays, false-path exceptions, or max skew assignments found ;
; led_clock        ; No output delay, min/max delays, false-path exceptions, or max skew assignments found ;
; switches_leds[0] ; No output delay, min/max delays, false-path exceptions, or max skew assignments found ;
; switches_leds[1] ; No output delay, min/max delays, false-path exceptions, or max skew assignments found ;
; switches_leds[2] ; No output delay, min/max delays, false-path exceptions, or max skew assignments found ;
; switches_leds[3] ; No output delay, min/max delays, false-path exceptions, or max skew assignments found ;
; switches_leds[4] ; No output delay, min/max delays, false-path exceptions, or max skew assignments found ;
; switches_leds[5] ; No output delay, min/max delays, false-path exceptions, or max skew assignments found ;
+------------------+---------------------------------------------------------------------------------------+


+-----------------------------------------------------------------------------------------------------+
; Unconstrained Input Ports                                                                           ;
+--------------+--------------------------------------------------------------------------------------+
; Input Port   ; Comment                                                                              ;
+--------------+--------------------------------------------------------------------------------------+
; btn_in       ; No input delay, min/max delays, false-path exceptions, or max skew assignments found ;
; switches[0]  ; No input delay, min/max delays, false-path exceptions, or max skew assignments found ;
; switches[1]  ; No input delay, min/max delays, false-path exceptions, or max skew assignments found ;
; switches[2]  ; No input delay, min/max delays, false-path exceptions, or max skew assignments found ;
; switches[3]  ; No input delay, min/max delays, false-path exceptions, or max skew assignments found ;
; switches[4]  ; No input delay, min/max delays, false-path exceptions, or max skew assignments found ;
; switches[5]  ; No input delay, min/max delays, false-path exceptions, or max skew assignments found ;
; switches[6]  ; No input delay, min/max delays, false-path exceptions, or max skew assignments found ;
; switches[7]  ; No input delay, min/max delays, false-path exceptions, or max skew assignments found ;
; switches[8]  ; No input delay, min/max delays, false-path exceptions, or max skew assignments found ;
; switches[9]  ; No input delay, min/max delays, false-path exceptions, or max skew assignments found ;
; switches[10] ; No input delay, min/max delays, false-path exceptions, or max skew assignments found ;
; switches[11] ; No input delay, min/max delays, false-path exceptions, or max skew assignments found ;
; switches[12] ; No input delay, min/max delays, false-path exceptions, or max skew assignments found ;
; switches[13] ; No input delay, min/max delays, false-path exceptions, or max skew assignments found ;
; switches[14] ; No input delay, min/max delays, false-path exceptions, or max skew assignments found ;
; switches[15] ; No input delay, min/max delays, false-path exceptions, or max skew assignments found ;
; switches[16] ; No input delay, min/max delays, false-path exceptions, or max skew assignments found ;
; switches[17] ; No input delay, min/max delays, false-path exceptions, or max skew assignments found ;
+--------------+--------------------------------------------------------------------------------------+


+----------------------------------------------------------------------------------------------------------+
; Unconstrained Output Ports                                                                               ;
+------------------+---------------------------------------------------------------------------------------+
; Output Port      ; Comment                                                                               ;
+------------------+---------------------------------------------------------------------------------------+
; Hex0[0]          ; No output delay, min/max delays, false-path exceptions, or max skew assignments found ;
; Hex0[1]          ; No output delay, min/max delays, false-path exceptions, or max skew assignments found ;
; Hex0[2]          ; No output delay, min/max delays, false-path exceptions, or max skew assignments found ;
; Hex0[3]          ; No output delay, min/max delays, false-path exceptions, or max skew assignments found ;
; Hex0[4]          ; No output delay, min/max delays, false-path exceptions, or max skew assignments found ;
; Hex0[5]          ; No output delay, min/max delays, false-path exceptions, or max skew assignments found ;
; Hex0[6]          ; No output delay, min/max delays, false-path exceptions, or max skew assignments found ;
; Hex1[0]          ; No output delay, min/max delays, false-path exceptions, or max skew assignments found ;
; Hex1[1]          ; No output delay, min/max delays, false-path exceptions, or max skew assignments found ;
; Hex1[2]          ; No output delay, min/max delays, false-path exceptions, or max skew assignments found ;
; Hex1[3]          ; No output delay, min/max delays, false-path exceptions, or max skew assignments found ;
; Hex1[4]          ; No output delay, min/max delays, false-path exceptions, or max skew assignments found ;
; Hex1[5]          ; No output delay, min/max delays, false-path exceptions, or max skew assignments found ;
; Hex1[6]          ; No output delay, min/max delays, false-path exceptions, or max skew assignments found ;
; Hex2[0]          ; No output delay, min/max delays, false-path exceptions, or max skew assignments found ;
; Hex2[1]          ; No output delay, min/max delays, false-path exceptions, or max skew assignments found ;
; Hex2[2]          ; No output delay, min/max delays, false-path exceptions, or max skew assignments found ;
; Hex2[3]          ; No output delay, min/max delays, false-path exceptions, or max skew assignments found ;
; Hex2[4]          ; No output delay, min/max delays, false-path exceptions, or max skew assignments found ;
; Hex2[5]          ; No output delay, min/max delays, false-path exceptions, or max skew assignments found ;
; Hex2[6]          ; No output delay, min/max delays, false-path exceptions, or max skew assignments found ;
; Hex3[0]          ; No output delay, min/max delays, false-path exceptions, or max skew assignments found ;
; Hex3[1]          ; No output delay, min/max delays, false-path exceptions, or max skew assignments found ;
; Hex3[2]          ; No output delay, min/max delays, false-path exceptions, or max skew assignments found ;
; Hex3[3]          ; No output delay, min/max delays, false-path exceptions, or max skew assignments found ;
; Hex3[4]          ; No output delay, min/max delays, false-path exceptions, or max skew assignments found ;
; Hex3[5]          ; No output delay, min/max delays, false-path exceptions, or max skew assignments found ;
; Hex3[6]          ; No output delay, min/max delays, false-path exceptions, or max skew assignments found ;
; Hex4[0]          ; No output delay, min/max delays, false-path exceptions, or max skew assignments found ;
; Hex4[1]          ; No output delay, min/max delays, false-path exceptions, or max skew assignments found ;
; Hex4[2]          ; No output delay, min/max delays, false-path exceptions, or max skew assignments found ;
; Hex4[3]          ; No output delay, min/max delays, false-path exceptions, or max skew assignments found ;
; Hex4[4]          ; No output delay, min/max delays, false-path exceptions, or max skew assignments found ;
; Hex4[5]          ; No output delay, min/max delays, false-path exceptions, or max skew assignments found ;
; Hex4[6]          ; No output delay, min/max delays, false-path exceptions, or max skew assignments found ;
; Hex5[0]          ; No output delay, min/max delays, false-path exceptions, or max skew assignments found ;
; Hex5[1]          ; No output delay, min/max delays, false-path exceptions, or max skew assignments found ;
; Hex5[2]          ; No output delay, min/max delays, false-path exceptions, or max skew assignments found ;
; Hex5[3]          ; No output delay, min/max delays, false-path exceptions, or max skew assignments found ;
; Hex5[4]          ; No output delay, min/max delays, false-path exceptions, or max skew assignments found ;
; Hex5[5]          ; No output delay, min/max delays, false-path exceptions, or max skew assignments found ;
; Hex5[6]          ; No output delay, min/max delays, false-path exceptions, or max skew assignments found ;
; Hex6[0]          ; No output delay, min/max delays, false-path exceptions, or max skew assignments found ;
; Hex6[1]          ; No output delay, min/max delays, false-path exceptions, or max skew assignments found ;
; Hex6[2]          ; No output delay, min/max delays, false-path exceptions, or max skew assignments found ;
; Hex6[3]          ; No output delay, min/max delays, false-path exceptions, or max skew assignments found ;
; Hex6[4]          ; No output delay, min/max delays, false-path exceptions, or max skew assignments found ;
; Hex6[5]          ; No output delay, min/max delays, false-path exceptions, or max skew assignments found ;
; Hex6[6]          ; No output delay, min/max delays, false-path exceptions, or max skew assignments found ;
; Hex7[0]          ; No output delay, min/max delays, false-path exceptions, or max skew assignments found ;
; Hex7[1]          ; No output delay, min/max delays, false-path exceptions, or max skew assignments found ;
; Hex7[2]          ; No output delay, min/max delays, false-path exceptions, or max skew assignments found ;
; Hex7[3]          ; No output delay, min/max delays, false-path exceptions, or max skew assignments found ;
; Hex7[4]          ; No output delay, min/max delays, false-path exceptions, or max skew assignments found ;
; Hex7[5]          ; No output delay, min/max delays, false-path exceptions, or max skew assignments found ;
; Hex7[6]          ; No output delay, min/max delays, false-path exceptions, or max skew assignments found ;
; btn_out          ; No output delay, min/max delays, false-path exceptions, or max skew assignments found ;
; led_clock        ; No output delay, min/max delays, false-path exceptions, or max skew assignments found ;
; switches_leds[0] ; No output delay, min/max delays, false-path exceptions, or max skew assignments found ;
; switches_leds[1] ; No output delay, min/max delays, false-path exceptions, or max skew assignments found ;
; switches_leds[2] ; No output delay, min/max delays, false-path exceptions, or max skew assignments found ;
; switches_leds[3] ; No output delay, min/max delays, false-path exceptions, or max skew assignments found ;
; switches_leds[4] ; No output delay, min/max delays, false-path exceptions, or max skew assignments found ;
; switches_leds[5] ; No output delay, min/max delays, false-path exceptions, or max skew assignments found ;
+------------------+---------------------------------------------------------------------------------------+


+--------------------------+
; Timing Analyzer Messages ;
+--------------------------+
Info: *******************************************************************
Info: Running Quartus Prime Timing Analyzer
    Info: Version 21.1.0 Build 842 10/21/2021 SJ Lite Edition
    Info: Processing started: Fri Jul 25 13:11:36 2025
Info: Command: quartus_sta cpu -c cpu
Info: qsta_default_script.tcl version: #1
Warning (18236): Number of processors has not been specified which may cause overloading on shared machines.  Set the global assignment NUM_PARALLEL_PROCESSORS in your QSF to an appropriate value for best performance.
Info (20030): Parallel compilation is enabled and will use 8 of the 8 processors detected
Info (21077): Low junction temperature is 0 degrees C
Info (21077): High junction temperature is 85 degrees C
Critical Warning (332012): Synopsys Design Constraints File file not found: 'cpu.sdc'. A Synopsys Design Constraints File is required by the Timing Analyzer to get proper timing constraints. Without it, the Compiler will not properly optimize the design.
Info (332142): No user constrained base clocks found in the design. Calling "derive_clocks -period 1.0"
Info (332105): Deriving Clocks
    Info (332105): create_clock -period 1.000 -name DivisorFrequencia:Divisor_inst|clkSaida DivisorFrequencia:Divisor_inst|clkSaida
    Info (332105): create_clock -period 1.000 -name btn_in btn_in
    Info (332105): create_clock -period 1.000 -name clk_50 clk_50
Info (332143): No user constrained clock uncertainty found in the design. Calling "derive_clock_uncertainty"
Info (332123): Deriving Clock Uncertainty. Please refer to report_sdc in the Timing Analyzer to see clock uncertainties.
Info: Found TIMING_ANALYZER_REPORT_SCRIPT_INCLUDE_DEFAULT_ANALYSIS = ON
Info: Analyzing Slow 1200mV 85C Model
Critical Warning (332148): Timing requirements not met
    Info (11105): For recommendations on closing timing, run Report Timing Closure Recommendations in the Timing Analyzer.
Info (332146): Worst-case setup slack is -137.366
    Info (332119):     Slack       End Point TNS Clock 
    Info (332119): ========= =================== =====================
    Info (332119):  -137.366          -30988.034 DivisorFrequencia:Divisor_inst|clkSaida 
    Info (332119):    -3.602             -45.431 clk_50 
Info (332146): Worst-case hold slack is 0.440
    Info (332119):     Slack       End Point TNS Clock 
    Info (332119): ========= =================== =====================
    Info (332119):     0.440               0.000 clk_50 
    Info (332119):     0.887               0.000 DivisorFrequencia:Divisor_inst|clkSaida 
Info (332146): Worst-case recovery slack is -1.638
    Info (332119):     Slack       End Point TNS Clock 
    Info (332119): ========= =================== =====================
    Info (332119):    -1.638              -1.638 btn_in 
Info (332146): Worst-case removal slack is 1.570
    Info (332119):     Slack       End Point TNS Clock 
    Info (332119): ========= =================== =====================
    Info (332119):     1.570               0.000 btn_in 
Info (332146): Worst-case minimum pulse width slack is -3.000
    Info (332119):     Slack       End Point TNS Clock 
    Info (332119): ========= =================== =====================
    Info (332119):    -3.000             -36.410 clk_50 
    Info (332119):    -3.000              -4.285 btn_in 
    Info (332119):    -1.285            -352.090 DivisorFrequencia:Divisor_inst|clkSaida 
Info: Analyzing Slow 1200mV 0C Model
Info (334003): Started post-fitting delay annotation
Info (334004): Delay annotation completed successfully
Info (332123): Deriving Clock Uncertainty. Please refer to report_sdc in the Timing Analyzer to see clock uncertainties.
Critical Warning (332148): Timing requirements not met
    Info (11105): For recommendations on closing timing, run Report Timing Closure Recommendations in the Timing Analyzer.
Info (332146): Worst-case setup slack is -124.013
    Info (332119):     Slack       End Point TNS Clock 
    Info (332119): ========= =================== =====================
    Info (332119):  -124.013          -27973.823 DivisorFrequencia:Divisor_inst|clkSaida 
    Info (332119):    -3.241             -38.248 clk_50 
Info (332146): Worst-case hold slack is 0.399
    Info (332119):     Slack       End Point TNS Clock 
    Info (332119): ========= =================== =====================
    Info (332119):     0.399               0.000 clk_50 
    Info (332119):     0.784               0.000 DivisorFrequencia:Divisor_inst|clkSaida 
Info (332146): Worst-case recovery slack is -1.382
    Info (332119):     Slack       End Point TNS Clock 
    Info (332119): ========= =================== =====================
    Info (332119):    -1.382              -1.382 btn_in 
Info (332146): Worst-case removal slack is 1.409
    Info (332119):     Slack       End Point TNS Clock 
    Info (332119): ========= =================== =====================
    Info (332119):     1.409               0.000 btn_in 
Info (332146): Worst-case minimum pulse width slack is -3.000
    Info (332119):     Slack       End Point TNS Clock 
    Info (332119): ========= =================== =====================
    Info (332119):    -3.000             -36.410 clk_50 
    Info (332119):    -3.000              -4.285 btn_in 
    Info (332119):    -1.285            -352.090 DivisorFrequencia:Divisor_inst|clkSaida 
Info: Analyzing Fast 1200mV 0C Model
Info (332123): Deriving Clock Uncertainty. Please refer to report_sdc in the Timing Analyzer to see clock uncertainties.
Critical Warning (332148): Timing requirements not met
    Info (11105): For recommendations on closing timing, run Report Timing Closure Recommendations in the Timing Analyzer.
Info (332146): Worst-case setup slack is -67.955
    Info (332119):     Slack       End Point TNS Clock 
    Info (332119): ========= =================== =====================
    Info (332119):   -67.955          -15310.021 DivisorFrequencia:Divisor_inst|clkSaida 
    Info (332119):    -1.227              -9.247 clk_50 
Info (332146): Worst-case hold slack is 0.199
    Info (332119):     Slack       End Point TNS Clock 
    Info (332119): ========= =================== =====================
    Info (332119):     0.199               0.000 clk_50 
    Info (332119):     0.401               0.000 DivisorFrequencia:Divisor_inst|clkSaida 
Info (332146): Worst-case recovery slack is -0.071
    Info (332119):     Slack       End Point TNS Clock 
    Info (332119): ========= =================== =====================
    Info (332119):    -0.071              -0.071 btn_in 
Info (332146): Worst-case removal slack is 0.378
    Info (332119):     Slack       End Point TNS Clock 
    Info (332119): ========= =================== =====================
    Info (332119):     0.378               0.000 btn_in 
Info (332146): Worst-case minimum pulse width slack is -3.000
    Info (332119):     Slack       End Point TNS Clock 
    Info (332119): ========= =================== =====================
    Info (332119):    -3.000             -30.456 clk_50 
    Info (332119):    -3.000              -4.459 btn_in 
    Info (332119):    -1.000            -274.000 DivisorFrequencia:Divisor_inst|clkSaida 
Info (332102): Design is not fully constrained for setup requirements
Info (332102): Design is not fully constrained for hold requirements
Info: Quartus Prime Timing Analyzer was successful. 0 errors, 5 warnings
    Info: Peak virtual memory: 5184 megabytes
    Info: Processing ended: Fri Jul 25 13:11:46 2025
    Info: Elapsed time: 00:00:10
    Info: Total CPU time (on all processors): 00:00:10


