Timing Analyzer report for cpu
Wed Jul  1 19:02:55 2026
Quartus Prime Version 21.1.0 Build 842 10/21/2021 SJ Lite Edition


---------------------
; Table of Contents ;
---------------------
  1. Legal Notice
  2. Timing Analyzer Summary
  3. Parallel Compilation
  4. Clocks
  5. Slow 1200mV 85C Model Fmax Summary
  6. Timing Closure Recommendations
  7. Slow 1200mV 85C Model Setup Summary
  8. Slow 1200mV 85C Model Hold Summary
  9. Slow 1200mV 85C Model Recovery Summary
 10. Slow 1200mV 85C Model Removal Summary
 11. Slow 1200mV 85C Model Minimum Pulse Width Summary
 12. Slow 1200mV 85C Model Setup: 'DivisorFrequencia:Divisor_inst|clkSaida'
 13. Slow 1200mV 85C Model Setup: 'clk_50'
 14. Slow 1200mV 85C Model Hold: 'clk_50'
 15. Slow 1200mV 85C Model Hold: 'DivisorFrequencia:Divisor_inst|clkSaida'
 16. Slow 1200mV 85C Model Recovery: 'btn_in'
 17. Slow 1200mV 85C Model Removal: 'btn_in'
 18. Slow 1200mV 85C Model Metastability Summary
 19. Slow 1200mV 0C Model Fmax Summary
 20. Slow 1200mV 0C Model Setup Summary
 21. Slow 1200mV 0C Model Hold Summary
 22. Slow 1200mV 0C Model Recovery Summary
 23. Slow 1200mV 0C Model Removal Summary
 24. Slow 1200mV 0C Model Minimum Pulse Width Summary
 25. Slow 1200mV 0C Model Setup: 'DivisorFrequencia:Divisor_inst|clkSaida'
 26. Slow 1200mV 0C Model Setup: 'clk_50'
 27. Slow 1200mV 0C Model Hold: 'clk_50'
 28. Slow 1200mV 0C Model Hold: 'DivisorFrequencia:Divisor_inst|clkSaida'
 29. Slow 1200mV 0C Model Recovery: 'btn_in'
 30. Slow 1200mV 0C Model Removal: 'btn_in'
 31. Slow 1200mV 0C Model Metastability Summary
 32. Fast 1200mV 0C Model Setup Summary
 33. Fast 1200mV 0C Model Hold Summary
 34. Fast 1200mV 0C Model Recovery Summary
 35. Fast 1200mV 0C Model Removal Summary
 36. Fast 1200mV 0C Model Minimum Pulse Width Summary
 37. Fast 1200mV 0C Model Setup: 'DivisorFrequencia:Divisor_inst|clkSaida'
 38. Fast 1200mV 0C Model Setup: 'clk_50'
 39. Fast 1200mV 0C Model Hold: 'clk_50'
 40. Fast 1200mV 0C Model Hold: 'DivisorFrequencia:Divisor_inst|clkSaida'
 41. Fast 1200mV 0C Model Recovery: 'btn_in'
 42. Fast 1200mV 0C Model Removal: 'btn_in'
 43. Fast 1200mV 0C Model Metastability Summary
 44. Multicorner Timing Analysis Summary
 45. Board Trace Model Assignments
 46. Input Transition Times
 47. Signal Integrity Metrics (Slow 1200mv 0c Model)
 48. Signal Integrity Metrics (Slow 1200mv 85c Model)
 49. Signal Integrity Metrics (Fast 1200mv 0c Model)
 50. Setup Transfers
 51. Hold Transfers
 52. Recovery Transfers
 53. Removal Transfers
 54. Report TCCS
 55. Report RSKM
 56. Unconstrained Paths Summary
 57. Clock Status Summary
 58. Unconstrained Input Ports
 59. Unconstrained Output Ports
 60. Unconstrained Input Ports
 61. Unconstrained Output Ports
 62. Timing Analyzer Messages



----------------
; Legal Notice ;
----------------
Copyright (C) 2021  Intel Corporation. All rights reserved.
Your use of Intel Corporation's design tools, logic functions 
and other software and tools, and any partner logic 
functions, and any output files from any of the foregoing 
(including device programming or simulation files), and any 
associated documentation or information are expressly subject 
to the terms and conditions of the Intel Program License 
Subscription Agreement, the Intel Quartus Prime License Agreement,
the Intel FPGA IP License Agreement, or other applicable license
agreement, including, without limitation, that your use is for
the sole purpose of programming logic devices manufactured by
Intel and sold by Intel or its authorized distributors.  Please
refer to the applicable agreement for further details, at
https://fpgasoftware.intel.com/eula.



+-----------------------------------------------------------------------------+
; Timing Analyzer Summary                                                     ;
+-----------------------+-----------------------------------------------------+
; Quartus Prime Version ; Version 21.1.0 Build 842 10/21/2021 SJ Lite Edition ;
; Timing Analyzer       ; Legacy Timing Analyzer                              ;
; Revision Name         ; cpu                                                 ;
; Device Family         ; Cyclone IV E                                        ;
; Device Name           ; EP4CE115F29C7                                       ;
; Timing Models         ; Final                                               ;
; Delay Model           ; Combined                                            ;
; Rise/Fall Delays      ; Enabled                                             ;
+-----------------------+-----------------------------------------------------+


+------------------------------------------+
; Parallel Compilation                     ;
+----------------------------+-------------+
; Processors                 ; Number      ;
+----------------------------+-------------+
; Number detected on machine ; 8           ;
; Maximum allowed            ; 8           ;
;                            ;             ;
; Average used               ; 1.33        ;
; Maximum used               ; 8           ;
;                            ;             ;
; Usage by Processor         ; % Time Used ;
;     Processor 1            ; 100.0%      ;
;     Processor 2            ;  29.4%      ;
;     Processors 3-8         ;   0.6%      ;
+----------------------------+-------------+


+--------------------------------------------------------------------------------------------------------------------------------------------------------------------------------------------------------------------------------------------------+
; Clocks                                                                                                                                                                                                                                           ;
+-----------------------------------------+------+--------+------------+-------+-------+------------+-----------+-------------+-------+--------+-----------+------------+----------+--------+--------+---------------------------------------------+
; Clock Name                              ; Type ; Period ; Frequency  ; Rise  ; Fall  ; Duty Cycle ; Divide by ; Multiply by ; Phase ; Offset ; Edge List ; Edge Shift ; Inverted ; Master ; Source ; Targets                                     ;
+-----------------------------------------+------+--------+------------+-------+-------+------------+-----------+-------------+-------+--------+-----------+------------+----------+--------+--------+---------------------------------------------+
; btn_in                                  ; Base ; 1.000  ; 1000.0 MHz ; 0.000 ; 0.500 ;            ;           ;             ;       ;        ;           ;            ;          ;        ;        ; { btn_in }                                  ;
; clk_50                                  ; Base ; 1.000  ; 1000.0 MHz ; 0.000 ; 0.500 ;            ;           ;             ;       ;        ;           ;            ;          ;        ;        ; { clk_50 }                                  ;
; DivisorFrequencia:Divisor_inst|clkSaida ; Base ; 1.000  ; 1000.0 MHz ; 0.000 ; 0.500 ;            ;           ;             ;       ;        ;           ;            ;          ;        ;        ; { DivisorFrequencia:Divisor_inst|clkSaida } ;
+-----------------------------------------+------+--------+------------+-------+-------+------------+-----------+-------------+-------+--------+-----------+------------+----------+--------+--------+---------------------------------------------+


+-------------------------------------------------------------------------------+
; Slow 1200mV 85C Model Fmax Summary                                            ;
+------------+-----------------+-----------------------------------------+------+
; Fmax       ; Restricted Fmax ; Clock Name                              ; Note ;
+------------+-----------------+-----------------------------------------+------+
; 3.29 MHz   ; 3.29 MHz        ; DivisorFrequencia:Divisor_inst|clkSaida ;      ;
; 229.78 MHz ; 229.78 MHz      ; clk_50                                  ;      ;
+------------+-----------------+-----------------------------------------+------+
This panel reports FMAX for every clock in the design, regardless of the user-specified clock periods.  FMAX is only computed for paths where the source and destination registers or ports are driven by the same clock.  Paths of different clocks, including generated clocks, are ignored.  For paths between a clock and its inversion, FMAX is computed as if the rising and falling edges are scaled along with FMAX, such that the duty cycle (in terms of a percentage) is maintained. Altera recommends that you always use clock constraints and other slack reports for sign-off analysis.


----------------------------------
; Timing Closure Recommendations ;
----------------------------------
HTML report is unavailable in plain text report export.


+--------------------------------------------------------------------+
; Slow 1200mV 85C Model Setup Summary                                ;
+-----------------------------------------+----------+---------------+
; Clock                                   ; Slack    ; End Point TNS ;
+-----------------------------------------+----------+---------------+
; DivisorFrequencia:Divisor_inst|clkSaida ; -151.276 ; -333599.820   ;
; clk_50                                  ; -3.352   ; -44.793       ;
+-----------------------------------------+----------+---------------+


+-----------------------------------------------------------------+
; Slow 1200mV 85C Model Hold Summary                              ;
+-----------------------------------------+-------+---------------+
; Clock                                   ; Slack ; End Point TNS ;
+-----------------------------------------+-------+---------------+
; clk_50                                  ; 0.441 ; 0.000         ;
; DivisorFrequencia:Divisor_inst|clkSaida ; 0.997 ; 0.000         ;
+-----------------------------------------+-------+---------------+


+----------------------------------------+
; Slow 1200mV 85C Model Recovery Summary ;
+--------+--------+----------------------+
; Clock  ; Slack  ; End Point TNS        ;
+--------+--------+----------------------+
; btn_in ; -4.494 ; -8.984               ;
+--------+--------+----------------------+


+---------------------------------------+
; Slow 1200mV 85C Model Removal Summary ;
+--------+-------+----------------------+
; Clock  ; Slack ; End Point TNS        ;
+--------+-------+----------------------+
; btn_in ; 2.288 ; 0.000                ;
+--------+-------+----------------------+


+------------------------------------------------------------------+
; Slow 1200mV 85C Model Minimum Pulse Width Summary                ;
+-----------------------------------------+--------+---------------+
; Clock                                   ; Slack  ; End Point TNS ;
+-----------------------------------------+--------+---------------+
; clk_50                                  ; -3.000 ; -36.410       ;
; btn_in                                  ; -3.000 ; -5.570        ;
; DivisorFrequencia:Divisor_inst|clkSaida ; -1.285 ; -3009.470     ;
+-----------------------------------------+--------+---------------+


+------------------------------------------------------------------------------------------------------------------------------------------------------------------------------------------------------+
; Slow 1200mV 85C Model Setup: 'DivisorFrequencia:Divisor_inst|clkSaida'                                                                                                                               ;
+----------+----------------------+---------------------------------------+-----------------------------------------+-----------------------------------------+--------------+------------+------------+
; Slack    ; From Node            ; To Node                               ; Launch Clock                            ; Latch Clock                             ; Relationship ; Clock Skew ; Data Delay ;
+----------+----------------------+---------------------------------------+-----------------------------------------+-----------------------------------------+--------------+------------+------------+
; -151.276 ; PC:PC_inst|PC_reg[2] ; banco:banco_inst|registradores[1][3]  ; DivisorFrequencia:Divisor_inst|clkSaida ; DivisorFrequencia:Divisor_inst|clkSaida ; 0.500        ; 0.287      ; 152.061    ;
; -151.246 ; PC:PC_inst|PC_reg[2] ; banco:banco_inst|registradores[2][3]  ; DivisorFrequencia:Divisor_inst|clkSaida ; DivisorFrequencia:Divisor_inst|clkSaida ; 0.500        ; 0.320      ; 152.064    ;
; -151.188 ; PC:PC_inst|PC_reg[2] ; banco:banco_inst|registradores[3][3]  ; DivisorFrequencia:Divisor_inst|clkSaida ; DivisorFrequencia:Divisor_inst|clkSaida ; 0.500        ; 0.301      ; 151.987    ;
; -151.171 ; PC:PC_inst|PC_reg[4] ; banco:banco_inst|registradores[1][3]  ; DivisorFrequencia:Divisor_inst|clkSaida ; DivisorFrequencia:Divisor_inst|clkSaida ; 0.500        ; 0.287      ; 151.956    ;
; -151.141 ; PC:PC_inst|PC_reg[4] ; banco:banco_inst|registradores[2][3]  ; DivisorFrequencia:Divisor_inst|clkSaida ; DivisorFrequencia:Divisor_inst|clkSaida ; 0.500        ; 0.320      ; 151.959    ;
; -151.083 ; PC:PC_inst|PC_reg[4] ; banco:banco_inst|registradores[3][3]  ; DivisorFrequencia:Divisor_inst|clkSaida ; DivisorFrequencia:Divisor_inst|clkSaida ; 0.500        ; 0.301      ; 151.882    ;
; -150.964 ; PC:PC_inst|PC_reg[3] ; banco:banco_inst|registradores[1][3]  ; DivisorFrequencia:Divisor_inst|clkSaida ; DivisorFrequencia:Divisor_inst|clkSaida ; 0.500        ; 0.287      ; 151.749    ;
; -150.935 ; PC:PC_inst|PC_reg[5] ; banco:banco_inst|registradores[1][3]  ; DivisorFrequencia:Divisor_inst|clkSaida ; DivisorFrequencia:Divisor_inst|clkSaida ; 0.500        ; 0.287      ; 151.720    ;
; -150.934 ; PC:PC_inst|PC_reg[3] ; banco:banco_inst|registradores[2][3]  ; DivisorFrequencia:Divisor_inst|clkSaida ; DivisorFrequencia:Divisor_inst|clkSaida ; 0.500        ; 0.320      ; 151.752    ;
; -150.920 ; PC:PC_inst|PC_reg[2] ; banco:banco_inst|registradores[5][3]  ; DivisorFrequencia:Divisor_inst|clkSaida ; DivisorFrequencia:Divisor_inst|clkSaida ; 0.500        ; 0.269      ; 151.687    ;
; -150.905 ; PC:PC_inst|PC_reg[5] ; banco:banco_inst|registradores[2][3]  ; DivisorFrequencia:Divisor_inst|clkSaida ; DivisorFrequencia:Divisor_inst|clkSaida ; 0.500        ; 0.320      ; 151.723    ;
; -150.885 ; PC:PC_inst|PC_reg[2] ; banco:banco_inst|registradores[4][3]  ; DivisorFrequencia:Divisor_inst|clkSaida ; DivisorFrequencia:Divisor_inst|clkSaida ; 0.500        ; 0.302      ; 151.685    ;
; -150.878 ; PC:PC_inst|PC_reg[1] ; banco:banco_inst|registradores[1][3]  ; DivisorFrequencia:Divisor_inst|clkSaida ; DivisorFrequencia:Divisor_inst|clkSaida ; 0.500        ; 0.287      ; 151.663    ;
; -150.876 ; PC:PC_inst|PC_reg[3] ; banco:banco_inst|registradores[3][3]  ; DivisorFrequencia:Divisor_inst|clkSaida ; DivisorFrequencia:Divisor_inst|clkSaida ; 0.500        ; 0.301      ; 151.675    ;
; -150.848 ; PC:PC_inst|PC_reg[1] ; banco:banco_inst|registradores[2][3]  ; DivisorFrequencia:Divisor_inst|clkSaida ; DivisorFrequencia:Divisor_inst|clkSaida ; 0.500        ; 0.320      ; 151.666    ;
; -150.847 ; PC:PC_inst|PC_reg[5] ; banco:banco_inst|registradores[3][3]  ; DivisorFrequencia:Divisor_inst|clkSaida ; DivisorFrequencia:Divisor_inst|clkSaida ; 0.500        ; 0.301      ; 151.646    ;
; -150.815 ; PC:PC_inst|PC_reg[4] ; banco:banco_inst|registradores[5][3]  ; DivisorFrequencia:Divisor_inst|clkSaida ; DivisorFrequencia:Divisor_inst|clkSaida ; 0.500        ; 0.269      ; 151.582    ;
; -150.808 ; PC:PC_inst|PC_reg[2] ; banco:banco_inst|registradores[6][3]  ; DivisorFrequencia:Divisor_inst|clkSaida ; DivisorFrequencia:Divisor_inst|clkSaida ; 0.500        ; -0.118     ; 151.188    ;
; -150.790 ; PC:PC_inst|PC_reg[1] ; banco:banco_inst|registradores[3][3]  ; DivisorFrequencia:Divisor_inst|clkSaida ; DivisorFrequencia:Divisor_inst|clkSaida ; 0.500        ; 0.301      ; 151.589    ;
; -150.780 ; PC:PC_inst|PC_reg[4] ; banco:banco_inst|registradores[4][3]  ; DivisorFrequencia:Divisor_inst|clkSaida ; DivisorFrequencia:Divisor_inst|clkSaida ; 0.500        ; 0.302      ; 151.580    ;
; -150.742 ; PC:PC_inst|PC_reg[2] ; banco:banco_inst|registradores[1][18] ; DivisorFrequencia:Divisor_inst|clkSaida ; DivisorFrequencia:Divisor_inst|clkSaida ; 0.500        ; 0.282      ; 151.522    ;
; -150.709 ; PC:PC_inst|PC_reg[2] ; banco:banco_inst|registradores[2][18] ; DivisorFrequencia:Divisor_inst|clkSaida ; DivisorFrequencia:Divisor_inst|clkSaida ; 0.500        ; 0.314      ; 151.521    ;
; -150.703 ; PC:PC_inst|PC_reg[4] ; banco:banco_inst|registradores[6][3]  ; DivisorFrequencia:Divisor_inst|clkSaida ; DivisorFrequencia:Divisor_inst|clkSaida ; 0.500        ; -0.118     ; 151.083    ;
; -150.667 ; PC:PC_inst|PC_reg[0] ; banco:banco_inst|registradores[1][3]  ; DivisorFrequencia:Divisor_inst|clkSaida ; DivisorFrequencia:Divisor_inst|clkSaida ; 0.500        ; 0.287      ; 151.452    ;
; -150.637 ; PC:PC_inst|PC_reg[0] ; banco:banco_inst|registradores[2][3]  ; DivisorFrequencia:Divisor_inst|clkSaida ; DivisorFrequencia:Divisor_inst|clkSaida ; 0.500        ; 0.320      ; 151.455    ;
; -150.637 ; PC:PC_inst|PC_reg[4] ; banco:banco_inst|registradores[1][18] ; DivisorFrequencia:Divisor_inst|clkSaida ; DivisorFrequencia:Divisor_inst|clkSaida ; 0.500        ; 0.282      ; 151.417    ;
; -150.608 ; PC:PC_inst|PC_reg[3] ; banco:banco_inst|registradores[5][3]  ; DivisorFrequencia:Divisor_inst|clkSaida ; DivisorFrequencia:Divisor_inst|clkSaida ; 0.500        ; 0.269      ; 151.375    ;
; -150.604 ; PC:PC_inst|PC_reg[4] ; banco:banco_inst|registradores[2][18] ; DivisorFrequencia:Divisor_inst|clkSaida ; DivisorFrequencia:Divisor_inst|clkSaida ; 0.500        ; 0.314      ; 151.416    ;
; -150.579 ; PC:PC_inst|PC_reg[5] ; banco:banco_inst|registradores[5][3]  ; DivisorFrequencia:Divisor_inst|clkSaida ; DivisorFrequencia:Divisor_inst|clkSaida ; 0.500        ; 0.269      ; 151.346    ;
; -150.579 ; PC:PC_inst|PC_reg[0] ; banco:banco_inst|registradores[3][3]  ; DivisorFrequencia:Divisor_inst|clkSaida ; DivisorFrequencia:Divisor_inst|clkSaida ; 0.500        ; 0.301      ; 151.378    ;
; -150.574 ; PC:PC_inst|PC_reg[2] ; banco:banco_inst|registradores[4][24] ; DivisorFrequencia:Divisor_inst|clkSaida ; DivisorFrequencia:Divisor_inst|clkSaida ; 0.500        ; 0.280      ; 151.352    ;
; -150.573 ; PC:PC_inst|PC_reg[3] ; banco:banco_inst|registradores[4][3]  ; DivisorFrequencia:Divisor_inst|clkSaida ; DivisorFrequencia:Divisor_inst|clkSaida ; 0.500        ; 0.302      ; 151.373    ;
; -150.544 ; PC:PC_inst|PC_reg[5] ; banco:banco_inst|registradores[4][3]  ; DivisorFrequencia:Divisor_inst|clkSaida ; DivisorFrequencia:Divisor_inst|clkSaida ; 0.500        ; 0.302      ; 151.344    ;
; -150.540 ; PC:PC_inst|PC_reg[2] ; banco:banco_inst|registradores[5][24] ; DivisorFrequencia:Divisor_inst|clkSaida ; DivisorFrequencia:Divisor_inst|clkSaida ; 0.500        ; 0.312      ; 151.350    ;
; -150.522 ; PC:PC_inst|PC_reg[1] ; banco:banco_inst|registradores[5][3]  ; DivisorFrequencia:Divisor_inst|clkSaida ; DivisorFrequencia:Divisor_inst|clkSaida ; 0.500        ; 0.269      ; 151.289    ;
; -150.496 ; PC:PC_inst|PC_reg[3] ; banco:banco_inst|registradores[6][3]  ; DivisorFrequencia:Divisor_inst|clkSaida ; DivisorFrequencia:Divisor_inst|clkSaida ; 0.500        ; -0.118     ; 150.876    ;
; -150.487 ; PC:PC_inst|PC_reg[1] ; banco:banco_inst|registradores[4][3]  ; DivisorFrequencia:Divisor_inst|clkSaida ; DivisorFrequencia:Divisor_inst|clkSaida ; 0.500        ; 0.302      ; 151.287    ;
; -150.469 ; PC:PC_inst|PC_reg[4] ; banco:banco_inst|registradores[4][24] ; DivisorFrequencia:Divisor_inst|clkSaida ; DivisorFrequencia:Divisor_inst|clkSaida ; 0.500        ; 0.280      ; 151.247    ;
; -150.467 ; PC:PC_inst|PC_reg[5] ; banco:banco_inst|registradores[6][3]  ; DivisorFrequencia:Divisor_inst|clkSaida ; DivisorFrequencia:Divisor_inst|clkSaida ; 0.500        ; -0.118     ; 150.847    ;
; -150.449 ; PC:PC_inst|PC_reg[2] ; banco:banco_inst|registradores[1][13] ; DivisorFrequencia:Divisor_inst|clkSaida ; DivisorFrequencia:Divisor_inst|clkSaida ; 0.500        ; 0.313      ; 151.260    ;
; -150.443 ; PC:PC_inst|PC_reg[2] ; banco:banco_inst|registradores[3][1]  ; DivisorFrequencia:Divisor_inst|clkSaida ; DivisorFrequencia:Divisor_inst|clkSaida ; 0.500        ; -0.111     ; 150.830    ;
; -150.435 ; PC:PC_inst|PC_reg[4] ; banco:banco_inst|registradores[5][24] ; DivisorFrequencia:Divisor_inst|clkSaida ; DivisorFrequencia:Divisor_inst|clkSaida ; 0.500        ; 0.312      ; 151.245    ;
; -150.430 ; PC:PC_inst|PC_reg[3] ; banco:banco_inst|registradores[1][18] ; DivisorFrequencia:Divisor_inst|clkSaida ; DivisorFrequencia:Divisor_inst|clkSaida ; 0.500        ; 0.282      ; 151.210    ;
; -150.410 ; PC:PC_inst|PC_reg[1] ; banco:banco_inst|registradores[6][3]  ; DivisorFrequencia:Divisor_inst|clkSaida ; DivisorFrequencia:Divisor_inst|clkSaida ; 0.500        ; -0.118     ; 150.790    ;
; -150.401 ; PC:PC_inst|PC_reg[5] ; banco:banco_inst|registradores[1][18] ; DivisorFrequencia:Divisor_inst|clkSaida ; DivisorFrequencia:Divisor_inst|clkSaida ; 0.500        ; 0.282      ; 151.181    ;
; -150.397 ; PC:PC_inst|PC_reg[3] ; banco:banco_inst|registradores[2][18] ; DivisorFrequencia:Divisor_inst|clkSaida ; DivisorFrequencia:Divisor_inst|clkSaida ; 0.500        ; 0.314      ; 151.209    ;
; -150.368 ; PC:PC_inst|PC_reg[5] ; banco:banco_inst|registradores[2][18] ; DivisorFrequencia:Divisor_inst|clkSaida ; DivisorFrequencia:Divisor_inst|clkSaida ; 0.500        ; 0.314      ; 151.180    ;
; -150.356 ; PC:PC_inst|PC_reg[2] ; banco:banco_inst|registradores[5][13] ; DivisorFrequencia:Divisor_inst|clkSaida ; DivisorFrequencia:Divisor_inst|clkSaida ; 0.500        ; -0.119     ; 150.735    ;
; -150.344 ; PC:PC_inst|PC_reg[1] ; banco:banco_inst|registradores[1][18] ; DivisorFrequencia:Divisor_inst|clkSaida ; DivisorFrequencia:Divisor_inst|clkSaida ; 0.500        ; 0.282      ; 151.124    ;
; -150.344 ; PC:PC_inst|PC_reg[4] ; banco:banco_inst|registradores[1][13] ; DivisorFrequencia:Divisor_inst|clkSaida ; DivisorFrequencia:Divisor_inst|clkSaida ; 0.500        ; 0.313      ; 151.155    ;
; -150.338 ; PC:PC_inst|PC_reg[4] ; banco:banco_inst|registradores[3][1]  ; DivisorFrequencia:Divisor_inst|clkSaida ; DivisorFrequencia:Divisor_inst|clkSaida ; 0.500        ; -0.111     ; 150.725    ;
; -150.311 ; PC:PC_inst|PC_reg[0] ; banco:banco_inst|registradores[5][3]  ; DivisorFrequencia:Divisor_inst|clkSaida ; DivisorFrequencia:Divisor_inst|clkSaida ; 0.500        ; 0.269      ; 151.078    ;
; -150.311 ; PC:PC_inst|PC_reg[1] ; banco:banco_inst|registradores[2][18] ; DivisorFrequencia:Divisor_inst|clkSaida ; DivisorFrequencia:Divisor_inst|clkSaida ; 0.500        ; 0.314      ; 151.123    ;
; -150.276 ; PC:PC_inst|PC_reg[0] ; banco:banco_inst|registradores[4][3]  ; DivisorFrequencia:Divisor_inst|clkSaida ; DivisorFrequencia:Divisor_inst|clkSaida ; 0.500        ; 0.302      ; 151.076    ;
; -150.263 ; PC:PC_inst|PC_reg[2] ; banco:banco_inst|registradores[7][3]  ; DivisorFrequencia:Divisor_inst|clkSaida ; DivisorFrequencia:Divisor_inst|clkSaida ; 0.500        ; -0.118     ; 150.643    ;
; -150.262 ; PC:PC_inst|PC_reg[3] ; banco:banco_inst|registradores[4][24] ; DivisorFrequencia:Divisor_inst|clkSaida ; DivisorFrequencia:Divisor_inst|clkSaida ; 0.500        ; 0.280      ; 151.040    ;
; -150.251 ; PC:PC_inst|PC_reg[4] ; banco:banco_inst|registradores[5][13] ; DivisorFrequencia:Divisor_inst|clkSaida ; DivisorFrequencia:Divisor_inst|clkSaida ; 0.500        ; -0.119     ; 150.630    ;
; -150.233 ; PC:PC_inst|PC_reg[5] ; banco:banco_inst|registradores[4][24] ; DivisorFrequencia:Divisor_inst|clkSaida ; DivisorFrequencia:Divisor_inst|clkSaida ; 0.500        ; 0.280      ; 151.011    ;
; -150.228 ; PC:PC_inst|PC_reg[3] ; banco:banco_inst|registradores[5][24] ; DivisorFrequencia:Divisor_inst|clkSaida ; DivisorFrequencia:Divisor_inst|clkSaida ; 0.500        ; 0.312      ; 151.038    ;
; -150.199 ; PC:PC_inst|PC_reg[5] ; banco:banco_inst|registradores[5][24] ; DivisorFrequencia:Divisor_inst|clkSaida ; DivisorFrequencia:Divisor_inst|clkSaida ; 0.500        ; 0.312      ; 151.009    ;
; -150.199 ; PC:PC_inst|PC_reg[0] ; banco:banco_inst|registradores[6][3]  ; DivisorFrequencia:Divisor_inst|clkSaida ; DivisorFrequencia:Divisor_inst|clkSaida ; 0.500        ; -0.118     ; 150.579    ;
; -150.176 ; PC:PC_inst|PC_reg[1] ; banco:banco_inst|registradores[4][24] ; DivisorFrequencia:Divisor_inst|clkSaida ; DivisorFrequencia:Divisor_inst|clkSaida ; 0.500        ; 0.280      ; 150.954    ;
; -150.158 ; PC:PC_inst|PC_reg[4] ; banco:banco_inst|registradores[7][3]  ; DivisorFrequencia:Divisor_inst|clkSaida ; DivisorFrequencia:Divisor_inst|clkSaida ; 0.500        ; -0.118     ; 150.538    ;
; -150.152 ; PC:PC_inst|PC_reg[2] ; banco:banco_inst|registradores[5][6]  ; DivisorFrequencia:Divisor_inst|clkSaida ; DivisorFrequencia:Divisor_inst|clkSaida ; 0.500        ; -0.114     ; 150.536    ;
; -150.142 ; PC:PC_inst|PC_reg[1] ; banco:banco_inst|registradores[5][24] ; DivisorFrequencia:Divisor_inst|clkSaida ; DivisorFrequencia:Divisor_inst|clkSaida ; 0.500        ; 0.312      ; 150.952    ;
; -150.137 ; PC:PC_inst|PC_reg[3] ; banco:banco_inst|registradores[1][13] ; DivisorFrequencia:Divisor_inst|clkSaida ; DivisorFrequencia:Divisor_inst|clkSaida ; 0.500        ; 0.313      ; 150.948    ;
; -150.136 ; PC:PC_inst|PC_reg[2] ; banco:banco_inst|registradores[5][18] ; DivisorFrequencia:Divisor_inst|clkSaida ; DivisorFrequencia:Divisor_inst|clkSaida ; 0.500        ; 0.306      ; 150.940    ;
; -150.136 ; PC:PC_inst|PC_reg[2] ; banco:banco_inst|registradores[3][18] ; DivisorFrequencia:Divisor_inst|clkSaida ; DivisorFrequencia:Divisor_inst|clkSaida ; 0.500        ; 0.274      ; 150.908    ;
; -150.133 ; PC:PC_inst|PC_reg[0] ; banco:banco_inst|registradores[1][18] ; DivisorFrequencia:Divisor_inst|clkSaida ; DivisorFrequencia:Divisor_inst|clkSaida ; 0.500        ; 0.282      ; 150.913    ;
; -150.131 ; PC:PC_inst|PC_reg[3] ; banco:banco_inst|registradores[3][1]  ; DivisorFrequencia:Divisor_inst|clkSaida ; DivisorFrequencia:Divisor_inst|clkSaida ; 0.500        ; -0.111     ; 150.518    ;
; -150.110 ; PC:PC_inst|PC_reg[2] ; banco:banco_inst|registradores[3][17] ; DivisorFrequencia:Divisor_inst|clkSaida ; DivisorFrequencia:Divisor_inst|clkSaida ; 0.500        ; 0.300      ; 150.908    ;
; -150.108 ; PC:PC_inst|PC_reg[5] ; banco:banco_inst|registradores[1][13] ; DivisorFrequencia:Divisor_inst|clkSaida ; DivisorFrequencia:Divisor_inst|clkSaida ; 0.500        ; 0.313      ; 150.919    ;
; -150.104 ; PC:PC_inst|PC_reg[2] ; banco:banco_inst|registradores[4][18] ; DivisorFrequencia:Divisor_inst|clkSaida ; DivisorFrequencia:Divisor_inst|clkSaida ; 0.500        ; 0.339      ; 150.941    ;
; -150.102 ; PC:PC_inst|PC_reg[2] ; banco:banco_inst|registradores[6][18] ; DivisorFrequencia:Divisor_inst|clkSaida ; DivisorFrequencia:Divisor_inst|clkSaida ; 0.500        ; 0.306      ; 150.906    ;
; -150.102 ; PC:PC_inst|PC_reg[5] ; banco:banco_inst|registradores[3][1]  ; DivisorFrequencia:Divisor_inst|clkSaida ; DivisorFrequencia:Divisor_inst|clkSaida ; 0.500        ; -0.111     ; 150.489    ;
; -150.100 ; PC:PC_inst|PC_reg[0] ; banco:banco_inst|registradores[2][18] ; DivisorFrequencia:Divisor_inst|clkSaida ; DivisorFrequencia:Divisor_inst|clkSaida ; 0.500        ; 0.314      ; 150.912    ;
; -150.097 ; PC:PC_inst|PC_reg[2] ; banco:banco_inst|registradores[1][17] ; DivisorFrequencia:Divisor_inst|clkSaida ; DivisorFrequencia:Divisor_inst|clkSaida ; 0.500        ; 0.282      ; 150.877    ;
; -150.082 ; PC:PC_inst|PC_reg[2] ; banco:banco_inst|registradores[4][17] ; DivisorFrequencia:Divisor_inst|clkSaida ; DivisorFrequencia:Divisor_inst|clkSaida ; 0.500        ; 0.280      ; 150.860    ;
; -150.067 ; PC:PC_inst|PC_reg[2] ; banco:banco_inst|registradores[2][17] ; DivisorFrequencia:Divisor_inst|clkSaida ; DivisorFrequencia:Divisor_inst|clkSaida ; 0.500        ; 0.314      ; 150.879    ;
; -150.051 ; PC:PC_inst|PC_reg[2] ; banco:banco_inst|registradores[5][17] ; DivisorFrequencia:Divisor_inst|clkSaida ; DivisorFrequencia:Divisor_inst|clkSaida ; 0.500        ; 0.310      ; 150.859    ;
; -150.051 ; PC:PC_inst|PC_reg[1] ; banco:banco_inst|registradores[1][13] ; DivisorFrequencia:Divisor_inst|clkSaida ; DivisorFrequencia:Divisor_inst|clkSaida ; 0.500        ; 0.313      ; 150.862    ;
; -150.048 ; PC:PC_inst|PC_reg[2] ; banco:banco_inst|registradores[3][15] ; DivisorFrequencia:Divisor_inst|clkSaida ; DivisorFrequencia:Divisor_inst|clkSaida ; 0.500        ; 0.310      ; 150.856    ;
; -150.048 ; PC:PC_inst|PC_reg[2] ; banco:banco_inst|registradores[2][1]  ; DivisorFrequencia:Divisor_inst|clkSaida ; DivisorFrequencia:Divisor_inst|clkSaida ; 0.500        ; -0.104     ; 150.442    ;
; -150.047 ; PC:PC_inst|PC_reg[4] ; banco:banco_inst|registradores[5][6]  ; DivisorFrequencia:Divisor_inst|clkSaida ; DivisorFrequencia:Divisor_inst|clkSaida ; 0.500        ; -0.114     ; 150.431    ;
; -150.045 ; PC:PC_inst|PC_reg[1] ; banco:banco_inst|registradores[3][1]  ; DivisorFrequencia:Divisor_inst|clkSaida ; DivisorFrequencia:Divisor_inst|clkSaida ; 0.500        ; -0.111     ; 150.432    ;
; -150.044 ; PC:PC_inst|PC_reg[3] ; banco:banco_inst|registradores[5][13] ; DivisorFrequencia:Divisor_inst|clkSaida ; DivisorFrequencia:Divisor_inst|clkSaida ; 0.500        ; -0.119     ; 150.423    ;
; -150.039 ; PC:PC_inst|PC_reg[2] ; banco:banco_inst|registradores[3][9]  ; DivisorFrequencia:Divisor_inst|clkSaida ; DivisorFrequencia:Divisor_inst|clkSaida ; 0.500        ; -0.101     ; 150.436    ;
; -150.031 ; PC:PC_inst|PC_reg[4] ; banco:banco_inst|registradores[5][18] ; DivisorFrequencia:Divisor_inst|clkSaida ; DivisorFrequencia:Divisor_inst|clkSaida ; 0.500        ; 0.306      ; 150.835    ;
; -150.031 ; PC:PC_inst|PC_reg[4] ; banco:banco_inst|registradores[3][18] ; DivisorFrequencia:Divisor_inst|clkSaida ; DivisorFrequencia:Divisor_inst|clkSaida ; 0.500        ; 0.274      ; 150.803    ;
; -150.015 ; PC:PC_inst|PC_reg[5] ; banco:banco_inst|registradores[5][13] ; DivisorFrequencia:Divisor_inst|clkSaida ; DivisorFrequencia:Divisor_inst|clkSaida ; 0.500        ; -0.119     ; 150.394    ;
; -150.012 ; PC:PC_inst|PC_reg[2] ; banco:banco_inst|registradores[2][13] ; DivisorFrequencia:Divisor_inst|clkSaida ; DivisorFrequencia:Divisor_inst|clkSaida ; 0.500        ; 0.307      ; 150.817    ;
; -150.005 ; PC:PC_inst|PC_reg[4] ; banco:banco_inst|registradores[3][17] ; DivisorFrequencia:Divisor_inst|clkSaida ; DivisorFrequencia:Divisor_inst|clkSaida ; 0.500        ; 0.300      ; 150.803    ;
; -149.999 ; PC:PC_inst|PC_reg[4] ; banco:banco_inst|registradores[4][18] ; DivisorFrequencia:Divisor_inst|clkSaida ; DivisorFrequencia:Divisor_inst|clkSaida ; 0.500        ; 0.339      ; 150.836    ;
; -149.997 ; PC:PC_inst|PC_reg[4] ; banco:banco_inst|registradores[6][18] ; DivisorFrequencia:Divisor_inst|clkSaida ; DivisorFrequencia:Divisor_inst|clkSaida ; 0.500        ; 0.306      ; 150.801    ;
; -149.992 ; PC:PC_inst|PC_reg[4] ; banco:banco_inst|registradores[1][17] ; DivisorFrequencia:Divisor_inst|clkSaida ; DivisorFrequencia:Divisor_inst|clkSaida ; 0.500        ; 0.282      ; 150.772    ;
; -149.987 ; PC:PC_inst|PC_reg[2] ; banco:banco_inst|registradores[4][1]  ; DivisorFrequencia:Divisor_inst|clkSaida ; DivisorFrequencia:Divisor_inst|clkSaida ; 0.500        ; 0.314      ; 150.799    ;
; -149.977 ; PC:PC_inst|PC_reg[4] ; banco:banco_inst|registradores[4][17] ; DivisorFrequencia:Divisor_inst|clkSaida ; DivisorFrequencia:Divisor_inst|clkSaida ; 0.500        ; 0.280      ; 150.755    ;
; -149.968 ; PC:PC_inst|PC_reg[2] ; banco:banco_inst|registradores[6][0]  ; DivisorFrequencia:Divisor_inst|clkSaida ; DivisorFrequencia:Divisor_inst|clkSaida ; 0.500        ; -0.113     ; 150.353    ;
; -149.965 ; PC:PC_inst|PC_reg[0] ; banco:banco_inst|registradores[4][24] ; DivisorFrequencia:Divisor_inst|clkSaida ; DivisorFrequencia:Divisor_inst|clkSaida ; 0.500        ; 0.280      ; 150.743    ;
; -149.962 ; PC:PC_inst|PC_reg[4] ; banco:banco_inst|registradores[2][17] ; DivisorFrequencia:Divisor_inst|clkSaida ; DivisorFrequencia:Divisor_inst|clkSaida ; 0.500        ; 0.314      ; 150.774    ;
+----------+----------------------+---------------------------------------+-----------------------------------------+-----------------------------------------+--------------+------------+------------+


+--------------------------------------------------------------------------------------------------------------------------------------------------------------------------+
; Slow 1200mV 85C Model Setup: 'clk_50'                                                                                                                                    ;
+--------+---------------------------------------------+---------------------------------------------+--------------+-------------+--------------+------------+------------+
; Slack  ; From Node                                   ; To Node                                     ; Launch Clock ; Latch Clock ; Relationship ; Clock Skew ; Data Delay ;
+--------+---------------------------------------------+---------------------------------------------+--------------+-------------+--------------+------------+------------+
; -3.352 ; DivisorFrequencia:Divisor_inst|contador[15] ; DivisorFrequencia:Divisor_inst|clkSaida     ; clk_50       ; clk_50      ; 1.000        ; -0.078     ; 4.272      ;
; -3.345 ; DivisorFrequencia:Divisor_inst|contador[13] ; DivisorFrequencia:Divisor_inst|clkSaida     ; clk_50       ; clk_50      ; 1.000        ; -0.078     ; 4.265      ;
; -3.343 ; DivisorFrequencia:Divisor_inst|contador[4]  ; DivisorFrequencia:Divisor_inst|clkSaida     ; clk_50       ; clk_50      ; 1.000        ; -0.080     ; 4.261      ;
; -3.334 ; DivisorFrequencia:Divisor_inst|contador[23] ; DivisorFrequencia:Divisor_inst|clkSaida     ; clk_50       ; clk_50      ; 1.000        ; -0.078     ; 4.254      ;
; -3.326 ; DivisorFrequencia:Divisor_inst|contador[21] ; DivisorFrequencia:Divisor_inst|clkSaida     ; clk_50       ; clk_50      ; 1.000        ; -0.078     ; 4.246      ;
; -3.321 ; DivisorFrequencia:Divisor_inst|contador[2]  ; DivisorFrequencia:Divisor_inst|clkSaida     ; clk_50       ; clk_50      ; 1.000        ; -0.080     ; 4.239      ;
; -3.308 ; DivisorFrequencia:Divisor_inst|contador[1]  ; DivisorFrequencia:Divisor_inst|clkSaida     ; clk_50       ; clk_50      ; 1.000        ; -0.080     ; 4.226      ;
; -3.296 ; DivisorFrequencia:Divisor_inst|contador[22] ; DivisorFrequencia:Divisor_inst|clkSaida     ; clk_50       ; clk_50      ; 1.000        ; -0.078     ; 4.216      ;
; -3.290 ; DivisorFrequencia:Divisor_inst|contador[3]  ; DivisorFrequencia:Divisor_inst|clkSaida     ; clk_50       ; clk_50      ; 1.000        ; -0.080     ; 4.208      ;
; -3.287 ; DivisorFrequencia:Divisor_inst|contador[18] ; DivisorFrequencia:Divisor_inst|clkSaida     ; clk_50       ; clk_50      ; 1.000        ; -0.078     ; 4.207      ;
; -3.278 ; DivisorFrequencia:Divisor_inst|contador[19] ; DivisorFrequencia:Divisor_inst|clkSaida     ; clk_50       ; clk_50      ; 1.000        ; -0.078     ; 4.198      ;
; -3.220 ; DivisorFrequencia:Divisor_inst|contador[7]  ; DivisorFrequencia:Divisor_inst|clkSaida     ; clk_50       ; clk_50      ; 1.000        ; -0.080     ; 4.138      ;
; -3.183 ; DivisorFrequencia:Divisor_inst|contador[11] ; DivisorFrequencia:Divisor_inst|clkSaida     ; clk_50       ; clk_50      ; 1.000        ; -0.080     ; 4.101      ;
; -3.180 ; DivisorFrequencia:Divisor_inst|contador[9]  ; DivisorFrequencia:Divisor_inst|clkSaida     ; clk_50       ; clk_50      ; 1.000        ; -0.080     ; 4.098      ;
; -3.175 ; DivisorFrequencia:Divisor_inst|contador[8]  ; DivisorFrequencia:Divisor_inst|clkSaida     ; clk_50       ; clk_50      ; 1.000        ; -0.080     ; 4.093      ;
; -3.170 ; DivisorFrequencia:Divisor_inst|contador[0]  ; DivisorFrequencia:Divisor_inst|clkSaida     ; clk_50       ; clk_50      ; 1.000        ; -0.080     ; 4.088      ;
; -3.169 ; DivisorFrequencia:Divisor_inst|contador[6]  ; DivisorFrequencia:Divisor_inst|clkSaida     ; clk_50       ; clk_50      ; 1.000        ; -0.080     ; 4.087      ;
; -3.163 ; DivisorFrequencia:Divisor_inst|contador[14] ; DivisorFrequencia:Divisor_inst|clkSaida     ; clk_50       ; clk_50      ; 1.000        ; -0.078     ; 4.083      ;
; -3.098 ; DivisorFrequencia:Divisor_inst|contador[16] ; DivisorFrequencia:Divisor_inst|clkSaida     ; clk_50       ; clk_50      ; 1.000        ; -0.078     ; 4.018      ;
; -3.047 ; DivisorFrequencia:Divisor_inst|contador[12] ; DivisorFrequencia:Divisor_inst|clkSaida     ; clk_50       ; clk_50      ; 1.000        ; -0.078     ; 3.967      ;
; -3.028 ; DivisorFrequencia:Divisor_inst|contador[20] ; DivisorFrequencia:Divisor_inst|clkSaida     ; clk_50       ; clk_50      ; 1.000        ; -0.078     ; 3.948      ;
; -2.981 ; DivisorFrequencia:Divisor_inst|contador[17] ; DivisorFrequencia:Divisor_inst|clkSaida     ; clk_50       ; clk_50      ; 1.000        ; -0.078     ; 3.901      ;
; -2.965 ; DivisorFrequencia:Divisor_inst|contador[5]  ; DivisorFrequencia:Divisor_inst|clkSaida     ; clk_50       ; clk_50      ; 1.000        ; -0.080     ; 3.883      ;
; -2.834 ; DivisorFrequencia:Divisor_inst|contador[10] ; DivisorFrequencia:Divisor_inst|clkSaida     ; clk_50       ; clk_50      ; 1.000        ; -0.080     ; 3.752      ;
; -2.793 ; DivisorFrequencia:Divisor_inst|contador[24] ; DivisorFrequencia:Divisor_inst|clkSaida     ; clk_50       ; clk_50      ; 1.000        ; -0.078     ; 3.713      ;
; -2.291 ; DivisorFrequencia:Divisor_inst|contador[1]  ; DivisorFrequencia:Divisor_inst|contador[24] ; clk_50       ; clk_50      ; 1.000        ; -0.083     ; 3.206      ;
; -2.206 ; DivisorFrequencia:Divisor_inst|contador[0]  ; DivisorFrequencia:Divisor_inst|contador[24] ; clk_50       ; clk_50      ; 1.000        ; -0.083     ; 3.121      ;
; -2.166 ; DivisorFrequencia:Divisor_inst|contador[0]  ; DivisorFrequencia:Divisor_inst|contador[23] ; clk_50       ; clk_50      ; 1.000        ; -0.083     ; 3.081      ;
; -2.160 ; DivisorFrequencia:Divisor_inst|contador[3]  ; DivisorFrequencia:Divisor_inst|contador[24] ; clk_50       ; clk_50      ; 1.000        ; -0.083     ; 3.075      ;
; -2.159 ; DivisorFrequencia:Divisor_inst|contador[1]  ; DivisorFrequencia:Divisor_inst|contador[22] ; clk_50       ; clk_50      ; 1.000        ; -0.083     ; 3.074      ;
; -2.140 ; DivisorFrequencia:Divisor_inst|contador[1]  ; DivisorFrequencia:Divisor_inst|contador[23] ; clk_50       ; clk_50      ; 1.000        ; -0.083     ; 3.055      ;
; -2.075 ; DivisorFrequencia:Divisor_inst|contador[2]  ; DivisorFrequencia:Divisor_inst|contador[24] ; clk_50       ; clk_50      ; 1.000        ; -0.083     ; 2.990      ;
; -2.074 ; DivisorFrequencia:Divisor_inst|contador[0]  ; DivisorFrequencia:Divisor_inst|contador[22] ; clk_50       ; clk_50      ; 1.000        ; -0.083     ; 2.989      ;
; -2.035 ; DivisorFrequencia:Divisor_inst|contador[2]  ; DivisorFrequencia:Divisor_inst|contador[23] ; clk_50       ; clk_50      ; 1.000        ; -0.083     ; 2.950      ;
; -2.034 ; DivisorFrequencia:Divisor_inst|contador[0]  ; DivisorFrequencia:Divisor_inst|contador[21] ; clk_50       ; clk_50      ; 1.000        ; -0.083     ; 2.949      ;
; -2.029 ; DivisorFrequencia:Divisor_inst|contador[5]  ; DivisorFrequencia:Divisor_inst|contador[24] ; clk_50       ; clk_50      ; 1.000        ; -0.083     ; 2.944      ;
; -2.028 ; DivisorFrequencia:Divisor_inst|contador[3]  ; DivisorFrequencia:Divisor_inst|contador[22] ; clk_50       ; clk_50      ; 1.000        ; -0.083     ; 2.943      ;
; -2.027 ; DivisorFrequencia:Divisor_inst|contador[1]  ; DivisorFrequencia:Divisor_inst|contador[20] ; clk_50       ; clk_50      ; 1.000        ; -0.083     ; 2.942      ;
; -2.015 ; DivisorFrequencia:Divisor_inst|contador[15] ; DivisorFrequencia:Divisor_inst|contador[0]  ; clk_50       ; clk_50      ; 1.000        ; -0.079     ; 2.934      ;
; -2.015 ; DivisorFrequencia:Divisor_inst|contador[15] ; DivisorFrequencia:Divisor_inst|contador[1]  ; clk_50       ; clk_50      ; 1.000        ; -0.079     ; 2.934      ;
; -2.015 ; DivisorFrequencia:Divisor_inst|contador[15] ; DivisorFrequencia:Divisor_inst|contador[4]  ; clk_50       ; clk_50      ; 1.000        ; -0.079     ; 2.934      ;
; -2.015 ; DivisorFrequencia:Divisor_inst|contador[15] ; DivisorFrequencia:Divisor_inst|contador[5]  ; clk_50       ; clk_50      ; 1.000        ; -0.079     ; 2.934      ;
; -2.009 ; DivisorFrequencia:Divisor_inst|contador[3]  ; DivisorFrequencia:Divisor_inst|contador[23] ; clk_50       ; clk_50      ; 1.000        ; -0.083     ; 2.924      ;
; -2.008 ; DivisorFrequencia:Divisor_inst|contador[1]  ; DivisorFrequencia:Divisor_inst|contador[21] ; clk_50       ; clk_50      ; 1.000        ; -0.083     ; 2.923      ;
; -2.008 ; DivisorFrequencia:Divisor_inst|contador[13] ; DivisorFrequencia:Divisor_inst|contador[0]  ; clk_50       ; clk_50      ; 1.000        ; -0.079     ; 2.927      ;
; -2.008 ; DivisorFrequencia:Divisor_inst|contador[13] ; DivisorFrequencia:Divisor_inst|contador[1]  ; clk_50       ; clk_50      ; 1.000        ; -0.079     ; 2.927      ;
; -2.008 ; DivisorFrequencia:Divisor_inst|contador[13] ; DivisorFrequencia:Divisor_inst|contador[4]  ; clk_50       ; clk_50      ; 1.000        ; -0.079     ; 2.927      ;
; -2.008 ; DivisorFrequencia:Divisor_inst|contador[13] ; DivisorFrequencia:Divisor_inst|contador[5]  ; clk_50       ; clk_50      ; 1.000        ; -0.079     ; 2.927      ;
; -1.997 ; DivisorFrequencia:Divisor_inst|contador[23] ; DivisorFrequencia:Divisor_inst|contador[0]  ; clk_50       ; clk_50      ; 1.000        ; -0.079     ; 2.916      ;
; -1.997 ; DivisorFrequencia:Divisor_inst|contador[23] ; DivisorFrequencia:Divisor_inst|contador[1]  ; clk_50       ; clk_50      ; 1.000        ; -0.079     ; 2.916      ;
; -1.997 ; DivisorFrequencia:Divisor_inst|contador[23] ; DivisorFrequencia:Divisor_inst|contador[4]  ; clk_50       ; clk_50      ; 1.000        ; -0.079     ; 2.916      ;
; -1.997 ; DivisorFrequencia:Divisor_inst|contador[23] ; DivisorFrequencia:Divisor_inst|contador[5]  ; clk_50       ; clk_50      ; 1.000        ; -0.079     ; 2.916      ;
; -1.990 ; DivisorFrequencia:Divisor_inst|contador[4]  ; DivisorFrequencia:Divisor_inst|contador[0]  ; clk_50       ; clk_50      ; 1.000        ; -0.081     ; 2.907      ;
; -1.990 ; DivisorFrequencia:Divisor_inst|contador[4]  ; DivisorFrequencia:Divisor_inst|contador[1]  ; clk_50       ; clk_50      ; 1.000        ; -0.081     ; 2.907      ;
; -1.990 ; DivisorFrequencia:Divisor_inst|contador[4]  ; DivisorFrequencia:Divisor_inst|contador[4]  ; clk_50       ; clk_50      ; 1.000        ; -0.081     ; 2.907      ;
; -1.990 ; DivisorFrequencia:Divisor_inst|contador[4]  ; DivisorFrequencia:Divisor_inst|contador[5]  ; clk_50       ; clk_50      ; 1.000        ; -0.081     ; 2.907      ;
; -1.989 ; DivisorFrequencia:Divisor_inst|contador[21] ; DivisorFrequencia:Divisor_inst|contador[0]  ; clk_50       ; clk_50      ; 1.000        ; -0.079     ; 2.908      ;
; -1.989 ; DivisorFrequencia:Divisor_inst|contador[21] ; DivisorFrequencia:Divisor_inst|contador[1]  ; clk_50       ; clk_50      ; 1.000        ; -0.079     ; 2.908      ;
; -1.989 ; DivisorFrequencia:Divisor_inst|contador[21] ; DivisorFrequencia:Divisor_inst|contador[4]  ; clk_50       ; clk_50      ; 1.000        ; -0.079     ; 2.908      ;
; -1.989 ; DivisorFrequencia:Divisor_inst|contador[21] ; DivisorFrequencia:Divisor_inst|contador[5]  ; clk_50       ; clk_50      ; 1.000        ; -0.079     ; 2.908      ;
; -1.968 ; DivisorFrequencia:Divisor_inst|contador[2]  ; DivisorFrequencia:Divisor_inst|contador[0]  ; clk_50       ; clk_50      ; 1.000        ; -0.081     ; 2.885      ;
; -1.968 ; DivisorFrequencia:Divisor_inst|contador[2]  ; DivisorFrequencia:Divisor_inst|contador[1]  ; clk_50       ; clk_50      ; 1.000        ; -0.081     ; 2.885      ;
; -1.968 ; DivisorFrequencia:Divisor_inst|contador[2]  ; DivisorFrequencia:Divisor_inst|contador[4]  ; clk_50       ; clk_50      ; 1.000        ; -0.081     ; 2.885      ;
; -1.968 ; DivisorFrequencia:Divisor_inst|contador[2]  ; DivisorFrequencia:Divisor_inst|contador[5]  ; clk_50       ; clk_50      ; 1.000        ; -0.081     ; 2.885      ;
; -1.959 ; DivisorFrequencia:Divisor_inst|contador[22] ; DivisorFrequencia:Divisor_inst|contador[0]  ; clk_50       ; clk_50      ; 1.000        ; -0.079     ; 2.878      ;
; -1.959 ; DivisorFrequencia:Divisor_inst|contador[22] ; DivisorFrequencia:Divisor_inst|contador[1]  ; clk_50       ; clk_50      ; 1.000        ; -0.079     ; 2.878      ;
; -1.959 ; DivisorFrequencia:Divisor_inst|contador[22] ; DivisorFrequencia:Divisor_inst|contador[4]  ; clk_50       ; clk_50      ; 1.000        ; -0.079     ; 2.878      ;
; -1.959 ; DivisorFrequencia:Divisor_inst|contador[22] ; DivisorFrequencia:Divisor_inst|contador[5]  ; clk_50       ; clk_50      ; 1.000        ; -0.079     ; 2.878      ;
; -1.955 ; DivisorFrequencia:Divisor_inst|contador[1]  ; DivisorFrequencia:Divisor_inst|contador[0]  ; clk_50       ; clk_50      ; 1.000        ; -0.081     ; 2.872      ;
; -1.955 ; DivisorFrequencia:Divisor_inst|contador[1]  ; DivisorFrequencia:Divisor_inst|contador[1]  ; clk_50       ; clk_50      ; 1.000        ; -0.081     ; 2.872      ;
; -1.955 ; DivisorFrequencia:Divisor_inst|contador[1]  ; DivisorFrequencia:Divisor_inst|contador[4]  ; clk_50       ; clk_50      ; 1.000        ; -0.081     ; 2.872      ;
; -1.955 ; DivisorFrequencia:Divisor_inst|contador[1]  ; DivisorFrequencia:Divisor_inst|contador[5]  ; clk_50       ; clk_50      ; 1.000        ; -0.081     ; 2.872      ;
; -1.950 ; DivisorFrequencia:Divisor_inst|contador[18] ; DivisorFrequencia:Divisor_inst|contador[0]  ; clk_50       ; clk_50      ; 1.000        ; -0.079     ; 2.869      ;
; -1.950 ; DivisorFrequencia:Divisor_inst|contador[18] ; DivisorFrequencia:Divisor_inst|contador[1]  ; clk_50       ; clk_50      ; 1.000        ; -0.079     ; 2.869      ;
; -1.950 ; DivisorFrequencia:Divisor_inst|contador[18] ; DivisorFrequencia:Divisor_inst|contador[4]  ; clk_50       ; clk_50      ; 1.000        ; -0.079     ; 2.869      ;
; -1.950 ; DivisorFrequencia:Divisor_inst|contador[18] ; DivisorFrequencia:Divisor_inst|contador[5]  ; clk_50       ; clk_50      ; 1.000        ; -0.079     ; 2.869      ;
; -1.945 ; DivisorFrequencia:Divisor_inst|contador[3]  ; DivisorFrequencia:Divisor_inst|contador[0]  ; clk_50       ; clk_50      ; 1.000        ; -0.081     ; 2.862      ;
; -1.945 ; DivisorFrequencia:Divisor_inst|contador[3]  ; DivisorFrequencia:Divisor_inst|contador[1]  ; clk_50       ; clk_50      ; 1.000        ; -0.081     ; 2.862      ;
; -1.945 ; DivisorFrequencia:Divisor_inst|contador[3]  ; DivisorFrequencia:Divisor_inst|contador[4]  ; clk_50       ; clk_50      ; 1.000        ; -0.081     ; 2.862      ;
; -1.945 ; DivisorFrequencia:Divisor_inst|contador[3]  ; DivisorFrequencia:Divisor_inst|contador[5]  ; clk_50       ; clk_50      ; 1.000        ; -0.081     ; 2.862      ;
; -1.943 ; DivisorFrequencia:Divisor_inst|contador[2]  ; DivisorFrequencia:Divisor_inst|contador[22] ; clk_50       ; clk_50      ; 1.000        ; -0.083     ; 2.858      ;
; -1.942 ; DivisorFrequencia:Divisor_inst|contador[0]  ; DivisorFrequencia:Divisor_inst|contador[20] ; clk_50       ; clk_50      ; 1.000        ; -0.083     ; 2.857      ;
; -1.941 ; DivisorFrequencia:Divisor_inst|contador[19] ; DivisorFrequencia:Divisor_inst|contador[0]  ; clk_50       ; clk_50      ; 1.000        ; -0.079     ; 2.860      ;
; -1.941 ; DivisorFrequencia:Divisor_inst|contador[19] ; DivisorFrequencia:Divisor_inst|contador[1]  ; clk_50       ; clk_50      ; 1.000        ; -0.079     ; 2.860      ;
; -1.941 ; DivisorFrequencia:Divisor_inst|contador[19] ; DivisorFrequencia:Divisor_inst|contador[4]  ; clk_50       ; clk_50      ; 1.000        ; -0.079     ; 2.860      ;
; -1.941 ; DivisorFrequencia:Divisor_inst|contador[19] ; DivisorFrequencia:Divisor_inst|contador[5]  ; clk_50       ; clk_50      ; 1.000        ; -0.079     ; 2.860      ;
; -1.939 ; DivisorFrequencia:Divisor_inst|contador[4]  ; DivisorFrequencia:Divisor_inst|contador[24] ; clk_50       ; clk_50      ; 1.000        ; -0.083     ; 2.854      ;
; -1.908 ; DivisorFrequencia:Divisor_inst|contador[4]  ; DivisorFrequencia:Divisor_inst|contador[23] ; clk_50       ; clk_50      ; 1.000        ; -0.083     ; 2.823      ;
; -1.903 ; DivisorFrequencia:Divisor_inst|contador[2]  ; DivisorFrequencia:Divisor_inst|contador[21] ; clk_50       ; clk_50      ; 1.000        ; -0.083     ; 2.818      ;
; -1.902 ; DivisorFrequencia:Divisor_inst|contador[0]  ; DivisorFrequencia:Divisor_inst|contador[19] ; clk_50       ; clk_50      ; 1.000        ; -0.083     ; 2.817      ;
; -1.897 ; DivisorFrequencia:Divisor_inst|contador[5]  ; DivisorFrequencia:Divisor_inst|contador[22] ; clk_50       ; clk_50      ; 1.000        ; -0.083     ; 2.812      ;
; -1.896 ; DivisorFrequencia:Divisor_inst|contador[3]  ; DivisorFrequencia:Divisor_inst|contador[20] ; clk_50       ; clk_50      ; 1.000        ; -0.083     ; 2.811      ;
; -1.895 ; DivisorFrequencia:Divisor_inst|contador[1]  ; DivisorFrequencia:Divisor_inst|contador[18] ; clk_50       ; clk_50      ; 1.000        ; -0.083     ; 2.810      ;
; -1.893 ; DivisorFrequencia:Divisor_inst|contador[7]  ; DivisorFrequencia:Divisor_inst|contador[24] ; clk_50       ; clk_50      ; 1.000        ; -0.083     ; 2.808      ;
; -1.878 ; DivisorFrequencia:Divisor_inst|contador[5]  ; DivisorFrequencia:Divisor_inst|contador[23] ; clk_50       ; clk_50      ; 1.000        ; -0.083     ; 2.793      ;
; -1.877 ; DivisorFrequencia:Divisor_inst|contador[3]  ; DivisorFrequencia:Divisor_inst|contador[21] ; clk_50       ; clk_50      ; 1.000        ; -0.083     ; 2.792      ;
; -1.876 ; DivisorFrequencia:Divisor_inst|contador[1]  ; DivisorFrequencia:Divisor_inst|contador[19] ; clk_50       ; clk_50      ; 1.000        ; -0.083     ; 2.791      ;
; -1.867 ; DivisorFrequencia:Divisor_inst|contador[7]  ; DivisorFrequencia:Divisor_inst|contador[0]  ; clk_50       ; clk_50      ; 1.000        ; -0.081     ; 2.784      ;
; -1.867 ; DivisorFrequencia:Divisor_inst|contador[7]  ; DivisorFrequencia:Divisor_inst|contador[1]  ; clk_50       ; clk_50      ; 1.000        ; -0.081     ; 2.784      ;
; -1.867 ; DivisorFrequencia:Divisor_inst|contador[7]  ; DivisorFrequencia:Divisor_inst|contador[4]  ; clk_50       ; clk_50      ; 1.000        ; -0.081     ; 2.784      ;
+--------+---------------------------------------------+---------------------------------------------+--------------+-------------+--------------+------------+------------+


+-------------------------------------------------------------------------------------------------------------------------------------------------------------------------+
; Slow 1200mV 85C Model Hold: 'clk_50'                                                                                                                                    ;
+-------+---------------------------------------------+---------------------------------------------+--------------+-------------+--------------+------------+------------+
; Slack ; From Node                                   ; To Node                                     ; Launch Clock ; Latch Clock ; Relationship ; Clock Skew ; Data Delay ;
+-------+---------------------------------------------+---------------------------------------------+--------------+-------------+--------------+------------+------------+
; 0.441 ; DivisorFrequencia:Divisor_inst|contador[24] ; DivisorFrequencia:Divisor_inst|contador[24] ; clk_50       ; clk_50      ; 0.000        ; 0.081      ; 0.708      ;
; 0.640 ; DivisorFrequencia:Divisor_inst|contador[15] ; DivisorFrequencia:Divisor_inst|contador[15] ; clk_50       ; clk_50      ; 0.000        ; 0.081      ; 0.907      ;
; 0.641 ; DivisorFrequencia:Divisor_inst|contador[17] ; DivisorFrequencia:Divisor_inst|contador[17] ; clk_50       ; clk_50      ; 0.000        ; 0.081      ; 0.908      ;
; 0.641 ; DivisorFrequencia:Divisor_inst|contador[13] ; DivisorFrequencia:Divisor_inst|contador[13] ; clk_50       ; clk_50      ; 0.000        ; 0.081      ; 0.908      ;
; 0.642 ; DivisorFrequencia:Divisor_inst|contador[23] ; DivisorFrequencia:Divisor_inst|contador[23] ; clk_50       ; clk_50      ; 0.000        ; 0.081      ; 0.909      ;
; 0.644 ; DivisorFrequencia:Divisor_inst|contador[21] ; DivisorFrequencia:Divisor_inst|contador[21] ; clk_50       ; clk_50      ; 0.000        ; 0.081      ; 0.911      ;
; 0.644 ; DivisorFrequencia:Divisor_inst|contador[19] ; DivisorFrequencia:Divisor_inst|contador[19] ; clk_50       ; clk_50      ; 0.000        ; 0.081      ; 0.911      ;
; 0.644 ; DivisorFrequencia:Divisor_inst|contador[18] ; DivisorFrequencia:Divisor_inst|contador[18] ; clk_50       ; clk_50      ; 0.000        ; 0.081      ; 0.911      ;
; 0.644 ; DivisorFrequencia:Divisor_inst|contador[12] ; DivisorFrequencia:Divisor_inst|contador[12] ; clk_50       ; clk_50      ; 0.000        ; 0.081      ; 0.911      ;
; 0.645 ; DivisorFrequencia:Divisor_inst|contador[14] ; DivisorFrequencia:Divisor_inst|contador[14] ; clk_50       ; clk_50      ; 0.000        ; 0.081      ; 0.912      ;
; 0.646 ; DivisorFrequencia:Divisor_inst|contador[16] ; DivisorFrequencia:Divisor_inst|contador[16] ; clk_50       ; clk_50      ; 0.000        ; 0.081      ; 0.913      ;
; 0.647 ; DivisorFrequencia:Divisor_inst|contador[20] ; DivisorFrequencia:Divisor_inst|contador[20] ; clk_50       ; clk_50      ; 0.000        ; 0.081      ; 0.914      ;
; 0.654 ; DivisorFrequencia:Divisor_inst|contador[11] ; DivisorFrequencia:Divisor_inst|contador[11] ; clk_50       ; clk_50      ; 0.000        ; 0.081      ; 0.921      ;
; 0.654 ; DivisorFrequencia:Divisor_inst|contador[9]  ; DivisorFrequencia:Divisor_inst|contador[9]  ; clk_50       ; clk_50      ; 0.000        ; 0.081      ; 0.921      ;
; 0.655 ; DivisorFrequencia:Divisor_inst|contador[7]  ; DivisorFrequencia:Divisor_inst|contador[7]  ; clk_50       ; clk_50      ; 0.000        ; 0.081      ; 0.922      ;
; 0.657 ; DivisorFrequencia:Divisor_inst|contador[3]  ; DivisorFrequencia:Divisor_inst|contador[3]  ; clk_50       ; clk_50      ; 0.000        ; 0.081      ; 0.924      ;
; 0.657 ; DivisorFrequencia:Divisor_inst|contador[2]  ; DivisorFrequencia:Divisor_inst|contador[2]  ; clk_50       ; clk_50      ; 0.000        ; 0.081      ; 0.924      ;
; 0.659 ; DivisorFrequencia:Divisor_inst|contador[10] ; DivisorFrequencia:Divisor_inst|contador[10] ; clk_50       ; clk_50      ; 0.000        ; 0.081      ; 0.926      ;
; 0.660 ; DivisorFrequencia:Divisor_inst|contador[8]  ; DivisorFrequencia:Divisor_inst|contador[8]  ; clk_50       ; clk_50      ; 0.000        ; 0.081      ; 0.927      ;
; 0.660 ; DivisorFrequencia:Divisor_inst|contador[6]  ; DivisorFrequencia:Divisor_inst|contador[6]  ; clk_50       ; clk_50      ; 0.000        ; 0.081      ; 0.927      ;
; 0.662 ; DivisorFrequencia:Divisor_inst|contador[22] ; DivisorFrequencia:Divisor_inst|contador[22] ; clk_50       ; clk_50      ; 0.000        ; 0.081      ; 0.929      ;
; 0.958 ; DivisorFrequencia:Divisor_inst|contador[13] ; DivisorFrequencia:Divisor_inst|contador[14] ; clk_50       ; clk_50      ; 0.000        ; 0.081      ; 1.225      ;
; 0.958 ; DivisorFrequencia:Divisor_inst|contador[15] ; DivisorFrequencia:Divisor_inst|contador[16] ; clk_50       ; clk_50      ; 0.000        ; 0.081      ; 1.225      ;
; 0.959 ; DivisorFrequencia:Divisor_inst|contador[17] ; DivisorFrequencia:Divisor_inst|contador[18] ; clk_50       ; clk_50      ; 0.000        ; 0.081      ; 1.226      ;
; 0.960 ; DivisorFrequencia:Divisor_inst|contador[23] ; DivisorFrequencia:Divisor_inst|contador[24] ; clk_50       ; clk_50      ; 0.000        ; 0.081      ; 1.227      ;
; 0.961 ; DivisorFrequencia:Divisor_inst|contador[19] ; DivisorFrequencia:Divisor_inst|contador[20] ; clk_50       ; clk_50      ; 0.000        ; 0.081      ; 1.228      ;
; 0.961 ; DivisorFrequencia:Divisor_inst|contador[21] ; DivisorFrequencia:Divisor_inst|contador[22] ; clk_50       ; clk_50      ; 0.000        ; 0.081      ; 1.228      ;
; 0.971 ; DivisorFrequencia:Divisor_inst|contador[12] ; DivisorFrequencia:Divisor_inst|contador[13] ; clk_50       ; clk_50      ; 0.000        ; 0.081      ; 1.238      ;
; 0.971 ; DivisorFrequencia:Divisor_inst|contador[18] ; DivisorFrequencia:Divisor_inst|contador[19] ; clk_50       ; clk_50      ; 0.000        ; 0.081      ; 1.238      ;
; 0.972 ; DivisorFrequencia:Divisor_inst|contador[9]  ; DivisorFrequencia:Divisor_inst|contador[10] ; clk_50       ; clk_50      ; 0.000        ; 0.081      ; 1.239      ;
; 0.972 ; DivisorFrequencia:Divisor_inst|contador[14] ; DivisorFrequencia:Divisor_inst|contador[15] ; clk_50       ; clk_50      ; 0.000        ; 0.081      ; 1.239      ;
; 0.973 ; DivisorFrequencia:Divisor_inst|contador[7]  ; DivisorFrequencia:Divisor_inst|contador[8]  ; clk_50       ; clk_50      ; 0.000        ; 0.081      ; 1.240      ;
; 0.973 ; DivisorFrequencia:Divisor_inst|contador[16] ; DivisorFrequencia:Divisor_inst|contador[17] ; clk_50       ; clk_50      ; 0.000        ; 0.081      ; 1.240      ;
; 0.974 ; DivisorFrequencia:Divisor_inst|contador[11] ; DivisorFrequencia:Divisor_inst|contador[12] ; clk_50       ; clk_50      ; 0.000        ; 0.079      ; 1.239      ;
; 0.974 ; DivisorFrequencia:Divisor_inst|contador[1]  ; DivisorFrequencia:Divisor_inst|contador[2]  ; clk_50       ; clk_50      ; 0.000        ; 0.081      ; 1.241      ;
; 0.974 ; DivisorFrequencia:Divisor_inst|contador[20] ; DivisorFrequencia:Divisor_inst|contador[21] ; clk_50       ; clk_50      ; 0.000        ; 0.081      ; 1.241      ;
; 0.975 ; DivisorFrequencia:Divisor_inst|contador[5]  ; DivisorFrequencia:Divisor_inst|contador[6]  ; clk_50       ; clk_50      ; 0.000        ; 0.081      ; 1.242      ;
; 0.976 ; DivisorFrequencia:Divisor_inst|contador[12] ; DivisorFrequencia:Divisor_inst|contador[14] ; clk_50       ; clk_50      ; 0.000        ; 0.081      ; 1.243      ;
; 0.976 ; DivisorFrequencia:Divisor_inst|contador[18] ; DivisorFrequencia:Divisor_inst|contador[20] ; clk_50       ; clk_50      ; 0.000        ; 0.081      ; 1.243      ;
; 0.977 ; DivisorFrequencia:Divisor_inst|contador[14] ; DivisorFrequencia:Divisor_inst|contador[16] ; clk_50       ; clk_50      ; 0.000        ; 0.081      ; 1.244      ;
; 0.978 ; DivisorFrequencia:Divisor_inst|contador[16] ; DivisorFrequencia:Divisor_inst|contador[18] ; clk_50       ; clk_50      ; 0.000        ; 0.081      ; 1.245      ;
; 0.979 ; DivisorFrequencia:Divisor_inst|contador[20] ; DivisorFrequencia:Divisor_inst|contador[22] ; clk_50       ; clk_50      ; 0.000        ; 0.081      ; 1.246      ;
; 0.984 ; DivisorFrequencia:Divisor_inst|contador[2]  ; DivisorFrequencia:Divisor_inst|contador[3]  ; clk_50       ; clk_50      ; 0.000        ; 0.081      ; 1.251      ;
; 0.986 ; DivisorFrequencia:Divisor_inst|contador[10] ; DivisorFrequencia:Divisor_inst|contador[11] ; clk_50       ; clk_50      ; 0.000        ; 0.081      ; 1.253      ;
; 0.987 ; DivisorFrequencia:Divisor_inst|contador[8]  ; DivisorFrequencia:Divisor_inst|contador[9]  ; clk_50       ; clk_50      ; 0.000        ; 0.081      ; 1.254      ;
; 0.987 ; DivisorFrequencia:Divisor_inst|contador[6]  ; DivisorFrequencia:Divisor_inst|contador[7]  ; clk_50       ; clk_50      ; 0.000        ; 0.081      ; 1.254      ;
; 0.988 ; DivisorFrequencia:Divisor_inst|contador[0]  ; DivisorFrequencia:Divisor_inst|contador[2]  ; clk_50       ; clk_50      ; 0.000        ; 0.081      ; 1.255      ;
; 0.989 ; DivisorFrequencia:Divisor_inst|contador[22] ; DivisorFrequencia:Divisor_inst|contador[23] ; clk_50       ; clk_50      ; 0.000        ; 0.081      ; 1.256      ;
; 0.992 ; DivisorFrequencia:Divisor_inst|contador[8]  ; DivisorFrequencia:Divisor_inst|contador[10] ; clk_50       ; clk_50      ; 0.000        ; 0.081      ; 1.259      ;
; 0.992 ; DivisorFrequencia:Divisor_inst|contador[6]  ; DivisorFrequencia:Divisor_inst|contador[8]  ; clk_50       ; clk_50      ; 0.000        ; 0.081      ; 1.259      ;
; 0.993 ; DivisorFrequencia:Divisor_inst|contador[10] ; DivisorFrequencia:Divisor_inst|contador[12] ; clk_50       ; clk_50      ; 0.000        ; 0.079      ; 1.258      ;
; 0.993 ; DivisorFrequencia:Divisor_inst|contador[4]  ; DivisorFrequencia:Divisor_inst|contador[6]  ; clk_50       ; clk_50      ; 0.000        ; 0.081      ; 1.260      ;
; 0.994 ; DivisorFrequencia:Divisor_inst|contador[22] ; DivisorFrequencia:Divisor_inst|contador[24] ; clk_50       ; clk_50      ; 0.000        ; 0.081      ; 1.261      ;
; 1.079 ; DivisorFrequencia:Divisor_inst|contador[13] ; DivisorFrequencia:Divisor_inst|contador[15] ; clk_50       ; clk_50      ; 0.000        ; 0.081      ; 1.346      ;
; 1.079 ; DivisorFrequencia:Divisor_inst|contador[15] ; DivisorFrequencia:Divisor_inst|contador[17] ; clk_50       ; clk_50      ; 0.000        ; 0.081      ; 1.346      ;
; 1.080 ; DivisorFrequencia:Divisor_inst|contador[17] ; DivisorFrequencia:Divisor_inst|contador[19] ; clk_50       ; clk_50      ; 0.000        ; 0.081      ; 1.347      ;
; 1.082 ; DivisorFrequencia:Divisor_inst|contador[19] ; DivisorFrequencia:Divisor_inst|contador[21] ; clk_50       ; clk_50      ; 0.000        ; 0.081      ; 1.349      ;
; 1.082 ; DivisorFrequencia:Divisor_inst|contador[21] ; DivisorFrequencia:Divisor_inst|contador[23] ; clk_50       ; clk_50      ; 0.000        ; 0.081      ; 1.349      ;
; 1.084 ; DivisorFrequencia:Divisor_inst|contador[13] ; DivisorFrequencia:Divisor_inst|contador[16] ; clk_50       ; clk_50      ; 0.000        ; 0.081      ; 1.351      ;
; 1.084 ; DivisorFrequencia:Divisor_inst|contador[15] ; DivisorFrequencia:Divisor_inst|contador[18] ; clk_50       ; clk_50      ; 0.000        ; 0.081      ; 1.351      ;
; 1.085 ; DivisorFrequencia:Divisor_inst|contador[17] ; DivisorFrequencia:Divisor_inst|contador[20] ; clk_50       ; clk_50      ; 0.000        ; 0.081      ; 1.352      ;
; 1.087 ; DivisorFrequencia:Divisor_inst|contador[19] ; DivisorFrequencia:Divisor_inst|contador[22] ; clk_50       ; clk_50      ; 0.000        ; 0.081      ; 1.354      ;
; 1.087 ; DivisorFrequencia:Divisor_inst|contador[21] ; DivisorFrequencia:Divisor_inst|contador[24] ; clk_50       ; clk_50      ; 0.000        ; 0.081      ; 1.354      ;
; 1.093 ; DivisorFrequencia:Divisor_inst|contador[9]  ; DivisorFrequencia:Divisor_inst|contador[11] ; clk_50       ; clk_50      ; 0.000        ; 0.081      ; 1.360      ;
; 1.094 ; DivisorFrequencia:Divisor_inst|contador[7]  ; DivisorFrequencia:Divisor_inst|contador[9]  ; clk_50       ; clk_50      ; 0.000        ; 0.081      ; 1.361      ;
; 1.095 ; DivisorFrequencia:Divisor_inst|contador[11] ; DivisorFrequencia:Divisor_inst|contador[13] ; clk_50       ; clk_50      ; 0.000        ; 0.079      ; 1.360      ;
; 1.095 ; DivisorFrequencia:Divisor_inst|contador[1]  ; DivisorFrequencia:Divisor_inst|contador[3]  ; clk_50       ; clk_50      ; 0.000        ; 0.081      ; 1.362      ;
; 1.096 ; DivisorFrequencia:Divisor_inst|contador[5]  ; DivisorFrequencia:Divisor_inst|contador[7]  ; clk_50       ; clk_50      ; 0.000        ; 0.081      ; 1.363      ;
; 1.097 ; DivisorFrequencia:Divisor_inst|contador[12] ; DivisorFrequencia:Divisor_inst|contador[15] ; clk_50       ; clk_50      ; 0.000        ; 0.081      ; 1.364      ;
; 1.097 ; DivisorFrequencia:Divisor_inst|contador[18] ; DivisorFrequencia:Divisor_inst|contador[21] ; clk_50       ; clk_50      ; 0.000        ; 0.081      ; 1.364      ;
; 1.098 ; DivisorFrequencia:Divisor_inst|contador[14] ; DivisorFrequencia:Divisor_inst|contador[17] ; clk_50       ; clk_50      ; 0.000        ; 0.081      ; 1.365      ;
; 1.099 ; DivisorFrequencia:Divisor_inst|contador[7]  ; DivisorFrequencia:Divisor_inst|contador[10] ; clk_50       ; clk_50      ; 0.000        ; 0.081      ; 1.366      ;
; 1.099 ; DivisorFrequencia:Divisor_inst|contador[16] ; DivisorFrequencia:Divisor_inst|contador[19] ; clk_50       ; clk_50      ; 0.000        ; 0.081      ; 1.366      ;
; 1.100 ; DivisorFrequencia:Divisor_inst|contador[11] ; DivisorFrequencia:Divisor_inst|contador[14] ; clk_50       ; clk_50      ; 0.000        ; 0.079      ; 1.365      ;
; 1.100 ; DivisorFrequencia:Divisor_inst|contador[9]  ; DivisorFrequencia:Divisor_inst|contador[12] ; clk_50       ; clk_50      ; 0.000        ; 0.079      ; 1.365      ;
; 1.100 ; DivisorFrequencia:Divisor_inst|contador[3]  ; DivisorFrequencia:Divisor_inst|contador[6]  ; clk_50       ; clk_50      ; 0.000        ; 0.081      ; 1.367      ;
; 1.100 ; DivisorFrequencia:Divisor_inst|contador[20] ; DivisorFrequencia:Divisor_inst|contador[23] ; clk_50       ; clk_50      ; 0.000        ; 0.081      ; 1.367      ;
; 1.101 ; DivisorFrequencia:Divisor_inst|contador[5]  ; DivisorFrequencia:Divisor_inst|contador[8]  ; clk_50       ; clk_50      ; 0.000        ; 0.081      ; 1.368      ;
; 1.102 ; DivisorFrequencia:Divisor_inst|contador[12] ; DivisorFrequencia:Divisor_inst|contador[16] ; clk_50       ; clk_50      ; 0.000        ; 0.081      ; 1.369      ;
; 1.102 ; DivisorFrequencia:Divisor_inst|contador[18] ; DivisorFrequencia:Divisor_inst|contador[22] ; clk_50       ; clk_50      ; 0.000        ; 0.081      ; 1.369      ;
; 1.103 ; DivisorFrequencia:Divisor_inst|contador[14] ; DivisorFrequencia:Divisor_inst|contador[18] ; clk_50       ; clk_50      ; 0.000        ; 0.081      ; 1.370      ;
; 1.104 ; DivisorFrequencia:Divisor_inst|contador[16] ; DivisorFrequencia:Divisor_inst|contador[20] ; clk_50       ; clk_50      ; 0.000        ; 0.081      ; 1.371      ;
; 1.105 ; DivisorFrequencia:Divisor_inst|contador[20] ; DivisorFrequencia:Divisor_inst|contador[24] ; clk_50       ; clk_50      ; 0.000        ; 0.081      ; 1.372      ;
; 1.109 ; DivisorFrequencia:Divisor_inst|contador[0]  ; DivisorFrequencia:Divisor_inst|contador[3]  ; clk_50       ; clk_50      ; 0.000        ; 0.081      ; 1.376      ;
; 1.113 ; DivisorFrequencia:Divisor_inst|contador[8]  ; DivisorFrequencia:Divisor_inst|contador[11] ; clk_50       ; clk_50      ; 0.000        ; 0.081      ; 1.380      ;
; 1.113 ; DivisorFrequencia:Divisor_inst|contador[6]  ; DivisorFrequencia:Divisor_inst|contador[9]  ; clk_50       ; clk_50      ; 0.000        ; 0.081      ; 1.380      ;
; 1.114 ; DivisorFrequencia:Divisor_inst|contador[10] ; DivisorFrequencia:Divisor_inst|contador[13] ; clk_50       ; clk_50      ; 0.000        ; 0.079      ; 1.379      ;
; 1.114 ; DivisorFrequencia:Divisor_inst|contador[4]  ; DivisorFrequencia:Divisor_inst|contador[7]  ; clk_50       ; clk_50      ; 0.000        ; 0.081      ; 1.381      ;
; 1.115 ; DivisorFrequencia:Divisor_inst|contador[2]  ; DivisorFrequencia:Divisor_inst|contador[6]  ; clk_50       ; clk_50      ; 0.000        ; 0.081      ; 1.382      ;
; 1.118 ; DivisorFrequencia:Divisor_inst|contador[6]  ; DivisorFrequencia:Divisor_inst|contador[10] ; clk_50       ; clk_50      ; 0.000        ; 0.081      ; 1.385      ;
; 1.119 ; DivisorFrequencia:Divisor_inst|contador[10] ; DivisorFrequencia:Divisor_inst|contador[14] ; clk_50       ; clk_50      ; 0.000        ; 0.079      ; 1.384      ;
; 1.119 ; DivisorFrequencia:Divisor_inst|contador[4]  ; DivisorFrequencia:Divisor_inst|contador[8]  ; clk_50       ; clk_50      ; 0.000        ; 0.081      ; 1.386      ;
; 1.120 ; DivisorFrequencia:Divisor_inst|contador[8]  ; DivisorFrequencia:Divisor_inst|contador[12] ; clk_50       ; clk_50      ; 0.000        ; 0.079      ; 1.385      ;
; 1.170 ; DivisorFrequencia:Divisor_inst|contador[0]  ; DivisorFrequencia:Divisor_inst|contador[0]  ; clk_50       ; clk_50      ; 0.000        ; 0.081      ; 1.437      ;
; 1.205 ; DivisorFrequencia:Divisor_inst|contador[13] ; DivisorFrequencia:Divisor_inst|contador[17] ; clk_50       ; clk_50      ; 0.000        ; 0.081      ; 1.472      ;
; 1.205 ; DivisorFrequencia:Divisor_inst|contador[15] ; DivisorFrequencia:Divisor_inst|contador[19] ; clk_50       ; clk_50      ; 0.000        ; 0.081      ; 1.472      ;
; 1.206 ; DivisorFrequencia:Divisor_inst|contador[17] ; DivisorFrequencia:Divisor_inst|contador[21] ; clk_50       ; clk_50      ; 0.000        ; 0.081      ; 1.473      ;
; 1.208 ; DivisorFrequencia:Divisor_inst|contador[19] ; DivisorFrequencia:Divisor_inst|contador[23] ; clk_50       ; clk_50      ; 0.000        ; 0.081      ; 1.475      ;
; 1.210 ; DivisorFrequencia:Divisor_inst|contador[13] ; DivisorFrequencia:Divisor_inst|contador[18] ; clk_50       ; clk_50      ; 0.000        ; 0.081      ; 1.477      ;
; 1.210 ; DivisorFrequencia:Divisor_inst|contador[15] ; DivisorFrequencia:Divisor_inst|contador[20] ; clk_50       ; clk_50      ; 0.000        ; 0.081      ; 1.477      ;
+-------+---------------------------------------------+---------------------------------------------+--------------+-------------+--------------+------------+------------+


+----------------------------------------------------------------------------------------------------------------------------------------------------------------------------------------------------------------------------------+
; Slow 1200mV 85C Model Hold: 'DivisorFrequencia:Divisor_inst|clkSaida'                                                                                                                                                            ;
+-------+----------------------------------------+----------------------------------------------------+-----------------------------------------+-----------------------------------------+--------------+------------+------------+
; Slack ; From Node                              ; To Node                                            ; Launch Clock                            ; Latch Clock                             ; Relationship ; Clock Skew ; Data Delay ;
+-------+----------------------------------------+----------------------------------------------------+-----------------------------------------+-----------------------------------------+--------------+------------+------------+
; 0.997 ; SP[5]                                  ; SP[5]                                              ; DivisorFrequencia:Divisor_inst|clkSaida ; DivisorFrequencia:Divisor_inst|clkSaida ; 0.000        ; 0.079      ; 1.262      ;
; 0.998 ; SP[4]                                  ; SP[4]                                              ; DivisorFrequencia:Divisor_inst|clkSaida ; DivisorFrequencia:Divisor_inst|clkSaida ; 0.000        ; 0.079      ; 1.263      ;
; 1.001 ; SP[2]                                  ; SP[2]                                              ; DivisorFrequencia:Divisor_inst|clkSaida ; DivisorFrequencia:Divisor_inst|clkSaida ; 0.000        ; 0.079      ; 1.266      ;
; 1.021 ; SP[0]                                  ; SP[0]                                              ; DivisorFrequencia:Divisor_inst|clkSaida ; DivisorFrequencia:Divisor_inst|clkSaida ; 0.000        ; 0.079      ; 1.286      ;
; 1.122 ; SP[3]                                  ; SP[3]                                              ; DivisorFrequencia:Divisor_inst|clkSaida ; DivisorFrequencia:Divisor_inst|clkSaida ; 0.000        ; 0.079      ; 1.387      ;
; 1.132 ; ControleSinal:io_signal_control|saida  ; ControleSaida:display_controller|valor_exibido[28] ; btn_in                                  ; DivisorFrequencia:Divisor_inst|clkSaida ; -0.500       ; 0.496      ; 1.344      ;
; 1.133 ; ControleSinal:io_signal_control|saida  ; ControleSaida:display_controller|valor_exibido[31] ; btn_in                                  ; DivisorFrequencia:Divisor_inst|clkSaida ; -0.500       ; 0.496      ; 1.345      ;
; 1.134 ; ControleSinal:io_signal_control|saida  ; ControleSaida:display_controller|valor_exibido[26] ; btn_in                                  ; DivisorFrequencia:Divisor_inst|clkSaida ; -0.500       ; 0.496      ; 1.346      ;
; 1.135 ; ControleSinal:io_signal_control|saida  ; ControleSaida:display_controller|valor_exibido[27] ; btn_in                                  ; DivisorFrequencia:Divisor_inst|clkSaida ; -0.500       ; 0.496      ; 1.347      ;
; 1.138 ; ControleSinal:io_signal_control|saida  ; ControleSaida:display_controller|valor_exibido[24] ; btn_in                                  ; DivisorFrequencia:Divisor_inst|clkSaida ; -0.500       ; 0.496      ; 1.350      ;
; 1.138 ; ControleSinal:io_signal_control|saida  ; ControleSaida:display_controller|valor_exibido[25] ; btn_in                                  ; DivisorFrequencia:Divisor_inst|clkSaida ; -0.500       ; 0.496      ; 1.350      ;
; 1.139 ; ControleSinal:io_signal_control|saida  ; ControleSaida:display_controller|valor_exibido[30] ; btn_in                                  ; DivisorFrequencia:Divisor_inst|clkSaida ; -0.500       ; 0.496      ; 1.351      ;
; 1.140 ; ControleSinal:io_signal_control|saida  ; ControleSaida:display_controller|valor_exibido[21] ; btn_in                                  ; DivisorFrequencia:Divisor_inst|clkSaida ; -0.500       ; 0.496      ; 1.352      ;
; 1.140 ; ControleSinal:io_signal_control|saida  ; ControleSaida:display_controller|valor_exibido[22] ; btn_in                                  ; DivisorFrequencia:Divisor_inst|clkSaida ; -0.500       ; 0.496      ; 1.352      ;
; 1.141 ; ControleSinal:io_signal_control|saida  ; ControleSaida:display_controller|valor_exibido[19] ; btn_in                                  ; DivisorFrequencia:Divisor_inst|clkSaida ; -0.500       ; 0.496      ; 1.353      ;
; 1.141 ; ControleSinal:io_signal_control|saida  ; ControleSaida:display_controller|valor_exibido[23] ; btn_in                                  ; DivisorFrequencia:Divisor_inst|clkSaida ; -0.500       ; 0.496      ; 1.353      ;
; 1.269 ; SP[1]                                  ; SP[1]                                              ; DivisorFrequencia:Divisor_inst|clkSaida ; DivisorFrequencia:Divisor_inst|clkSaida ; 0.000        ; 0.079      ; 1.534      ;
; 1.269 ; ControleSinal:io_signal_control|saida  ; ControleSaida:display_controller|valor_exibido[20] ; btn_in                                  ; DivisorFrequencia:Divisor_inst|clkSaida ; -0.500       ; 0.495      ; 1.480      ;
; 1.312 ; SP[4]                                  ; SP[5]                                              ; DivisorFrequencia:Divisor_inst|clkSaida ; DivisorFrequencia:Divisor_inst|clkSaida ; 0.000        ; 0.079      ; 1.577      ;
; 1.332 ; SP[3]                                  ; SP[4]                                              ; DivisorFrequencia:Divisor_inst|clkSaida ; DivisorFrequencia:Divisor_inst|clkSaida ; 0.000        ; 0.079      ; 1.597      ;
; 1.332 ; SP[3]                                  ; SP[5]                                              ; DivisorFrequencia:Divisor_inst|clkSaida ; DivisorFrequencia:Divisor_inst|clkSaida ; 0.000        ; 0.079      ; 1.597      ;
; 1.439 ; SP[2]                                  ; SP[3]                                              ; DivisorFrequencia:Divisor_inst|clkSaida ; DivisorFrequencia:Divisor_inst|clkSaida ; 0.000        ; 0.079      ; 1.704      ;
; 1.440 ; SP[2]                                  ; SP[4]                                              ; DivisorFrequencia:Divisor_inst|clkSaida ; DivisorFrequencia:Divisor_inst|clkSaida ; 0.000        ; 0.079      ; 1.705      ;
; 1.440 ; SP[2]                                  ; SP[5]                                              ; DivisorFrequencia:Divisor_inst|clkSaida ; DivisorFrequencia:Divisor_inst|clkSaida ; 0.000        ; 0.079      ; 1.705      ;
; 1.462 ; SP[0]                                  ; SP[1]                                              ; DivisorFrequencia:Divisor_inst|clkSaida ; DivisorFrequencia:Divisor_inst|clkSaida ; 0.000        ; 0.079      ; 1.727      ;
; 1.463 ; SP[0]                                  ; SP[2]                                              ; DivisorFrequencia:Divisor_inst|clkSaida ; DivisorFrequencia:Divisor_inst|clkSaida ; 0.000        ; 0.079      ; 1.728      ;
; 1.479 ; SP[1]                                  ; SP[2]                                              ; DivisorFrequencia:Divisor_inst|clkSaida ; DivisorFrequencia:Divisor_inst|clkSaida ; 0.000        ; 0.079      ; 1.744      ;
; 1.497 ; ControleSinal:io_signal_control|saida  ; ControleSaida:display_controller|valor_exibido[4]  ; btn_in                                  ; DivisorFrequencia:Divisor_inst|clkSaida ; -0.500       ; 0.496      ; 1.709      ;
; 1.497 ; ControleSinal:io_signal_control|saida  ; ControleSaida:display_controller|valor_exibido[3]  ; btn_in                                  ; DivisorFrequencia:Divisor_inst|clkSaida ; -0.500       ; 0.496      ; 1.709      ;
; 1.587 ; SP[0]                                  ; SP[3]                                              ; DivisorFrequencia:Divisor_inst|clkSaida ; DivisorFrequencia:Divisor_inst|clkSaida ; 0.000        ; 0.079      ; 1.852      ;
; 1.588 ; SP[0]                                  ; SP[4]                                              ; DivisorFrequencia:Divisor_inst|clkSaida ; DivisorFrequencia:Divisor_inst|clkSaida ; 0.000        ; 0.079      ; 1.853      ;
; 1.588 ; SP[0]                                  ; SP[5]                                              ; DivisorFrequencia:Divisor_inst|clkSaida ; DivisorFrequencia:Divisor_inst|clkSaida ; 0.000        ; 0.079      ; 1.853      ;
; 1.603 ; SP[1]                                  ; SP[3]                                              ; DivisorFrequencia:Divisor_inst|clkSaida ; DivisorFrequencia:Divisor_inst|clkSaida ; 0.000        ; 0.079      ; 1.868      ;
; 1.604 ; SP[1]                                  ; SP[4]                                              ; DivisorFrequencia:Divisor_inst|clkSaida ; DivisorFrequencia:Divisor_inst|clkSaida ; 0.000        ; 0.079      ; 1.869      ;
; 1.604 ; SP[1]                                  ; SP[5]                                              ; DivisorFrequencia:Divisor_inst|clkSaida ; DivisorFrequencia:Divisor_inst|clkSaida ; 0.000        ; 0.079      ; 1.869      ;
; 1.728 ; ControleSinal:io_signal_control|saida  ; ControleSaida:display_controller|valor_exibido[2]  ; btn_in                                  ; DivisorFrequencia:Divisor_inst|clkSaida ; -0.500       ; 0.495      ; 1.939      ;
; 1.729 ; ControleSinal:io_signal_control|saida  ; ControleSaida:display_controller|valor_exibido[9]  ; btn_in                                  ; DivisorFrequencia:Divisor_inst|clkSaida ; -0.500       ; 0.495      ; 1.940      ;
; 1.730 ; ControleSinal:io_signal_control|saida  ; ControleSaida:display_controller|valor_exibido[5]  ; btn_in                                  ; DivisorFrequencia:Divisor_inst|clkSaida ; -0.500       ; 0.495      ; 1.941      ;
; 1.731 ; ControleSinal:io_signal_control|saida  ; ControleSaida:display_controller|valor_exibido[15] ; btn_in                                  ; DivisorFrequencia:Divisor_inst|clkSaida ; -0.500       ; 0.495      ; 1.942      ;
; 1.733 ; ControleSinal:io_signal_control|saida  ; ControleSaida:display_controller|valor_exibido[16] ; btn_in                                  ; DivisorFrequencia:Divisor_inst|clkSaida ; -0.500       ; 0.495      ; 1.944      ;
; 1.733 ; ControleSinal:io_signal_control|saida  ; ControleSaida:display_controller|valor_exibido[6]  ; btn_in                                  ; DivisorFrequencia:Divisor_inst|clkSaida ; -0.500       ; 0.495      ; 1.944      ;
; 1.734 ; ControleSinal:io_signal_control|saida  ; ControleSaida:display_controller|valor_exibido[8]  ; btn_in                                  ; DivisorFrequencia:Divisor_inst|clkSaida ; -0.500       ; 0.495      ; 1.945      ;
; 1.734 ; ControleSinal:io_signal_control|saida  ; ControleSaida:display_controller|valor_exibido[0]  ; btn_in                                  ; DivisorFrequencia:Divisor_inst|clkSaida ; -0.500       ; 0.495      ; 1.945      ;
; 1.735 ; ControleSinal:io_signal_control|saida  ; ControleSaida:display_controller|valor_exibido[7]  ; btn_in                                  ; DivisorFrequencia:Divisor_inst|clkSaida ; -0.500       ; 0.495      ; 1.946      ;
; 1.742 ; ControleSinal:io_signal_control|saida  ; ControleSaida:display_controller|valor_exibido[29] ; btn_in                                  ; DivisorFrequencia:Divisor_inst|clkSaida ; -0.500       ; 0.496      ; 1.954      ;
; 1.773 ; banco:banco_inst|registradores[3][27]  ; ram:ram_inst|ram~2043                              ; DivisorFrequencia:Divisor_inst|clkSaida ; DivisorFrequencia:Divisor_inst|clkSaida ; 0.000        ; -0.333     ; 1.626      ;
; 1.921 ; ControleSinal:io_signal_control|saida  ; ControleSaida:display_controller|valor_exibido[17] ; btn_in                                  ; DivisorFrequencia:Divisor_inst|clkSaida ; -0.500       ; 0.496      ; 2.133      ;
; 1.921 ; ControleSinal:io_signal_control|saida  ; ControleSaida:display_controller|valor_exibido[10] ; btn_in                                  ; DivisorFrequencia:Divisor_inst|clkSaida ; -0.500       ; 0.496      ; 2.133      ;
; 1.922 ; ControleSinal:io_signal_control|saida  ; ControleSaida:display_controller|valor_exibido[14] ; btn_in                                  ; DivisorFrequencia:Divisor_inst|clkSaida ; -0.500       ; 0.496      ; 2.134      ;
; 1.922 ; ControleSinal:io_signal_control|saida  ; ControleSaida:display_controller|valor_exibido[12] ; btn_in                                  ; DivisorFrequencia:Divisor_inst|clkSaida ; -0.500       ; 0.496      ; 2.134      ;
; 1.922 ; ControleSinal:io_signal_control|saida  ; ControleSaida:display_controller|valor_exibido[11] ; btn_in                                  ; DivisorFrequencia:Divisor_inst|clkSaida ; -0.500       ; 0.496      ; 2.134      ;
; 1.922 ; ControleSinal:io_signal_control|saida  ; ControleSaida:display_controller|valor_exibido[1]  ; btn_in                                  ; DivisorFrequencia:Divisor_inst|clkSaida ; -0.500       ; 0.496      ; 2.134      ;
; 1.923 ; ControleSinal:io_signal_control|saida  ; ControleSaida:display_controller|valor_exibido[13] ; btn_in                                  ; DivisorFrequencia:Divisor_inst|clkSaida ; -0.500       ; 0.496      ; 2.135      ;
; 1.970 ; banco:banco_inst|registradores[3][19]  ; ControleSaida:display_controller|valor_exibido[19] ; DivisorFrequencia:Divisor_inst|clkSaida ; DivisorFrequencia:Divisor_inst|clkSaida ; 0.000        ; 0.143      ; 2.299      ;
; 1.980 ; ram:ram_inst|ram~1012                  ; banco:banco_inst|registradores[7][20]              ; DivisorFrequencia:Divisor_inst|clkSaida ; DivisorFrequencia:Divisor_inst|clkSaida ; 0.000        ; 0.080      ; 2.246      ;
; 1.982 ; ControleSinal:io_signal_control|saida  ; ControleSaida:display_controller|valor_exibido[18] ; btn_in                                  ; DivisorFrequencia:Divisor_inst|clkSaida ; -0.500       ; 0.496      ; 2.194      ;
; 2.087 ; ControleSinal:io_signal_control|saida  ; PC:PC_inst|PC_reg[6]                               ; btn_in                                  ; DivisorFrequencia:Divisor_inst|clkSaida ; 0.000        ; 0.070      ; 2.373      ;
; 2.087 ; ControleSinal:io_signal_control|saida  ; PC:PC_inst|PC_reg[7]                               ; btn_in                                  ; DivisorFrequencia:Divisor_inst|clkSaida ; 0.000        ; 0.070      ; 2.373      ;
; 2.122 ; ram:ram_inst|ram~746                   ; banco:banco_inst|registradores[7][10]              ; DivisorFrequencia:Divisor_inst|clkSaida ; DivisorFrequencia:Divisor_inst|clkSaida ; 0.000        ; 0.080      ; 2.388      ;
; 2.137 ; ControleSinal:out_signal_control|saida ; PC:PC_inst|PC_reg[6]                               ; btn_in                                  ; DivisorFrequencia:Divisor_inst|clkSaida ; 0.000        ; 0.070      ; 2.423      ;
; 2.137 ; ControleSinal:out_signal_control|saida ; PC:PC_inst|PC_reg[7]                               ; btn_in                                  ; DivisorFrequencia:Divisor_inst|clkSaida ; 0.000        ; 0.070      ; 2.423      ;
; 2.152 ; ram:ram_inst|ram~1246                  ; banco:banco_inst|registradores[7][30]              ; DivisorFrequencia:Divisor_inst|clkSaida ; DivisorFrequencia:Divisor_inst|clkSaida ; 0.000        ; -0.297     ; 2.041      ;
; 2.260 ; ControleSinal:io_signal_control|saida  ; PC:PC_inst|PC_reg[10]                              ; btn_in                                  ; DivisorFrequencia:Divisor_inst|clkSaida ; 0.000        ; 0.497      ; 2.973      ;
; 2.260 ; ControleSinal:io_signal_control|saida  ; PC:PC_inst|PC_reg[11]                              ; btn_in                                  ; DivisorFrequencia:Divisor_inst|clkSaida ; 0.000        ; 0.497      ; 2.973      ;
; 2.260 ; ControleSinal:io_signal_control|saida  ; PC:PC_inst|PC_reg[13]                              ; btn_in                                  ; DivisorFrequencia:Divisor_inst|clkSaida ; 0.000        ; 0.497      ; 2.973      ;
; 2.260 ; ControleSinal:io_signal_control|saida  ; PC:PC_inst|PC_reg[14]                              ; btn_in                                  ; DivisorFrequencia:Divisor_inst|clkSaida ; 0.000        ; 0.497      ; 2.973      ;
; 2.260 ; ControleSinal:io_signal_control|saida  ; PC:PC_inst|PC_reg[15]                              ; btn_in                                  ; DivisorFrequencia:Divisor_inst|clkSaida ; 0.000        ; 0.497      ; 2.973      ;
; 2.260 ; ControleSinal:io_signal_control|saida  ; PC:PC_inst|PC_reg[16]                              ; btn_in                                  ; DivisorFrequencia:Divisor_inst|clkSaida ; 0.000        ; 0.497      ; 2.973      ;
; 2.260 ; ControleSinal:io_signal_control|saida  ; PC:PC_inst|PC_reg[18]                              ; btn_in                                  ; DivisorFrequencia:Divisor_inst|clkSaida ; 0.000        ; 0.497      ; 2.973      ;
; 2.260 ; ControleSinal:io_signal_control|saida  ; PC:PC_inst|PC_reg[19]                              ; btn_in                                  ; DivisorFrequencia:Divisor_inst|clkSaida ; 0.000        ; 0.497      ; 2.973      ;
; 2.260 ; ControleSinal:io_signal_control|saida  ; PC:PC_inst|PC_reg[20]                              ; btn_in                                  ; DivisorFrequencia:Divisor_inst|clkSaida ; 0.000        ; 0.497      ; 2.973      ;
; 2.260 ; ControleSinal:io_signal_control|saida  ; PC:PC_inst|PC_reg[30]                              ; btn_in                                  ; DivisorFrequencia:Divisor_inst|clkSaida ; 0.000        ; 0.497      ; 2.973      ;
; 2.266 ; ControleSinal:io_signal_control|saida  ; PC:PC_inst|PC_reg[9]                               ; btn_in                                  ; DivisorFrequencia:Divisor_inst|clkSaida ; 0.000        ; 0.489      ; 2.971      ;
; 2.266 ; ControleSinal:io_signal_control|saida  ; PC:PC_inst|PC_reg[22]                              ; btn_in                                  ; DivisorFrequencia:Divisor_inst|clkSaida ; 0.000        ; 0.489      ; 2.971      ;
; 2.266 ; ControleSinal:io_signal_control|saida  ; PC:PC_inst|PC_reg[24]                              ; btn_in                                  ; DivisorFrequencia:Divisor_inst|clkSaida ; 0.000        ; 0.489      ; 2.971      ;
; 2.307 ; ControleSinal:out_signal_control|saida ; PC:PC_inst|PC_reg[9]                               ; btn_in                                  ; DivisorFrequencia:Divisor_inst|clkSaida ; 0.000        ; 0.489      ; 3.012      ;
; 2.307 ; ControleSinal:out_signal_control|saida ; PC:PC_inst|PC_reg[22]                              ; btn_in                                  ; DivisorFrequencia:Divisor_inst|clkSaida ; 0.000        ; 0.489      ; 3.012      ;
; 2.307 ; ControleSinal:out_signal_control|saida ; PC:PC_inst|PC_reg[24]                              ; btn_in                                  ; DivisorFrequencia:Divisor_inst|clkSaida ; 0.000        ; 0.489      ; 3.012      ;
; 2.310 ; ControleSinal:out_signal_control|saida ; PC:PC_inst|PC_reg[10]                              ; btn_in                                  ; DivisorFrequencia:Divisor_inst|clkSaida ; 0.000        ; 0.497      ; 3.023      ;
; 2.310 ; ControleSinal:out_signal_control|saida ; PC:PC_inst|PC_reg[11]                              ; btn_in                                  ; DivisorFrequencia:Divisor_inst|clkSaida ; 0.000        ; 0.497      ; 3.023      ;
; 2.310 ; ControleSinal:out_signal_control|saida ; PC:PC_inst|PC_reg[13]                              ; btn_in                                  ; DivisorFrequencia:Divisor_inst|clkSaida ; 0.000        ; 0.497      ; 3.023      ;
; 2.310 ; ControleSinal:out_signal_control|saida ; PC:PC_inst|PC_reg[14]                              ; btn_in                                  ; DivisorFrequencia:Divisor_inst|clkSaida ; 0.000        ; 0.497      ; 3.023      ;
; 2.310 ; ControleSinal:out_signal_control|saida ; PC:PC_inst|PC_reg[15]                              ; btn_in                                  ; DivisorFrequencia:Divisor_inst|clkSaida ; 0.000        ; 0.497      ; 3.023      ;
; 2.310 ; ControleSinal:out_signal_control|saida ; PC:PC_inst|PC_reg[16]                              ; btn_in                                  ; DivisorFrequencia:Divisor_inst|clkSaida ; 0.000        ; 0.497      ; 3.023      ;
; 2.310 ; ControleSinal:out_signal_control|saida ; PC:PC_inst|PC_reg[18]                              ; btn_in                                  ; DivisorFrequencia:Divisor_inst|clkSaida ; 0.000        ; 0.497      ; 3.023      ;
; 2.310 ; ControleSinal:out_signal_control|saida ; PC:PC_inst|PC_reg[19]                              ; btn_in                                  ; DivisorFrequencia:Divisor_inst|clkSaida ; 0.000        ; 0.497      ; 3.023      ;
; 2.310 ; ControleSinal:out_signal_control|saida ; PC:PC_inst|PC_reg[20]                              ; btn_in                                  ; DivisorFrequencia:Divisor_inst|clkSaida ; 0.000        ; 0.497      ; 3.023      ;
; 2.310 ; ControleSinal:out_signal_control|saida ; PC:PC_inst|PC_reg[30]                              ; btn_in                                  ; DivisorFrequencia:Divisor_inst|clkSaida ; 0.000        ; 0.497      ; 3.023      ;
; 2.351 ; ram:ram_inst|ram~1592                  ; banco:banco_inst|registradores[7][24]              ; DivisorFrequencia:Divisor_inst|clkSaida ; DivisorFrequencia:Divisor_inst|clkSaida ; 0.000        ; 0.080      ; 2.617      ;
; 2.376 ; ram:ram_inst|ram~1529                  ; banco:banco_inst|registradores[7][25]              ; DivisorFrequencia:Divisor_inst|clkSaida ; DivisorFrequencia:Divisor_inst|clkSaida ; 0.000        ; -0.297     ; 2.265      ;
; 2.383 ; ControleSinal:io_signal_control|saida  ; PC:PC_inst|PC_reg[21]                              ; btn_in                                  ; DivisorFrequencia:Divisor_inst|clkSaida ; 0.000        ; 0.483      ; 3.082      ;
; 2.383 ; ControleSinal:io_signal_control|saida  ; PC:PC_inst|PC_reg[23]                              ; btn_in                                  ; DivisorFrequencia:Divisor_inst|clkSaida ; 0.000        ; 0.483      ; 3.082      ;
; 2.383 ; ControleSinal:io_signal_control|saida  ; PC:PC_inst|PC_reg[25]                              ; btn_in                                  ; DivisorFrequencia:Divisor_inst|clkSaida ; 0.000        ; 0.483      ; 3.082      ;
; 2.383 ; ControleSinal:io_signal_control|saida  ; PC:PC_inst|PC_reg[26]                              ; btn_in                                  ; DivisorFrequencia:Divisor_inst|clkSaida ; 0.000        ; 0.483      ; 3.082      ;
; 2.383 ; ControleSinal:io_signal_control|saida  ; PC:PC_inst|PC_reg[27]                              ; btn_in                                  ; DivisorFrequencia:Divisor_inst|clkSaida ; 0.000        ; 0.483      ; 3.082      ;
; 2.383 ; ControleSinal:io_signal_control|saida  ; PC:PC_inst|PC_reg[28]                              ; btn_in                                  ; DivisorFrequencia:Divisor_inst|clkSaida ; 0.000        ; 0.483      ; 3.082      ;
; 2.383 ; ControleSinal:io_signal_control|saida  ; PC:PC_inst|PC_reg[29]                              ; btn_in                                  ; DivisorFrequencia:Divisor_inst|clkSaida ; 0.000        ; 0.483      ; 3.082      ;
; 2.383 ; ControleSinal:io_signal_control|saida  ; PC:PC_inst|PC_reg[31]                              ; btn_in                                  ; DivisorFrequencia:Divisor_inst|clkSaida ; 0.000        ; 0.483      ; 3.082      ;
; 2.384 ; ram:ram_inst|ram~972                   ; banco:banco_inst|registradores[7][12]              ; DivisorFrequencia:Divisor_inst|clkSaida ; DivisorFrequencia:Divisor_inst|clkSaida ; 0.000        ; -0.303     ; 2.267      ;
; 2.405 ; ram:ram_inst|ram~1529                  ; banco:banco_inst|registradores[6][25]              ; DivisorFrequencia:Divisor_inst|clkSaida ; DivisorFrequencia:Divisor_inst|clkSaida ; 0.000        ; 0.162      ; 2.753      ;
+-------+----------------------------------------+----------------------------------------------------+-----------------------------------------+-----------------------------------------+--------------+------------+------------+


+-------------------------------------------------------------------------------------------------------------------------------------------------------------------------+
; Slow 1200mV 85C Model Recovery: 'btn_in'                                                                                                                                ;
+--------+----------------------+----------------------------------------+-----------------------------------------+-------------+--------------+------------+------------+
; Slack  ; From Node            ; To Node                                ; Launch Clock                            ; Latch Clock ; Relationship ; Clock Skew ; Data Delay ;
+--------+----------------------+----------------------------------------+-----------------------------------------+-------------+--------------+------------+------------+
; -4.494 ; PC:PC_inst|PC_reg[3] ; ControleSinal:out_signal_control|saida ; DivisorFrequencia:Divisor_inst|clkSaida ; btn_in      ; 1.000        ; -0.069     ; 5.413      ;
; -4.490 ; PC:PC_inst|PC_reg[2] ; ControleSinal:io_signal_control|saida  ; DivisorFrequencia:Divisor_inst|clkSaida ; btn_in      ; 1.000        ; -0.069     ; 5.409      ;
; -4.481 ; PC:PC_inst|PC_reg[1] ; ControleSinal:out_signal_control|saida ; DivisorFrequencia:Divisor_inst|clkSaida ; btn_in      ; 1.000        ; -0.069     ; 5.400      ;
; -4.452 ; PC:PC_inst|PC_reg[2] ; ControleSinal:out_signal_control|saida ; DivisorFrequencia:Divisor_inst|clkSaida ; btn_in      ; 1.000        ; -0.069     ; 5.371      ;
; -4.429 ; PC:PC_inst|PC_reg[4] ; ControleSinal:io_signal_control|saida  ; DivisorFrequencia:Divisor_inst|clkSaida ; btn_in      ; 1.000        ; -0.069     ; 5.348      ;
; -4.376 ; PC:PC_inst|PC_reg[1] ; ControleSinal:io_signal_control|saida  ; DivisorFrequencia:Divisor_inst|clkSaida ; btn_in      ; 1.000        ; -0.069     ; 5.295      ;
; -4.347 ; PC:PC_inst|PC_reg[4] ; ControleSinal:out_signal_control|saida ; DivisorFrequencia:Divisor_inst|clkSaida ; btn_in      ; 1.000        ; -0.069     ; 5.266      ;
; -4.342 ; PC:PC_inst|PC_reg[0] ; ControleSinal:out_signal_control|saida ; DivisorFrequencia:Divisor_inst|clkSaida ; btn_in      ; 1.000        ; -0.069     ; 5.261      ;
; -4.222 ; PC:PC_inst|PC_reg[3] ; ControleSinal:io_signal_control|saida  ; DivisorFrequencia:Divisor_inst|clkSaida ; btn_in      ; 1.000        ; -0.069     ; 5.141      ;
; -4.088 ; PC:PC_inst|PC_reg[5] ; ControleSinal:out_signal_control|saida ; DivisorFrequencia:Divisor_inst|clkSaida ; btn_in      ; 1.000        ; -0.069     ; 5.007      ;
; -4.078 ; PC:PC_inst|PC_reg[5] ; ControleSinal:io_signal_control|saida  ; DivisorFrequencia:Divisor_inst|clkSaida ; btn_in      ; 1.000        ; -0.069     ; 4.997      ;
; -4.070 ; PC:PC_inst|PC_reg[0] ; ControleSinal:io_signal_control|saida  ; DivisorFrequencia:Divisor_inst|clkSaida ; btn_in      ; 1.000        ; -0.069     ; 4.989      ;
; -2.895 ; PC:PC_inst|PC_reg[6] ; ControleSinal:out_signal_control|saida ; DivisorFrequencia:Divisor_inst|clkSaida ; btn_in      ; 1.000        ; -0.070     ; 3.813      ;
; -2.676 ; PC:PC_inst|PC_reg[7] ; ControleSinal:out_signal_control|saida ; DivisorFrequencia:Divisor_inst|clkSaida ; btn_in      ; 1.000        ; -0.070     ; 3.594      ;
; -1.993 ; PC:PC_inst|PC_reg[6] ; ControleSinal:io_signal_control|saida  ; DivisorFrequencia:Divisor_inst|clkSaida ; btn_in      ; 1.000        ; -0.070     ; 2.911      ;
; -1.959 ; PC:PC_inst|PC_reg[7] ; ControleSinal:io_signal_control|saida  ; DivisorFrequencia:Divisor_inst|clkSaida ; btn_in      ; 1.000        ; -0.070     ; 2.877      ;
+--------+----------------------+----------------------------------------+-----------------------------------------+-------------+--------------+------------+------------+


+------------------------------------------------------------------------------------------------------------------------------------------------------------------------+
; Slow 1200mV 85C Model Removal: 'btn_in'                                                                                                                                ;
+-------+----------------------+----------------------------------------+-----------------------------------------+-------------+--------------+------------+------------+
; Slack ; From Node            ; To Node                                ; Launch Clock                            ; Latch Clock ; Relationship ; Clock Skew ; Data Delay ;
+-------+----------------------+----------------------------------------+-----------------------------------------+-------------+--------------+------------+------------+
; 2.288 ; PC:PC_inst|PC_reg[7] ; ControleSinal:io_signal_control|saida  ; DivisorFrequencia:Divisor_inst|clkSaida ; btn_in      ; 0.000        ; 0.217      ; 2.721      ;
; 2.298 ; PC:PC_inst|PC_reg[6] ; ControleSinal:io_signal_control|saida  ; DivisorFrequencia:Divisor_inst|clkSaida ; btn_in      ; 0.000        ; 0.217      ; 2.731      ;
; 2.455 ; PC:PC_inst|PC_reg[2] ; ControleSinal:io_signal_control|saida  ; DivisorFrequencia:Divisor_inst|clkSaida ; btn_in      ; 0.000        ; 0.218      ; 2.889      ;
; 2.724 ; PC:PC_inst|PC_reg[7] ; ControleSinal:out_signal_control|saida ; DivisorFrequencia:Divisor_inst|clkSaida ; btn_in      ; 0.000        ; 0.217      ; 3.157      ;
; 2.759 ; PC:PC_inst|PC_reg[4] ; ControleSinal:io_signal_control|saida  ; DivisorFrequencia:Divisor_inst|clkSaida ; btn_in      ; 0.000        ; 0.218      ; 3.193      ;
; 2.890 ; PC:PC_inst|PC_reg[2] ; ControleSinal:out_signal_control|saida ; DivisorFrequencia:Divisor_inst|clkSaida ; btn_in      ; 0.000        ; 0.218      ; 3.324      ;
; 2.986 ; PC:PC_inst|PC_reg[6] ; ControleSinal:out_signal_control|saida ; DivisorFrequencia:Divisor_inst|clkSaida ; btn_in      ; 0.000        ; 0.217      ; 3.419      ;
; 3.006 ; PC:PC_inst|PC_reg[4] ; ControleSinal:out_signal_control|saida ; DivisorFrequencia:Divisor_inst|clkSaida ; btn_in      ; 0.000        ; 0.218      ; 3.440      ;
; 3.099 ; PC:PC_inst|PC_reg[3] ; ControleSinal:io_signal_control|saida  ; DivisorFrequencia:Divisor_inst|clkSaida ; btn_in      ; 0.000        ; 0.218      ; 3.533      ;
; 3.143 ; PC:PC_inst|PC_reg[1] ; ControleSinal:io_signal_control|saida  ; DivisorFrequencia:Divisor_inst|clkSaida ; btn_in      ; 0.000        ; 0.218      ; 3.577      ;
; 3.261 ; PC:PC_inst|PC_reg[5] ; ControleSinal:io_signal_control|saida  ; DivisorFrequencia:Divisor_inst|clkSaida ; btn_in      ; 0.000        ; 0.218      ; 3.695      ;
; 3.263 ; PC:PC_inst|PC_reg[0] ; ControleSinal:io_signal_control|saida  ; DivisorFrequencia:Divisor_inst|clkSaida ; btn_in      ; 0.000        ; 0.218      ; 3.697      ;
; 3.430 ; PC:PC_inst|PC_reg[0] ; ControleSinal:out_signal_control|saida ; DivisorFrequencia:Divisor_inst|clkSaida ; btn_in      ; 0.000        ; 0.218      ; 3.864      ;
; 3.434 ; PC:PC_inst|PC_reg[3] ; ControleSinal:out_signal_control|saida ; DivisorFrequencia:Divisor_inst|clkSaida ; btn_in      ; 0.000        ; 0.218      ; 3.868      ;
; 3.480 ; PC:PC_inst|PC_reg[1] ; ControleSinal:out_signal_control|saida ; DivisorFrequencia:Divisor_inst|clkSaida ; btn_in      ; 0.000        ; 0.218      ; 3.914      ;
; 3.654 ; PC:PC_inst|PC_reg[5] ; ControleSinal:out_signal_control|saida ; DivisorFrequencia:Divisor_inst|clkSaida ; btn_in      ; 0.000        ; 0.218      ; 4.088      ;
+-------+----------------------+----------------------------------------+-----------------------------------------+-------------+--------------+------------+------------+


-----------------------------------------------
; Slow 1200mV 85C Model Metastability Summary ;
-----------------------------------------------
No synchronizer chains to report.


+-------------------------------------------------------------------------------+
; Slow 1200mV 0C Model Fmax Summary                                             ;
+------------+-----------------+-----------------------------------------+------+
; Fmax       ; Restricted Fmax ; Clock Name                              ; Note ;
+------------+-----------------+-----------------------------------------+------+
; 3.63 MHz   ; 3.63 MHz        ; DivisorFrequencia:Divisor_inst|clkSaida ;      ;
; 248.82 MHz ; 248.82 MHz      ; clk_50                                  ;      ;
+------------+-----------------+-----------------------------------------+------+
This panel reports FMAX for every clock in the design, regardless of the user-specified clock periods.  FMAX is only computed for paths where the source and destination registers or ports are driven by the same clock.  Paths of different clocks, including generated clocks, are ignored.  For paths between a clock and its inversion, FMAX is computed as if the rising and falling edges are scaled along with FMAX, such that the duty cycle (in terms of a percentage) is maintained. Altera recommends that you always use clock constraints and other slack reports for sign-off analysis.


+--------------------------------------------------------------------+
; Slow 1200mV 0C Model Setup Summary                                 ;
+-----------------------------------------+----------+---------------+
; Clock                                   ; Slack    ; End Point TNS ;
+-----------------------------------------+----------+---------------+
; DivisorFrequencia:Divisor_inst|clkSaida ; -137.052 ; -302073.435   ;
; clk_50                                  ; -3.019   ; -37.653       ;
+-----------------------------------------+----------+---------------+


+-----------------------------------------------------------------+
; Slow 1200mV 0C Model Hold Summary                               ;
+-----------------------------------------+-------+---------------+
; Clock                                   ; Slack ; End Point TNS ;
+-----------------------------------------+-------+---------------+
; clk_50                                  ; 0.400 ; 0.000         ;
; DivisorFrequencia:Divisor_inst|clkSaida ; 0.906 ; 0.000         ;
+-----------------------------------------+-------+---------------+


+---------------------------------------+
; Slow 1200mV 0C Model Recovery Summary ;
+--------+--------+---------------------+
; Clock  ; Slack  ; End Point TNS       ;
+--------+--------+---------------------+
; btn_in ; -3.949 ; -7.868              ;
+--------+--------+---------------------+


+--------------------------------------+
; Slow 1200mV 0C Model Removal Summary ;
+--------+-------+---------------------+
; Clock  ; Slack ; End Point TNS       ;
+--------+-------+---------------------+
; btn_in ; 2.033 ; 0.000               ;
+--------+-------+---------------------+


+------------------------------------------------------------------+
; Slow 1200mV 0C Model Minimum Pulse Width Summary                 ;
+-----------------------------------------+--------+---------------+
; Clock                                   ; Slack  ; End Point TNS ;
+-----------------------------------------+--------+---------------+
; clk_50                                  ; -3.000 ; -36.410       ;
; btn_in                                  ; -3.000 ; -5.570        ;
; DivisorFrequencia:Divisor_inst|clkSaida ; -1.285 ; -3009.470     ;
+-----------------------------------------+--------+---------------+


+------------------------------------------------------------------------------------------------------------------------------------------------------------------------------------------------------+
; Slow 1200mV 0C Model Setup: 'DivisorFrequencia:Divisor_inst|clkSaida'                                                                                                                                ;
+----------+----------------------+---------------------------------------+-----------------------------------------+-----------------------------------------+--------------+------------+------------+
; Slack    ; From Node            ; To Node                               ; Launch Clock                            ; Latch Clock                             ; Relationship ; Clock Skew ; Data Delay ;
+----------+----------------------+---------------------------------------+-----------------------------------------+-----------------------------------------+--------------+------------+------------+
; -137.052 ; PC:PC_inst|PC_reg[2] ; banco:banco_inst|registradores[1][3]  ; DivisorFrequencia:Divisor_inst|clkSaida ; DivisorFrequencia:Divisor_inst|clkSaida ; 0.500        ; 0.316      ; 137.867    ;
; -137.021 ; PC:PC_inst|PC_reg[2] ; banco:banco_inst|registradores[2][3]  ; DivisorFrequencia:Divisor_inst|clkSaida ; DivisorFrequencia:Divisor_inst|clkSaida ; 0.500        ; 0.349      ; 137.869    ;
; -136.969 ; PC:PC_inst|PC_reg[2] ; banco:banco_inst|registradores[3][3]  ; DivisorFrequencia:Divisor_inst|clkSaida ; DivisorFrequencia:Divisor_inst|clkSaida ; 0.500        ; 0.332      ; 137.800    ;
; -136.942 ; PC:PC_inst|PC_reg[4] ; banco:banco_inst|registradores[1][3]  ; DivisorFrequencia:Divisor_inst|clkSaida ; DivisorFrequencia:Divisor_inst|clkSaida ; 0.500        ; 0.316      ; 137.757    ;
; -136.911 ; PC:PC_inst|PC_reg[4] ; banco:banco_inst|registradores[2][3]  ; DivisorFrequencia:Divisor_inst|clkSaida ; DivisorFrequencia:Divisor_inst|clkSaida ; 0.500        ; 0.349      ; 137.759    ;
; -136.859 ; PC:PC_inst|PC_reg[4] ; banco:banco_inst|registradores[3][3]  ; DivisorFrequencia:Divisor_inst|clkSaida ; DivisorFrequencia:Divisor_inst|clkSaida ; 0.500        ; 0.332      ; 137.690    ;
; -136.759 ; PC:PC_inst|PC_reg[3] ; banco:banco_inst|registradores[1][3]  ; DivisorFrequencia:Divisor_inst|clkSaida ; DivisorFrequencia:Divisor_inst|clkSaida ; 0.500        ; 0.316      ; 137.574    ;
; -136.729 ; PC:PC_inst|PC_reg[2] ; banco:banco_inst|registradores[5][3]  ; DivisorFrequencia:Divisor_inst|clkSaida ; DivisorFrequencia:Divisor_inst|clkSaida ; 0.500        ; 0.299      ; 137.527    ;
; -136.728 ; PC:PC_inst|PC_reg[3] ; banco:banco_inst|registradores[2][3]  ; DivisorFrequencia:Divisor_inst|clkSaida ; DivisorFrequencia:Divisor_inst|clkSaida ; 0.500        ; 0.349      ; 137.576    ;
; -136.714 ; PC:PC_inst|PC_reg[5] ; banco:banco_inst|registradores[1][3]  ; DivisorFrequencia:Divisor_inst|clkSaida ; DivisorFrequencia:Divisor_inst|clkSaida ; 0.500        ; 0.316      ; 137.529    ;
; -136.695 ; PC:PC_inst|PC_reg[2] ; banco:banco_inst|registradores[4][3]  ; DivisorFrequencia:Divisor_inst|clkSaida ; DivisorFrequencia:Divisor_inst|clkSaida ; 0.500        ; 0.331      ; 137.525    ;
; -136.683 ; PC:PC_inst|PC_reg[5] ; banco:banco_inst|registradores[2][3]  ; DivisorFrequencia:Divisor_inst|clkSaida ; DivisorFrequencia:Divisor_inst|clkSaida ; 0.500        ; 0.349      ; 137.531    ;
; -136.676 ; PC:PC_inst|PC_reg[3] ; banco:banco_inst|registradores[3][3]  ; DivisorFrequencia:Divisor_inst|clkSaida ; DivisorFrequencia:Divisor_inst|clkSaida ; 0.500        ; 0.332      ; 137.507    ;
; -136.673 ; PC:PC_inst|PC_reg[1] ; banco:banco_inst|registradores[1][3]  ; DivisorFrequencia:Divisor_inst|clkSaida ; DivisorFrequencia:Divisor_inst|clkSaida ; 0.500        ; 0.316      ; 137.488    ;
; -136.642 ; PC:PC_inst|PC_reg[1] ; banco:banco_inst|registradores[2][3]  ; DivisorFrequencia:Divisor_inst|clkSaida ; DivisorFrequencia:Divisor_inst|clkSaida ; 0.500        ; 0.349      ; 137.490    ;
; -136.631 ; PC:PC_inst|PC_reg[5] ; banco:banco_inst|registradores[3][3]  ; DivisorFrequencia:Divisor_inst|clkSaida ; DivisorFrequencia:Divisor_inst|clkSaida ; 0.500        ; 0.332      ; 137.462    ;
; -136.619 ; PC:PC_inst|PC_reg[4] ; banco:banco_inst|registradores[5][3]  ; DivisorFrequencia:Divisor_inst|clkSaida ; DivisorFrequencia:Divisor_inst|clkSaida ; 0.500        ; 0.299      ; 137.417    ;
; -136.603 ; PC:PC_inst|PC_reg[2] ; banco:banco_inst|registradores[6][3]  ; DivisorFrequencia:Divisor_inst|clkSaida ; DivisorFrequencia:Divisor_inst|clkSaida ; 0.500        ; -0.054     ; 137.048    ;
; -136.590 ; PC:PC_inst|PC_reg[1] ; banco:banco_inst|registradores[3][3]  ; DivisorFrequencia:Divisor_inst|clkSaida ; DivisorFrequencia:Divisor_inst|clkSaida ; 0.500        ; 0.332      ; 137.421    ;
; -136.585 ; PC:PC_inst|PC_reg[4] ; banco:banco_inst|registradores[4][3]  ; DivisorFrequencia:Divisor_inst|clkSaida ; DivisorFrequencia:Divisor_inst|clkSaida ; 0.500        ; 0.331      ; 137.415    ;
; -136.493 ; PC:PC_inst|PC_reg[4] ; banco:banco_inst|registradores[6][3]  ; DivisorFrequencia:Divisor_inst|clkSaida ; DivisorFrequencia:Divisor_inst|clkSaida ; 0.500        ; -0.054     ; 136.938    ;
; -136.480 ; PC:PC_inst|PC_reg[2] ; banco:banco_inst|registradores[4][24] ; DivisorFrequencia:Divisor_inst|clkSaida ; DivisorFrequencia:Divisor_inst|clkSaida ; 0.500        ; 0.307      ; 137.286    ;
; -136.451 ; PC:PC_inst|PC_reg[2] ; banco:banco_inst|registradores[1][18] ; DivisorFrequencia:Divisor_inst|clkSaida ; DivisorFrequencia:Divisor_inst|clkSaida ; 0.500        ; 0.311      ; 137.261    ;
; -136.445 ; PC:PC_inst|PC_reg[2] ; banco:banco_inst|registradores[5][24] ; DivisorFrequencia:Divisor_inst|clkSaida ; DivisorFrequencia:Divisor_inst|clkSaida ; 0.500        ; 0.340      ; 137.284    ;
; -136.436 ; PC:PC_inst|PC_reg[3] ; banco:banco_inst|registradores[5][3]  ; DivisorFrequencia:Divisor_inst|clkSaida ; DivisorFrequencia:Divisor_inst|clkSaida ; 0.500        ; 0.299      ; 137.234    ;
; -136.418 ; PC:PC_inst|PC_reg[2] ; banco:banco_inst|registradores[2][18] ; DivisorFrequencia:Divisor_inst|clkSaida ; DivisorFrequencia:Divisor_inst|clkSaida ; 0.500        ; 0.343      ; 137.260    ;
; -136.402 ; PC:PC_inst|PC_reg[3] ; banco:banco_inst|registradores[4][3]  ; DivisorFrequencia:Divisor_inst|clkSaida ; DivisorFrequencia:Divisor_inst|clkSaida ; 0.500        ; 0.331      ; 137.232    ;
; -136.391 ; PC:PC_inst|PC_reg[5] ; banco:banco_inst|registradores[5][3]  ; DivisorFrequencia:Divisor_inst|clkSaida ; DivisorFrequencia:Divisor_inst|clkSaida ; 0.500        ; 0.299      ; 137.189    ;
; -136.377 ; PC:PC_inst|PC_reg[0] ; banco:banco_inst|registradores[1][3]  ; DivisorFrequencia:Divisor_inst|clkSaida ; DivisorFrequencia:Divisor_inst|clkSaida ; 0.500        ; 0.316      ; 137.192    ;
; -136.370 ; PC:PC_inst|PC_reg[4] ; banco:banco_inst|registradores[4][24] ; DivisorFrequencia:Divisor_inst|clkSaida ; DivisorFrequencia:Divisor_inst|clkSaida ; 0.500        ; 0.307      ; 137.176    ;
; -136.357 ; PC:PC_inst|PC_reg[5] ; banco:banco_inst|registradores[4][3]  ; DivisorFrequencia:Divisor_inst|clkSaida ; DivisorFrequencia:Divisor_inst|clkSaida ; 0.500        ; 0.331      ; 137.187    ;
; -136.350 ; PC:PC_inst|PC_reg[1] ; banco:banco_inst|registradores[5][3]  ; DivisorFrequencia:Divisor_inst|clkSaida ; DivisorFrequencia:Divisor_inst|clkSaida ; 0.500        ; 0.299      ; 137.148    ;
; -136.346 ; PC:PC_inst|PC_reg[0] ; banco:banco_inst|registradores[2][3]  ; DivisorFrequencia:Divisor_inst|clkSaida ; DivisorFrequencia:Divisor_inst|clkSaida ; 0.500        ; 0.349      ; 137.194    ;
; -136.341 ; PC:PC_inst|PC_reg[4] ; banco:banco_inst|registradores[1][18] ; DivisorFrequencia:Divisor_inst|clkSaida ; DivisorFrequencia:Divisor_inst|clkSaida ; 0.500        ; 0.311      ; 137.151    ;
; -136.336 ; PC:PC_inst|PC_reg[2] ; banco:banco_inst|registradores[1][13] ; DivisorFrequencia:Divisor_inst|clkSaida ; DivisorFrequencia:Divisor_inst|clkSaida ; 0.500        ; 0.343      ; 137.178    ;
; -136.335 ; PC:PC_inst|PC_reg[4] ; banco:banco_inst|registradores[5][24] ; DivisorFrequencia:Divisor_inst|clkSaida ; DivisorFrequencia:Divisor_inst|clkSaida ; 0.500        ; 0.340      ; 137.174    ;
; -136.316 ; PC:PC_inst|PC_reg[1] ; banco:banco_inst|registradores[4][3]  ; DivisorFrequencia:Divisor_inst|clkSaida ; DivisorFrequencia:Divisor_inst|clkSaida ; 0.500        ; 0.331      ; 137.146    ;
; -136.310 ; PC:PC_inst|PC_reg[3] ; banco:banco_inst|registradores[6][3]  ; DivisorFrequencia:Divisor_inst|clkSaida ; DivisorFrequencia:Divisor_inst|clkSaida ; 0.500        ; -0.054     ; 136.755    ;
; -136.308 ; PC:PC_inst|PC_reg[4] ; banco:banco_inst|registradores[2][18] ; DivisorFrequencia:Divisor_inst|clkSaida ; DivisorFrequencia:Divisor_inst|clkSaida ; 0.500        ; 0.343      ; 137.150    ;
; -136.306 ; PC:PC_inst|PC_reg[2] ; banco:banco_inst|registradores[3][1]  ; DivisorFrequencia:Divisor_inst|clkSaida ; DivisorFrequencia:Divisor_inst|clkSaida ; 0.500        ; -0.048     ; 136.757    ;
; -136.294 ; PC:PC_inst|PC_reg[0] ; banco:banco_inst|registradores[3][3]  ; DivisorFrequencia:Divisor_inst|clkSaida ; DivisorFrequencia:Divisor_inst|clkSaida ; 0.500        ; 0.332      ; 137.125    ;
; -136.265 ; PC:PC_inst|PC_reg[5] ; banco:banco_inst|registradores[6][3]  ; DivisorFrequencia:Divisor_inst|clkSaida ; DivisorFrequencia:Divisor_inst|clkSaida ; 0.500        ; -0.054     ; 136.710    ;
; -136.246 ; PC:PC_inst|PC_reg[2] ; banco:banco_inst|registradores[5][13] ; DivisorFrequencia:Divisor_inst|clkSaida ; DivisorFrequencia:Divisor_inst|clkSaida ; 0.500        ; -0.054     ; 136.691    ;
; -136.226 ; PC:PC_inst|PC_reg[4] ; banco:banco_inst|registradores[1][13] ; DivisorFrequencia:Divisor_inst|clkSaida ; DivisorFrequencia:Divisor_inst|clkSaida ; 0.500        ; 0.343      ; 137.068    ;
; -136.224 ; PC:PC_inst|PC_reg[1] ; banco:banco_inst|registradores[6][3]  ; DivisorFrequencia:Divisor_inst|clkSaida ; DivisorFrequencia:Divisor_inst|clkSaida ; 0.500        ; -0.054     ; 136.669    ;
; -136.196 ; PC:PC_inst|PC_reg[4] ; banco:banco_inst|registradores[3][1]  ; DivisorFrequencia:Divisor_inst|clkSaida ; DivisorFrequencia:Divisor_inst|clkSaida ; 0.500        ; -0.048     ; 136.647    ;
; -136.187 ; PC:PC_inst|PC_reg[3] ; banco:banco_inst|registradores[4][24] ; DivisorFrequencia:Divisor_inst|clkSaida ; DivisorFrequencia:Divisor_inst|clkSaida ; 0.500        ; 0.307      ; 136.993    ;
; -136.158 ; PC:PC_inst|PC_reg[3] ; banco:banco_inst|registradores[1][18] ; DivisorFrequencia:Divisor_inst|clkSaida ; DivisorFrequencia:Divisor_inst|clkSaida ; 0.500        ; 0.311      ; 136.968    ;
; -136.152 ; PC:PC_inst|PC_reg[3] ; banco:banco_inst|registradores[5][24] ; DivisorFrequencia:Divisor_inst|clkSaida ; DivisorFrequencia:Divisor_inst|clkSaida ; 0.500        ; 0.340      ; 136.991    ;
; -136.142 ; PC:PC_inst|PC_reg[5] ; banco:banco_inst|registradores[4][24] ; DivisorFrequencia:Divisor_inst|clkSaida ; DivisorFrequencia:Divisor_inst|clkSaida ; 0.500        ; 0.307      ; 136.948    ;
; -136.136 ; PC:PC_inst|PC_reg[4] ; banco:banco_inst|registradores[5][13] ; DivisorFrequencia:Divisor_inst|clkSaida ; DivisorFrequencia:Divisor_inst|clkSaida ; 0.500        ; -0.054     ; 136.581    ;
; -136.125 ; PC:PC_inst|PC_reg[3] ; banco:banco_inst|registradores[2][18] ; DivisorFrequencia:Divisor_inst|clkSaida ; DivisorFrequencia:Divisor_inst|clkSaida ; 0.500        ; 0.343      ; 136.967    ;
; -136.113 ; PC:PC_inst|PC_reg[5] ; banco:banco_inst|registradores[1][18] ; DivisorFrequencia:Divisor_inst|clkSaida ; DivisorFrequencia:Divisor_inst|clkSaida ; 0.500        ; 0.311      ; 136.923    ;
; -136.107 ; PC:PC_inst|PC_reg[5] ; banco:banco_inst|registradores[5][24] ; DivisorFrequencia:Divisor_inst|clkSaida ; DivisorFrequencia:Divisor_inst|clkSaida ; 0.500        ; 0.340      ; 136.946    ;
; -136.105 ; PC:PC_inst|PC_reg[2] ; banco:banco_inst|registradores[7][3]  ; DivisorFrequencia:Divisor_inst|clkSaida ; DivisorFrequencia:Divisor_inst|clkSaida ; 0.500        ; -0.054     ; 136.550    ;
; -136.101 ; PC:PC_inst|PC_reg[1] ; banco:banco_inst|registradores[4][24] ; DivisorFrequencia:Divisor_inst|clkSaida ; DivisorFrequencia:Divisor_inst|clkSaida ; 0.500        ; 0.307      ; 136.907    ;
; -136.080 ; PC:PC_inst|PC_reg[5] ; banco:banco_inst|registradores[2][18] ; DivisorFrequencia:Divisor_inst|clkSaida ; DivisorFrequencia:Divisor_inst|clkSaida ; 0.500        ; 0.343      ; 136.922    ;
; -136.072 ; PC:PC_inst|PC_reg[1] ; banco:banco_inst|registradores[1][18] ; DivisorFrequencia:Divisor_inst|clkSaida ; DivisorFrequencia:Divisor_inst|clkSaida ; 0.500        ; 0.311      ; 136.882    ;
; -136.066 ; PC:PC_inst|PC_reg[1] ; banco:banco_inst|registradores[5][24] ; DivisorFrequencia:Divisor_inst|clkSaida ; DivisorFrequencia:Divisor_inst|clkSaida ; 0.500        ; 0.340      ; 136.905    ;
; -136.054 ; PC:PC_inst|PC_reg[0] ; banco:banco_inst|registradores[5][3]  ; DivisorFrequencia:Divisor_inst|clkSaida ; DivisorFrequencia:Divisor_inst|clkSaida ; 0.500        ; 0.299      ; 136.852    ;
; -136.043 ; PC:PC_inst|PC_reg[3] ; banco:banco_inst|registradores[1][13] ; DivisorFrequencia:Divisor_inst|clkSaida ; DivisorFrequencia:Divisor_inst|clkSaida ; 0.500        ; 0.343      ; 136.885    ;
; -136.040 ; PC:PC_inst|PC_reg[2] ; banco:banco_inst|registradores[5][6]  ; DivisorFrequencia:Divisor_inst|clkSaida ; DivisorFrequencia:Divisor_inst|clkSaida ; 0.500        ; -0.051     ; 136.488    ;
; -136.039 ; PC:PC_inst|PC_reg[1] ; banco:banco_inst|registradores[2][18] ; DivisorFrequencia:Divisor_inst|clkSaida ; DivisorFrequencia:Divisor_inst|clkSaida ; 0.500        ; 0.343      ; 136.881    ;
; -136.032 ; PC:PC_inst|PC_reg[2] ; banco:banco_inst|registradores[3][17] ; DivisorFrequencia:Divisor_inst|clkSaida ; DivisorFrequencia:Divisor_inst|clkSaida ; 0.500        ; 0.329      ; 136.860    ;
; -136.020 ; PC:PC_inst|PC_reg[0] ; banco:banco_inst|registradores[4][3]  ; DivisorFrequencia:Divisor_inst|clkSaida ; DivisorFrequencia:Divisor_inst|clkSaida ; 0.500        ; 0.331      ; 136.850    ;
; -136.018 ; PC:PC_inst|PC_reg[2] ; banco:banco_inst|registradores[1][17] ; DivisorFrequencia:Divisor_inst|clkSaida ; DivisorFrequencia:Divisor_inst|clkSaida ; 0.500        ; 0.311      ; 136.828    ;
; -136.013 ; PC:PC_inst|PC_reg[3] ; banco:banco_inst|registradores[3][1]  ; DivisorFrequencia:Divisor_inst|clkSaida ; DivisorFrequencia:Divisor_inst|clkSaida ; 0.500        ; -0.048     ; 136.464    ;
; -135.999 ; PC:PC_inst|PC_reg[2] ; banco:banco_inst|registradores[4][17] ; DivisorFrequencia:Divisor_inst|clkSaida ; DivisorFrequencia:Divisor_inst|clkSaida ; 0.500        ; 0.311      ; 136.809    ;
; -135.998 ; PC:PC_inst|PC_reg[5] ; banco:banco_inst|registradores[1][13] ; DivisorFrequencia:Divisor_inst|clkSaida ; DivisorFrequencia:Divisor_inst|clkSaida ; 0.500        ; 0.343      ; 136.840    ;
; -135.995 ; PC:PC_inst|PC_reg[4] ; banco:banco_inst|registradores[7][3]  ; DivisorFrequencia:Divisor_inst|clkSaida ; DivisorFrequencia:Divisor_inst|clkSaida ; 0.500        ; -0.054     ; 136.440    ;
; -135.988 ; PC:PC_inst|PC_reg[2] ; banco:banco_inst|registradores[2][17] ; DivisorFrequencia:Divisor_inst|clkSaida ; DivisorFrequencia:Divisor_inst|clkSaida ; 0.500        ; 0.343      ; 136.830    ;
; -135.968 ; PC:PC_inst|PC_reg[2] ; banco:banco_inst|registradores[5][17] ; DivisorFrequencia:Divisor_inst|clkSaida ; DivisorFrequencia:Divisor_inst|clkSaida ; 0.500        ; 0.341      ; 136.808    ;
; -135.968 ; PC:PC_inst|PC_reg[5] ; banco:banco_inst|registradores[3][1]  ; DivisorFrequencia:Divisor_inst|clkSaida ; DivisorFrequencia:Divisor_inst|clkSaida ; 0.500        ; -0.048     ; 136.419    ;
; -135.957 ; PC:PC_inst|PC_reg[1] ; banco:banco_inst|registradores[1][13] ; DivisorFrequencia:Divisor_inst|clkSaida ; DivisorFrequencia:Divisor_inst|clkSaida ; 0.500        ; 0.343      ; 136.799    ;
; -135.953 ; PC:PC_inst|PC_reg[3] ; banco:banco_inst|registradores[5][13] ; DivisorFrequencia:Divisor_inst|clkSaida ; DivisorFrequencia:Divisor_inst|clkSaida ; 0.500        ; -0.054     ; 136.398    ;
; -135.931 ; PC:PC_inst|PC_reg[2] ; banco:banco_inst|registradores[2][1]  ; DivisorFrequencia:Divisor_inst|clkSaida ; DivisorFrequencia:Divisor_inst|clkSaida ; 0.500        ; -0.040     ; 136.390    ;
; -135.930 ; PC:PC_inst|PC_reg[4] ; banco:banco_inst|registradores[5][6]  ; DivisorFrequencia:Divisor_inst|clkSaida ; DivisorFrequencia:Divisor_inst|clkSaida ; 0.500        ; -0.051     ; 136.378    ;
; -135.928 ; PC:PC_inst|PC_reg[0] ; banco:banco_inst|registradores[6][3]  ; DivisorFrequencia:Divisor_inst|clkSaida ; DivisorFrequencia:Divisor_inst|clkSaida ; 0.500        ; -0.054     ; 136.373    ;
; -135.927 ; PC:PC_inst|PC_reg[2] ; banco:banco_inst|registradores[2][13] ; DivisorFrequencia:Divisor_inst|clkSaida ; DivisorFrequencia:Divisor_inst|clkSaida ; 0.500        ; 0.338      ; 136.764    ;
; -135.927 ; PC:PC_inst|PC_reg[1] ; banco:banco_inst|registradores[3][1]  ; DivisorFrequencia:Divisor_inst|clkSaida ; DivisorFrequencia:Divisor_inst|clkSaida ; 0.500        ; -0.048     ; 136.378    ;
; -135.922 ; PC:PC_inst|PC_reg[4] ; banco:banco_inst|registradores[3][17] ; DivisorFrequencia:Divisor_inst|clkSaida ; DivisorFrequencia:Divisor_inst|clkSaida ; 0.500        ; 0.329      ; 136.750    ;
; -135.911 ; PC:PC_inst|PC_reg[2] ; banco:banco_inst|registradores[6][0]  ; DivisorFrequencia:Divisor_inst|clkSaida ; DivisorFrequencia:Divisor_inst|clkSaida ; 0.500        ; -0.050     ; 136.360    ;
; -135.908 ; PC:PC_inst|PC_reg[4] ; banco:banco_inst|registradores[1][17] ; DivisorFrequencia:Divisor_inst|clkSaida ; DivisorFrequencia:Divisor_inst|clkSaida ; 0.500        ; 0.311      ; 136.718    ;
; -135.908 ; PC:PC_inst|PC_reg[5] ; banco:banco_inst|registradores[5][13] ; DivisorFrequencia:Divisor_inst|clkSaida ; DivisorFrequencia:Divisor_inst|clkSaida ; 0.500        ; -0.054     ; 136.353    ;
; -135.896 ; PC:PC_inst|PC_reg[2] ; banco:banco_inst|registradores[3][18] ; DivisorFrequencia:Divisor_inst|clkSaida ; DivisorFrequencia:Divisor_inst|clkSaida ; 0.500        ; 0.301      ; 136.696    ;
; -135.892 ; PC:PC_inst|PC_reg[2] ; banco:banco_inst|registradores[5][18] ; DivisorFrequencia:Divisor_inst|clkSaida ; DivisorFrequencia:Divisor_inst|clkSaida ; 0.500        ; 0.334      ; 136.725    ;
; -135.889 ; PC:PC_inst|PC_reg[4] ; banco:banco_inst|registradores[4][17] ; DivisorFrequencia:Divisor_inst|clkSaida ; DivisorFrequencia:Divisor_inst|clkSaida ; 0.500        ; 0.311      ; 136.699    ;
; -135.887 ; PC:PC_inst|PC_reg[2] ; banco:banco_inst|registradores[1][30] ; DivisorFrequencia:Divisor_inst|clkSaida ; DivisorFrequencia:Divisor_inst|clkSaida ; 0.500        ; 0.295      ; 136.681    ;
; -135.880 ; PC:PC_inst|PC_reg[2] ; banco:banco_inst|registradores[4][1]  ; DivisorFrequencia:Divisor_inst|clkSaida ; DivisorFrequencia:Divisor_inst|clkSaida ; 0.500        ; 0.341      ; 136.720    ;
; -135.878 ; PC:PC_inst|PC_reg[4] ; banco:banco_inst|registradores[2][17] ; DivisorFrequencia:Divisor_inst|clkSaida ; DivisorFrequencia:Divisor_inst|clkSaida ; 0.500        ; 0.343      ; 136.720    ;
; -135.867 ; PC:PC_inst|PC_reg[1] ; banco:banco_inst|registradores[5][13] ; DivisorFrequencia:Divisor_inst|clkSaida ; DivisorFrequencia:Divisor_inst|clkSaida ; 0.500        ; -0.054     ; 136.312    ;
; -135.864 ; PC:PC_inst|PC_reg[2] ; banco:banco_inst|registradores[6][30] ; DivisorFrequencia:Divisor_inst|clkSaida ; DivisorFrequencia:Divisor_inst|clkSaida ; 0.500        ; -0.050     ; 136.313    ;
; -135.862 ; PC:PC_inst|PC_reg[2] ; banco:banco_inst|registradores[3][9]  ; DivisorFrequencia:Divisor_inst|clkSaida ; DivisorFrequencia:Divisor_inst|clkSaida ; 0.500        ; -0.038     ; 136.323    ;
; -135.862 ; PC:PC_inst|PC_reg[2] ; banco:banco_inst|registradores[6][18] ; DivisorFrequencia:Divisor_inst|clkSaida ; DivisorFrequencia:Divisor_inst|clkSaida ; 0.500        ; 0.334      ; 136.695    ;
; -135.861 ; PC:PC_inst|PC_reg[2] ; banco:banco_inst|registradores[4][18] ; DivisorFrequencia:Divisor_inst|clkSaida ; DivisorFrequencia:Divisor_inst|clkSaida ; 0.500        ; 0.367      ; 136.727    ;
; -135.858 ; PC:PC_inst|PC_reg[4] ; banco:banco_inst|registradores[5][17] ; DivisorFrequencia:Divisor_inst|clkSaida ; DivisorFrequencia:Divisor_inst|clkSaida ; 0.500        ; 0.341      ; 136.698    ;
; -135.857 ; PC:PC_inst|PC_reg[2] ; banco:banco_inst|registradores[3][15] ; DivisorFrequencia:Divisor_inst|clkSaida ; DivisorFrequencia:Divisor_inst|clkSaida ; 0.500        ; 0.339      ; 136.695    ;
; -135.851 ; PC:PC_inst|PC_reg[2] ; banco:banco_inst|registradores[2][30] ; DivisorFrequencia:Divisor_inst|clkSaida ; DivisorFrequencia:Divisor_inst|clkSaida ; 0.500        ; 0.331      ; 136.681    ;
; -135.821 ; PC:PC_inst|PC_reg[4] ; banco:banco_inst|registradores[2][1]  ; DivisorFrequencia:Divisor_inst|clkSaida ; DivisorFrequencia:Divisor_inst|clkSaida ; 0.500        ; -0.040     ; 136.280    ;
; -135.817 ; PC:PC_inst|PC_reg[4] ; banco:banco_inst|registradores[2][13] ; DivisorFrequencia:Divisor_inst|clkSaida ; DivisorFrequencia:Divisor_inst|clkSaida ; 0.500        ; 0.338      ; 136.654    ;
+----------+----------------------+---------------------------------------+-----------------------------------------+-----------------------------------------+--------------+------------+------------+


+--------------------------------------------------------------------------------------------------------------------------------------------------------------------------+
; Slow 1200mV 0C Model Setup: 'clk_50'                                                                                                                                     ;
+--------+---------------------------------------------+---------------------------------------------+--------------+-------------+--------------+------------+------------+
; Slack  ; From Node                                   ; To Node                                     ; Launch Clock ; Latch Clock ; Relationship ; Clock Skew ; Data Delay ;
+--------+---------------------------------------------+---------------------------------------------+--------------+-------------+--------------+------------+------------+
; -3.019 ; DivisorFrequencia:Divisor_inst|contador[15] ; DivisorFrequencia:Divisor_inst|clkSaida     ; clk_50       ; clk_50      ; 1.000        ; -0.070     ; 3.948      ;
; -3.012 ; DivisorFrequencia:Divisor_inst|contador[13] ; DivisorFrequencia:Divisor_inst|clkSaida     ; clk_50       ; clk_50      ; 1.000        ; -0.070     ; 3.941      ;
; -3.007 ; DivisorFrequencia:Divisor_inst|contador[23] ; DivisorFrequencia:Divisor_inst|clkSaida     ; clk_50       ; clk_50      ; 1.000        ; -0.070     ; 3.936      ;
; -3.001 ; DivisorFrequencia:Divisor_inst|contador[21] ; DivisorFrequencia:Divisor_inst|clkSaida     ; clk_50       ; clk_50      ; 1.000        ; -0.070     ; 3.930      ;
; -2.978 ; DivisorFrequencia:Divisor_inst|contador[22] ; DivisorFrequencia:Divisor_inst|clkSaida     ; clk_50       ; clk_50      ; 1.000        ; -0.070     ; 3.907      ;
; -2.976 ; DivisorFrequencia:Divisor_inst|contador[2]  ; DivisorFrequencia:Divisor_inst|clkSaida     ; clk_50       ; clk_50      ; 1.000        ; -0.071     ; 3.904      ;
; -2.956 ; DivisorFrequencia:Divisor_inst|contador[18] ; DivisorFrequencia:Divisor_inst|clkSaida     ; clk_50       ; clk_50      ; 1.000        ; -0.070     ; 3.885      ;
; -2.953 ; DivisorFrequencia:Divisor_inst|contador[4]  ; DivisorFrequencia:Divisor_inst|clkSaida     ; clk_50       ; clk_50      ; 1.000        ; -0.071     ; 3.881      ;
; -2.949 ; DivisorFrequencia:Divisor_inst|contador[19] ; DivisorFrequencia:Divisor_inst|clkSaida     ; clk_50       ; clk_50      ; 1.000        ; -0.070     ; 3.878      ;
; -2.938 ; DivisorFrequencia:Divisor_inst|contador[3]  ; DivisorFrequencia:Divisor_inst|clkSaida     ; clk_50       ; clk_50      ; 1.000        ; -0.071     ; 3.866      ;
; -2.920 ; DivisorFrequencia:Divisor_inst|contador[1]  ; DivisorFrequencia:Divisor_inst|clkSaida     ; clk_50       ; clk_50      ; 1.000        ; -0.071     ; 3.848      ;
; -2.881 ; DivisorFrequencia:Divisor_inst|contador[7]  ; DivisorFrequencia:Divisor_inst|clkSaida     ; clk_50       ; clk_50      ; 1.000        ; -0.071     ; 3.809      ;
; -2.858 ; DivisorFrequencia:Divisor_inst|contador[14] ; DivisorFrequencia:Divisor_inst|clkSaida     ; clk_50       ; clk_50      ; 1.000        ; -0.070     ; 3.787      ;
; -2.856 ; DivisorFrequencia:Divisor_inst|contador[9]  ; DivisorFrequencia:Divisor_inst|clkSaida     ; clk_50       ; clk_50      ; 1.000        ; -0.071     ; 3.784      ;
; -2.854 ; DivisorFrequencia:Divisor_inst|contador[11] ; DivisorFrequencia:Divisor_inst|clkSaida     ; clk_50       ; clk_50      ; 1.000        ; -0.071     ; 3.782      ;
; -2.845 ; DivisorFrequencia:Divisor_inst|contador[8]  ; DivisorFrequencia:Divisor_inst|clkSaida     ; clk_50       ; clk_50      ; 1.000        ; -0.071     ; 3.773      ;
; -2.837 ; DivisorFrequencia:Divisor_inst|contador[0]  ; DivisorFrequencia:Divisor_inst|clkSaida     ; clk_50       ; clk_50      ; 1.000        ; -0.071     ; 3.765      ;
; -2.833 ; DivisorFrequencia:Divisor_inst|contador[6]  ; DivisorFrequencia:Divisor_inst|clkSaida     ; clk_50       ; clk_50      ; 1.000        ; -0.071     ; 3.761      ;
; -2.795 ; DivisorFrequencia:Divisor_inst|contador[16] ; DivisorFrequencia:Divisor_inst|clkSaida     ; clk_50       ; clk_50      ; 1.000        ; -0.070     ; 3.724      ;
; -2.748 ; DivisorFrequencia:Divisor_inst|contador[12] ; DivisorFrequencia:Divisor_inst|clkSaida     ; clk_50       ; clk_50      ; 1.000        ; -0.070     ; 3.677      ;
; -2.737 ; DivisorFrequencia:Divisor_inst|contador[20] ; DivisorFrequencia:Divisor_inst|clkSaida     ; clk_50       ; clk_50      ; 1.000        ; -0.070     ; 3.666      ;
; -2.687 ; DivisorFrequencia:Divisor_inst|contador[17] ; DivisorFrequencia:Divisor_inst|clkSaida     ; clk_50       ; clk_50      ; 1.000        ; -0.070     ; 3.616      ;
; -2.614 ; DivisorFrequencia:Divisor_inst|contador[5]  ; DivisorFrequencia:Divisor_inst|clkSaida     ; clk_50       ; clk_50      ; 1.000        ; -0.071     ; 3.542      ;
; -2.529 ; DivisorFrequencia:Divisor_inst|contador[10] ; DivisorFrequencia:Divisor_inst|clkSaida     ; clk_50       ; clk_50      ; 1.000        ; -0.071     ; 3.457      ;
; -2.515 ; DivisorFrequencia:Divisor_inst|contador[24] ; DivisorFrequencia:Divisor_inst|clkSaida     ; clk_50       ; clk_50      ; 1.000        ; -0.070     ; 3.444      ;
; -1.924 ; DivisorFrequencia:Divisor_inst|contador[1]  ; DivisorFrequencia:Divisor_inst|contador[24] ; clk_50       ; clk_50      ; 1.000        ; -0.073     ; 2.850      ;
; -1.850 ; DivisorFrequencia:Divisor_inst|contador[0]  ; DivisorFrequencia:Divisor_inst|contador[24] ; clk_50       ; clk_50      ; 1.000        ; -0.073     ; 2.776      ;
; -1.823 ; DivisorFrequencia:Divisor_inst|contador[0]  ; DivisorFrequencia:Divisor_inst|contador[23] ; clk_50       ; clk_50      ; 1.000        ; -0.073     ; 2.749      ;
; -1.809 ; DivisorFrequencia:Divisor_inst|contador[3]  ; DivisorFrequencia:Divisor_inst|contador[24] ; clk_50       ; clk_50      ; 1.000        ; -0.073     ; 2.735      ;
; -1.808 ; DivisorFrequencia:Divisor_inst|contador[1]  ; DivisorFrequencia:Divisor_inst|contador[22] ; clk_50       ; clk_50      ; 1.000        ; -0.073     ; 2.734      ;
; -1.779 ; DivisorFrequencia:Divisor_inst|contador[1]  ; DivisorFrequencia:Divisor_inst|contador[23] ; clk_50       ; clk_50      ; 1.000        ; -0.073     ; 2.705      ;
; -1.770 ; DivisorFrequencia:Divisor_inst|contador[15] ; DivisorFrequencia:Divisor_inst|contador[0]  ; clk_50       ; clk_50      ; 1.000        ; -0.071     ; 2.698      ;
; -1.770 ; DivisorFrequencia:Divisor_inst|contador[15] ; DivisorFrequencia:Divisor_inst|contador[1]  ; clk_50       ; clk_50      ; 1.000        ; -0.071     ; 2.698      ;
; -1.770 ; DivisorFrequencia:Divisor_inst|contador[15] ; DivisorFrequencia:Divisor_inst|contador[4]  ; clk_50       ; clk_50      ; 1.000        ; -0.071     ; 2.698      ;
; -1.770 ; DivisorFrequencia:Divisor_inst|contador[15] ; DivisorFrequencia:Divisor_inst|contador[5]  ; clk_50       ; clk_50      ; 1.000        ; -0.071     ; 2.698      ;
; -1.763 ; DivisorFrequencia:Divisor_inst|contador[13] ; DivisorFrequencia:Divisor_inst|contador[0]  ; clk_50       ; clk_50      ; 1.000        ; -0.071     ; 2.691      ;
; -1.763 ; DivisorFrequencia:Divisor_inst|contador[13] ; DivisorFrequencia:Divisor_inst|contador[1]  ; clk_50       ; clk_50      ; 1.000        ; -0.071     ; 2.691      ;
; -1.763 ; DivisorFrequencia:Divisor_inst|contador[13] ; DivisorFrequencia:Divisor_inst|contador[4]  ; clk_50       ; clk_50      ; 1.000        ; -0.071     ; 2.691      ;
; -1.763 ; DivisorFrequencia:Divisor_inst|contador[13] ; DivisorFrequencia:Divisor_inst|contador[5]  ; clk_50       ; clk_50      ; 1.000        ; -0.071     ; 2.691      ;
; -1.758 ; DivisorFrequencia:Divisor_inst|contador[23] ; DivisorFrequencia:Divisor_inst|contador[0]  ; clk_50       ; clk_50      ; 1.000        ; -0.071     ; 2.686      ;
; -1.758 ; DivisorFrequencia:Divisor_inst|contador[23] ; DivisorFrequencia:Divisor_inst|contador[1]  ; clk_50       ; clk_50      ; 1.000        ; -0.071     ; 2.686      ;
; -1.758 ; DivisorFrequencia:Divisor_inst|contador[23] ; DivisorFrequencia:Divisor_inst|contador[4]  ; clk_50       ; clk_50      ; 1.000        ; -0.071     ; 2.686      ;
; -1.758 ; DivisorFrequencia:Divisor_inst|contador[23] ; DivisorFrequencia:Divisor_inst|contador[5]  ; clk_50       ; clk_50      ; 1.000        ; -0.071     ; 2.686      ;
; -1.752 ; DivisorFrequencia:Divisor_inst|contador[21] ; DivisorFrequencia:Divisor_inst|contador[0]  ; clk_50       ; clk_50      ; 1.000        ; -0.071     ; 2.680      ;
; -1.752 ; DivisorFrequencia:Divisor_inst|contador[21] ; DivisorFrequencia:Divisor_inst|contador[1]  ; clk_50       ; clk_50      ; 1.000        ; -0.071     ; 2.680      ;
; -1.752 ; DivisorFrequencia:Divisor_inst|contador[21] ; DivisorFrequencia:Divisor_inst|contador[4]  ; clk_50       ; clk_50      ; 1.000        ; -0.071     ; 2.680      ;
; -1.752 ; DivisorFrequencia:Divisor_inst|contador[21] ; DivisorFrequencia:Divisor_inst|contador[5]  ; clk_50       ; clk_50      ; 1.000        ; -0.071     ; 2.680      ;
; -1.734 ; DivisorFrequencia:Divisor_inst|contador[2]  ; DivisorFrequencia:Divisor_inst|contador[24] ; clk_50       ; clk_50      ; 1.000        ; -0.073     ; 2.660      ;
; -1.734 ; DivisorFrequencia:Divisor_inst|contador[0]  ; DivisorFrequencia:Divisor_inst|contador[22] ; clk_50       ; clk_50      ; 1.000        ; -0.073     ; 2.660      ;
; -1.729 ; DivisorFrequencia:Divisor_inst|contador[22] ; DivisorFrequencia:Divisor_inst|contador[0]  ; clk_50       ; clk_50      ; 1.000        ; -0.071     ; 2.657      ;
; -1.729 ; DivisorFrequencia:Divisor_inst|contador[22] ; DivisorFrequencia:Divisor_inst|contador[1]  ; clk_50       ; clk_50      ; 1.000        ; -0.071     ; 2.657      ;
; -1.729 ; DivisorFrequencia:Divisor_inst|contador[22] ; DivisorFrequencia:Divisor_inst|contador[4]  ; clk_50       ; clk_50      ; 1.000        ; -0.071     ; 2.657      ;
; -1.729 ; DivisorFrequencia:Divisor_inst|contador[22] ; DivisorFrequencia:Divisor_inst|contador[5]  ; clk_50       ; clk_50      ; 1.000        ; -0.071     ; 2.657      ;
; -1.707 ; DivisorFrequencia:Divisor_inst|contador[0]  ; DivisorFrequencia:Divisor_inst|contador[21] ; clk_50       ; clk_50      ; 1.000        ; -0.073     ; 2.633      ;
; -1.707 ; DivisorFrequencia:Divisor_inst|contador[2]  ; DivisorFrequencia:Divisor_inst|contador[23] ; clk_50       ; clk_50      ; 1.000        ; -0.073     ; 2.633      ;
; -1.707 ; DivisorFrequencia:Divisor_inst|contador[18] ; DivisorFrequencia:Divisor_inst|contador[0]  ; clk_50       ; clk_50      ; 1.000        ; -0.071     ; 2.635      ;
; -1.707 ; DivisorFrequencia:Divisor_inst|contador[18] ; DivisorFrequencia:Divisor_inst|contador[1]  ; clk_50       ; clk_50      ; 1.000        ; -0.071     ; 2.635      ;
; -1.707 ; DivisorFrequencia:Divisor_inst|contador[18] ; DivisorFrequencia:Divisor_inst|contador[4]  ; clk_50       ; clk_50      ; 1.000        ; -0.071     ; 2.635      ;
; -1.707 ; DivisorFrequencia:Divisor_inst|contador[18] ; DivisorFrequencia:Divisor_inst|contador[5]  ; clk_50       ; clk_50      ; 1.000        ; -0.071     ; 2.635      ;
; -1.702 ; DivisorFrequencia:Divisor_inst|contador[2]  ; DivisorFrequencia:Divisor_inst|contador[0]  ; clk_50       ; clk_50      ; 1.000        ; -0.072     ; 2.629      ;
; -1.702 ; DivisorFrequencia:Divisor_inst|contador[2]  ; DivisorFrequencia:Divisor_inst|contador[1]  ; clk_50       ; clk_50      ; 1.000        ; -0.072     ; 2.629      ;
; -1.702 ; DivisorFrequencia:Divisor_inst|contador[2]  ; DivisorFrequencia:Divisor_inst|contador[4]  ; clk_50       ; clk_50      ; 1.000        ; -0.072     ; 2.629      ;
; -1.702 ; DivisorFrequencia:Divisor_inst|contador[2]  ; DivisorFrequencia:Divisor_inst|contador[5]  ; clk_50       ; clk_50      ; 1.000        ; -0.072     ; 2.629      ;
; -1.700 ; DivisorFrequencia:Divisor_inst|contador[19] ; DivisorFrequencia:Divisor_inst|contador[0]  ; clk_50       ; clk_50      ; 1.000        ; -0.071     ; 2.628      ;
; -1.700 ; DivisorFrequencia:Divisor_inst|contador[19] ; DivisorFrequencia:Divisor_inst|contador[1]  ; clk_50       ; clk_50      ; 1.000        ; -0.071     ; 2.628      ;
; -1.700 ; DivisorFrequencia:Divisor_inst|contador[19] ; DivisorFrequencia:Divisor_inst|contador[4]  ; clk_50       ; clk_50      ; 1.000        ; -0.071     ; 2.628      ;
; -1.700 ; DivisorFrequencia:Divisor_inst|contador[19] ; DivisorFrequencia:Divisor_inst|contador[5]  ; clk_50       ; clk_50      ; 1.000        ; -0.071     ; 2.628      ;
; -1.694 ; DivisorFrequencia:Divisor_inst|contador[4]  ; DivisorFrequencia:Divisor_inst|contador[0]  ; clk_50       ; clk_50      ; 1.000        ; -0.072     ; 2.621      ;
; -1.694 ; DivisorFrequencia:Divisor_inst|contador[4]  ; DivisorFrequencia:Divisor_inst|contador[1]  ; clk_50       ; clk_50      ; 1.000        ; -0.072     ; 2.621      ;
; -1.694 ; DivisorFrequencia:Divisor_inst|contador[4]  ; DivisorFrequencia:Divisor_inst|contador[4]  ; clk_50       ; clk_50      ; 1.000        ; -0.072     ; 2.621      ;
; -1.694 ; DivisorFrequencia:Divisor_inst|contador[4]  ; DivisorFrequencia:Divisor_inst|contador[5]  ; clk_50       ; clk_50      ; 1.000        ; -0.072     ; 2.621      ;
; -1.693 ; DivisorFrequencia:Divisor_inst|contador[5]  ; DivisorFrequencia:Divisor_inst|contador[24] ; clk_50       ; clk_50      ; 1.000        ; -0.073     ; 2.619      ;
; -1.693 ; DivisorFrequencia:Divisor_inst|contador[3]  ; DivisorFrequencia:Divisor_inst|contador[22] ; clk_50       ; clk_50      ; 1.000        ; -0.073     ; 2.619      ;
; -1.692 ; DivisorFrequencia:Divisor_inst|contador[1]  ; DivisorFrequencia:Divisor_inst|contador[20] ; clk_50       ; clk_50      ; 1.000        ; -0.073     ; 2.618      ;
; -1.674 ; DivisorFrequencia:Divisor_inst|contador[3]  ; DivisorFrequencia:Divisor_inst|contador[0]  ; clk_50       ; clk_50      ; 1.000        ; -0.072     ; 2.601      ;
; -1.674 ; DivisorFrequencia:Divisor_inst|contador[3]  ; DivisorFrequencia:Divisor_inst|contador[1]  ; clk_50       ; clk_50      ; 1.000        ; -0.072     ; 2.601      ;
; -1.674 ; DivisorFrequencia:Divisor_inst|contador[3]  ; DivisorFrequencia:Divisor_inst|contador[4]  ; clk_50       ; clk_50      ; 1.000        ; -0.072     ; 2.601      ;
; -1.674 ; DivisorFrequencia:Divisor_inst|contador[3]  ; DivisorFrequencia:Divisor_inst|contador[5]  ; clk_50       ; clk_50      ; 1.000        ; -0.072     ; 2.601      ;
; -1.664 ; DivisorFrequencia:Divisor_inst|contador[3]  ; DivisorFrequencia:Divisor_inst|contador[23] ; clk_50       ; clk_50      ; 1.000        ; -0.073     ; 2.590      ;
; -1.663 ; DivisorFrequencia:Divisor_inst|contador[1]  ; DivisorFrequencia:Divisor_inst|contador[21] ; clk_50       ; clk_50      ; 1.000        ; -0.073     ; 2.589      ;
; -1.662 ; DivisorFrequencia:Divisor_inst|contador[1]  ; DivisorFrequencia:Divisor_inst|contador[0]  ; clk_50       ; clk_50      ; 1.000        ; -0.072     ; 2.589      ;
; -1.662 ; DivisorFrequencia:Divisor_inst|contador[1]  ; DivisorFrequencia:Divisor_inst|contador[1]  ; clk_50       ; clk_50      ; 1.000        ; -0.072     ; 2.589      ;
; -1.662 ; DivisorFrequencia:Divisor_inst|contador[1]  ; DivisorFrequencia:Divisor_inst|contador[4]  ; clk_50       ; clk_50      ; 1.000        ; -0.072     ; 2.589      ;
; -1.662 ; DivisorFrequencia:Divisor_inst|contador[1]  ; DivisorFrequencia:Divisor_inst|contador[5]  ; clk_50       ; clk_50      ; 1.000        ; -0.072     ; 2.589      ;
; -1.618 ; DivisorFrequencia:Divisor_inst|contador[2]  ; DivisorFrequencia:Divisor_inst|contador[22] ; clk_50       ; clk_50      ; 1.000        ; -0.073     ; 2.544      ;
; -1.618 ; DivisorFrequencia:Divisor_inst|contador[0]  ; DivisorFrequencia:Divisor_inst|contador[20] ; clk_50       ; clk_50      ; 1.000        ; -0.073     ; 2.544      ;
; -1.614 ; DivisorFrequencia:Divisor_inst|contador[4]  ; DivisorFrequencia:Divisor_inst|contador[24] ; clk_50       ; clk_50      ; 1.000        ; -0.073     ; 2.540      ;
; -1.609 ; DivisorFrequencia:Divisor_inst|contador[14] ; DivisorFrequencia:Divisor_inst|contador[0]  ; clk_50       ; clk_50      ; 1.000        ; -0.071     ; 2.537      ;
; -1.609 ; DivisorFrequencia:Divisor_inst|contador[14] ; DivisorFrequencia:Divisor_inst|contador[1]  ; clk_50       ; clk_50      ; 1.000        ; -0.071     ; 2.537      ;
; -1.609 ; DivisorFrequencia:Divisor_inst|contador[14] ; DivisorFrequencia:Divisor_inst|contador[4]  ; clk_50       ; clk_50      ; 1.000        ; -0.071     ; 2.537      ;
; -1.609 ; DivisorFrequencia:Divisor_inst|contador[14] ; DivisorFrequencia:Divisor_inst|contador[5]  ; clk_50       ; clk_50      ; 1.000        ; -0.071     ; 2.537      ;
; -1.607 ; DivisorFrequencia:Divisor_inst|contador[7]  ; DivisorFrequencia:Divisor_inst|contador[0]  ; clk_50       ; clk_50      ; 1.000        ; -0.072     ; 2.534      ;
; -1.607 ; DivisorFrequencia:Divisor_inst|contador[7]  ; DivisorFrequencia:Divisor_inst|contador[1]  ; clk_50       ; clk_50      ; 1.000        ; -0.072     ; 2.534      ;
; -1.607 ; DivisorFrequencia:Divisor_inst|contador[7]  ; DivisorFrequencia:Divisor_inst|contador[4]  ; clk_50       ; clk_50      ; 1.000        ; -0.072     ; 2.534      ;
; -1.607 ; DivisorFrequencia:Divisor_inst|contador[7]  ; DivisorFrequencia:Divisor_inst|contador[5]  ; clk_50       ; clk_50      ; 1.000        ; -0.072     ; 2.534      ;
; -1.596 ; DivisorFrequencia:Divisor_inst|contador[4]  ; DivisorFrequencia:Divisor_inst|contador[23] ; clk_50       ; clk_50      ; 1.000        ; -0.073     ; 2.522      ;
; -1.591 ; DivisorFrequencia:Divisor_inst|contador[0]  ; DivisorFrequencia:Divisor_inst|contador[19] ; clk_50       ; clk_50      ; 1.000        ; -0.073     ; 2.517      ;
; -1.591 ; DivisorFrequencia:Divisor_inst|contador[2]  ; DivisorFrequencia:Divisor_inst|contador[21] ; clk_50       ; clk_50      ; 1.000        ; -0.073     ; 2.517      ;
; -1.582 ; DivisorFrequencia:Divisor_inst|contador[9]  ; DivisorFrequencia:Divisor_inst|contador[0]  ; clk_50       ; clk_50      ; 1.000        ; -0.072     ; 2.509      ;
; -1.582 ; DivisorFrequencia:Divisor_inst|contador[9]  ; DivisorFrequencia:Divisor_inst|contador[1]  ; clk_50       ; clk_50      ; 1.000        ; -0.072     ; 2.509      ;
+--------+---------------------------------------------+---------------------------------------------+--------------+-------------+--------------+------------+------------+


+-------------------------------------------------------------------------------------------------------------------------------------------------------------------------+
; Slow 1200mV 0C Model Hold: 'clk_50'                                                                                                                                     ;
+-------+---------------------------------------------+---------------------------------------------+--------------+-------------+--------------+------------+------------+
; Slack ; From Node                                   ; To Node                                     ; Launch Clock ; Latch Clock ; Relationship ; Clock Skew ; Data Delay ;
+-------+---------------------------------------------+---------------------------------------------+--------------+-------------+--------------+------------+------------+
; 0.400 ; DivisorFrequencia:Divisor_inst|contador[24] ; DivisorFrequencia:Divisor_inst|contador[24] ; clk_50       ; clk_50      ; 0.000        ; 0.072      ; 0.643      ;
; 0.586 ; DivisorFrequencia:Divisor_inst|contador[17] ; DivisorFrequencia:Divisor_inst|contador[17] ; clk_50       ; clk_50      ; 0.000        ; 0.072      ; 0.829      ;
; 0.586 ; DivisorFrequencia:Divisor_inst|contador[15] ; DivisorFrequencia:Divisor_inst|contador[15] ; clk_50       ; clk_50      ; 0.000        ; 0.072      ; 0.829      ;
; 0.587 ; DivisorFrequencia:Divisor_inst|contador[13] ; DivisorFrequencia:Divisor_inst|contador[13] ; clk_50       ; clk_50      ; 0.000        ; 0.072      ; 0.830      ;
; 0.588 ; DivisorFrequencia:Divisor_inst|contador[23] ; DivisorFrequencia:Divisor_inst|contador[23] ; clk_50       ; clk_50      ; 0.000        ; 0.072      ; 0.831      ;
; 0.588 ; DivisorFrequencia:Divisor_inst|contador[18] ; DivisorFrequencia:Divisor_inst|contador[18] ; clk_50       ; clk_50      ; 0.000        ; 0.072      ; 0.831      ;
; 0.589 ; DivisorFrequencia:Divisor_inst|contador[12] ; DivisorFrequencia:Divisor_inst|contador[12] ; clk_50       ; clk_50      ; 0.000        ; 0.072      ; 0.832      ;
; 0.590 ; DivisorFrequencia:Divisor_inst|contador[21] ; DivisorFrequencia:Divisor_inst|contador[21] ; clk_50       ; clk_50      ; 0.000        ; 0.072      ; 0.833      ;
; 0.590 ; DivisorFrequencia:Divisor_inst|contador[19] ; DivisorFrequencia:Divisor_inst|contador[19] ; clk_50       ; clk_50      ; 0.000        ; 0.072      ; 0.833      ;
; 0.590 ; DivisorFrequencia:Divisor_inst|contador[14] ; DivisorFrequencia:Divisor_inst|contador[14] ; clk_50       ; clk_50      ; 0.000        ; 0.072      ; 0.833      ;
; 0.591 ; DivisorFrequencia:Divisor_inst|contador[16] ; DivisorFrequencia:Divisor_inst|contador[16] ; clk_50       ; clk_50      ; 0.000        ; 0.072      ; 0.834      ;
; 0.592 ; DivisorFrequencia:Divisor_inst|contador[20] ; DivisorFrequencia:Divisor_inst|contador[20] ; clk_50       ; clk_50      ; 0.000        ; 0.072      ; 0.835      ;
; 0.598 ; DivisorFrequencia:Divisor_inst|contador[11] ; DivisorFrequencia:Divisor_inst|contador[11] ; clk_50       ; clk_50      ; 0.000        ; 0.072      ; 0.841      ;
; 0.598 ; DivisorFrequencia:Divisor_inst|contador[9]  ; DivisorFrequencia:Divisor_inst|contador[9]  ; clk_50       ; clk_50      ; 0.000        ; 0.072      ; 0.841      ;
; 0.599 ; DivisorFrequencia:Divisor_inst|contador[7]  ; DivisorFrequencia:Divisor_inst|contador[7]  ; clk_50       ; clk_50      ; 0.000        ; 0.072      ; 0.842      ;
; 0.600 ; DivisorFrequencia:Divisor_inst|contador[2]  ; DivisorFrequencia:Divisor_inst|contador[2]  ; clk_50       ; clk_50      ; 0.000        ; 0.072      ; 0.843      ;
; 0.602 ; DivisorFrequencia:Divisor_inst|contador[3]  ; DivisorFrequencia:Divisor_inst|contador[3]  ; clk_50       ; clk_50      ; 0.000        ; 0.072      ; 0.845      ;
; 0.603 ; DivisorFrequencia:Divisor_inst|contador[10] ; DivisorFrequencia:Divisor_inst|contador[10] ; clk_50       ; clk_50      ; 0.000        ; 0.072      ; 0.846      ;
; 0.604 ; DivisorFrequencia:Divisor_inst|contador[8]  ; DivisorFrequencia:Divisor_inst|contador[8]  ; clk_50       ; clk_50      ; 0.000        ; 0.072      ; 0.847      ;
; 0.604 ; DivisorFrequencia:Divisor_inst|contador[6]  ; DivisorFrequencia:Divisor_inst|contador[6]  ; clk_50       ; clk_50      ; 0.000        ; 0.072      ; 0.847      ;
; 0.606 ; DivisorFrequencia:Divisor_inst|contador[22] ; DivisorFrequencia:Divisor_inst|contador[22] ; clk_50       ; clk_50      ; 0.000        ; 0.072      ; 0.849      ;
; 0.872 ; DivisorFrequencia:Divisor_inst|contador[17] ; DivisorFrequencia:Divisor_inst|contador[18] ; clk_50       ; clk_50      ; 0.000        ; 0.072      ; 1.115      ;
; 0.872 ; DivisorFrequencia:Divisor_inst|contador[15] ; DivisorFrequencia:Divisor_inst|contador[16] ; clk_50       ; clk_50      ; 0.000        ; 0.072      ; 1.115      ;
; 0.874 ; DivisorFrequencia:Divisor_inst|contador[23] ; DivisorFrequencia:Divisor_inst|contador[24] ; clk_50       ; clk_50      ; 0.000        ; 0.072      ; 1.117      ;
; 0.874 ; DivisorFrequencia:Divisor_inst|contador[13] ; DivisorFrequencia:Divisor_inst|contador[14] ; clk_50       ; clk_50      ; 0.000        ; 0.072      ; 1.117      ;
; 0.876 ; DivisorFrequencia:Divisor_inst|contador[18] ; DivisorFrequencia:Divisor_inst|contador[19] ; clk_50       ; clk_50      ; 0.000        ; 0.072      ; 1.119      ;
; 0.877 ; DivisorFrequencia:Divisor_inst|contador[19] ; DivisorFrequencia:Divisor_inst|contador[20] ; clk_50       ; clk_50      ; 0.000        ; 0.072      ; 1.120      ;
; 0.877 ; DivisorFrequencia:Divisor_inst|contador[21] ; DivisorFrequencia:Divisor_inst|contador[22] ; clk_50       ; clk_50      ; 0.000        ; 0.072      ; 1.120      ;
; 0.877 ; DivisorFrequencia:Divisor_inst|contador[12] ; DivisorFrequencia:Divisor_inst|contador[13] ; clk_50       ; clk_50      ; 0.000        ; 0.072      ; 1.120      ;
; 0.878 ; DivisorFrequencia:Divisor_inst|contador[14] ; DivisorFrequencia:Divisor_inst|contador[15] ; clk_50       ; clk_50      ; 0.000        ; 0.072      ; 1.121      ;
; 0.879 ; DivisorFrequencia:Divisor_inst|contador[16] ; DivisorFrequencia:Divisor_inst|contador[17] ; clk_50       ; clk_50      ; 0.000        ; 0.072      ; 1.122      ;
; 0.880 ; DivisorFrequencia:Divisor_inst|contador[20] ; DivisorFrequencia:Divisor_inst|contador[21] ; clk_50       ; clk_50      ; 0.000        ; 0.072      ; 1.123      ;
; 0.884 ; DivisorFrequencia:Divisor_inst|contador[9]  ; DivisorFrequencia:Divisor_inst|contador[10] ; clk_50       ; clk_50      ; 0.000        ; 0.072      ; 1.127      ;
; 0.885 ; DivisorFrequencia:Divisor_inst|contador[11] ; DivisorFrequencia:Divisor_inst|contador[12] ; clk_50       ; clk_50      ; 0.000        ; 0.071      ; 1.127      ;
; 0.885 ; DivisorFrequencia:Divisor_inst|contador[7]  ; DivisorFrequencia:Divisor_inst|contador[8]  ; clk_50       ; clk_50      ; 0.000        ; 0.072      ; 1.128      ;
; 0.887 ; DivisorFrequencia:Divisor_inst|contador[18] ; DivisorFrequencia:Divisor_inst|contador[20] ; clk_50       ; clk_50      ; 0.000        ; 0.072      ; 1.130      ;
; 0.888 ; DivisorFrequencia:Divisor_inst|contador[2]  ; DivisorFrequencia:Divisor_inst|contador[3]  ; clk_50       ; clk_50      ; 0.000        ; 0.072      ; 1.131      ;
; 0.888 ; DivisorFrequencia:Divisor_inst|contador[12] ; DivisorFrequencia:Divisor_inst|contador[14] ; clk_50       ; clk_50      ; 0.000        ; 0.072      ; 1.131      ;
; 0.889 ; DivisorFrequencia:Divisor_inst|contador[1]  ; DivisorFrequencia:Divisor_inst|contador[2]  ; clk_50       ; clk_50      ; 0.000        ; 0.072      ; 1.132      ;
; 0.889 ; DivisorFrequencia:Divisor_inst|contador[14] ; DivisorFrequencia:Divisor_inst|contador[16] ; clk_50       ; clk_50      ; 0.000        ; 0.072      ; 1.132      ;
; 0.890 ; DivisorFrequencia:Divisor_inst|contador[5]  ; DivisorFrequencia:Divisor_inst|contador[6]  ; clk_50       ; clk_50      ; 0.000        ; 0.072      ; 1.133      ;
; 0.890 ; DivisorFrequencia:Divisor_inst|contador[16] ; DivisorFrequencia:Divisor_inst|contador[18] ; clk_50       ; clk_50      ; 0.000        ; 0.072      ; 1.133      ;
; 0.891 ; DivisorFrequencia:Divisor_inst|contador[10] ; DivisorFrequencia:Divisor_inst|contador[11] ; clk_50       ; clk_50      ; 0.000        ; 0.072      ; 1.134      ;
; 0.891 ; DivisorFrequencia:Divisor_inst|contador[20] ; DivisorFrequencia:Divisor_inst|contador[22] ; clk_50       ; clk_50      ; 0.000        ; 0.072      ; 1.134      ;
; 0.892 ; DivisorFrequencia:Divisor_inst|contador[8]  ; DivisorFrequencia:Divisor_inst|contador[9]  ; clk_50       ; clk_50      ; 0.000        ; 0.072      ; 1.135      ;
; 0.892 ; DivisorFrequencia:Divisor_inst|contador[6]  ; DivisorFrequencia:Divisor_inst|contador[7]  ; clk_50       ; clk_50      ; 0.000        ; 0.072      ; 1.135      ;
; 0.894 ; DivisorFrequencia:Divisor_inst|contador[22] ; DivisorFrequencia:Divisor_inst|contador[23] ; clk_50       ; clk_50      ; 0.000        ; 0.072      ; 1.137      ;
; 0.898 ; DivisorFrequencia:Divisor_inst|contador[0]  ; DivisorFrequencia:Divisor_inst|contador[2]  ; clk_50       ; clk_50      ; 0.000        ; 0.072      ; 1.141      ;
; 0.903 ; DivisorFrequencia:Divisor_inst|contador[8]  ; DivisorFrequencia:Divisor_inst|contador[10] ; clk_50       ; clk_50      ; 0.000        ; 0.072      ; 1.146      ;
; 0.903 ; DivisorFrequencia:Divisor_inst|contador[10] ; DivisorFrequencia:Divisor_inst|contador[12] ; clk_50       ; clk_50      ; 0.000        ; 0.071      ; 1.145      ;
; 0.903 ; DivisorFrequencia:Divisor_inst|contador[6]  ; DivisorFrequencia:Divisor_inst|contador[8]  ; clk_50       ; clk_50      ; 0.000        ; 0.072      ; 1.146      ;
; 0.904 ; DivisorFrequencia:Divisor_inst|contador[4]  ; DivisorFrequencia:Divisor_inst|contador[6]  ; clk_50       ; clk_50      ; 0.000        ; 0.072      ; 1.147      ;
; 0.905 ; DivisorFrequencia:Divisor_inst|contador[22] ; DivisorFrequencia:Divisor_inst|contador[24] ; clk_50       ; clk_50      ; 0.000        ; 0.072      ; 1.148      ;
; 0.971 ; DivisorFrequencia:Divisor_inst|contador[17] ; DivisorFrequencia:Divisor_inst|contador[19] ; clk_50       ; clk_50      ; 0.000        ; 0.072      ; 1.214      ;
; 0.971 ; DivisorFrequencia:Divisor_inst|contador[15] ; DivisorFrequencia:Divisor_inst|contador[17] ; clk_50       ; clk_50      ; 0.000        ; 0.072      ; 1.214      ;
; 0.973 ; DivisorFrequencia:Divisor_inst|contador[13] ; DivisorFrequencia:Divisor_inst|contador[15] ; clk_50       ; clk_50      ; 0.000        ; 0.072      ; 1.216      ;
; 0.976 ; DivisorFrequencia:Divisor_inst|contador[19] ; DivisorFrequencia:Divisor_inst|contador[21] ; clk_50       ; clk_50      ; 0.000        ; 0.072      ; 1.219      ;
; 0.976 ; DivisorFrequencia:Divisor_inst|contador[21] ; DivisorFrequencia:Divisor_inst|contador[23] ; clk_50       ; clk_50      ; 0.000        ; 0.072      ; 1.219      ;
; 0.982 ; DivisorFrequencia:Divisor_inst|contador[17] ; DivisorFrequencia:Divisor_inst|contador[20] ; clk_50       ; clk_50      ; 0.000        ; 0.072      ; 1.225      ;
; 0.982 ; DivisorFrequencia:Divisor_inst|contador[15] ; DivisorFrequencia:Divisor_inst|contador[18] ; clk_50       ; clk_50      ; 0.000        ; 0.072      ; 1.225      ;
; 0.983 ; DivisorFrequencia:Divisor_inst|contador[9]  ; DivisorFrequencia:Divisor_inst|contador[11] ; clk_50       ; clk_50      ; 0.000        ; 0.072      ; 1.226      ;
; 0.984 ; DivisorFrequencia:Divisor_inst|contador[11] ; DivisorFrequencia:Divisor_inst|contador[13] ; clk_50       ; clk_50      ; 0.000        ; 0.071      ; 1.226      ;
; 0.984 ; DivisorFrequencia:Divisor_inst|contador[13] ; DivisorFrequencia:Divisor_inst|contador[16] ; clk_50       ; clk_50      ; 0.000        ; 0.072      ; 1.227      ;
; 0.984 ; DivisorFrequencia:Divisor_inst|contador[7]  ; DivisorFrequencia:Divisor_inst|contador[9]  ; clk_50       ; clk_50      ; 0.000        ; 0.072      ; 1.227      ;
; 0.986 ; DivisorFrequencia:Divisor_inst|contador[18] ; DivisorFrequencia:Divisor_inst|contador[21] ; clk_50       ; clk_50      ; 0.000        ; 0.072      ; 1.229      ;
; 0.987 ; DivisorFrequencia:Divisor_inst|contador[19] ; DivisorFrequencia:Divisor_inst|contador[22] ; clk_50       ; clk_50      ; 0.000        ; 0.072      ; 1.230      ;
; 0.987 ; DivisorFrequencia:Divisor_inst|contador[21] ; DivisorFrequencia:Divisor_inst|contador[24] ; clk_50       ; clk_50      ; 0.000        ; 0.072      ; 1.230      ;
; 0.987 ; DivisorFrequencia:Divisor_inst|contador[12] ; DivisorFrequencia:Divisor_inst|contador[15] ; clk_50       ; clk_50      ; 0.000        ; 0.072      ; 1.230      ;
; 0.988 ; DivisorFrequencia:Divisor_inst|contador[1]  ; DivisorFrequencia:Divisor_inst|contador[3]  ; clk_50       ; clk_50      ; 0.000        ; 0.072      ; 1.231      ;
; 0.988 ; DivisorFrequencia:Divisor_inst|contador[14] ; DivisorFrequencia:Divisor_inst|contador[17] ; clk_50       ; clk_50      ; 0.000        ; 0.072      ; 1.231      ;
; 0.989 ; DivisorFrequencia:Divisor_inst|contador[5]  ; DivisorFrequencia:Divisor_inst|contador[7]  ; clk_50       ; clk_50      ; 0.000        ; 0.072      ; 1.232      ;
; 0.989 ; DivisorFrequencia:Divisor_inst|contador[16] ; DivisorFrequencia:Divisor_inst|contador[19] ; clk_50       ; clk_50      ; 0.000        ; 0.072      ; 1.232      ;
; 0.990 ; DivisorFrequencia:Divisor_inst|contador[20] ; DivisorFrequencia:Divisor_inst|contador[23] ; clk_50       ; clk_50      ; 0.000        ; 0.072      ; 1.233      ;
; 0.995 ; DivisorFrequencia:Divisor_inst|contador[11] ; DivisorFrequencia:Divisor_inst|contador[14] ; clk_50       ; clk_50      ; 0.000        ; 0.071      ; 1.237      ;
; 0.995 ; DivisorFrequencia:Divisor_inst|contador[7]  ; DivisorFrequencia:Divisor_inst|contador[10] ; clk_50       ; clk_50      ; 0.000        ; 0.072      ; 1.238      ;
; 0.995 ; DivisorFrequencia:Divisor_inst|contador[9]  ; DivisorFrequencia:Divisor_inst|contador[12] ; clk_50       ; clk_50      ; 0.000        ; 0.071      ; 1.237      ;
; 0.997 ; DivisorFrequencia:Divisor_inst|contador[18] ; DivisorFrequencia:Divisor_inst|contador[22] ; clk_50       ; clk_50      ; 0.000        ; 0.072      ; 1.240      ;
; 0.997 ; DivisorFrequencia:Divisor_inst|contador[0]  ; DivisorFrequencia:Divisor_inst|contador[3]  ; clk_50       ; clk_50      ; 0.000        ; 0.072      ; 1.240      ;
; 0.998 ; DivisorFrequencia:Divisor_inst|contador[12] ; DivisorFrequencia:Divisor_inst|contador[16] ; clk_50       ; clk_50      ; 0.000        ; 0.072      ; 1.241      ;
; 0.999 ; DivisorFrequencia:Divisor_inst|contador[3]  ; DivisorFrequencia:Divisor_inst|contador[6]  ; clk_50       ; clk_50      ; 0.000        ; 0.072      ; 1.242      ;
; 0.999 ; DivisorFrequencia:Divisor_inst|contador[14] ; DivisorFrequencia:Divisor_inst|contador[18] ; clk_50       ; clk_50      ; 0.000        ; 0.072      ; 1.242      ;
; 1.000 ; DivisorFrequencia:Divisor_inst|contador[5]  ; DivisorFrequencia:Divisor_inst|contador[8]  ; clk_50       ; clk_50      ; 0.000        ; 0.072      ; 1.243      ;
; 1.000 ; DivisorFrequencia:Divisor_inst|contador[16] ; DivisorFrequencia:Divisor_inst|contador[20] ; clk_50       ; clk_50      ; 0.000        ; 0.072      ; 1.243      ;
; 1.001 ; DivisorFrequencia:Divisor_inst|contador[20] ; DivisorFrequencia:Divisor_inst|contador[24] ; clk_50       ; clk_50      ; 0.000        ; 0.072      ; 1.244      ;
; 1.002 ; DivisorFrequencia:Divisor_inst|contador[8]  ; DivisorFrequencia:Divisor_inst|contador[11] ; clk_50       ; clk_50      ; 0.000        ; 0.072      ; 1.245      ;
; 1.002 ; DivisorFrequencia:Divisor_inst|contador[10] ; DivisorFrequencia:Divisor_inst|contador[13] ; clk_50       ; clk_50      ; 0.000        ; 0.071      ; 1.244      ;
; 1.002 ; DivisorFrequencia:Divisor_inst|contador[6]  ; DivisorFrequencia:Divisor_inst|contador[9]  ; clk_50       ; clk_50      ; 0.000        ; 0.072      ; 1.245      ;
; 1.003 ; DivisorFrequencia:Divisor_inst|contador[4]  ; DivisorFrequencia:Divisor_inst|contador[7]  ; clk_50       ; clk_50      ; 0.000        ; 0.072      ; 1.246      ;
; 1.009 ; DivisorFrequencia:Divisor_inst|contador[2]  ; DivisorFrequencia:Divisor_inst|contador[6]  ; clk_50       ; clk_50      ; 0.000        ; 0.072      ; 1.252      ;
; 1.013 ; DivisorFrequencia:Divisor_inst|contador[10] ; DivisorFrequencia:Divisor_inst|contador[14] ; clk_50       ; clk_50      ; 0.000        ; 0.071      ; 1.255      ;
; 1.013 ; DivisorFrequencia:Divisor_inst|contador[6]  ; DivisorFrequencia:Divisor_inst|contador[10] ; clk_50       ; clk_50      ; 0.000        ; 0.072      ; 1.256      ;
; 1.014 ; DivisorFrequencia:Divisor_inst|contador[8]  ; DivisorFrequencia:Divisor_inst|contador[12] ; clk_50       ; clk_50      ; 0.000        ; 0.071      ; 1.256      ;
; 1.014 ; DivisorFrequencia:Divisor_inst|contador[4]  ; DivisorFrequencia:Divisor_inst|contador[8]  ; clk_50       ; clk_50      ; 0.000        ; 0.072      ; 1.257      ;
; 1.065 ; DivisorFrequencia:Divisor_inst|contador[0]  ; DivisorFrequencia:Divisor_inst|contador[0]  ; clk_50       ; clk_50      ; 0.000        ; 0.072      ; 1.308      ;
; 1.081 ; DivisorFrequencia:Divisor_inst|contador[17] ; DivisorFrequencia:Divisor_inst|contador[21] ; clk_50       ; clk_50      ; 0.000        ; 0.072      ; 1.324      ;
; 1.081 ; DivisorFrequencia:Divisor_inst|contador[15] ; DivisorFrequencia:Divisor_inst|contador[19] ; clk_50       ; clk_50      ; 0.000        ; 0.072      ; 1.324      ;
; 1.083 ; DivisorFrequencia:Divisor_inst|contador[13] ; DivisorFrequencia:Divisor_inst|contador[17] ; clk_50       ; clk_50      ; 0.000        ; 0.072      ; 1.326      ;
; 1.086 ; DivisorFrequencia:Divisor_inst|contador[19] ; DivisorFrequencia:Divisor_inst|contador[23] ; clk_50       ; clk_50      ; 0.000        ; 0.072      ; 1.329      ;
; 1.092 ; DivisorFrequencia:Divisor_inst|contador[17] ; DivisorFrequencia:Divisor_inst|contador[22] ; clk_50       ; clk_50      ; 0.000        ; 0.072      ; 1.335      ;
; 1.092 ; DivisorFrequencia:Divisor_inst|contador[15] ; DivisorFrequencia:Divisor_inst|contador[20] ; clk_50       ; clk_50      ; 0.000        ; 0.072      ; 1.335      ;
+-------+---------------------------------------------+---------------------------------------------+--------------+-------------+--------------+------------+------------+


+----------------------------------------------------------------------------------------------------------------------------------------------------------------------------------------------------------------------------------+
; Slow 1200mV 0C Model Hold: 'DivisorFrequencia:Divisor_inst|clkSaida'                                                                                                                                                             ;
+-------+----------------------------------------+----------------------------------------------------+-----------------------------------------+-----------------------------------------+--------------+------------+------------+
; Slack ; From Node                              ; To Node                                            ; Launch Clock                            ; Latch Clock                             ; Relationship ; Clock Skew ; Data Delay ;
+-------+----------------------------------------+----------------------------------------------------+-----------------------------------------+-----------------------------------------+--------------+------------+------------+
; 0.906 ; SP[4]                                  ; SP[4]                                              ; DivisorFrequencia:Divisor_inst|clkSaida ; DivisorFrequencia:Divisor_inst|clkSaida ; 0.000        ; 0.073      ; 1.150      ;
; 0.907 ; SP[5]                                  ; SP[5]                                              ; DivisorFrequencia:Divisor_inst|clkSaida ; DivisorFrequencia:Divisor_inst|clkSaida ; 0.000        ; 0.073      ; 1.151      ;
; 0.910 ; SP[2]                                  ; SP[2]                                              ; DivisorFrequencia:Divisor_inst|clkSaida ; DivisorFrequencia:Divisor_inst|clkSaida ; 0.000        ; 0.073      ; 1.154      ;
; 0.928 ; SP[0]                                  ; SP[0]                                              ; DivisorFrequencia:Divisor_inst|clkSaida ; DivisorFrequencia:Divisor_inst|clkSaida ; 0.000        ; 0.073      ; 1.172      ;
; 1.020 ; SP[3]                                  ; SP[3]                                              ; DivisorFrequencia:Divisor_inst|clkSaida ; DivisorFrequencia:Divisor_inst|clkSaida ; 0.000        ; 0.073      ; 1.264      ;
; 1.091 ; ControleSinal:io_signal_control|saida  ; ControleSaida:display_controller|valor_exibido[28] ; btn_in                                  ; DivisorFrequencia:Divisor_inst|clkSaida ; -0.500       ; 0.458      ; 1.250      ;
; 1.092 ; ControleSinal:io_signal_control|saida  ; ControleSaida:display_controller|valor_exibido[26] ; btn_in                                  ; DivisorFrequencia:Divisor_inst|clkSaida ; -0.500       ; 0.458      ; 1.251      ;
; 1.092 ; ControleSinal:io_signal_control|saida  ; ControleSaida:display_controller|valor_exibido[31] ; btn_in                                  ; DivisorFrequencia:Divisor_inst|clkSaida ; -0.500       ; 0.458      ; 1.251      ;
; 1.094 ; ControleSinal:io_signal_control|saida  ; ControleSaida:display_controller|valor_exibido[27] ; btn_in                                  ; DivisorFrequencia:Divisor_inst|clkSaida ; -0.500       ; 0.458      ; 1.253      ;
; 1.096 ; ControleSinal:io_signal_control|saida  ; ControleSaida:display_controller|valor_exibido[24] ; btn_in                                  ; DivisorFrequencia:Divisor_inst|clkSaida ; -0.500       ; 0.458      ; 1.255      ;
; 1.097 ; ControleSinal:io_signal_control|saida  ; ControleSaida:display_controller|valor_exibido[25] ; btn_in                                  ; DivisorFrequencia:Divisor_inst|clkSaida ; -0.500       ; 0.458      ; 1.256      ;
; 1.098 ; ControleSinal:io_signal_control|saida  ; ControleSaida:display_controller|valor_exibido[30] ; btn_in                                  ; DivisorFrequencia:Divisor_inst|clkSaida ; -0.500       ; 0.458      ; 1.257      ;
; 1.099 ; ControleSinal:io_signal_control|saida  ; ControleSaida:display_controller|valor_exibido[21] ; btn_in                                  ; DivisorFrequencia:Divisor_inst|clkSaida ; -0.500       ; 0.458      ; 1.258      ;
; 1.099 ; ControleSinal:io_signal_control|saida  ; ControleSaida:display_controller|valor_exibido[22] ; btn_in                                  ; DivisorFrequencia:Divisor_inst|clkSaida ; -0.500       ; 0.458      ; 1.258      ;
; 1.100 ; ControleSinal:io_signal_control|saida  ; ControleSaida:display_controller|valor_exibido[19] ; btn_in                                  ; DivisorFrequencia:Divisor_inst|clkSaida ; -0.500       ; 0.458      ; 1.259      ;
; 1.100 ; ControleSinal:io_signal_control|saida  ; ControleSaida:display_controller|valor_exibido[23] ; btn_in                                  ; DivisorFrequencia:Divisor_inst|clkSaida ; -0.500       ; 0.458      ; 1.259      ;
; 1.164 ; SP[1]                                  ; SP[1]                                              ; DivisorFrequencia:Divisor_inst|clkSaida ; DivisorFrequencia:Divisor_inst|clkSaida ; 0.000        ; 0.073      ; 1.408      ;
; 1.190 ; ControleSinal:io_signal_control|saida  ; ControleSaida:display_controller|valor_exibido[20] ; btn_in                                  ; DivisorFrequencia:Divisor_inst|clkSaida ; -0.500       ; 0.457      ; 1.348      ;
; 1.192 ; SP[4]                                  ; SP[5]                                              ; DivisorFrequencia:Divisor_inst|clkSaida ; DivisorFrequencia:Divisor_inst|clkSaida ; 0.000        ; 0.073      ; 1.436      ;
; 1.207 ; SP[3]                                  ; SP[4]                                              ; DivisorFrequencia:Divisor_inst|clkSaida ; DivisorFrequencia:Divisor_inst|clkSaida ; 0.000        ; 0.073      ; 1.451      ;
; 1.208 ; SP[3]                                  ; SP[5]                                              ; DivisorFrequencia:Divisor_inst|clkSaida ; DivisorFrequencia:Divisor_inst|clkSaida ; 0.000        ; 0.073      ; 1.452      ;
; 1.303 ; SP[2]                                  ; SP[4]                                              ; DivisorFrequencia:Divisor_inst|clkSaida ; DivisorFrequencia:Divisor_inst|clkSaida ; 0.000        ; 0.073      ; 1.547      ;
; 1.304 ; SP[2]                                  ; SP[5]                                              ; DivisorFrequencia:Divisor_inst|clkSaida ; DivisorFrequencia:Divisor_inst|clkSaida ; 0.000        ; 0.073      ; 1.548      ;
; 1.307 ; SP[2]                                  ; SP[3]                                              ; DivisorFrequencia:Divisor_inst|clkSaida ; DivisorFrequencia:Divisor_inst|clkSaida ; 0.000        ; 0.073      ; 1.551      ;
; 1.324 ; SP[0]                                  ; SP[2]                                              ; DivisorFrequencia:Divisor_inst|clkSaida ; DivisorFrequencia:Divisor_inst|clkSaida ; 0.000        ; 0.073      ; 1.568      ;
; 1.327 ; SP[0]                                  ; SP[1]                                              ; DivisorFrequencia:Divisor_inst|clkSaida ; DivisorFrequencia:Divisor_inst|clkSaida ; 0.000        ; 0.073      ; 1.571      ;
; 1.332 ; SP[1]                                  ; SP[2]                                              ; DivisorFrequencia:Divisor_inst|clkSaida ; DivisorFrequencia:Divisor_inst|clkSaida ; 0.000        ; 0.073      ; 1.576      ;
; 1.412 ; ControleSinal:io_signal_control|saida  ; ControleSaida:display_controller|valor_exibido[4]  ; btn_in                                  ; DivisorFrequencia:Divisor_inst|clkSaida ; -0.500       ; 0.458      ; 1.571      ;
; 1.412 ; ControleSinal:io_signal_control|saida  ; ControleSaida:display_controller|valor_exibido[3]  ; btn_in                                  ; DivisorFrequencia:Divisor_inst|clkSaida ; -0.500       ; 0.458      ; 1.571      ;
; 1.432 ; SP[0]                                  ; SP[4]                                              ; DivisorFrequencia:Divisor_inst|clkSaida ; DivisorFrequencia:Divisor_inst|clkSaida ; 0.000        ; 0.073      ; 1.676      ;
; 1.433 ; SP[0]                                  ; SP[5]                                              ; DivisorFrequencia:Divisor_inst|clkSaida ; DivisorFrequencia:Divisor_inst|clkSaida ; 0.000        ; 0.073      ; 1.677      ;
; 1.436 ; SP[0]                                  ; SP[3]                                              ; DivisorFrequencia:Divisor_inst|clkSaida ; DivisorFrequencia:Divisor_inst|clkSaida ; 0.000        ; 0.073      ; 1.680      ;
; 1.440 ; SP[1]                                  ; SP[4]                                              ; DivisorFrequencia:Divisor_inst|clkSaida ; DivisorFrequencia:Divisor_inst|clkSaida ; 0.000        ; 0.073      ; 1.684      ;
; 1.461 ; SP[1]                                  ; SP[5]                                              ; DivisorFrequencia:Divisor_inst|clkSaida ; DivisorFrequencia:Divisor_inst|clkSaida ; 0.000        ; 0.073      ; 1.705      ;
; 1.464 ; SP[1]                                  ; SP[3]                                              ; DivisorFrequencia:Divisor_inst|clkSaida ; DivisorFrequencia:Divisor_inst|clkSaida ; 0.000        ; 0.073      ; 1.708      ;
; 1.622 ; banco:banco_inst|registradores[3][27]  ; ram:ram_inst|ram~2043                              ; DivisorFrequencia:Divisor_inst|clkSaida ; DivisorFrequencia:Divisor_inst|clkSaida ; 0.000        ; -0.308     ; 1.485      ;
; 1.630 ; ControleSinal:io_signal_control|saida  ; ControleSaida:display_controller|valor_exibido[9]  ; btn_in                                  ; DivisorFrequencia:Divisor_inst|clkSaida ; -0.500       ; 0.457      ; 1.788      ;
; 1.630 ; ControleSinal:io_signal_control|saida  ; ControleSaida:display_controller|valor_exibido[2]  ; btn_in                                  ; DivisorFrequencia:Divisor_inst|clkSaida ; -0.500       ; 0.457      ; 1.788      ;
; 1.630 ; ControleSinal:io_signal_control|saida  ; ControleSaida:display_controller|valor_exibido[29] ; btn_in                                  ; DivisorFrequencia:Divisor_inst|clkSaida ; -0.500       ; 0.458      ; 1.789      ;
; 1.631 ; ControleSinal:io_signal_control|saida  ; ControleSaida:display_controller|valor_exibido[5]  ; btn_in                                  ; DivisorFrequencia:Divisor_inst|clkSaida ; -0.500       ; 0.457      ; 1.789      ;
; 1.633 ; ControleSinal:io_signal_control|saida  ; ControleSaida:display_controller|valor_exibido[15] ; btn_in                                  ; DivisorFrequencia:Divisor_inst|clkSaida ; -0.500       ; 0.457      ; 1.791      ;
; 1.635 ; ControleSinal:io_signal_control|saida  ; ControleSaida:display_controller|valor_exibido[16] ; btn_in                                  ; DivisorFrequencia:Divisor_inst|clkSaida ; -0.500       ; 0.457      ; 1.793      ;
; 1.635 ; ControleSinal:io_signal_control|saida  ; ControleSaida:display_controller|valor_exibido[6]  ; btn_in                                  ; DivisorFrequencia:Divisor_inst|clkSaida ; -0.500       ; 0.457      ; 1.793      ;
; 1.636 ; ControleSinal:io_signal_control|saida  ; ControleSaida:display_controller|valor_exibido[8]  ; btn_in                                  ; DivisorFrequencia:Divisor_inst|clkSaida ; -0.500       ; 0.457      ; 1.794      ;
; 1.636 ; ControleSinal:io_signal_control|saida  ; ControleSaida:display_controller|valor_exibido[0]  ; btn_in                                  ; DivisorFrequencia:Divisor_inst|clkSaida ; -0.500       ; 0.457      ; 1.794      ;
; 1.637 ; ControleSinal:io_signal_control|saida  ; ControleSaida:display_controller|valor_exibido[7]  ; btn_in                                  ; DivisorFrequencia:Divisor_inst|clkSaida ; -0.500       ; 0.457      ; 1.795      ;
; 1.752 ; banco:banco_inst|registradores[3][19]  ; ControleSaida:display_controller|valor_exibido[19] ; DivisorFrequencia:Divisor_inst|clkSaida ; DivisorFrequencia:Divisor_inst|clkSaida ; 0.000        ; 0.130      ; 2.053      ;
; 1.783 ; ControleSinal:io_signal_control|saida  ; ControleSaida:display_controller|valor_exibido[17] ; btn_in                                  ; DivisorFrequencia:Divisor_inst|clkSaida ; -0.500       ; 0.458      ; 1.942      ;
; 1.783 ; ControleSinal:io_signal_control|saida  ; ControleSaida:display_controller|valor_exibido[10] ; btn_in                                  ; DivisorFrequencia:Divisor_inst|clkSaida ; -0.500       ; 0.458      ; 1.942      ;
; 1.783 ; ControleSinal:io_signal_control|saida  ; ControleSaida:display_controller|valor_exibido[1]  ; btn_in                                  ; DivisorFrequencia:Divisor_inst|clkSaida ; -0.500       ; 0.458      ; 1.942      ;
; 1.784 ; ControleSinal:io_signal_control|saida  ; ControleSaida:display_controller|valor_exibido[14] ; btn_in                                  ; DivisorFrequencia:Divisor_inst|clkSaida ; -0.500       ; 0.458      ; 1.943      ;
; 1.784 ; ControleSinal:io_signal_control|saida  ; ControleSaida:display_controller|valor_exibido[12] ; btn_in                                  ; DivisorFrequencia:Divisor_inst|clkSaida ; -0.500       ; 0.458      ; 1.943      ;
; 1.784 ; ControleSinal:io_signal_control|saida  ; ControleSaida:display_controller|valor_exibido[11] ; btn_in                                  ; DivisorFrequencia:Divisor_inst|clkSaida ; -0.500       ; 0.458      ; 1.943      ;
; 1.785 ; ControleSinal:io_signal_control|saida  ; ControleSaida:display_controller|valor_exibido[13] ; btn_in                                  ; DivisorFrequencia:Divisor_inst|clkSaida ; -0.500       ; 0.458      ; 1.944      ;
; 1.808 ; ram:ram_inst|ram~1012                  ; banco:banco_inst|registradores[7][20]              ; DivisorFrequencia:Divisor_inst|clkSaida ; DivisorFrequencia:Divisor_inst|clkSaida ; 0.000        ; 0.072      ; 2.051      ;
; 1.831 ; ControleSinal:io_signal_control|saida  ; ControleSaida:display_controller|valor_exibido[18] ; btn_in                                  ; DivisorFrequencia:Divisor_inst|clkSaida ; -0.500       ; 0.458      ; 1.990      ;
; 1.934 ; ram:ram_inst|ram~746                   ; banco:banco_inst|registradores[7][10]              ; DivisorFrequencia:Divisor_inst|clkSaida ; DivisorFrequencia:Divisor_inst|clkSaida ; 0.000        ; 0.073      ; 2.178      ;
; 1.947 ; ControleSinal:io_signal_control|saida  ; PC:PC_inst|PC_reg[6]                               ; btn_in                                  ; DivisorFrequencia:Divisor_inst|clkSaida ; 0.000        ; 0.010      ; 2.158      ;
; 1.947 ; ControleSinal:io_signal_control|saida  ; PC:PC_inst|PC_reg[7]                               ; btn_in                                  ; DivisorFrequencia:Divisor_inst|clkSaida ; 0.000        ; 0.010      ; 2.158      ;
; 1.966 ; ram:ram_inst|ram~1246                  ; banco:banco_inst|registradores[7][30]              ; DivisorFrequencia:Divisor_inst|clkSaida ; DivisorFrequencia:Divisor_inst|clkSaida ; 0.000        ; -0.271     ; 1.866      ;
; 1.994 ; ControleSinal:out_signal_control|saida ; PC:PC_inst|PC_reg[6]                               ; btn_in                                  ; DivisorFrequencia:Divisor_inst|clkSaida ; 0.000        ; 0.010      ; 2.205      ;
; 1.994 ; ControleSinal:out_signal_control|saida ; PC:PC_inst|PC_reg[7]                               ; btn_in                                  ; DivisorFrequencia:Divisor_inst|clkSaida ; 0.000        ; 0.010      ; 2.205      ;
; 2.101 ; ControleSinal:io_signal_control|saida  ; PC:PC_inst|PC_reg[9]                               ; btn_in                                  ; DivisorFrequencia:Divisor_inst|clkSaida ; 0.000        ; 0.385      ; 2.687      ;
; 2.101 ; ControleSinal:io_signal_control|saida  ; PC:PC_inst|PC_reg[22]                              ; btn_in                                  ; DivisorFrequencia:Divisor_inst|clkSaida ; 0.000        ; 0.385      ; 2.687      ;
; 2.101 ; ControleSinal:io_signal_control|saida  ; PC:PC_inst|PC_reg[24]                              ; btn_in                                  ; DivisorFrequencia:Divisor_inst|clkSaida ; 0.000        ; 0.385      ; 2.687      ;
; 2.113 ; ControleSinal:io_signal_control|saida  ; PC:PC_inst|PC_reg[10]                              ; btn_in                                  ; DivisorFrequencia:Divisor_inst|clkSaida ; 0.000        ; 0.386      ; 2.700      ;
; 2.113 ; ControleSinal:io_signal_control|saida  ; PC:PC_inst|PC_reg[11]                              ; btn_in                                  ; DivisorFrequencia:Divisor_inst|clkSaida ; 0.000        ; 0.386      ; 2.700      ;
; 2.113 ; ControleSinal:io_signal_control|saida  ; PC:PC_inst|PC_reg[13]                              ; btn_in                                  ; DivisorFrequencia:Divisor_inst|clkSaida ; 0.000        ; 0.386      ; 2.700      ;
; 2.113 ; ControleSinal:io_signal_control|saida  ; PC:PC_inst|PC_reg[14]                              ; btn_in                                  ; DivisorFrequencia:Divisor_inst|clkSaida ; 0.000        ; 0.386      ; 2.700      ;
; 2.113 ; ControleSinal:io_signal_control|saida  ; PC:PC_inst|PC_reg[15]                              ; btn_in                                  ; DivisorFrequencia:Divisor_inst|clkSaida ; 0.000        ; 0.386      ; 2.700      ;
; 2.113 ; ControleSinal:io_signal_control|saida  ; PC:PC_inst|PC_reg[16]                              ; btn_in                                  ; DivisorFrequencia:Divisor_inst|clkSaida ; 0.000        ; 0.386      ; 2.700      ;
; 2.113 ; ControleSinal:io_signal_control|saida  ; PC:PC_inst|PC_reg[18]                              ; btn_in                                  ; DivisorFrequencia:Divisor_inst|clkSaida ; 0.000        ; 0.386      ; 2.700      ;
; 2.113 ; ControleSinal:io_signal_control|saida  ; PC:PC_inst|PC_reg[19]                              ; btn_in                                  ; DivisorFrequencia:Divisor_inst|clkSaida ; 0.000        ; 0.386      ; 2.700      ;
; 2.113 ; ControleSinal:io_signal_control|saida  ; PC:PC_inst|PC_reg[20]                              ; btn_in                                  ; DivisorFrequencia:Divisor_inst|clkSaida ; 0.000        ; 0.386      ; 2.700      ;
; 2.113 ; ControleSinal:io_signal_control|saida  ; PC:PC_inst|PC_reg[30]                              ; btn_in                                  ; DivisorFrequencia:Divisor_inst|clkSaida ; 0.000        ; 0.386      ; 2.700      ;
; 2.123 ; ram:ram_inst|ram~1592                  ; banco:banco_inst|registradores[7][24]              ; DivisorFrequencia:Divisor_inst|clkSaida ; DivisorFrequencia:Divisor_inst|clkSaida ; 0.000        ; 0.073      ; 2.367      ;
; 2.134 ; ram:ram_inst|ram~1529                  ; banco:banco_inst|registradores[7][25]              ; DivisorFrequencia:Divisor_inst|clkSaida ; DivisorFrequencia:Divisor_inst|clkSaida ; 0.000        ; -0.271     ; 2.034      ;
; 2.145 ; ram:ram_inst|ram~972                   ; banco:banco_inst|registradores[7][12]              ; DivisorFrequencia:Divisor_inst|clkSaida ; DivisorFrequencia:Divisor_inst|clkSaida ; 0.000        ; -0.277     ; 2.039      ;
; 2.148 ; ControleSinal:out_signal_control|saida ; PC:PC_inst|PC_reg[9]                               ; btn_in                                  ; DivisorFrequencia:Divisor_inst|clkSaida ; 0.000        ; 0.385      ; 2.734      ;
; 2.148 ; ControleSinal:out_signal_control|saida ; PC:PC_inst|PC_reg[22]                              ; btn_in                                  ; DivisorFrequencia:Divisor_inst|clkSaida ; 0.000        ; 0.385      ; 2.734      ;
; 2.148 ; ControleSinal:out_signal_control|saida ; PC:PC_inst|PC_reg[24]                              ; btn_in                                  ; DivisorFrequencia:Divisor_inst|clkSaida ; 0.000        ; 0.385      ; 2.734      ;
; 2.160 ; ControleSinal:out_signal_control|saida ; PC:PC_inst|PC_reg[10]                              ; btn_in                                  ; DivisorFrequencia:Divisor_inst|clkSaida ; 0.000        ; 0.386      ; 2.747      ;
; 2.160 ; ControleSinal:out_signal_control|saida ; PC:PC_inst|PC_reg[11]                              ; btn_in                                  ; DivisorFrequencia:Divisor_inst|clkSaida ; 0.000        ; 0.386      ; 2.747      ;
; 2.160 ; ControleSinal:out_signal_control|saida ; PC:PC_inst|PC_reg[13]                              ; btn_in                                  ; DivisorFrequencia:Divisor_inst|clkSaida ; 0.000        ; 0.386      ; 2.747      ;
; 2.160 ; ControleSinal:out_signal_control|saida ; PC:PC_inst|PC_reg[14]                              ; btn_in                                  ; DivisorFrequencia:Divisor_inst|clkSaida ; 0.000        ; 0.386      ; 2.747      ;
; 2.160 ; ControleSinal:out_signal_control|saida ; PC:PC_inst|PC_reg[15]                              ; btn_in                                  ; DivisorFrequencia:Divisor_inst|clkSaida ; 0.000        ; 0.386      ; 2.747      ;
; 2.160 ; ControleSinal:out_signal_control|saida ; PC:PC_inst|PC_reg[16]                              ; btn_in                                  ; DivisorFrequencia:Divisor_inst|clkSaida ; 0.000        ; 0.386      ; 2.747      ;
; 2.160 ; ControleSinal:out_signal_control|saida ; PC:PC_inst|PC_reg[18]                              ; btn_in                                  ; DivisorFrequencia:Divisor_inst|clkSaida ; 0.000        ; 0.386      ; 2.747      ;
; 2.160 ; ControleSinal:out_signal_control|saida ; PC:PC_inst|PC_reg[19]                              ; btn_in                                  ; DivisorFrequencia:Divisor_inst|clkSaida ; 0.000        ; 0.386      ; 2.747      ;
; 2.160 ; ControleSinal:out_signal_control|saida ; PC:PC_inst|PC_reg[20]                              ; btn_in                                  ; DivisorFrequencia:Divisor_inst|clkSaida ; 0.000        ; 0.386      ; 2.747      ;
; 2.160 ; ControleSinal:out_signal_control|saida ; PC:PC_inst|PC_reg[30]                              ; btn_in                                  ; DivisorFrequencia:Divisor_inst|clkSaida ; 0.000        ; 0.386      ; 2.747      ;
; 2.174 ; ram:ram_inst|ram~1529                  ; banco:banco_inst|registradores[6][25]              ; DivisorFrequencia:Divisor_inst|clkSaida ; DivisorFrequencia:Divisor_inst|clkSaida ; 0.000        ; 0.153      ; 2.498      ;
; 2.187 ; ram:ram_inst|ram~728                   ; banco:banco_inst|registradores[7][24]              ; DivisorFrequencia:Divisor_inst|clkSaida ; DivisorFrequencia:Divisor_inst|clkSaida ; 0.000        ; -0.304     ; 2.054      ;
; 2.190 ; banco:banco_inst|registradores[3][1]   ; ram:ram_inst|ram~1441                              ; DivisorFrequencia:Divisor_inst|clkSaida ; DivisorFrequencia:Divisor_inst|clkSaida ; 0.000        ; 0.031      ; 2.392      ;
; 2.191 ; ram:ram_inst|ram~2014                  ; banco:banco_inst|registradores[7][30]              ; DivisorFrequencia:Divisor_inst|clkSaida ; DivisorFrequencia:Divisor_inst|clkSaida ; 0.000        ; -0.298     ; 2.064      ;
; 2.192 ; banco:banco_inst|registradores[3][21]  ; ControleSaida:display_controller|valor_exibido[21] ; DivisorFrequencia:Divisor_inst|clkSaida ; DivisorFrequencia:Divisor_inst|clkSaida ; 0.000        ; 0.131      ; 2.494      ;
; 2.221 ; banco:banco_inst|registradores[3][1]   ; ControleSaida:display_controller|valor_exibido[1]  ; DivisorFrequencia:Divisor_inst|clkSaida ; DivisorFrequencia:Divisor_inst|clkSaida ; 0.000        ; 0.516      ; 2.908      ;
; 2.239 ; banco:banco_inst|registradores[3][4]   ; ControleSaida:display_controller|valor_exibido[4]  ; DivisorFrequencia:Divisor_inst|clkSaida ; DivisorFrequencia:Divisor_inst|clkSaida ; 0.000        ; 0.136      ; 2.546      ;
; 2.244 ; ControleSinal:io_signal_control|saida  ; PC:PC_inst|PC_reg[21]                              ; btn_in                                  ; DivisorFrequencia:Divisor_inst|clkSaida ; 0.000        ; 0.378      ; 2.823      ;
; 2.244 ; ControleSinal:io_signal_control|saida  ; PC:PC_inst|PC_reg[23]                              ; btn_in                                  ; DivisorFrequencia:Divisor_inst|clkSaida ; 0.000        ; 0.378      ; 2.823      ;
+-------+----------------------------------------+----------------------------------------------------+-----------------------------------------+-----------------------------------------+--------------+------------+------------+


+-------------------------------------------------------------------------------------------------------------------------------------------------------------------------+
; Slow 1200mV 0C Model Recovery: 'btn_in'                                                                                                                                 ;
+--------+----------------------+----------------------------------------+-----------------------------------------+-------------+--------------+------------+------------+
; Slack  ; From Node            ; To Node                                ; Launch Clock                            ; Latch Clock ; Relationship ; Clock Skew ; Data Delay ;
+--------+----------------------+----------------------------------------+-----------------------------------------+-------------+--------------+------------+------------+
; -3.949 ; PC:PC_inst|PC_reg[1] ; ControleSinal:out_signal_control|saida ; DivisorFrequencia:Divisor_inst|clkSaida ; btn_in      ; 1.000        ; -0.010     ; 4.928      ;
; -3.934 ; PC:PC_inst|PC_reg[3] ; ControleSinal:out_signal_control|saida ; DivisorFrequencia:Divisor_inst|clkSaida ; btn_in      ; 1.000        ; -0.010     ; 4.913      ;
; -3.926 ; PC:PC_inst|PC_reg[2] ; ControleSinal:out_signal_control|saida ; DivisorFrequencia:Divisor_inst|clkSaida ; btn_in      ; 1.000        ; -0.010     ; 4.905      ;
; -3.919 ; PC:PC_inst|PC_reg[2] ; ControleSinal:io_signal_control|saida  ; DivisorFrequencia:Divisor_inst|clkSaida ; btn_in      ; 1.000        ; -0.010     ; 4.898      ;
; -3.871 ; PC:PC_inst|PC_reg[4] ; ControleSinal:io_signal_control|saida  ; DivisorFrequencia:Divisor_inst|clkSaida ; btn_in      ; 1.000        ; -0.010     ; 4.850      ;
; -3.835 ; PC:PC_inst|PC_reg[0] ; ControleSinal:out_signal_control|saida ; DivisorFrequencia:Divisor_inst|clkSaida ; btn_in      ; 1.000        ; -0.010     ; 4.814      ;
; -3.816 ; PC:PC_inst|PC_reg[1] ; ControleSinal:io_signal_control|saida  ; DivisorFrequencia:Divisor_inst|clkSaida ; btn_in      ; 1.000        ; -0.010     ; 4.795      ;
; -3.816 ; PC:PC_inst|PC_reg[4] ; ControleSinal:out_signal_control|saida ; DivisorFrequencia:Divisor_inst|clkSaida ; btn_in      ; 1.000        ; -0.010     ; 4.795      ;
; -3.710 ; PC:PC_inst|PC_reg[3] ; ControleSinal:io_signal_control|saida  ; DivisorFrequencia:Divisor_inst|clkSaida ; btn_in      ; 1.000        ; -0.010     ; 4.689      ;
; -3.611 ; PC:PC_inst|PC_reg[0] ; ControleSinal:io_signal_control|saida  ; DivisorFrequencia:Divisor_inst|clkSaida ; btn_in      ; 1.000        ; -0.010     ; 4.590      ;
; -3.586 ; PC:PC_inst|PC_reg[5] ; ControleSinal:io_signal_control|saida  ; DivisorFrequencia:Divisor_inst|clkSaida ; btn_in      ; 1.000        ; -0.010     ; 4.565      ;
; -3.560 ; PC:PC_inst|PC_reg[5] ; ControleSinal:out_signal_control|saida ; DivisorFrequencia:Divisor_inst|clkSaida ; btn_in      ; 1.000        ; -0.010     ; 4.539      ;
; -2.460 ; PC:PC_inst|PC_reg[6] ; ControleSinal:out_signal_control|saida ; DivisorFrequencia:Divisor_inst|clkSaida ; btn_in      ; 1.000        ; -0.010     ; 3.439      ;
; -2.296 ; PC:PC_inst|PC_reg[7] ; ControleSinal:out_signal_control|saida ; DivisorFrequencia:Divisor_inst|clkSaida ; btn_in      ; 1.000        ; -0.010     ; 3.275      ;
; -1.644 ; PC:PC_inst|PC_reg[6] ; ControleSinal:io_signal_control|saida  ; DivisorFrequencia:Divisor_inst|clkSaida ; btn_in      ; 1.000        ; -0.010     ; 2.623      ;
; -1.625 ; PC:PC_inst|PC_reg[7] ; ControleSinal:io_signal_control|saida  ; DivisorFrequencia:Divisor_inst|clkSaida ; btn_in      ; 1.000        ; -0.010     ; 2.604      ;
+--------+----------------------+----------------------------------------+-----------------------------------------+-------------+--------------+------------+------------+


+------------------------------------------------------------------------------------------------------------------------------------------------------------------------+
; Slow 1200mV 0C Model Removal: 'btn_in'                                                                                                                                 ;
+-------+----------------------+----------------------------------------+-----------------------------------------+-------------+--------------+------------+------------+
; Slack ; From Node            ; To Node                                ; Launch Clock                            ; Latch Clock ; Relationship ; Clock Skew ; Data Delay ;
+-------+----------------------+----------------------------------------+-----------------------------------------+-------------+--------------+------------+------------+
; 2.033 ; PC:PC_inst|PC_reg[7] ; ControleSinal:io_signal_control|saida  ; DivisorFrequencia:Divisor_inst|clkSaida ; btn_in      ; 0.000        ; 0.248      ; 2.482      ;
; 2.058 ; PC:PC_inst|PC_reg[6] ; ControleSinal:io_signal_control|saida  ; DivisorFrequencia:Divisor_inst|clkSaida ; btn_in      ; 0.000        ; 0.248      ; 2.507      ;
; 2.159 ; PC:PC_inst|PC_reg[2] ; ControleSinal:io_signal_control|saida  ; DivisorFrequencia:Divisor_inst|clkSaida ; btn_in      ; 0.000        ; 0.248      ; 2.608      ;
; 2.401 ; PC:PC_inst|PC_reg[7] ; ControleSinal:out_signal_control|saida ; DivisorFrequencia:Divisor_inst|clkSaida ; btn_in      ; 0.000        ; 0.248      ; 2.850      ;
; 2.431 ; PC:PC_inst|PC_reg[4] ; ControleSinal:io_signal_control|saida  ; DivisorFrequencia:Divisor_inst|clkSaida ; btn_in      ; 0.000        ; 0.248      ; 2.880      ;
; 2.546 ; PC:PC_inst|PC_reg[2] ; ControleSinal:out_signal_control|saida ; DivisorFrequencia:Divisor_inst|clkSaida ; btn_in      ; 0.000        ; 0.248      ; 2.995      ;
; 2.638 ; PC:PC_inst|PC_reg[4] ; ControleSinal:out_signal_control|saida ; DivisorFrequencia:Divisor_inst|clkSaida ; btn_in      ; 0.000        ; 0.248      ; 3.087      ;
; 2.647 ; PC:PC_inst|PC_reg[6] ; ControleSinal:out_signal_control|saida ; DivisorFrequencia:Divisor_inst|clkSaida ; btn_in      ; 0.000        ; 0.248      ; 3.096      ;
; 2.754 ; PC:PC_inst|PC_reg[3] ; ControleSinal:io_signal_control|saida  ; DivisorFrequencia:Divisor_inst|clkSaida ; btn_in      ; 0.000        ; 0.248      ; 3.203      ;
; 2.767 ; PC:PC_inst|PC_reg[1] ; ControleSinal:io_signal_control|saida  ; DivisorFrequencia:Divisor_inst|clkSaida ; btn_in      ; 0.000        ; 0.248      ; 3.216      ;
; 2.891 ; PC:PC_inst|PC_reg[5] ; ControleSinal:io_signal_control|saida  ; DivisorFrequencia:Divisor_inst|clkSaida ; btn_in      ; 0.000        ; 0.248      ; 3.340      ;
; 2.912 ; PC:PC_inst|PC_reg[0] ; ControleSinal:io_signal_control|saida  ; DivisorFrequencia:Divisor_inst|clkSaida ; btn_in      ; 0.000        ; 0.248      ; 3.361      ;
; 3.033 ; PC:PC_inst|PC_reg[3] ; ControleSinal:out_signal_control|saida ; DivisorFrequencia:Divisor_inst|clkSaida ; btn_in      ; 0.000        ; 0.248      ; 3.482      ;
; 3.066 ; PC:PC_inst|PC_reg[0] ; ControleSinal:out_signal_control|saida ; DivisorFrequencia:Divisor_inst|clkSaida ; btn_in      ; 0.000        ; 0.248      ; 3.515      ;
; 3.094 ; PC:PC_inst|PC_reg[1] ; ControleSinal:out_signal_control|saida ; DivisorFrequencia:Divisor_inst|clkSaida ; btn_in      ; 0.000        ; 0.248      ; 3.543      ;
; 3.278 ; PC:PC_inst|PC_reg[5] ; ControleSinal:out_signal_control|saida ; DivisorFrequencia:Divisor_inst|clkSaida ; btn_in      ; 0.000        ; 0.248      ; 3.727      ;
+-------+----------------------+----------------------------------------+-----------------------------------------+-------------+--------------+------------+------------+


----------------------------------------------
; Slow 1200mV 0C Model Metastability Summary ;
----------------------------------------------
No synchronizer chains to report.


+-------------------------------------------------------------------+
; Fast 1200mV 0C Model Setup Summary                                ;
+-----------------------------------------+---------+---------------+
; Clock                                   ; Slack   ; End Point TNS ;
+-----------------------------------------+---------+---------------+
; DivisorFrequencia:Divisor_inst|clkSaida ; -75.348 ; -165916.160   ;
; clk_50                                  ; -1.142  ; -9.125        ;
+-----------------------------------------+---------+---------------+


+-----------------------------------------------------------------+
; Fast 1200mV 0C Model Hold Summary                               ;
+-----------------------------------------+-------+---------------+
; Clock                                   ; Slack ; End Point TNS ;
+-----------------------------------------+-------+---------------+
; clk_50                                  ; 0.199 ; 0.000         ;
; DivisorFrequencia:Divisor_inst|clkSaida ; 0.456 ; 0.000         ;
+-----------------------------------------+-------+---------------+


+---------------------------------------+
; Fast 1200mV 0C Model Recovery Summary ;
+--------+--------+---------------------+
; Clock  ; Slack  ; End Point TNS       ;
+--------+--------+---------------------+
; btn_in ; -1.563 ; -3.082              ;
+--------+--------+---------------------+


+--------------------------------------+
; Fast 1200mV 0C Model Removal Summary ;
+--------+-------+---------------------+
; Clock  ; Slack ; End Point TNS       ;
+--------+-------+---------------------+
; btn_in ; 0.790 ; 0.000               ;
+--------+-------+---------------------+


+------------------------------------------------------------------+
; Fast 1200mV 0C Model Minimum Pulse Width Summary                 ;
+-----------------------------------------+--------+---------------+
; Clock                                   ; Slack  ; End Point TNS ;
+-----------------------------------------+--------+---------------+
; clk_50                                  ; -3.000 ; -30.638       ;
; btn_in                                  ; -3.000 ; -5.594        ;
; DivisorFrequencia:Divisor_inst|clkSaida ; -1.000 ; -2342.000     ;
+-----------------------------------------+--------+---------------+


+-----------------------------------------------------------------------------------------------------------------------------------------------------------------------------------------------------+
; Fast 1200mV 0C Model Setup: 'DivisorFrequencia:Divisor_inst|clkSaida'                                                                                                                               ;
+---------+----------------------+---------------------------------------+-----------------------------------------+-----------------------------------------+--------------+------------+------------+
; Slack   ; From Node            ; To Node                               ; Launch Clock                            ; Latch Clock                             ; Relationship ; Clock Skew ; Data Delay ;
+---------+----------------------+---------------------------------------+-----------------------------------------+-----------------------------------------+--------------+------------+------------+
; -75.348 ; PC:PC_inst|PC_reg[2] ; banco:banco_inst|registradores[1][3]  ; DivisorFrequencia:Divisor_inst|clkSaida ; DivisorFrequencia:Divisor_inst|clkSaida ; 0.500        ; 0.051      ; 75.886     ;
; -75.336 ; PC:PC_inst|PC_reg[2] ; banco:banco_inst|registradores[2][3]  ; DivisorFrequencia:Divisor_inst|clkSaida ; DivisorFrequencia:Divisor_inst|clkSaida ; 0.500        ; 0.066      ; 75.889     ;
; -75.287 ; PC:PC_inst|PC_reg[2] ; banco:banco_inst|registradores[3][3]  ; DivisorFrequencia:Divisor_inst|clkSaida ; DivisorFrequencia:Divisor_inst|clkSaida ; 0.500        ; 0.050      ; 75.824     ;
; -75.208 ; PC:PC_inst|PC_reg[2] ; banco:banco_inst|registradores[4][24] ; DivisorFrequencia:Divisor_inst|clkSaida ; DivisorFrequencia:Divisor_inst|clkSaida ; 0.500        ; 0.044      ; 75.739     ;
; -75.201 ; PC:PC_inst|PC_reg[2] ; banco:banco_inst|registradores[1][18] ; DivisorFrequencia:Divisor_inst|clkSaida ; DivisorFrequencia:Divisor_inst|clkSaida ; 0.500        ; 0.047      ; 75.735     ;
; -75.201 ; PC:PC_inst|PC_reg[4] ; banco:banco_inst|registradores[1][3]  ; DivisorFrequencia:Divisor_inst|clkSaida ; DivisorFrequencia:Divisor_inst|clkSaida ; 0.500        ; 0.051      ; 75.739     ;
; -75.190 ; PC:PC_inst|PC_reg[2] ; banco:banco_inst|registradores[5][24] ; DivisorFrequencia:Divisor_inst|clkSaida ; DivisorFrequencia:Divisor_inst|clkSaida ; 0.500        ; 0.059      ; 75.736     ;
; -75.189 ; PC:PC_inst|PC_reg[4] ; banco:banco_inst|registradores[2][3]  ; DivisorFrequencia:Divisor_inst|clkSaida ; DivisorFrequencia:Divisor_inst|clkSaida ; 0.500        ; 0.066      ; 75.742     ;
; -75.184 ; PC:PC_inst|PC_reg[2] ; banco:banco_inst|registradores[2][18] ; DivisorFrequencia:Divisor_inst|clkSaida ; DivisorFrequencia:Divisor_inst|clkSaida ; 0.500        ; 0.062      ; 75.733     ;
; -75.141 ; PC:PC_inst|PC_reg[2] ; banco:banco_inst|registradores[5][3]  ; DivisorFrequencia:Divisor_inst|clkSaida ; DivisorFrequencia:Divisor_inst|clkSaida ; 0.500        ; 0.033      ; 75.661     ;
; -75.140 ; PC:PC_inst|PC_reg[4] ; banco:banco_inst|registradores[3][3]  ; DivisorFrequencia:Divisor_inst|clkSaida ; DivisorFrequencia:Divisor_inst|clkSaida ; 0.500        ; 0.050      ; 75.677     ;
; -75.124 ; PC:PC_inst|PC_reg[2] ; banco:banco_inst|registradores[4][3]  ; DivisorFrequencia:Divisor_inst|clkSaida ; DivisorFrequencia:Divisor_inst|clkSaida ; 0.500        ; 0.048      ; 75.659     ;
; -75.111 ; PC:PC_inst|PC_reg[5] ; banco:banco_inst|registradores[1][3]  ; DivisorFrequencia:Divisor_inst|clkSaida ; DivisorFrequencia:Divisor_inst|clkSaida ; 0.500        ; 0.051      ; 75.649     ;
; -75.099 ; PC:PC_inst|PC_reg[5] ; banco:banco_inst|registradores[2][3]  ; DivisorFrequencia:Divisor_inst|clkSaida ; DivisorFrequencia:Divisor_inst|clkSaida ; 0.500        ; 0.066      ; 75.652     ;
; -75.085 ; PC:PC_inst|PC_reg[3] ; banco:banco_inst|registradores[1][3]  ; DivisorFrequencia:Divisor_inst|clkSaida ; DivisorFrequencia:Divisor_inst|clkSaida ; 0.500        ; 0.051      ; 75.623     ;
; -75.080 ; PC:PC_inst|PC_reg[1] ; banco:banco_inst|registradores[1][3]  ; DivisorFrequencia:Divisor_inst|clkSaida ; DivisorFrequencia:Divisor_inst|clkSaida ; 0.500        ; 0.051      ; 75.618     ;
; -75.073 ; PC:PC_inst|PC_reg[3] ; banco:banco_inst|registradores[2][3]  ; DivisorFrequencia:Divisor_inst|clkSaida ; DivisorFrequencia:Divisor_inst|clkSaida ; 0.500        ; 0.066      ; 75.626     ;
; -75.070 ; PC:PC_inst|PC_reg[2] ; banco:banco_inst|registradores[6][3]  ; DivisorFrequencia:Divisor_inst|clkSaida ; DivisorFrequencia:Divisor_inst|clkSaida ; 0.500        ; -0.151     ; 75.406     ;
; -75.068 ; PC:PC_inst|PC_reg[1] ; banco:banco_inst|registradores[2][3]  ; DivisorFrequencia:Divisor_inst|clkSaida ; DivisorFrequencia:Divisor_inst|clkSaida ; 0.500        ; 0.066      ; 75.621     ;
; -75.061 ; PC:PC_inst|PC_reg[4] ; banco:banco_inst|registradores[4][24] ; DivisorFrequencia:Divisor_inst|clkSaida ; DivisorFrequencia:Divisor_inst|clkSaida ; 0.500        ; 0.044      ; 75.592     ;
; -75.054 ; PC:PC_inst|PC_reg[4] ; banco:banco_inst|registradores[1][18] ; DivisorFrequencia:Divisor_inst|clkSaida ; DivisorFrequencia:Divisor_inst|clkSaida ; 0.500        ; 0.047      ; 75.588     ;
; -75.050 ; PC:PC_inst|PC_reg[5] ; banco:banco_inst|registradores[3][3]  ; DivisorFrequencia:Divisor_inst|clkSaida ; DivisorFrequencia:Divisor_inst|clkSaida ; 0.500        ; 0.050      ; 75.587     ;
; -75.043 ; PC:PC_inst|PC_reg[4] ; banco:banco_inst|registradores[5][24] ; DivisorFrequencia:Divisor_inst|clkSaida ; DivisorFrequencia:Divisor_inst|clkSaida ; 0.500        ; 0.059      ; 75.589     ;
; -75.037 ; PC:PC_inst|PC_reg[4] ; banco:banco_inst|registradores[2][18] ; DivisorFrequencia:Divisor_inst|clkSaida ; DivisorFrequencia:Divisor_inst|clkSaida ; 0.500        ; 0.062      ; 75.586     ;
; -75.024 ; PC:PC_inst|PC_reg[3] ; banco:banco_inst|registradores[3][3]  ; DivisorFrequencia:Divisor_inst|clkSaida ; DivisorFrequencia:Divisor_inst|clkSaida ; 0.500        ; 0.050      ; 75.561     ;
; -75.019 ; PC:PC_inst|PC_reg[1] ; banco:banco_inst|registradores[3][3]  ; DivisorFrequencia:Divisor_inst|clkSaida ; DivisorFrequencia:Divisor_inst|clkSaida ; 0.500        ; 0.050      ; 75.556     ;
; -74.994 ; PC:PC_inst|PC_reg[4] ; banco:banco_inst|registradores[5][3]  ; DivisorFrequencia:Divisor_inst|clkSaida ; DivisorFrequencia:Divisor_inst|clkSaida ; 0.500        ; 0.033      ; 75.514     ;
; -74.977 ; PC:PC_inst|PC_reg[4] ; banco:banco_inst|registradores[4][3]  ; DivisorFrequencia:Divisor_inst|clkSaida ; DivisorFrequencia:Divisor_inst|clkSaida ; 0.500        ; 0.048      ; 75.512     ;
; -74.971 ; PC:PC_inst|PC_reg[5] ; banco:banco_inst|registradores[4][24] ; DivisorFrequencia:Divisor_inst|clkSaida ; DivisorFrequencia:Divisor_inst|clkSaida ; 0.500        ; 0.044      ; 75.502     ;
; -74.964 ; PC:PC_inst|PC_reg[5] ; banco:banco_inst|registradores[1][18] ; DivisorFrequencia:Divisor_inst|clkSaida ; DivisorFrequencia:Divisor_inst|clkSaida ; 0.500        ; 0.047      ; 75.498     ;
; -74.955 ; PC:PC_inst|PC_reg[2] ; banco:banco_inst|registradores[1][13] ; DivisorFrequencia:Divisor_inst|clkSaida ; DivisorFrequencia:Divisor_inst|clkSaida ; 0.500        ; 0.062      ; 75.504     ;
; -74.953 ; PC:PC_inst|PC_reg[5] ; banco:banco_inst|registradores[5][24] ; DivisorFrequencia:Divisor_inst|clkSaida ; DivisorFrequencia:Divisor_inst|clkSaida ; 0.500        ; 0.059      ; 75.499     ;
; -74.947 ; PC:PC_inst|PC_reg[5] ; banco:banco_inst|registradores[2][18] ; DivisorFrequencia:Divisor_inst|clkSaida ; DivisorFrequencia:Divisor_inst|clkSaida ; 0.500        ; 0.062      ; 75.496     ;
; -74.945 ; PC:PC_inst|PC_reg[3] ; banco:banco_inst|registradores[4][24] ; DivisorFrequencia:Divisor_inst|clkSaida ; DivisorFrequencia:Divisor_inst|clkSaida ; 0.500        ; 0.044      ; 75.476     ;
; -74.940 ; PC:PC_inst|PC_reg[1] ; banco:banco_inst|registradores[4][24] ; DivisorFrequencia:Divisor_inst|clkSaida ; DivisorFrequencia:Divisor_inst|clkSaida ; 0.500        ; 0.044      ; 75.471     ;
; -74.938 ; PC:PC_inst|PC_reg[3] ; banco:banco_inst|registradores[1][18] ; DivisorFrequencia:Divisor_inst|clkSaida ; DivisorFrequencia:Divisor_inst|clkSaida ; 0.500        ; 0.047      ; 75.472     ;
; -74.933 ; PC:PC_inst|PC_reg[1] ; banco:banco_inst|registradores[1][18] ; DivisorFrequencia:Divisor_inst|clkSaida ; DivisorFrequencia:Divisor_inst|clkSaida ; 0.500        ; 0.047      ; 75.467     ;
; -74.927 ; PC:PC_inst|PC_reg[3] ; banco:banco_inst|registradores[5][24] ; DivisorFrequencia:Divisor_inst|clkSaida ; DivisorFrequencia:Divisor_inst|clkSaida ; 0.500        ; 0.059      ; 75.473     ;
; -74.923 ; PC:PC_inst|PC_reg[4] ; banco:banco_inst|registradores[6][3]  ; DivisorFrequencia:Divisor_inst|clkSaida ; DivisorFrequencia:Divisor_inst|clkSaida ; 0.500        ; -0.151     ; 75.259     ;
; -74.922 ; PC:PC_inst|PC_reg[1] ; banco:banco_inst|registradores[5][24] ; DivisorFrequencia:Divisor_inst|clkSaida ; DivisorFrequencia:Divisor_inst|clkSaida ; 0.500        ; 0.059      ; 75.468     ;
; -74.921 ; PC:PC_inst|PC_reg[3] ; banco:banco_inst|registradores[2][18] ; DivisorFrequencia:Divisor_inst|clkSaida ; DivisorFrequencia:Divisor_inst|clkSaida ; 0.500        ; 0.062      ; 75.470     ;
; -74.916 ; PC:PC_inst|PC_reg[1] ; banco:banco_inst|registradores[2][18] ; DivisorFrequencia:Divisor_inst|clkSaida ; DivisorFrequencia:Divisor_inst|clkSaida ; 0.500        ; 0.062      ; 75.465     ;
; -74.904 ; PC:PC_inst|PC_reg[5] ; banco:banco_inst|registradores[5][3]  ; DivisorFrequencia:Divisor_inst|clkSaida ; DivisorFrequencia:Divisor_inst|clkSaida ; 0.500        ; 0.033      ; 75.424     ;
; -74.895 ; PC:PC_inst|PC_reg[2] ; banco:banco_inst|registradores[5][18] ; DivisorFrequencia:Divisor_inst|clkSaida ; DivisorFrequencia:Divisor_inst|clkSaida ; 0.500        ; 0.056      ; 75.438     ;
; -74.894 ; PC:PC_inst|PC_reg[2] ; banco:banco_inst|registradores[3][18] ; DivisorFrequencia:Divisor_inst|clkSaida ; DivisorFrequencia:Divisor_inst|clkSaida ; 0.500        ; 0.041      ; 75.422     ;
; -74.889 ; PC:PC_inst|PC_reg[0] ; banco:banco_inst|registradores[1][3]  ; DivisorFrequencia:Divisor_inst|clkSaida ; DivisorFrequencia:Divisor_inst|clkSaida ; 0.500        ; 0.051      ; 75.427     ;
; -74.887 ; PC:PC_inst|PC_reg[5] ; banco:banco_inst|registradores[4][3]  ; DivisorFrequencia:Divisor_inst|clkSaida ; DivisorFrequencia:Divisor_inst|clkSaida ; 0.500        ; 0.048      ; 75.422     ;
; -74.883 ; PC:PC_inst|PC_reg[2] ; banco:banco_inst|registradores[4][18] ; DivisorFrequencia:Divisor_inst|clkSaida ; DivisorFrequencia:Divisor_inst|clkSaida ; 0.500        ; 0.070      ; 75.440     ;
; -74.878 ; PC:PC_inst|PC_reg[3] ; banco:banco_inst|registradores[5][3]  ; DivisorFrequencia:Divisor_inst|clkSaida ; DivisorFrequencia:Divisor_inst|clkSaida ; 0.500        ; 0.033      ; 75.398     ;
; -74.877 ; PC:PC_inst|PC_reg[2] ; banco:banco_inst|registradores[6][18] ; DivisorFrequencia:Divisor_inst|clkSaida ; DivisorFrequencia:Divisor_inst|clkSaida ; 0.500        ; 0.056      ; 75.420     ;
; -74.877 ; PC:PC_inst|PC_reg[0] ; banco:banco_inst|registradores[2][3]  ; DivisorFrequencia:Divisor_inst|clkSaida ; DivisorFrequencia:Divisor_inst|clkSaida ; 0.500        ; 0.066      ; 75.430     ;
; -74.873 ; PC:PC_inst|PC_reg[1] ; banco:banco_inst|registradores[5][3]  ; DivisorFrequencia:Divisor_inst|clkSaida ; DivisorFrequencia:Divisor_inst|clkSaida ; 0.500        ; 0.033      ; 75.393     ;
; -74.864 ; PC:PC_inst|PC_reg[2] ; banco:banco_inst|registradores[3][1]  ; DivisorFrequencia:Divisor_inst|clkSaida ; DivisorFrequencia:Divisor_inst|clkSaida ; 0.500        ; -0.139     ; 75.212     ;
; -74.861 ; PC:PC_inst|PC_reg[3] ; banco:banco_inst|registradores[4][3]  ; DivisorFrequencia:Divisor_inst|clkSaida ; DivisorFrequencia:Divisor_inst|clkSaida ; 0.500        ; 0.048      ; 75.396     ;
; -74.856 ; PC:PC_inst|PC_reg[1] ; banco:banco_inst|registradores[4][3]  ; DivisorFrequencia:Divisor_inst|clkSaida ; DivisorFrequencia:Divisor_inst|clkSaida ; 0.500        ; 0.048      ; 75.391     ;
; -74.849 ; PC:PC_inst|PC_reg[2] ; banco:banco_inst|registradores[3][17] ; DivisorFrequencia:Divisor_inst|clkSaida ; DivisorFrequencia:Divisor_inst|clkSaida ; 0.500        ; 0.052      ; 75.388     ;
; -74.839 ; PC:PC_inst|PC_reg[2] ; banco:banco_inst|registradores[1][30] ; DivisorFrequencia:Divisor_inst|clkSaida ; DivisorFrequencia:Divisor_inst|clkSaida ; 0.500        ; 0.035      ; 75.361     ;
; -74.836 ; PC:PC_inst|PC_reg[2] ; banco:banco_inst|registradores[5][13] ; DivisorFrequencia:Divisor_inst|clkSaida ; DivisorFrequencia:Divisor_inst|clkSaida ; 0.500        ; -0.147     ; 75.176     ;
; -74.833 ; PC:PC_inst|PC_reg[5] ; banco:banco_inst|registradores[6][3]  ; DivisorFrequencia:Divisor_inst|clkSaida ; DivisorFrequencia:Divisor_inst|clkSaida ; 0.500        ; -0.151     ; 75.169     ;
; -74.830 ; PC:PC_inst|PC_reg[2] ; banco:banco_inst|registradores[3][15] ; DivisorFrequencia:Divisor_inst|clkSaida ; DivisorFrequencia:Divisor_inst|clkSaida ; 0.500        ; 0.041      ; 75.358     ;
; -74.828 ; PC:PC_inst|PC_reg[0] ; banco:banco_inst|registradores[3][3]  ; DivisorFrequencia:Divisor_inst|clkSaida ; DivisorFrequencia:Divisor_inst|clkSaida ; 0.500        ; 0.050      ; 75.365     ;
; -74.827 ; PC:PC_inst|PC_reg[2] ; banco:banco_inst|registradores[1][17] ; DivisorFrequencia:Divisor_inst|clkSaida ; DivisorFrequencia:Divisor_inst|clkSaida ; 0.500        ; 0.047      ; 75.361     ;
; -74.823 ; PC:PC_inst|PC_reg[2] ; banco:banco_inst|registradores[7][3]  ; DivisorFrequencia:Divisor_inst|clkSaida ; DivisorFrequencia:Divisor_inst|clkSaida ; 0.500        ; -0.151     ; 75.159     ;
; -74.822 ; PC:PC_inst|PC_reg[2] ; banco:banco_inst|registradores[2][30] ; DivisorFrequencia:Divisor_inst|clkSaida ; DivisorFrequencia:Divisor_inst|clkSaida ; 0.500        ; 0.051      ; 75.360     ;
; -74.814 ; PC:PC_inst|PC_reg[2] ; banco:banco_inst|registradores[2][17] ; DivisorFrequencia:Divisor_inst|clkSaida ; DivisorFrequencia:Divisor_inst|clkSaida ; 0.500        ; 0.062      ; 75.363     ;
; -74.813 ; PC:PC_inst|PC_reg[2] ; banco:banco_inst|registradores[5][6]  ; DivisorFrequencia:Divisor_inst|clkSaida ; DivisorFrequencia:Divisor_inst|clkSaida ; 0.500        ; -0.147     ; 75.153     ;
; -74.810 ; PC:PC_inst|PC_reg[2] ; banco:banco_inst|registradores[4][17] ; DivisorFrequencia:Divisor_inst|clkSaida ; DivisorFrequencia:Divisor_inst|clkSaida ; 0.500        ; 0.046      ; 75.343     ;
; -74.808 ; PC:PC_inst|PC_reg[4] ; banco:banco_inst|registradores[1][13] ; DivisorFrequencia:Divisor_inst|clkSaida ; DivisorFrequencia:Divisor_inst|clkSaida ; 0.500        ; 0.062      ; 75.357     ;
; -74.807 ; PC:PC_inst|PC_reg[3] ; banco:banco_inst|registradores[6][3]  ; DivisorFrequencia:Divisor_inst|clkSaida ; DivisorFrequencia:Divisor_inst|clkSaida ; 0.500        ; -0.151     ; 75.143     ;
; -74.802 ; PC:PC_inst|PC_reg[1] ; banco:banco_inst|registradores[6][3]  ; DivisorFrequencia:Divisor_inst|clkSaida ; DivisorFrequencia:Divisor_inst|clkSaida ; 0.500        ; -0.151     ; 75.138     ;
; -74.796 ; PC:PC_inst|PC_reg[2] ; banco:banco_inst|registradores[5][17] ; DivisorFrequencia:Divisor_inst|clkSaida ; DivisorFrequencia:Divisor_inst|clkSaida ; 0.500        ; 0.059      ; 75.342     ;
; -74.791 ; PC:PC_inst|PC_reg[2] ; banco:banco_inst|registradores[6][30] ; DivisorFrequencia:Divisor_inst|clkSaida ; DivisorFrequencia:Divisor_inst|clkSaida ; 0.500        ; -0.146     ; 75.132     ;
; -74.749 ; PC:PC_inst|PC_reg[0] ; banco:banco_inst|registradores[4][24] ; DivisorFrequencia:Divisor_inst|clkSaida ; DivisorFrequencia:Divisor_inst|clkSaida ; 0.500        ; 0.044      ; 75.280     ;
; -74.748 ; PC:PC_inst|PC_reg[4] ; banco:banco_inst|registradores[5][18] ; DivisorFrequencia:Divisor_inst|clkSaida ; DivisorFrequencia:Divisor_inst|clkSaida ; 0.500        ; 0.056      ; 75.291     ;
; -74.747 ; PC:PC_inst|PC_reg[4] ; banco:banco_inst|registradores[3][18] ; DivisorFrequencia:Divisor_inst|clkSaida ; DivisorFrequencia:Divisor_inst|clkSaida ; 0.500        ; 0.041      ; 75.275     ;
; -74.742 ; PC:PC_inst|PC_reg[0] ; banco:banco_inst|registradores[1][18] ; DivisorFrequencia:Divisor_inst|clkSaida ; DivisorFrequencia:Divisor_inst|clkSaida ; 0.500        ; 0.047      ; 75.276     ;
; -74.736 ; PC:PC_inst|PC_reg[4] ; banco:banco_inst|registradores[4][18] ; DivisorFrequencia:Divisor_inst|clkSaida ; DivisorFrequencia:Divisor_inst|clkSaida ; 0.500        ; 0.070      ; 75.293     ;
; -74.731 ; PC:PC_inst|PC_reg[0] ; banco:banco_inst|registradores[5][24] ; DivisorFrequencia:Divisor_inst|clkSaida ; DivisorFrequencia:Divisor_inst|clkSaida ; 0.500        ; 0.059      ; 75.277     ;
; -74.730 ; PC:PC_inst|PC_reg[4] ; banco:banco_inst|registradores[6][18] ; DivisorFrequencia:Divisor_inst|clkSaida ; DivisorFrequencia:Divisor_inst|clkSaida ; 0.500        ; 0.056      ; 75.273     ;
; -74.725 ; PC:PC_inst|PC_reg[0] ; banco:banco_inst|registradores[2][18] ; DivisorFrequencia:Divisor_inst|clkSaida ; DivisorFrequencia:Divisor_inst|clkSaida ; 0.500        ; 0.062      ; 75.274     ;
; -74.720 ; PC:PC_inst|PC_reg[2] ; banco:banco_inst|registradores[3][9]  ; DivisorFrequencia:Divisor_inst|clkSaida ; DivisorFrequencia:Divisor_inst|clkSaida ; 0.500        ; -0.133     ; 75.074     ;
; -74.718 ; PC:PC_inst|PC_reg[5] ; banco:banco_inst|registradores[1][13] ; DivisorFrequencia:Divisor_inst|clkSaida ; DivisorFrequencia:Divisor_inst|clkSaida ; 0.500        ; 0.062      ; 75.267     ;
; -74.717 ; PC:PC_inst|PC_reg[4] ; banco:banco_inst|registradores[3][1]  ; DivisorFrequencia:Divisor_inst|clkSaida ; DivisorFrequencia:Divisor_inst|clkSaida ; 0.500        ; -0.139     ; 75.065     ;
; -74.702 ; PC:PC_inst|PC_reg[4] ; banco:banco_inst|registradores[3][17] ; DivisorFrequencia:Divisor_inst|clkSaida ; DivisorFrequencia:Divisor_inst|clkSaida ; 0.500        ; 0.052      ; 75.241     ;
; -74.694 ; PC:PC_inst|PC_reg[2] ; banco:banco_inst|registradores[2][13] ; DivisorFrequencia:Divisor_inst|clkSaida ; DivisorFrequencia:Divisor_inst|clkSaida ; 0.500        ; 0.057      ; 75.238     ;
; -74.692 ; PC:PC_inst|PC_reg[3] ; banco:banco_inst|registradores[1][13] ; DivisorFrequencia:Divisor_inst|clkSaida ; DivisorFrequencia:Divisor_inst|clkSaida ; 0.500        ; 0.062      ; 75.241     ;
; -74.692 ; PC:PC_inst|PC_reg[4] ; banco:banco_inst|registradores[1][30] ; DivisorFrequencia:Divisor_inst|clkSaida ; DivisorFrequencia:Divisor_inst|clkSaida ; 0.500        ; 0.035      ; 75.214     ;
; -74.689 ; PC:PC_inst|PC_reg[4] ; banco:banco_inst|registradores[5][13] ; DivisorFrequencia:Divisor_inst|clkSaida ; DivisorFrequencia:Divisor_inst|clkSaida ; 0.500        ; -0.147     ; 75.029     ;
; -74.687 ; PC:PC_inst|PC_reg[1] ; banco:banco_inst|registradores[1][13] ; DivisorFrequencia:Divisor_inst|clkSaida ; DivisorFrequencia:Divisor_inst|clkSaida ; 0.500        ; 0.062      ; 75.236     ;
; -74.683 ; PC:PC_inst|PC_reg[4] ; banco:banco_inst|registradores[3][15] ; DivisorFrequencia:Divisor_inst|clkSaida ; DivisorFrequencia:Divisor_inst|clkSaida ; 0.500        ; 0.041      ; 75.211     ;
; -74.682 ; PC:PC_inst|PC_reg[2] ; banco:banco_inst|registradores[1][6]  ; DivisorFrequencia:Divisor_inst|clkSaida ; DivisorFrequencia:Divisor_inst|clkSaida ; 0.500        ; 0.051      ; 75.220     ;
; -74.682 ; PC:PC_inst|PC_reg[0] ; banco:banco_inst|registradores[5][3]  ; DivisorFrequencia:Divisor_inst|clkSaida ; DivisorFrequencia:Divisor_inst|clkSaida ; 0.500        ; 0.033      ; 75.202     ;
; -74.680 ; PC:PC_inst|PC_reg[4] ; banco:banco_inst|registradores[1][17] ; DivisorFrequencia:Divisor_inst|clkSaida ; DivisorFrequencia:Divisor_inst|clkSaida ; 0.500        ; 0.047      ; 75.214     ;
; -74.677 ; PC:PC_inst|PC_reg[2] ; banco:banco_inst|registradores[1][10] ; DivisorFrequencia:Divisor_inst|clkSaida ; DivisorFrequencia:Divisor_inst|clkSaida ; 0.500        ; 0.064      ; 75.228     ;
; -74.676 ; PC:PC_inst|PC_reg[4] ; banco:banco_inst|registradores[7][3]  ; DivisorFrequencia:Divisor_inst|clkSaida ; DivisorFrequencia:Divisor_inst|clkSaida ; 0.500        ; -0.151     ; 75.012     ;
; -74.675 ; PC:PC_inst|PC_reg[4] ; banco:banco_inst|registradores[2][30] ; DivisorFrequencia:Divisor_inst|clkSaida ; DivisorFrequencia:Divisor_inst|clkSaida ; 0.500        ; 0.051      ; 75.213     ;
; -74.673 ; PC:PC_inst|PC_reg[2] ; banco:banco_inst|registradores[6][0]  ; DivisorFrequencia:Divisor_inst|clkSaida ; DivisorFrequencia:Divisor_inst|clkSaida ; 0.500        ; -0.146     ; 75.014     ;
; -74.669 ; PC:PC_inst|PC_reg[2] ; banco:banco_inst|registradores[5][12] ; DivisorFrequencia:Divisor_inst|clkSaida ; DivisorFrequencia:Divisor_inst|clkSaida ; 0.500        ; -0.147     ; 75.009     ;
; -74.667 ; PC:PC_inst|PC_reg[2] ; banco:banco_inst|registradores[2][6]  ; DivisorFrequencia:Divisor_inst|clkSaida ; DivisorFrequencia:Divisor_inst|clkSaida ; 0.500        ; 0.066      ; 75.220     ;
; -74.667 ; PC:PC_inst|PC_reg[4] ; banco:banco_inst|registradores[2][17] ; DivisorFrequencia:Divisor_inst|clkSaida ; DivisorFrequencia:Divisor_inst|clkSaida ; 0.500        ; 0.062      ; 75.216     ;
+---------+----------------------+---------------------------------------+-----------------------------------------+-----------------------------------------+--------------+------------+------------+


+-----------------------------------------------------------------------------------------------------------------------------------------------------------------------------------------------------+
; Fast 1200mV 0C Model Setup: 'clk_50'                                                                                                                                                                ;
+--------+---------------------------------------------+---------------------------------------------+-----------------------------------------+-------------+--------------+------------+------------+
; Slack  ; From Node                                   ; To Node                                     ; Launch Clock                            ; Latch Clock ; Relationship ; Clock Skew ; Data Delay ;
+--------+---------------------------------------------+---------------------------------------------+-----------------------------------------+-------------+--------------+------------+------------+
; -1.142 ; DivisorFrequencia:Divisor_inst|contador[4]  ; DivisorFrequencia:Divisor_inst|clkSaida     ; clk_50                                  ; clk_50      ; 1.000        ; -0.042     ; 2.087      ;
; -1.122 ; DivisorFrequencia:Divisor_inst|contador[1]  ; DivisorFrequencia:Divisor_inst|clkSaida     ; clk_50                                  ; clk_50      ; 1.000        ; -0.042     ; 2.067      ;
; -1.109 ; DivisorFrequencia:Divisor_inst|contador[23] ; DivisorFrequencia:Divisor_inst|clkSaida     ; clk_50                                  ; clk_50      ; 1.000        ; -0.040     ; 2.056      ;
; -1.109 ; DivisorFrequencia:Divisor_inst|contador[21] ; DivisorFrequencia:Divisor_inst|clkSaida     ; clk_50                                  ; clk_50      ; 1.000        ; -0.040     ; 2.056      ;
; -1.103 ; DivisorFrequencia:Divisor_inst|contador[15] ; DivisorFrequencia:Divisor_inst|clkSaida     ; clk_50                                  ; clk_50      ; 1.000        ; -0.040     ; 2.050      ;
; -1.103 ; DivisorFrequencia:Divisor_inst|contador[13] ; DivisorFrequencia:Divisor_inst|clkSaida     ; clk_50                                  ; clk_50      ; 1.000        ; -0.040     ; 2.050      ;
; -1.099 ; DivisorFrequencia:Divisor_inst|contador[22] ; DivisorFrequencia:Divisor_inst|clkSaida     ; clk_50                                  ; clk_50      ; 1.000        ; -0.040     ; 2.046      ;
; -1.091 ; DivisorFrequencia:Divisor_inst|contador[2]  ; DivisorFrequencia:Divisor_inst|clkSaida     ; clk_50                                  ; clk_50      ; 1.000        ; -0.042     ; 2.036      ;
; -1.078 ; DivisorFrequencia:Divisor_inst|contador[3]  ; DivisorFrequencia:Divisor_inst|clkSaida     ; clk_50                                  ; clk_50      ; 1.000        ; -0.042     ; 2.023      ;
; -1.072 ; DivisorFrequencia:Divisor_inst|contador[18] ; DivisorFrequencia:Divisor_inst|clkSaida     ; clk_50                                  ; clk_50      ; 1.000        ; -0.040     ; 2.019      ;
; -1.072 ; DivisorFrequencia:Divisor_inst|contador[19] ; DivisorFrequencia:Divisor_inst|clkSaida     ; clk_50                                  ; clk_50      ; 1.000        ; -0.040     ; 2.019      ;
; -1.039 ; DivisorFrequencia:Divisor_inst|contador[7]  ; DivisorFrequencia:Divisor_inst|clkSaida     ; clk_50                                  ; clk_50      ; 1.000        ; -0.042     ; 1.984      ;
; -1.020 ; DivisorFrequencia:Divisor_inst|contador[6]  ; DivisorFrequencia:Divisor_inst|clkSaida     ; clk_50                                  ; clk_50      ; 1.000        ; -0.042     ; 1.965      ;
; -1.019 ; DivisorFrequencia:Divisor_inst|contador[0]  ; DivisorFrequencia:Divisor_inst|clkSaida     ; clk_50                                  ; clk_50      ; 1.000        ; -0.042     ; 1.964      ;
; -1.018 ; DivisorFrequencia:Divisor_inst|contador[11] ; DivisorFrequencia:Divisor_inst|clkSaida     ; clk_50                                  ; clk_50      ; 1.000        ; -0.042     ; 1.963      ;
; -1.017 ; DivisorFrequencia:Divisor_inst|contador[9]  ; DivisorFrequencia:Divisor_inst|clkSaida     ; clk_50                                  ; clk_50      ; 1.000        ; -0.042     ; 1.962      ;
; -1.016 ; DivisorFrequencia:Divisor_inst|contador[14] ; DivisorFrequencia:Divisor_inst|clkSaida     ; clk_50                                  ; clk_50      ; 1.000        ; -0.040     ; 1.963      ;
; -1.009 ; DivisorFrequencia:Divisor_inst|contador[8]  ; DivisorFrequencia:Divisor_inst|clkSaida     ; clk_50                                  ; clk_50      ; 1.000        ; -0.042     ; 1.954      ;
; -0.986 ; DivisorFrequencia:Divisor_inst|contador[16] ; DivisorFrequencia:Divisor_inst|clkSaida     ; clk_50                                  ; clk_50      ; 1.000        ; -0.040     ; 1.933      ;
; -0.965 ; DivisorFrequencia:Divisor_inst|contador[20] ; DivisorFrequencia:Divisor_inst|clkSaida     ; clk_50                                  ; clk_50      ; 1.000        ; -0.040     ; 1.912      ;
; -0.959 ; DivisorFrequencia:Divisor_inst|contador[12] ; DivisorFrequencia:Divisor_inst|clkSaida     ; clk_50                                  ; clk_50      ; 1.000        ; -0.040     ; 1.906      ;
; -0.956 ; DivisorFrequencia:Divisor_inst|contador[5]  ; DivisorFrequencia:Divisor_inst|clkSaida     ; clk_50                                  ; clk_50      ; 1.000        ; -0.042     ; 1.901      ;
; -0.929 ; DivisorFrequencia:Divisor_inst|contador[17] ; DivisorFrequencia:Divisor_inst|clkSaida     ; clk_50                                  ; clk_50      ; 1.000        ; -0.040     ; 1.876      ;
; -0.904 ; DivisorFrequencia:Divisor_inst|contador[24] ; DivisorFrequencia:Divisor_inst|clkSaida     ; clk_50                                  ; clk_50      ; 1.000        ; -0.040     ; 1.851      ;
; -0.848 ; DivisorFrequencia:Divisor_inst|contador[10] ; DivisorFrequencia:Divisor_inst|clkSaida     ; clk_50                                  ; clk_50      ; 1.000        ; -0.042     ; 1.793      ;
; -0.641 ; DivisorFrequencia:Divisor_inst|contador[1]  ; DivisorFrequencia:Divisor_inst|contador[24] ; clk_50                                  ; clk_50      ; 1.000        ; -0.044     ; 1.584      ;
; -0.592 ; DivisorFrequencia:Divisor_inst|contador[0]  ; DivisorFrequencia:Divisor_inst|contador[24] ; clk_50                                  ; clk_50      ; 1.000        ; -0.044     ; 1.535      ;
; -0.577 ; DivisorFrequencia:Divisor_inst|contador[1]  ; DivisorFrequencia:Divisor_inst|contador[23] ; clk_50                                  ; clk_50      ; 1.000        ; -0.044     ; 1.520      ;
; -0.573 ; DivisorFrequencia:Divisor_inst|contador[1]  ; DivisorFrequencia:Divisor_inst|contador[22] ; clk_50                                  ; clk_50      ; 1.000        ; -0.044     ; 1.516      ;
; -0.572 ; DivisorFrequencia:Divisor_inst|contador[3]  ; DivisorFrequencia:Divisor_inst|contador[24] ; clk_50                                  ; clk_50      ; 1.000        ; -0.044     ; 1.515      ;
; -0.562 ; DivisorFrequencia:Divisor_inst|contador[0]  ; DivisorFrequencia:Divisor_inst|contador[23] ; clk_50                                  ; clk_50      ; 1.000        ; -0.044     ; 1.505      ;
; -0.528 ; DivisorFrequencia:Divisor_inst|clkSaida     ; DivisorFrequencia:Divisor_inst|clkSaida     ; DivisorFrequencia:Divisor_inst|clkSaida ; clk_50      ; 0.500        ; 1.590      ; 2.700      ;
; -0.524 ; DivisorFrequencia:Divisor_inst|contador[0]  ; DivisorFrequencia:Divisor_inst|contador[22] ; clk_50                                  ; clk_50      ; 1.000        ; -0.044     ; 1.467      ;
; -0.523 ; DivisorFrequencia:Divisor_inst|contador[2]  ; DivisorFrequencia:Divisor_inst|contador[24] ; clk_50                                  ; clk_50      ; 1.000        ; -0.044     ; 1.466      ;
; -0.509 ; DivisorFrequencia:Divisor_inst|contador[1]  ; DivisorFrequencia:Divisor_inst|contador[21] ; clk_50                                  ; clk_50      ; 1.000        ; -0.044     ; 1.452      ;
; -0.508 ; DivisorFrequencia:Divisor_inst|contador[3]  ; DivisorFrequencia:Divisor_inst|contador[23] ; clk_50                                  ; clk_50      ; 1.000        ; -0.044     ; 1.451      ;
; -0.507 ; DivisorFrequencia:Divisor_inst|contador[5]  ; DivisorFrequencia:Divisor_inst|contador[24] ; clk_50                                  ; clk_50      ; 1.000        ; -0.044     ; 1.450      ;
; -0.505 ; DivisorFrequencia:Divisor_inst|contador[1]  ; DivisorFrequencia:Divisor_inst|contador[20] ; clk_50                                  ; clk_50      ; 1.000        ; -0.044     ; 1.448      ;
; -0.504 ; DivisorFrequencia:Divisor_inst|contador[3]  ; DivisorFrequencia:Divisor_inst|contador[22] ; clk_50                                  ; clk_50      ; 1.000        ; -0.044     ; 1.447      ;
; -0.494 ; DivisorFrequencia:Divisor_inst|contador[2]  ; DivisorFrequencia:Divisor_inst|contador[23] ; clk_50                                  ; clk_50      ; 1.000        ; -0.044     ; 1.437      ;
; -0.494 ; DivisorFrequencia:Divisor_inst|contador[0]  ; DivisorFrequencia:Divisor_inst|contador[21] ; clk_50                                  ; clk_50      ; 1.000        ; -0.044     ; 1.437      ;
; -0.475 ; DivisorFrequencia:Divisor_inst|contador[4]  ; DivisorFrequencia:Divisor_inst|contador[0]  ; clk_50                                  ; clk_50      ; 1.000        ; -0.042     ; 1.420      ;
; -0.475 ; DivisorFrequencia:Divisor_inst|contador[4]  ; DivisorFrequencia:Divisor_inst|contador[1]  ; clk_50                                  ; clk_50      ; 1.000        ; -0.042     ; 1.420      ;
; -0.475 ; DivisorFrequencia:Divisor_inst|contador[4]  ; DivisorFrequencia:Divisor_inst|contador[4]  ; clk_50                                  ; clk_50      ; 1.000        ; -0.042     ; 1.420      ;
; -0.475 ; DivisorFrequencia:Divisor_inst|contador[4]  ; DivisorFrequencia:Divisor_inst|contador[5]  ; clk_50                                  ; clk_50      ; 1.000        ; -0.042     ; 1.420      ;
; -0.459 ; DivisorFrequencia:Divisor_inst|contador[4]  ; DivisorFrequencia:Divisor_inst|contador[24] ; clk_50                                  ; clk_50      ; 1.000        ; -0.044     ; 1.402      ;
; -0.456 ; DivisorFrequencia:Divisor_inst|contador[0]  ; DivisorFrequencia:Divisor_inst|contador[20] ; clk_50                                  ; clk_50      ; 1.000        ; -0.044     ; 1.399      ;
; -0.455 ; DivisorFrequencia:Divisor_inst|contador[2]  ; DivisorFrequencia:Divisor_inst|contador[22] ; clk_50                                  ; clk_50      ; 1.000        ; -0.044     ; 1.398      ;
; -0.455 ; DivisorFrequencia:Divisor_inst|contador[1]  ; DivisorFrequencia:Divisor_inst|contador[0]  ; clk_50                                  ; clk_50      ; 1.000        ; -0.042     ; 1.400      ;
; -0.455 ; DivisorFrequencia:Divisor_inst|contador[1]  ; DivisorFrequencia:Divisor_inst|contador[1]  ; clk_50                                  ; clk_50      ; 1.000        ; -0.042     ; 1.400      ;
; -0.455 ; DivisorFrequencia:Divisor_inst|contador[1]  ; DivisorFrequencia:Divisor_inst|contador[4]  ; clk_50                                  ; clk_50      ; 1.000        ; -0.042     ; 1.400      ;
; -0.455 ; DivisorFrequencia:Divisor_inst|contador[1]  ; DivisorFrequencia:Divisor_inst|contador[5]  ; clk_50                                  ; clk_50      ; 1.000        ; -0.042     ; 1.400      ;
; -0.443 ; DivisorFrequencia:Divisor_inst|contador[5]  ; DivisorFrequencia:Divisor_inst|contador[23] ; clk_50                                  ; clk_50      ; 1.000        ; -0.044     ; 1.386      ;
; -0.442 ; DivisorFrequencia:Divisor_inst|contador[23] ; DivisorFrequencia:Divisor_inst|contador[0]  ; clk_50                                  ; clk_50      ; 1.000        ; -0.040     ; 1.389      ;
; -0.442 ; DivisorFrequencia:Divisor_inst|contador[23] ; DivisorFrequencia:Divisor_inst|contador[1]  ; clk_50                                  ; clk_50      ; 1.000        ; -0.040     ; 1.389      ;
; -0.442 ; DivisorFrequencia:Divisor_inst|contador[23] ; DivisorFrequencia:Divisor_inst|contador[4]  ; clk_50                                  ; clk_50      ; 1.000        ; -0.040     ; 1.389      ;
; -0.442 ; DivisorFrequencia:Divisor_inst|contador[23] ; DivisorFrequencia:Divisor_inst|contador[5]  ; clk_50                                  ; clk_50      ; 1.000        ; -0.040     ; 1.389      ;
; -0.442 ; DivisorFrequencia:Divisor_inst|contador[21] ; DivisorFrequencia:Divisor_inst|contador[0]  ; clk_50                                  ; clk_50      ; 1.000        ; -0.040     ; 1.389      ;
; -0.442 ; DivisorFrequencia:Divisor_inst|contador[21] ; DivisorFrequencia:Divisor_inst|contador[1]  ; clk_50                                  ; clk_50      ; 1.000        ; -0.040     ; 1.389      ;
; -0.442 ; DivisorFrequencia:Divisor_inst|contador[21] ; DivisorFrequencia:Divisor_inst|contador[4]  ; clk_50                                  ; clk_50      ; 1.000        ; -0.040     ; 1.389      ;
; -0.442 ; DivisorFrequencia:Divisor_inst|contador[21] ; DivisorFrequencia:Divisor_inst|contador[5]  ; clk_50                                  ; clk_50      ; 1.000        ; -0.040     ; 1.389      ;
; -0.441 ; DivisorFrequencia:Divisor_inst|contador[1]  ; DivisorFrequencia:Divisor_inst|contador[19] ; clk_50                                  ; clk_50      ; 1.000        ; -0.044     ; 1.384      ;
; -0.440 ; DivisorFrequencia:Divisor_inst|contador[3]  ; DivisorFrequencia:Divisor_inst|contador[21] ; clk_50                                  ; clk_50      ; 1.000        ; -0.044     ; 1.383      ;
; -0.439 ; DivisorFrequencia:Divisor_inst|contador[5]  ; DivisorFrequencia:Divisor_inst|contador[22] ; clk_50                                  ; clk_50      ; 1.000        ; -0.044     ; 1.382      ;
; -0.437 ; DivisorFrequencia:Divisor_inst|contador[1]  ; DivisorFrequencia:Divisor_inst|contador[18] ; clk_50                                  ; clk_50      ; 1.000        ; -0.044     ; 1.380      ;
; -0.436 ; DivisorFrequencia:Divisor_inst|contador[3]  ; DivisorFrequencia:Divisor_inst|contador[20] ; clk_50                                  ; clk_50      ; 1.000        ; -0.044     ; 1.379      ;
; -0.436 ; DivisorFrequencia:Divisor_inst|contador[15] ; DivisorFrequencia:Divisor_inst|contador[0]  ; clk_50                                  ; clk_50      ; 1.000        ; -0.040     ; 1.383      ;
; -0.436 ; DivisorFrequencia:Divisor_inst|contador[15] ; DivisorFrequencia:Divisor_inst|contador[1]  ; clk_50                                  ; clk_50      ; 1.000        ; -0.040     ; 1.383      ;
; -0.436 ; DivisorFrequencia:Divisor_inst|contador[15] ; DivisorFrequencia:Divisor_inst|contador[4]  ; clk_50                                  ; clk_50      ; 1.000        ; -0.040     ; 1.383      ;
; -0.436 ; DivisorFrequencia:Divisor_inst|contador[15] ; DivisorFrequencia:Divisor_inst|contador[5]  ; clk_50                                  ; clk_50      ; 1.000        ; -0.040     ; 1.383      ;
; -0.436 ; DivisorFrequencia:Divisor_inst|contador[13] ; DivisorFrequencia:Divisor_inst|contador[0]  ; clk_50                                  ; clk_50      ; 1.000        ; -0.040     ; 1.383      ;
; -0.436 ; DivisorFrequencia:Divisor_inst|contador[13] ; DivisorFrequencia:Divisor_inst|contador[1]  ; clk_50                                  ; clk_50      ; 1.000        ; -0.040     ; 1.383      ;
; -0.436 ; DivisorFrequencia:Divisor_inst|contador[13] ; DivisorFrequencia:Divisor_inst|contador[4]  ; clk_50                                  ; clk_50      ; 1.000        ; -0.040     ; 1.383      ;
; -0.436 ; DivisorFrequencia:Divisor_inst|contador[13] ; DivisorFrequencia:Divisor_inst|contador[5]  ; clk_50                                  ; clk_50      ; 1.000        ; -0.040     ; 1.383      ;
; -0.432 ; DivisorFrequencia:Divisor_inst|contador[7]  ; DivisorFrequencia:Divisor_inst|contador[24] ; clk_50                                  ; clk_50      ; 1.000        ; -0.044     ; 1.375      ;
; -0.432 ; DivisorFrequencia:Divisor_inst|contador[22] ; DivisorFrequencia:Divisor_inst|contador[0]  ; clk_50                                  ; clk_50      ; 1.000        ; -0.040     ; 1.379      ;
; -0.432 ; DivisorFrequencia:Divisor_inst|contador[22] ; DivisorFrequencia:Divisor_inst|contador[1]  ; clk_50                                  ; clk_50      ; 1.000        ; -0.040     ; 1.379      ;
; -0.432 ; DivisorFrequencia:Divisor_inst|contador[22] ; DivisorFrequencia:Divisor_inst|contador[4]  ; clk_50                                  ; clk_50      ; 1.000        ; -0.040     ; 1.379      ;
; -0.432 ; DivisorFrequencia:Divisor_inst|contador[22] ; DivisorFrequencia:Divisor_inst|contador[5]  ; clk_50                                  ; clk_50      ; 1.000        ; -0.040     ; 1.379      ;
; -0.428 ; DivisorFrequencia:Divisor_inst|contador[4]  ; DivisorFrequencia:Divisor_inst|contador[23] ; clk_50                                  ; clk_50      ; 1.000        ; -0.044     ; 1.371      ;
; -0.426 ; DivisorFrequencia:Divisor_inst|contador[2]  ; DivisorFrequencia:Divisor_inst|contador[21] ; clk_50                                  ; clk_50      ; 1.000        ; -0.044     ; 1.369      ;
; -0.426 ; DivisorFrequencia:Divisor_inst|contador[0]  ; DivisorFrequencia:Divisor_inst|contador[19] ; clk_50                                  ; clk_50      ; 1.000        ; -0.044     ; 1.369      ;
; -0.424 ; DivisorFrequencia:Divisor_inst|contador[2]  ; DivisorFrequencia:Divisor_inst|contador[0]  ; clk_50                                  ; clk_50      ; 1.000        ; -0.042     ; 1.369      ;
; -0.424 ; DivisorFrequencia:Divisor_inst|contador[2]  ; DivisorFrequencia:Divisor_inst|contador[1]  ; clk_50                                  ; clk_50      ; 1.000        ; -0.042     ; 1.369      ;
; -0.424 ; DivisorFrequencia:Divisor_inst|contador[2]  ; DivisorFrequencia:Divisor_inst|contador[4]  ; clk_50                                  ; clk_50      ; 1.000        ; -0.042     ; 1.369      ;
; -0.424 ; DivisorFrequencia:Divisor_inst|contador[2]  ; DivisorFrequencia:Divisor_inst|contador[5]  ; clk_50                                  ; clk_50      ; 1.000        ; -0.042     ; 1.369      ;
; -0.411 ; DivisorFrequencia:Divisor_inst|contador[3]  ; DivisorFrequencia:Divisor_inst|contador[0]  ; clk_50                                  ; clk_50      ; 1.000        ; -0.042     ; 1.356      ;
; -0.411 ; DivisorFrequencia:Divisor_inst|contador[3]  ; DivisorFrequencia:Divisor_inst|contador[1]  ; clk_50                                  ; clk_50      ; 1.000        ; -0.042     ; 1.356      ;
; -0.411 ; DivisorFrequencia:Divisor_inst|contador[3]  ; DivisorFrequencia:Divisor_inst|contador[4]  ; clk_50                                  ; clk_50      ; 1.000        ; -0.042     ; 1.356      ;
; -0.411 ; DivisorFrequencia:Divisor_inst|contador[3]  ; DivisorFrequencia:Divisor_inst|contador[5]  ; clk_50                                  ; clk_50      ; 1.000        ; -0.042     ; 1.356      ;
; -0.405 ; DivisorFrequencia:Divisor_inst|contador[18] ; DivisorFrequencia:Divisor_inst|contador[0]  ; clk_50                                  ; clk_50      ; 1.000        ; -0.040     ; 1.352      ;
; -0.405 ; DivisorFrequencia:Divisor_inst|contador[18] ; DivisorFrequencia:Divisor_inst|contador[1]  ; clk_50                                  ; clk_50      ; 1.000        ; -0.040     ; 1.352      ;
; -0.405 ; DivisorFrequencia:Divisor_inst|contador[18] ; DivisorFrequencia:Divisor_inst|contador[4]  ; clk_50                                  ; clk_50      ; 1.000        ; -0.040     ; 1.352      ;
; -0.405 ; DivisorFrequencia:Divisor_inst|contador[18] ; DivisorFrequencia:Divisor_inst|contador[5]  ; clk_50                                  ; clk_50      ; 1.000        ; -0.040     ; 1.352      ;
; -0.405 ; DivisorFrequencia:Divisor_inst|contador[19] ; DivisorFrequencia:Divisor_inst|contador[0]  ; clk_50                                  ; clk_50      ; 1.000        ; -0.040     ; 1.352      ;
; -0.405 ; DivisorFrequencia:Divisor_inst|contador[19] ; DivisorFrequencia:Divisor_inst|contador[1]  ; clk_50                                  ; clk_50      ; 1.000        ; -0.040     ; 1.352      ;
; -0.405 ; DivisorFrequencia:Divisor_inst|contador[19] ; DivisorFrequencia:Divisor_inst|contador[4]  ; clk_50                                  ; clk_50      ; 1.000        ; -0.040     ; 1.352      ;
; -0.405 ; DivisorFrequencia:Divisor_inst|contador[19] ; DivisorFrequencia:Divisor_inst|contador[5]  ; clk_50                                  ; clk_50      ; 1.000        ; -0.040     ; 1.352      ;
; -0.391 ; DivisorFrequencia:Divisor_inst|contador[4]  ; DivisorFrequencia:Divisor_inst|contador[22] ; clk_50                                  ; clk_50      ; 1.000        ; -0.044     ; 1.334      ;
; -0.388 ; DivisorFrequencia:Divisor_inst|contador[6]  ; DivisorFrequencia:Divisor_inst|contador[24] ; clk_50                                  ; clk_50      ; 1.000        ; -0.044     ; 1.331      ;
+--------+---------------------------------------------+---------------------------------------------+-----------------------------------------+-------------+--------------+------------+------------+


+----------------------------------------------------------------------------------------------------------------------------------------------------------------------------------------------------+
; Fast 1200mV 0C Model Hold: 'clk_50'                                                                                                                                                                ;
+-------+---------------------------------------------+---------------------------------------------+-----------------------------------------+-------------+--------------+------------+------------+
; Slack ; From Node                                   ; To Node                                     ; Launch Clock                            ; Latch Clock ; Relationship ; Clock Skew ; Data Delay ;
+-------+---------------------------------------------+---------------------------------------------+-----------------------------------------+-------------+--------------+------------+------------+
; 0.199 ; DivisorFrequencia:Divisor_inst|contador[24] ; DivisorFrequencia:Divisor_inst|contador[24] ; clk_50                                  ; clk_50      ; 0.000        ; 0.042      ; 0.325      ;
; 0.291 ; DivisorFrequencia:Divisor_inst|contador[17] ; DivisorFrequencia:Divisor_inst|contador[17] ; clk_50                                  ; clk_50      ; 0.000        ; 0.042      ; 0.417      ;
; 0.292 ; DivisorFrequencia:Divisor_inst|contador[15] ; DivisorFrequencia:Divisor_inst|contador[15] ; clk_50                                  ; clk_50      ; 0.000        ; 0.042      ; 0.418      ;
; 0.292 ; DivisorFrequencia:Divisor_inst|contador[13] ; DivisorFrequencia:Divisor_inst|contador[13] ; clk_50                                  ; clk_50      ; 0.000        ; 0.042      ; 0.418      ;
; 0.292 ; DivisorFrequencia:Divisor_inst|contador[12] ; DivisorFrequencia:Divisor_inst|contador[12] ; clk_50                                  ; clk_50      ; 0.000        ; 0.042      ; 0.418      ;
; 0.293 ; DivisorFrequencia:Divisor_inst|contador[23] ; DivisorFrequencia:Divisor_inst|contador[23] ; clk_50                                  ; clk_50      ; 0.000        ; 0.042      ; 0.419      ;
; 0.293 ; DivisorFrequencia:Divisor_inst|contador[19] ; DivisorFrequencia:Divisor_inst|contador[19] ; clk_50                                  ; clk_50      ; 0.000        ; 0.042      ; 0.419      ;
; 0.293 ; DivisorFrequencia:Divisor_inst|contador[14] ; DivisorFrequencia:Divisor_inst|contador[14] ; clk_50                                  ; clk_50      ; 0.000        ; 0.042      ; 0.419      ;
; 0.294 ; DivisorFrequencia:Divisor_inst|contador[21] ; DivisorFrequencia:Divisor_inst|contador[21] ; clk_50                                  ; clk_50      ; 0.000        ; 0.042      ; 0.420      ;
; 0.294 ; DivisorFrequencia:Divisor_inst|contador[20] ; DivisorFrequencia:Divisor_inst|contador[20] ; clk_50                                  ; clk_50      ; 0.000        ; 0.042      ; 0.420      ;
; 0.294 ; DivisorFrequencia:Divisor_inst|contador[18] ; DivisorFrequencia:Divisor_inst|contador[18] ; clk_50                                  ; clk_50      ; 0.000        ; 0.042      ; 0.420      ;
; 0.294 ; DivisorFrequencia:Divisor_inst|contador[16] ; DivisorFrequencia:Divisor_inst|contador[16] ; clk_50                                  ; clk_50      ; 0.000        ; 0.042      ; 0.420      ;
; 0.298 ; DivisorFrequencia:Divisor_inst|contador[11] ; DivisorFrequencia:Divisor_inst|contador[11] ; clk_50                                  ; clk_50      ; 0.000        ; 0.042      ; 0.424      ;
; 0.298 ; DivisorFrequencia:Divisor_inst|contador[9]  ; DivisorFrequencia:Divisor_inst|contador[9]  ; clk_50                                  ; clk_50      ; 0.000        ; 0.042      ; 0.424      ;
; 0.299 ; DivisorFrequencia:Divisor_inst|contador[7]  ; DivisorFrequencia:Divisor_inst|contador[7]  ; clk_50                                  ; clk_50      ; 0.000        ; 0.042      ; 0.425      ;
; 0.299 ; DivisorFrequencia:Divisor_inst|contador[3]  ; DivisorFrequencia:Divisor_inst|contador[3]  ; clk_50                                  ; clk_50      ; 0.000        ; 0.042      ; 0.425      ;
; 0.299 ; DivisorFrequencia:Divisor_inst|contador[2]  ; DivisorFrequencia:Divisor_inst|contador[2]  ; clk_50                                  ; clk_50      ; 0.000        ; 0.042      ; 0.425      ;
; 0.300 ; DivisorFrequencia:Divisor_inst|contador[10] ; DivisorFrequencia:Divisor_inst|contador[10] ; clk_50                                  ; clk_50      ; 0.000        ; 0.042      ; 0.426      ;
; 0.301 ; DivisorFrequencia:Divisor_inst|contador[8]  ; DivisorFrequencia:Divisor_inst|contador[8]  ; clk_50                                  ; clk_50      ; 0.000        ; 0.042      ; 0.427      ;
; 0.301 ; DivisorFrequencia:Divisor_inst|contador[6]  ; DivisorFrequencia:Divisor_inst|contador[6]  ; clk_50                                  ; clk_50      ; 0.000        ; 0.042      ; 0.427      ;
; 0.302 ; DivisorFrequencia:Divisor_inst|contador[22] ; DivisorFrequencia:Divisor_inst|contador[22] ; clk_50                                  ; clk_50      ; 0.000        ; 0.042      ; 0.428      ;
; 0.432 ; DivisorFrequencia:Divisor_inst|clkSaida     ; DivisorFrequencia:Divisor_inst|clkSaida     ; DivisorFrequencia:Divisor_inst|clkSaida ; clk_50      ; 0.000        ; 1.652      ; 2.303      ;
; 0.440 ; DivisorFrequencia:Divisor_inst|contador[17] ; DivisorFrequencia:Divisor_inst|contador[18] ; clk_50                                  ; clk_50      ; 0.000        ; 0.042      ; 0.566      ;
; 0.441 ; DivisorFrequencia:Divisor_inst|contador[13] ; DivisorFrequencia:Divisor_inst|contador[14] ; clk_50                                  ; clk_50      ; 0.000        ; 0.042      ; 0.567      ;
; 0.441 ; DivisorFrequencia:Divisor_inst|contador[15] ; DivisorFrequencia:Divisor_inst|contador[16] ; clk_50                                  ; clk_50      ; 0.000        ; 0.042      ; 0.567      ;
; 0.442 ; DivisorFrequencia:Divisor_inst|contador[23] ; DivisorFrequencia:Divisor_inst|contador[24] ; clk_50                                  ; clk_50      ; 0.000        ; 0.042      ; 0.568      ;
; 0.442 ; DivisorFrequencia:Divisor_inst|contador[19] ; DivisorFrequencia:Divisor_inst|contador[20] ; clk_50                                  ; clk_50      ; 0.000        ; 0.042      ; 0.568      ;
; 0.443 ; DivisorFrequencia:Divisor_inst|contador[21] ; DivisorFrequencia:Divisor_inst|contador[22] ; clk_50                                  ; clk_50      ; 0.000        ; 0.042      ; 0.569      ;
; 0.447 ; DivisorFrequencia:Divisor_inst|contador[9]  ; DivisorFrequencia:Divisor_inst|contador[10] ; clk_50                                  ; clk_50      ; 0.000        ; 0.042      ; 0.573      ;
; 0.448 ; DivisorFrequencia:Divisor_inst|contador[7]  ; DivisorFrequencia:Divisor_inst|contador[8]  ; clk_50                                  ; clk_50      ; 0.000        ; 0.042      ; 0.574      ;
; 0.449 ; DivisorFrequencia:Divisor_inst|contador[11] ; DivisorFrequencia:Divisor_inst|contador[12] ; clk_50                                  ; clk_50      ; 0.000        ; 0.040      ; 0.573      ;
; 0.449 ; DivisorFrequencia:Divisor_inst|contador[1]  ; DivisorFrequencia:Divisor_inst|contador[2]  ; clk_50                                  ; clk_50      ; 0.000        ; 0.042      ; 0.575      ;
; 0.450 ; DivisorFrequencia:Divisor_inst|contador[12] ; DivisorFrequencia:Divisor_inst|contador[13] ; clk_50                                  ; clk_50      ; 0.000        ; 0.042      ; 0.576      ;
; 0.450 ; DivisorFrequencia:Divisor_inst|contador[5]  ; DivisorFrequencia:Divisor_inst|contador[6]  ; clk_50                                  ; clk_50      ; 0.000        ; 0.042      ; 0.576      ;
; 0.451 ; DivisorFrequencia:Divisor_inst|contador[14] ; DivisorFrequencia:Divisor_inst|contador[15] ; clk_50                                  ; clk_50      ; 0.000        ; 0.042      ; 0.577      ;
; 0.452 ; DivisorFrequencia:Divisor_inst|contador[16] ; DivisorFrequencia:Divisor_inst|contador[17] ; clk_50                                  ; clk_50      ; 0.000        ; 0.042      ; 0.578      ;
; 0.452 ; DivisorFrequencia:Divisor_inst|contador[18] ; DivisorFrequencia:Divisor_inst|contador[19] ; clk_50                                  ; clk_50      ; 0.000        ; 0.042      ; 0.578      ;
; 0.452 ; DivisorFrequencia:Divisor_inst|contador[20] ; DivisorFrequencia:Divisor_inst|contador[21] ; clk_50                                  ; clk_50      ; 0.000        ; 0.042      ; 0.578      ;
; 0.453 ; DivisorFrequencia:Divisor_inst|contador[12] ; DivisorFrequencia:Divisor_inst|contador[14] ; clk_50                                  ; clk_50      ; 0.000        ; 0.042      ; 0.579      ;
; 0.454 ; DivisorFrequencia:Divisor_inst|contador[14] ; DivisorFrequencia:Divisor_inst|contador[16] ; clk_50                                  ; clk_50      ; 0.000        ; 0.042      ; 0.580      ;
; 0.455 ; DivisorFrequencia:Divisor_inst|contador[16] ; DivisorFrequencia:Divisor_inst|contador[18] ; clk_50                                  ; clk_50      ; 0.000        ; 0.042      ; 0.581      ;
; 0.455 ; DivisorFrequencia:Divisor_inst|contador[18] ; DivisorFrequencia:Divisor_inst|contador[20] ; clk_50                                  ; clk_50      ; 0.000        ; 0.042      ; 0.581      ;
; 0.455 ; DivisorFrequencia:Divisor_inst|contador[20] ; DivisorFrequencia:Divisor_inst|contador[22] ; clk_50                                  ; clk_50      ; 0.000        ; 0.042      ; 0.581      ;
; 0.457 ; DivisorFrequencia:Divisor_inst|contador[2]  ; DivisorFrequencia:Divisor_inst|contador[3]  ; clk_50                                  ; clk_50      ; 0.000        ; 0.042      ; 0.583      ;
; 0.458 ; DivisorFrequencia:Divisor_inst|contador[10] ; DivisorFrequencia:Divisor_inst|contador[11] ; clk_50                                  ; clk_50      ; 0.000        ; 0.042      ; 0.584      ;
; 0.459 ; DivisorFrequencia:Divisor_inst|contador[8]  ; DivisorFrequencia:Divisor_inst|contador[9]  ; clk_50                                  ; clk_50      ; 0.000        ; 0.042      ; 0.585      ;
; 0.459 ; DivisorFrequencia:Divisor_inst|contador[6]  ; DivisorFrequencia:Divisor_inst|contador[7]  ; clk_50                                  ; clk_50      ; 0.000        ; 0.042      ; 0.585      ;
; 0.460 ; DivisorFrequencia:Divisor_inst|contador[22] ; DivisorFrequencia:Divisor_inst|contador[23] ; clk_50                                  ; clk_50      ; 0.000        ; 0.042      ; 0.586      ;
; 0.460 ; DivisorFrequencia:Divisor_inst|contador[0]  ; DivisorFrequencia:Divisor_inst|contador[2]  ; clk_50                                  ; clk_50      ; 0.000        ; 0.042      ; 0.586      ;
; 0.462 ; DivisorFrequencia:Divisor_inst|contador[8]  ; DivisorFrequencia:Divisor_inst|contador[10] ; clk_50                                  ; clk_50      ; 0.000        ; 0.042      ; 0.588      ;
; 0.462 ; DivisorFrequencia:Divisor_inst|contador[6]  ; DivisorFrequencia:Divisor_inst|contador[8]  ; clk_50                                  ; clk_50      ; 0.000        ; 0.042      ; 0.588      ;
; 0.463 ; DivisorFrequencia:Divisor_inst|contador[22] ; DivisorFrequencia:Divisor_inst|contador[24] ; clk_50                                  ; clk_50      ; 0.000        ; 0.042      ; 0.589      ;
; 0.463 ; DivisorFrequencia:Divisor_inst|contador[10] ; DivisorFrequencia:Divisor_inst|contador[12] ; clk_50                                  ; clk_50      ; 0.000        ; 0.040      ; 0.587      ;
; 0.464 ; DivisorFrequencia:Divisor_inst|contador[4]  ; DivisorFrequencia:Divisor_inst|contador[6]  ; clk_50                                  ; clk_50      ; 0.000        ; 0.042      ; 0.590      ;
; 0.503 ; DivisorFrequencia:Divisor_inst|contador[17] ; DivisorFrequencia:Divisor_inst|contador[19] ; clk_50                                  ; clk_50      ; 0.000        ; 0.042      ; 0.629      ;
; 0.504 ; DivisorFrequencia:Divisor_inst|contador[13] ; DivisorFrequencia:Divisor_inst|contador[15] ; clk_50                                  ; clk_50      ; 0.000        ; 0.042      ; 0.630      ;
; 0.504 ; DivisorFrequencia:Divisor_inst|contador[15] ; DivisorFrequencia:Divisor_inst|contador[17] ; clk_50                                  ; clk_50      ; 0.000        ; 0.042      ; 0.630      ;
; 0.505 ; DivisorFrequencia:Divisor_inst|contador[19] ; DivisorFrequencia:Divisor_inst|contador[21] ; clk_50                                  ; clk_50      ; 0.000        ; 0.042      ; 0.631      ;
; 0.506 ; DivisorFrequencia:Divisor_inst|contador[17] ; DivisorFrequencia:Divisor_inst|contador[20] ; clk_50                                  ; clk_50      ; 0.000        ; 0.042      ; 0.632      ;
; 0.506 ; DivisorFrequencia:Divisor_inst|contador[21] ; DivisorFrequencia:Divisor_inst|contador[23] ; clk_50                                  ; clk_50      ; 0.000        ; 0.042      ; 0.632      ;
; 0.507 ; DivisorFrequencia:Divisor_inst|contador[13] ; DivisorFrequencia:Divisor_inst|contador[16] ; clk_50                                  ; clk_50      ; 0.000        ; 0.042      ; 0.633      ;
; 0.507 ; DivisorFrequencia:Divisor_inst|contador[15] ; DivisorFrequencia:Divisor_inst|contador[18] ; clk_50                                  ; clk_50      ; 0.000        ; 0.042      ; 0.633      ;
; 0.508 ; DivisorFrequencia:Divisor_inst|contador[19] ; DivisorFrequencia:Divisor_inst|contador[22] ; clk_50                                  ; clk_50      ; 0.000        ; 0.042      ; 0.634      ;
; 0.509 ; DivisorFrequencia:Divisor_inst|contador[21] ; DivisorFrequencia:Divisor_inst|contador[24] ; clk_50                                  ; clk_50      ; 0.000        ; 0.042      ; 0.635      ;
; 0.510 ; DivisorFrequencia:Divisor_inst|contador[9]  ; DivisorFrequencia:Divisor_inst|contador[11] ; clk_50                                  ; clk_50      ; 0.000        ; 0.042      ; 0.636      ;
; 0.511 ; DivisorFrequencia:Divisor_inst|contador[7]  ; DivisorFrequencia:Divisor_inst|contador[9]  ; clk_50                                  ; clk_50      ; 0.000        ; 0.042      ; 0.637      ;
; 0.512 ; DivisorFrequencia:Divisor_inst|contador[11] ; DivisorFrequencia:Divisor_inst|contador[13] ; clk_50                                  ; clk_50      ; 0.000        ; 0.040      ; 0.636      ;
; 0.512 ; DivisorFrequencia:Divisor_inst|contador[1]  ; DivisorFrequencia:Divisor_inst|contador[3]  ; clk_50                                  ; clk_50      ; 0.000        ; 0.042      ; 0.638      ;
; 0.513 ; DivisorFrequencia:Divisor_inst|contador[5]  ; DivisorFrequencia:Divisor_inst|contador[7]  ; clk_50                                  ; clk_50      ; 0.000        ; 0.042      ; 0.639      ;
; 0.514 ; DivisorFrequencia:Divisor_inst|contador[7]  ; DivisorFrequencia:Divisor_inst|contador[10] ; clk_50                                  ; clk_50      ; 0.000        ; 0.042      ; 0.640      ;
; 0.514 ; DivisorFrequencia:Divisor_inst|contador[3]  ; DivisorFrequencia:Divisor_inst|contador[6]  ; clk_50                                  ; clk_50      ; 0.000        ; 0.042      ; 0.640      ;
; 0.515 ; DivisorFrequencia:Divisor_inst|contador[11] ; DivisorFrequencia:Divisor_inst|contador[14] ; clk_50                                  ; clk_50      ; 0.000        ; 0.040      ; 0.639      ;
; 0.515 ; DivisorFrequencia:Divisor_inst|contador[9]  ; DivisorFrequencia:Divisor_inst|contador[12] ; clk_50                                  ; clk_50      ; 0.000        ; 0.040      ; 0.639      ;
; 0.516 ; DivisorFrequencia:Divisor_inst|contador[5]  ; DivisorFrequencia:Divisor_inst|contador[8]  ; clk_50                                  ; clk_50      ; 0.000        ; 0.042      ; 0.642      ;
; 0.516 ; DivisorFrequencia:Divisor_inst|contador[12] ; DivisorFrequencia:Divisor_inst|contador[15] ; clk_50                                  ; clk_50      ; 0.000        ; 0.042      ; 0.642      ;
; 0.517 ; DivisorFrequencia:Divisor_inst|contador[14] ; DivisorFrequencia:Divisor_inst|contador[17] ; clk_50                                  ; clk_50      ; 0.000        ; 0.042      ; 0.643      ;
; 0.518 ; DivisorFrequencia:Divisor_inst|contador[16] ; DivisorFrequencia:Divisor_inst|contador[19] ; clk_50                                  ; clk_50      ; 0.000        ; 0.042      ; 0.644      ;
; 0.518 ; DivisorFrequencia:Divisor_inst|contador[18] ; DivisorFrequencia:Divisor_inst|contador[21] ; clk_50                                  ; clk_50      ; 0.000        ; 0.042      ; 0.644      ;
; 0.518 ; DivisorFrequencia:Divisor_inst|contador[20] ; DivisorFrequencia:Divisor_inst|contador[23] ; clk_50                                  ; clk_50      ; 0.000        ; 0.042      ; 0.644      ;
; 0.519 ; DivisorFrequencia:Divisor_inst|contador[12] ; DivisorFrequencia:Divisor_inst|contador[16] ; clk_50                                  ; clk_50      ; 0.000        ; 0.042      ; 0.645      ;
; 0.520 ; DivisorFrequencia:Divisor_inst|contador[14] ; DivisorFrequencia:Divisor_inst|contador[18] ; clk_50                                  ; clk_50      ; 0.000        ; 0.042      ; 0.646      ;
; 0.521 ; DivisorFrequencia:Divisor_inst|contador[16] ; DivisorFrequencia:Divisor_inst|contador[20] ; clk_50                                  ; clk_50      ; 0.000        ; 0.042      ; 0.647      ;
; 0.521 ; DivisorFrequencia:Divisor_inst|contador[18] ; DivisorFrequencia:Divisor_inst|contador[22] ; clk_50                                  ; clk_50      ; 0.000        ; 0.042      ; 0.647      ;
; 0.521 ; DivisorFrequencia:Divisor_inst|contador[20] ; DivisorFrequencia:Divisor_inst|contador[24] ; clk_50                                  ; clk_50      ; 0.000        ; 0.042      ; 0.647      ;
; 0.523 ; DivisorFrequencia:Divisor_inst|contador[0]  ; DivisorFrequencia:Divisor_inst|contador[3]  ; clk_50                                  ; clk_50      ; 0.000        ; 0.042      ; 0.649      ;
; 0.525 ; DivisorFrequencia:Divisor_inst|contador[8]  ; DivisorFrequencia:Divisor_inst|contador[11] ; clk_50                                  ; clk_50      ; 0.000        ; 0.042      ; 0.651      ;
; 0.525 ; DivisorFrequencia:Divisor_inst|contador[6]  ; DivisorFrequencia:Divisor_inst|contador[9]  ; clk_50                                  ; clk_50      ; 0.000        ; 0.042      ; 0.651      ;
; 0.526 ; DivisorFrequencia:Divisor_inst|contador[10] ; DivisorFrequencia:Divisor_inst|contador[13] ; clk_50                                  ; clk_50      ; 0.000        ; 0.040      ; 0.650      ;
; 0.526 ; DivisorFrequencia:Divisor_inst|contador[2]  ; DivisorFrequencia:Divisor_inst|contador[6]  ; clk_50                                  ; clk_50      ; 0.000        ; 0.042      ; 0.652      ;
; 0.527 ; DivisorFrequencia:Divisor_inst|contador[4]  ; DivisorFrequencia:Divisor_inst|contador[7]  ; clk_50                                  ; clk_50      ; 0.000        ; 0.042      ; 0.653      ;
; 0.528 ; DivisorFrequencia:Divisor_inst|contador[6]  ; DivisorFrequencia:Divisor_inst|contador[10] ; clk_50                                  ; clk_50      ; 0.000        ; 0.042      ; 0.654      ;
; 0.529 ; DivisorFrequencia:Divisor_inst|contador[10] ; DivisorFrequencia:Divisor_inst|contador[14] ; clk_50                                  ; clk_50      ; 0.000        ; 0.040      ; 0.653      ;
; 0.530 ; DivisorFrequencia:Divisor_inst|contador[8]  ; DivisorFrequencia:Divisor_inst|contador[12] ; clk_50                                  ; clk_50      ; 0.000        ; 0.040      ; 0.654      ;
; 0.530 ; DivisorFrequencia:Divisor_inst|contador[4]  ; DivisorFrequencia:Divisor_inst|contador[8]  ; clk_50                                  ; clk_50      ; 0.000        ; 0.042      ; 0.656      ;
; 0.531 ; DivisorFrequencia:Divisor_inst|contador[0]  ; DivisorFrequencia:Divisor_inst|contador[0]  ; clk_50                                  ; clk_50      ; 0.000        ; 0.042      ; 0.657      ;
; 0.569 ; DivisorFrequencia:Divisor_inst|contador[17] ; DivisorFrequencia:Divisor_inst|contador[21] ; clk_50                                  ; clk_50      ; 0.000        ; 0.042      ; 0.695      ;
; 0.570 ; DivisorFrequencia:Divisor_inst|contador[13] ; DivisorFrequencia:Divisor_inst|contador[17] ; clk_50                                  ; clk_50      ; 0.000        ; 0.042      ; 0.696      ;
; 0.570 ; DivisorFrequencia:Divisor_inst|contador[15] ; DivisorFrequencia:Divisor_inst|contador[19] ; clk_50                                  ; clk_50      ; 0.000        ; 0.042      ; 0.696      ;
; 0.571 ; DivisorFrequencia:Divisor_inst|contador[19] ; DivisorFrequencia:Divisor_inst|contador[23] ; clk_50                                  ; clk_50      ; 0.000        ; 0.042      ; 0.697      ;
; 0.572 ; DivisorFrequencia:Divisor_inst|contador[17] ; DivisorFrequencia:Divisor_inst|contador[22] ; clk_50                                  ; clk_50      ; 0.000        ; 0.042      ; 0.698      ;
+-------+---------------------------------------------+---------------------------------------------+-----------------------------------------+-------------+--------------+------------+------------+


+----------------------------------------------------------------------------------------------------------------------------------------------------------------------------------------------------------------------------------+
; Fast 1200mV 0C Model Hold: 'DivisorFrequencia:Divisor_inst|clkSaida'                                                                                                                                                             ;
+-------+----------------------------------------+----------------------------------------------------+-----------------------------------------+-----------------------------------------+--------------+------------+------------+
; Slack ; From Node                              ; To Node                                            ; Launch Clock                            ; Latch Clock                             ; Relationship ; Clock Skew ; Data Delay ;
+-------+----------------------------------------+----------------------------------------------------+-----------------------------------------+-----------------------------------------+--------------+------------+------------+
; 0.456 ; SP[5]                                  ; SP[5]                                              ; DivisorFrequencia:Divisor_inst|clkSaida ; DivisorFrequencia:Divisor_inst|clkSaida ; 0.000        ; 0.041      ; 0.581      ;
; 0.458 ; SP[4]                                  ; SP[4]                                              ; DivisorFrequencia:Divisor_inst|clkSaida ; DivisorFrequencia:Divisor_inst|clkSaida ; 0.000        ; 0.041      ; 0.583      ;
; 0.461 ; SP[2]                                  ; SP[2]                                              ; DivisorFrequencia:Divisor_inst|clkSaida ; DivisorFrequencia:Divisor_inst|clkSaida ; 0.000        ; 0.041      ; 0.586      ;
; 0.472 ; SP[0]                                  ; SP[0]                                              ; DivisorFrequencia:Divisor_inst|clkSaida ; DivisorFrequencia:Divisor_inst|clkSaida ; 0.000        ; 0.041      ; 0.597      ;
; 0.513 ; SP[3]                                  ; SP[3]                                              ; DivisorFrequencia:Divisor_inst|clkSaida ; DivisorFrequencia:Divisor_inst|clkSaida ; 0.000        ; 0.041      ; 0.638      ;
; 0.576 ; SP[1]                                  ; SP[1]                                              ; DivisorFrequencia:Divisor_inst|clkSaida ; DivisorFrequencia:Divisor_inst|clkSaida ; 0.000        ; 0.041      ; 0.701      ;
; 0.606 ; SP[4]                                  ; SP[5]                                              ; DivisorFrequencia:Divisor_inst|clkSaida ; DivisorFrequencia:Divisor_inst|clkSaida ; 0.000        ; 0.041      ; 0.731      ;
; 0.616 ; SP[3]                                  ; SP[4]                                              ; DivisorFrequencia:Divisor_inst|clkSaida ; DivisorFrequencia:Divisor_inst|clkSaida ; 0.000        ; 0.041      ; 0.741      ;
; 0.619 ; SP[3]                                  ; SP[5]                                              ; DivisorFrequencia:Divisor_inst|clkSaida ; DivisorFrequencia:Divisor_inst|clkSaida ; 0.000        ; 0.041      ; 0.744      ;
; 0.663 ; SP[2]                                  ; SP[3]                                              ; DivisorFrequencia:Divisor_inst|clkSaida ; DivisorFrequencia:Divisor_inst|clkSaida ; 0.000        ; 0.041      ; 0.788      ;
; 0.670 ; SP[2]                                  ; SP[4]                                              ; DivisorFrequencia:Divisor_inst|clkSaida ; DivisorFrequencia:Divisor_inst|clkSaida ; 0.000        ; 0.041      ; 0.795      ;
; 0.673 ; SP[2]                                  ; SP[5]                                              ; DivisorFrequencia:Divisor_inst|clkSaida ; DivisorFrequencia:Divisor_inst|clkSaida ; 0.000        ; 0.041      ; 0.798      ;
; 0.675 ; SP[0]                                  ; SP[1]                                              ; DivisorFrequencia:Divisor_inst|clkSaida ; DivisorFrequencia:Divisor_inst|clkSaida ; 0.000        ; 0.041      ; 0.800      ;
; 0.680 ; SP[1]                                  ; SP[2]                                              ; DivisorFrequencia:Divisor_inst|clkSaida ; DivisorFrequencia:Divisor_inst|clkSaida ; 0.000        ; 0.041      ; 0.805      ;
; 0.683 ; SP[0]                                  ; SP[2]                                              ; DivisorFrequencia:Divisor_inst|clkSaida ; DivisorFrequencia:Divisor_inst|clkSaida ; 0.000        ; 0.041      ; 0.808      ;
; 0.737 ; SP[1]                                  ; SP[3]                                              ; DivisorFrequencia:Divisor_inst|clkSaida ; DivisorFrequencia:Divisor_inst|clkSaida ; 0.000        ; 0.041      ; 0.862      ;
; 0.740 ; SP[0]                                  ; SP[3]                                              ; DivisorFrequencia:Divisor_inst|clkSaida ; DivisorFrequencia:Divisor_inst|clkSaida ; 0.000        ; 0.041      ; 0.865      ;
; 0.744 ; SP[1]                                  ; SP[4]                                              ; DivisorFrequencia:Divisor_inst|clkSaida ; DivisorFrequencia:Divisor_inst|clkSaida ; 0.000        ; 0.041      ; 0.869      ;
; 0.747 ; SP[1]                                  ; SP[5]                                              ; DivisorFrequencia:Divisor_inst|clkSaida ; DivisorFrequencia:Divisor_inst|clkSaida ; 0.000        ; 0.041      ; 0.872      ;
; 0.747 ; SP[0]                                  ; SP[4]                                              ; DivisorFrequencia:Divisor_inst|clkSaida ; DivisorFrequencia:Divisor_inst|clkSaida ; 0.000        ; 0.041      ; 0.872      ;
; 0.750 ; SP[0]                                  ; SP[5]                                              ; DivisorFrequencia:Divisor_inst|clkSaida ; DivisorFrequencia:Divisor_inst|clkSaida ; 0.000        ; 0.041      ; 0.875      ;
; 0.809 ; banco:banco_inst|registradores[3][27]  ; ram:ram_inst|ram~2043                              ; DivisorFrequencia:Divisor_inst|clkSaida ; DivisorFrequencia:Divisor_inst|clkSaida ; 0.000        ; -0.153     ; 0.740      ;
; 0.895 ; ram:ram_inst|ram~1012                  ; banco:banco_inst|registradores[7][20]              ; DivisorFrequencia:Divisor_inst|clkSaida ; DivisorFrequencia:Divisor_inst|clkSaida ; 0.000        ; 0.042      ; 1.021      ;
; 0.928 ; banco:banco_inst|registradores[3][19]  ; ControleSaida:display_controller|valor_exibido[19] ; DivisorFrequencia:Divisor_inst|clkSaida ; DivisorFrequencia:Divisor_inst|clkSaida ; 0.000        ; 0.080      ; 1.092      ;
; 0.948 ; ram:ram_inst|ram~746                   ; banco:banco_inst|registradores[7][10]              ; DivisorFrequencia:Divisor_inst|clkSaida ; DivisorFrequencia:Divisor_inst|clkSaida ; 0.000        ; 0.042      ; 1.074      ;
; 0.975 ; ram:ram_inst|ram~1246                  ; banco:banco_inst|registradores[7][30]              ; DivisorFrequencia:Divisor_inst|clkSaida ; DivisorFrequencia:Divisor_inst|clkSaida ; 0.000        ; -0.137     ; 0.922      ;
; 1.058 ; ram:ram_inst|ram~1592                  ; banco:banco_inst|registradores[7][24]              ; DivisorFrequencia:Divisor_inst|clkSaida ; DivisorFrequencia:Divisor_inst|clkSaida ; 0.000        ; 0.041      ; 1.183      ;
; 1.070 ; ram:ram_inst|ram~1529                  ; banco:banco_inst|registradores[7][25]              ; DivisorFrequencia:Divisor_inst|clkSaida ; DivisorFrequencia:Divisor_inst|clkSaida ; 0.000        ; -0.138     ; 1.016      ;
; 1.073 ; ram:ram_inst|ram~972                   ; banco:banco_inst|registradores[7][12]              ; DivisorFrequencia:Divisor_inst|clkSaida ; DivisorFrequencia:Divisor_inst|clkSaida ; 0.000        ; -0.140     ; 1.017      ;
; 1.077 ; ram:ram_inst|ram~1529                  ; banco:banco_inst|registradores[6][25]              ; DivisorFrequencia:Divisor_inst|clkSaida ; DivisorFrequencia:Divisor_inst|clkSaida ; 0.000        ; 0.076      ; 1.237      ;
; 1.106 ; ControleSinal:io_signal_control|saida  ; ControleSaida:display_controller|valor_exibido[28] ; btn_in                                  ; DivisorFrequencia:Divisor_inst|clkSaida ; -0.500       ; -0.090     ; 0.630      ;
; 1.107 ; ControleSinal:io_signal_control|saida  ; ControleSaida:display_controller|valor_exibido[26] ; btn_in                                  ; DivisorFrequencia:Divisor_inst|clkSaida ; -0.500       ; -0.090     ; 0.631      ;
; 1.107 ; ControleSinal:io_signal_control|saida  ; ControleSaida:display_controller|valor_exibido[31] ; btn_in                                  ; DivisorFrequencia:Divisor_inst|clkSaida ; -0.500       ; -0.090     ; 0.631      ;
; 1.109 ; ram:ram_inst|ram~728                   ; banco:banco_inst|registradores[7][24]              ; DivisorFrequencia:Divisor_inst|clkSaida ; DivisorFrequencia:Divisor_inst|clkSaida ; 0.000        ; -0.151     ; 1.042      ;
; 1.109 ; ControleSinal:io_signal_control|saida  ; ControleSaida:display_controller|valor_exibido[27] ; btn_in                                  ; DivisorFrequencia:Divisor_inst|clkSaida ; -0.500       ; -0.090     ; 0.633      ;
; 1.112 ; ram:ram_inst|ram~2014                  ; banco:banco_inst|registradores[7][30]              ; DivisorFrequencia:Divisor_inst|clkSaida ; DivisorFrequencia:Divisor_inst|clkSaida ; 0.000        ; -0.145     ; 1.051      ;
; 1.112 ; ControleSinal:io_signal_control|saida  ; ControleSaida:display_controller|valor_exibido[24] ; btn_in                                  ; DivisorFrequencia:Divisor_inst|clkSaida ; -0.500       ; -0.090     ; 0.636      ;
; 1.112 ; ControleSinal:io_signal_control|saida  ; ControleSaida:display_controller|valor_exibido[25] ; btn_in                                  ; DivisorFrequencia:Divisor_inst|clkSaida ; -0.500       ; -0.090     ; 0.636      ;
; 1.113 ; ControleSinal:io_signal_control|saida  ; ControleSaida:display_controller|valor_exibido[30] ; btn_in                                  ; DivisorFrequencia:Divisor_inst|clkSaida ; -0.500       ; -0.090     ; 0.637      ;
; 1.114 ; ControleSinal:io_signal_control|saida  ; ControleSaida:display_controller|valor_exibido[22] ; btn_in                                  ; DivisorFrequencia:Divisor_inst|clkSaida ; -0.500       ; -0.090     ; 0.638      ;
; 1.115 ; ControleSinal:io_signal_control|saida  ; ControleSaida:display_controller|valor_exibido[19] ; btn_in                                  ; DivisorFrequencia:Divisor_inst|clkSaida ; -0.500       ; -0.090     ; 0.639      ;
; 1.115 ; ControleSinal:io_signal_control|saida  ; ControleSaida:display_controller|valor_exibido[21] ; btn_in                                  ; DivisorFrequencia:Divisor_inst|clkSaida ; -0.500       ; -0.090     ; 0.639      ;
; 1.116 ; ram:ram_inst|ram~1810                  ; banco:banco_inst|registradores[7][18]              ; DivisorFrequencia:Divisor_inst|clkSaida ; DivisorFrequencia:Divisor_inst|clkSaida ; 0.000        ; 0.041      ; 1.241      ;
; 1.116 ; ControleSinal:io_signal_control|saida  ; ControleSaida:display_controller|valor_exibido[23] ; btn_in                                  ; DivisorFrequencia:Divisor_inst|clkSaida ; -0.500       ; -0.090     ; 0.640      ;
; 1.128 ; PC:PC_inst|PC_reg[25]                  ; PC:PC_inst|PC_reg[25]                              ; DivisorFrequencia:Divisor_inst|clkSaida ; DivisorFrequencia:Divisor_inst|clkSaida ; 0.000        ; 0.053      ; 1.265      ;
; 1.129 ; ram:ram_inst|ram~1012                  ; banco:banco_inst|registradores[4][20]              ; DivisorFrequencia:Divisor_inst|clkSaida ; DivisorFrequencia:Divisor_inst|clkSaida ; 0.000        ; 0.272      ; 1.485      ;
; 1.141 ; ram:ram_inst|ram~1012                  ; banco:banco_inst|registradores[5][20]              ; DivisorFrequencia:Divisor_inst|clkSaida ; DivisorFrequencia:Divisor_inst|clkSaida ; 0.000        ; 0.257      ; 1.482      ;
; 1.146 ; ram:ram_inst|ram~1012                  ; banco:banco_inst|registradores[6][20]              ; DivisorFrequencia:Divisor_inst|clkSaida ; DivisorFrequencia:Divisor_inst|clkSaida ; 0.000        ; 0.257      ; 1.487      ;
; 1.150 ; banco:banco_inst|registradores[3][27]  ; ram:ram_inst|ram~59                                ; DivisorFrequencia:Divisor_inst|clkSaida ; DivisorFrequencia:Divisor_inst|clkSaida ; 0.000        ; -0.165     ; 1.069      ;
; 1.151 ; banco:banco_inst|registradores[3][27]  ; ram:ram_inst|ram~1595                              ; DivisorFrequencia:Divisor_inst|clkSaida ; DivisorFrequencia:Divisor_inst|clkSaida ; 0.000        ; -0.165     ; 1.070      ;
; 1.160 ; ram:ram_inst|ram~1012                  ; banco:banco_inst|registradores[3][20]              ; DivisorFrequencia:Divisor_inst|clkSaida ; DivisorFrequencia:Divisor_inst|clkSaida ; 0.000        ; 0.242      ; 1.486      ;
; 1.166 ; ControleSinal:io_signal_control|saida  ; ControleSaida:display_controller|valor_exibido[20] ; btn_in                                  ; DivisorFrequencia:Divisor_inst|clkSaida ; -0.500       ; -0.091     ; 0.689      ;
; 1.174 ; banco:banco_inst|registradores[3][21]  ; ControleSaida:display_controller|valor_exibido[21] ; DivisorFrequencia:Divisor_inst|clkSaida ; DivisorFrequencia:Divisor_inst|clkSaida ; 0.000        ; 0.079      ; 1.337      ;
; 1.174 ; PC:PC_inst|PC_reg[23]                  ; PC:PC_inst|PC_reg[24]                              ; DivisorFrequencia:Divisor_inst|clkSaida ; DivisorFrequencia:Divisor_inst|clkSaida ; 0.000        ; 0.057      ; 1.315      ;
; 1.174 ; PC:PC_inst|PC_reg[31]                  ; PC:PC_inst|PC_reg[31]                              ; DivisorFrequencia:Divisor_inst|clkSaida ; DivisorFrequencia:Divisor_inst|clkSaida ; 0.000        ; 0.053      ; 1.311      ;
; 1.175 ; ram:ram_inst|ram~732                   ; banco:banco_inst|registradores[7][28]              ; DivisorFrequencia:Divisor_inst|clkSaida ; DivisorFrequencia:Divisor_inst|clkSaida ; 0.000        ; -0.147     ; 1.112      ;
; 1.178 ; PC:PC_inst|PC_reg[13]                  ; PC:PC_inst|PC_reg[13]                              ; DivisorFrequencia:Divisor_inst|clkSaida ; DivisorFrequencia:Divisor_inst|clkSaida ; 0.000        ; 0.053      ; 1.315      ;
; 1.178 ; PC:PC_inst|PC_reg[24]                  ; PC:PC_inst|PC_reg[24]                              ; DivisorFrequencia:Divisor_inst|clkSaida ; DivisorFrequencia:Divisor_inst|clkSaida ; 0.000        ; 0.053      ; 1.315      ;
; 1.179 ; ram:ram_inst|ram~1595                  ; banco:banco_inst|registradores[7][27]              ; DivisorFrequencia:Divisor_inst|clkSaida ; DivisorFrequencia:Divisor_inst|clkSaida ; 0.000        ; 0.044      ; 1.307      ;
; 1.186 ; ram:ram_inst|ram~966                   ; banco:banco_inst|registradores[7][6]               ; DivisorFrequencia:Divisor_inst|clkSaida ; DivisorFrequencia:Divisor_inst|clkSaida ; 0.000        ; -0.127     ; 1.143      ;
; 1.190 ; banco:banco_inst|registradores[3][22]  ; ControleSaida:display_controller|valor_exibido[22] ; DivisorFrequencia:Divisor_inst|clkSaida ; DivisorFrequencia:Divisor_inst|clkSaida ; 0.000        ; 0.276      ; 1.550      ;
; 1.191 ; ControleSinal:io_signal_control|saida  ; PC:PC_inst|PC_reg[6]                               ; btn_in                                  ; DivisorFrequencia:Divisor_inst|clkSaida ; 0.000        ; -0.212     ; 1.093      ;
; 1.191 ; ControleSinal:io_signal_control|saida  ; PC:PC_inst|PC_reg[7]                               ; btn_in                                  ; DivisorFrequencia:Divisor_inst|clkSaida ; 0.000        ; -0.212     ; 1.093      ;
; 1.192 ; ram:ram_inst|ram~1529                  ; banco:banco_inst|registradores[3][25]              ; DivisorFrequencia:Divisor_inst|clkSaida ; DivisorFrequencia:Divisor_inst|clkSaida ; 0.000        ; 0.065      ; 1.341      ;
; 1.194 ; banco:banco_inst|registradores[3][1]   ; ram:ram_inst|ram~1441                              ; DivisorFrequencia:Divisor_inst|clkSaida ; DivisorFrequencia:Divisor_inst|clkSaida ; 0.000        ; -0.001     ; 1.277      ;
; 1.199 ; ram:ram_inst|ram~746                   ; banco:banco_inst|registradores[4][10]              ; DivisorFrequencia:Divisor_inst|clkSaida ; DivisorFrequencia:Divisor_inst|clkSaida ; 0.000        ; 0.273      ; 1.556      ;
; 1.202 ; ram:ram_inst|ram~2010                  ; banco:banco_inst|registradores[7][26]              ; DivisorFrequencia:Divisor_inst|clkSaida ; DivisorFrequencia:Divisor_inst|clkSaida ; 0.000        ; -0.152     ; 1.134      ;
; 1.202 ; banco:banco_inst|registradores[3][4]   ; ControleSaida:display_controller|valor_exibido[4]  ; DivisorFrequencia:Divisor_inst|clkSaida ; DivisorFrequencia:Divisor_inst|clkSaida ; 0.000        ; 0.088      ; 1.374      ;
; 1.202 ; PC:PC_inst|PC_reg[27]                  ; PC:PC_inst|PC_reg[27]                              ; DivisorFrequencia:Divisor_inst|clkSaida ; DivisorFrequencia:Divisor_inst|clkSaida ; 0.000        ; 0.053      ; 1.339      ;
; 1.203 ; ram:ram_inst|ram~1907                  ; banco:banco_inst|registradores[7][19]              ; DivisorFrequencia:Divisor_inst|clkSaida ; DivisorFrequencia:Divisor_inst|clkSaida ; 0.000        ; -0.165     ; 1.122      ;
; 1.203 ; ram:ram_inst|ram~1595                  ; banco:banco_inst|registradores[6][27]              ; DivisorFrequencia:Divisor_inst|clkSaida ; DivisorFrequencia:Divisor_inst|clkSaida ; 0.000        ; 0.257      ; 1.544      ;
; 1.208 ; PC:PC_inst|PC_reg[29]                  ; PC:PC_inst|PC_reg[29]                              ; DivisorFrequencia:Divisor_inst|clkSaida ; DivisorFrequencia:Divisor_inst|clkSaida ; 0.000        ; 0.053      ; 1.345      ;
; 1.209 ; ram:ram_inst|ram~716                   ; banco:banco_inst|registradores[7][12]              ; DivisorFrequencia:Divisor_inst|clkSaida ; DivisorFrequencia:Divisor_inst|clkSaida ; 0.000        ; -0.146     ; 1.147      ;
; 1.211 ; PC:PC_inst|PC_reg[14]                  ; PC:PC_inst|PC_reg[15]                              ; DivisorFrequencia:Divisor_inst|clkSaida ; DivisorFrequencia:Divisor_inst|clkSaida ; 0.000        ; 0.053      ; 1.348      ;
; 1.213 ; ram:ram_inst|ram~1535                  ; banco:banco_inst|registradores[7][31]              ; DivisorFrequencia:Divisor_inst|clkSaida ; DivisorFrequencia:Divisor_inst|clkSaida ; 0.000        ; -0.121     ; 1.176      ;
; 1.213 ; ram:ram_inst|ram~1246                  ; banco:banco_inst|registradores[4][30]              ; DivisorFrequencia:Divisor_inst|clkSaida ; DivisorFrequencia:Divisor_inst|clkSaida ; 0.000        ; 0.066      ; 1.363      ;
; 1.214 ; banco:banco_inst|registradores[3][1]   ; ControleSaida:display_controller|valor_exibido[1]  ; DivisorFrequencia:Divisor_inst|clkSaida ; DivisorFrequencia:Divisor_inst|clkSaida ; 0.000        ; 0.277      ; 1.575      ;
; 1.215 ; ram:ram_inst|ram~746                   ; banco:banco_inst|registradores[5][10]              ; DivisorFrequencia:Divisor_inst|clkSaida ; DivisorFrequencia:Divisor_inst|clkSaida ; 0.000        ; 0.258      ; 1.557      ;
; 1.216 ; PC:PC_inst|PC_reg[3]                   ; PC:PC_inst|PC_reg[8]                               ; DivisorFrequencia:Divisor_inst|clkSaida ; DivisorFrequencia:Divisor_inst|clkSaida ; 0.000        ; 0.044      ; 1.344      ;
; 1.220 ; banco:banco_inst|registradores[2][29]  ; ram:ram_inst|ram~1309                              ; DivisorFrequencia:Divisor_inst|clkSaida ; DivisorFrequencia:Divisor_inst|clkSaida ; 0.000        ; -0.160     ; 1.144      ;
; 1.222 ; ram:ram_inst|ram~1246                  ; banco:banco_inst|registradores[3][30]              ; DivisorFrequencia:Divisor_inst|clkSaida ; DivisorFrequencia:Divisor_inst|clkSaida ; 0.000        ; 0.072      ; 1.378      ;
; 1.222 ; banco:banco_inst|registradores[2][2]   ; ram:ram_inst|ram~1890                              ; DivisorFrequencia:Divisor_inst|clkSaida ; DivisorFrequencia:Divisor_inst|clkSaida ; 0.000        ; 0.072      ; 1.378      ;
; 1.225 ; PC:PC_inst|PC_reg[15]                  ; PC:PC_inst|PC_reg[15]                              ; DivisorFrequencia:Divisor_inst|clkSaida ; DivisorFrequencia:Divisor_inst|clkSaida ; 0.000        ; 0.053      ; 1.362      ;
; 1.226 ; ram:ram_inst|ram~746                   ; banco:banco_inst|registradores[3][10]              ; DivisorFrequencia:Divisor_inst|clkSaida ; DivisorFrequencia:Divisor_inst|clkSaida ; 0.000        ; 0.257      ; 1.567      ;
; 1.229 ; PC:PC_inst|PC_reg[23]                  ; PC:PC_inst|PC_reg[23]                              ; DivisorFrequencia:Divisor_inst|clkSaida ; DivisorFrequencia:Divisor_inst|clkSaida ; 0.000        ; 0.053      ; 1.366      ;
; 1.231 ; ControleSinal:out_signal_control|saida ; PC:PC_inst|PC_reg[6]                               ; btn_in                                  ; DivisorFrequencia:Divisor_inst|clkSaida ; 0.000        ; -0.212     ; 1.133      ;
; 1.231 ; ControleSinal:out_signal_control|saida ; PC:PC_inst|PC_reg[7]                               ; btn_in                                  ; DivisorFrequencia:Divisor_inst|clkSaida ; 0.000        ; -0.212     ; 1.133      ;
; 1.233 ; ram:ram_inst|ram~722                   ; banco:banco_inst|registradores[7][18]              ; DivisorFrequencia:Divisor_inst|clkSaida ; DivisorFrequencia:Divisor_inst|clkSaida ; 0.000        ; -0.146     ; 1.171      ;
; 1.236 ; ram:ram_inst|ram~1246                  ; banco:banco_inst|registradores[5][30]              ; DivisorFrequencia:Divisor_inst|clkSaida ; DivisorFrequencia:Divisor_inst|clkSaida ; 0.000        ; 0.057      ; 1.377      ;
; 1.236 ; PC:PC_inst|PC_reg[21]                  ; PC:PC_inst|PC_reg[21]                              ; DivisorFrequencia:Divisor_inst|clkSaida ; DivisorFrequencia:Divisor_inst|clkSaida ; 0.000        ; 0.053      ; 1.373      ;
; 1.237 ; ram:ram_inst|ram~1907                  ; banco:banco_inst|registradores[3][19]              ; DivisorFrequencia:Divisor_inst|clkSaida ; DivisorFrequencia:Divisor_inst|clkSaida ; 0.000        ; 0.037      ; 1.358      ;
; 1.239 ; banco:banco_inst|registradores[3][28]  ; ram:ram_inst|ram~28                                ; DivisorFrequencia:Divisor_inst|clkSaida ; DivisorFrequencia:Divisor_inst|clkSaida ; 0.000        ; -0.157     ; 1.166      ;
; 1.240 ; banco:banco_inst|registradores[3][28]  ; ram:ram_inst|ram~412                               ; DivisorFrequencia:Divisor_inst|clkSaida ; DivisorFrequencia:Divisor_inst|clkSaida ; 0.000        ; -0.157     ; 1.167      ;
; 1.240 ; PC:PC_inst|PC_reg[21]                  ; PC:PC_inst|PC_reg[24]                              ; DivisorFrequencia:Divisor_inst|clkSaida ; DivisorFrequencia:Divisor_inst|clkSaida ; 0.000        ; 0.057      ; 1.381      ;
; 1.241 ; PC:PC_inst|PC_reg[20]                  ; PC:PC_inst|PC_reg[20]                              ; DivisorFrequencia:Divisor_inst|clkSaida ; DivisorFrequencia:Divisor_inst|clkSaida ; 0.000        ; 0.053      ; 1.378      ;
; 1.242 ; ram:ram_inst|ram~746                   ; banco:banco_inst|registradores[6][10]              ; DivisorFrequencia:Divisor_inst|clkSaida ; DivisorFrequencia:Divisor_inst|clkSaida ; 0.000        ; 0.240      ; 1.566      ;
; 1.242 ; banco:banco_inst|registradores[3][27]  ; ram:ram_inst|ram~699                               ; DivisorFrequencia:Divisor_inst|clkSaida ; DivisorFrequencia:Divisor_inst|clkSaida ; 0.000        ; 0.022      ; 1.348      ;
; 1.243 ; ram:ram_inst|ram~1012                  ; banco:banco_inst|registradores[2][20]              ; DivisorFrequencia:Divisor_inst|clkSaida ; DivisorFrequencia:Divisor_inst|clkSaida ; 0.000        ; 0.253      ; 1.580      ;
; 1.244 ; ram:ram_inst|ram~1021                  ; banco:banco_inst|registradores[7][29]              ; DivisorFrequencia:Divisor_inst|clkSaida ; DivisorFrequencia:Divisor_inst|clkSaida ; 0.000        ; -0.140     ; 1.188      ;
; 1.247 ; banco:banco_inst|registradores[3][12]  ; ControleSaida:display_controller|valor_exibido[12] ; DivisorFrequencia:Divisor_inst|clkSaida ; DivisorFrequencia:Divisor_inst|clkSaida ; 0.000        ; 0.083      ; 1.414      ;
+-------+----------------------------------------+----------------------------------------------------+-----------------------------------------+-----------------------------------------+--------------+------------+------------+


+-------------------------------------------------------------------------------------------------------------------------------------------------------------------------+
; Fast 1200mV 0C Model Recovery: 'btn_in'                                                                                                                                 ;
+--------+----------------------+----------------------------------------+-----------------------------------------+-------------+--------------+------------+------------+
; Slack  ; From Node            ; To Node                                ; Launch Clock                            ; Latch Clock ; Relationship ; Clock Skew ; Data Delay ;
+--------+----------------------+----------------------------------------+-----------------------------------------+-------------+--------------+------------+------------+
; -1.563 ; PC:PC_inst|PC_reg[2] ; ControleSinal:io_signal_control|saida  ; DivisorFrequencia:Divisor_inst|clkSaida ; btn_in      ; 1.000        ; 0.213      ; 2.753      ;
; -1.527 ; PC:PC_inst|PC_reg[4] ; ControleSinal:io_signal_control|saida  ; DivisorFrequencia:Divisor_inst|clkSaida ; btn_in      ; 1.000        ; 0.213      ; 2.717      ;
; -1.519 ; PC:PC_inst|PC_reg[2] ; ControleSinal:out_signal_control|saida ; DivisorFrequencia:Divisor_inst|clkSaida ; btn_in      ; 1.000        ; 0.213      ; 2.709      ;
; -1.502 ; PC:PC_inst|PC_reg[1] ; ControleSinal:out_signal_control|saida ; DivisorFrequencia:Divisor_inst|clkSaida ; btn_in      ; 1.000        ; 0.213      ; 2.692      ;
; -1.500 ; PC:PC_inst|PC_reg[3] ; ControleSinal:out_signal_control|saida ; DivisorFrequencia:Divisor_inst|clkSaida ; btn_in      ; 1.000        ; 0.213      ; 2.690      ;
; -1.497 ; PC:PC_inst|PC_reg[1] ; ControleSinal:io_signal_control|saida  ; DivisorFrequencia:Divisor_inst|clkSaida ; btn_in      ; 1.000        ; 0.213      ; 2.687      ;
; -1.445 ; PC:PC_inst|PC_reg[0] ; ControleSinal:out_signal_control|saida ; DivisorFrequencia:Divisor_inst|clkSaida ; btn_in      ; 1.000        ; 0.213      ; 2.635      ;
; -1.398 ; PC:PC_inst|PC_reg[3] ; ControleSinal:io_signal_control|saida  ; DivisorFrequencia:Divisor_inst|clkSaida ; btn_in      ; 1.000        ; 0.213      ; 2.588      ;
; -1.376 ; PC:PC_inst|PC_reg[4] ; ControleSinal:out_signal_control|saida ; DivisorFrequencia:Divisor_inst|clkSaida ; btn_in      ; 1.000        ; 0.213      ; 2.566      ;
; -1.374 ; PC:PC_inst|PC_reg[5] ; ControleSinal:io_signal_control|saida  ; DivisorFrequencia:Divisor_inst|clkSaida ; btn_in      ; 1.000        ; 0.213      ; 2.564      ;
; -1.331 ; PC:PC_inst|PC_reg[0] ; ControleSinal:io_signal_control|saida  ; DivisorFrequencia:Divisor_inst|clkSaida ; btn_in      ; 1.000        ; 0.213      ; 2.521      ;
; -1.265 ; PC:PC_inst|PC_reg[5] ; ControleSinal:out_signal_control|saida ; DivisorFrequencia:Divisor_inst|clkSaida ; btn_in      ; 1.000        ; 0.213      ; 2.455      ;
; -0.778 ; PC:PC_inst|PC_reg[6] ; ControleSinal:out_signal_control|saida ; DivisorFrequencia:Divisor_inst|clkSaida ; btn_in      ; 1.000        ; 0.212      ; 1.967      ;
; -0.670 ; PC:PC_inst|PC_reg[7] ; ControleSinal:out_signal_control|saida ; DivisorFrequencia:Divisor_inst|clkSaida ; btn_in      ; 1.000        ; 0.212      ; 1.859      ;
; -0.266 ; PC:PC_inst|PC_reg[6] ; ControleSinal:io_signal_control|saida  ; DivisorFrequencia:Divisor_inst|clkSaida ; btn_in      ; 1.000        ; 0.212      ; 1.455      ;
; -0.243 ; PC:PC_inst|PC_reg[7] ; ControleSinal:io_signal_control|saida  ; DivisorFrequencia:Divisor_inst|clkSaida ; btn_in      ; 1.000        ; 0.212      ; 1.432      ;
+--------+----------------------+----------------------------------------+-----------------------------------------+-------------+--------------+------------+------------+


+------------------------------------------------------------------------------------------------------------------------------------------------------------------------+
; Fast 1200mV 0C Model Removal: 'btn_in'                                                                                                                                 ;
+-------+----------------------+----------------------------------------+-----------------------------------------+-------------+--------------+------------+------------+
; Slack ; From Node            ; To Node                                ; Launch Clock                            ; Latch Clock ; Relationship ; Clock Skew ; Data Delay ;
+-------+----------------------+----------------------------------------+-----------------------------------------+-------------+--------------+------------+------------+
; 0.790 ; PC:PC_inst|PC_reg[7] ; ControleSinal:io_signal_control|saida  ; DivisorFrequencia:Divisor_inst|clkSaida ; btn_in      ; 0.000        ; 0.370      ; 1.274      ;
; 0.807 ; PC:PC_inst|PC_reg[6] ; ControleSinal:io_signal_control|saida  ; DivisorFrequencia:Divisor_inst|clkSaida ; btn_in      ; 0.000        ; 0.370      ; 1.291      ;
; 0.872 ; PC:PC_inst|PC_reg[2] ; ControleSinal:io_signal_control|saida  ; DivisorFrequencia:Divisor_inst|clkSaida ; btn_in      ; 0.000        ; 0.372      ; 1.358      ;
; 1.044 ; PC:PC_inst|PC_reg[4] ; ControleSinal:io_signal_control|saida  ; DivisorFrequencia:Divisor_inst|clkSaida ; btn_in      ; 0.000        ; 0.372      ; 1.530      ;
; 1.048 ; PC:PC_inst|PC_reg[7] ; ControleSinal:out_signal_control|saida ; DivisorFrequencia:Divisor_inst|clkSaida ; btn_in      ; 0.000        ; 0.370      ; 1.532      ;
; 1.088 ; PC:PC_inst|PC_reg[2] ; ControleSinal:out_signal_control|saida ; DivisorFrequencia:Divisor_inst|clkSaida ; btn_in      ; 0.000        ; 0.372      ; 1.574      ;
; 1.125 ; PC:PC_inst|PC_reg[4] ; ControleSinal:out_signal_control|saida ; DivisorFrequencia:Divisor_inst|clkSaida ; btn_in      ; 0.000        ; 0.372      ; 1.611      ;
; 1.166 ; PC:PC_inst|PC_reg[3] ; ControleSinal:io_signal_control|saida  ; DivisorFrequencia:Divisor_inst|clkSaida ; btn_in      ; 0.000        ; 0.372      ; 1.652      ;
; 1.176 ; PC:PC_inst|PC_reg[1] ; ControleSinal:io_signal_control|saida  ; DivisorFrequencia:Divisor_inst|clkSaida ; btn_in      ; 0.000        ; 0.372      ; 1.662      ;
; 1.176 ; PC:PC_inst|PC_reg[6] ; ControleSinal:out_signal_control|saida ; DivisorFrequencia:Divisor_inst|clkSaida ; btn_in      ; 0.000        ; 0.370      ; 1.660      ;
; 1.241 ; PC:PC_inst|PC_reg[0] ; ControleSinal:io_signal_control|saida  ; DivisorFrequencia:Divisor_inst|clkSaida ; btn_in      ; 0.000        ; 0.372      ; 1.727      ;
; 1.246 ; PC:PC_inst|PC_reg[5] ; ControleSinal:io_signal_control|saida  ; DivisorFrequencia:Divisor_inst|clkSaida ; btn_in      ; 0.000        ; 0.372      ; 1.732      ;
; 1.323 ; PC:PC_inst|PC_reg[3] ; ControleSinal:out_signal_control|saida ; DivisorFrequencia:Divisor_inst|clkSaida ; btn_in      ; 0.000        ; 0.372      ; 1.809      ;
; 1.343 ; PC:PC_inst|PC_reg[1] ; ControleSinal:out_signal_control|saida ; DivisorFrequencia:Divisor_inst|clkSaida ; btn_in      ; 0.000        ; 0.372      ; 1.829      ;
; 1.367 ; PC:PC_inst|PC_reg[0] ; ControleSinal:out_signal_control|saida ; DivisorFrequencia:Divisor_inst|clkSaida ; btn_in      ; 0.000        ; 0.372      ; 1.853      ;
; 1.429 ; PC:PC_inst|PC_reg[5] ; ControleSinal:out_signal_control|saida ; DivisorFrequencia:Divisor_inst|clkSaida ; btn_in      ; 0.000        ; 0.372      ; 1.915      ;
+-------+----------------------+----------------------------------------+-----------------------------------------+-------------+--------------+------------+------------+


----------------------------------------------
; Fast 1200mV 0C Model Metastability Summary ;
----------------------------------------------
No synchronizer chains to report.


+-----------------------------------------------------------------------------------------------------------+
; Multicorner Timing Analysis Summary                                                                       ;
+------------------------------------------+-------------+-------+----------+---------+---------------------+
; Clock                                    ; Setup       ; Hold  ; Recovery ; Removal ; Minimum Pulse Width ;
+------------------------------------------+-------------+-------+----------+---------+---------------------+
; Worst-case Slack                         ; -151.276    ; 0.199 ; -4.494   ; 0.790   ; -3.000              ;
;  DivisorFrequencia:Divisor_inst|clkSaida ; -151.276    ; 0.456 ; N/A      ; N/A     ; -1.285              ;
;  btn_in                                  ; N/A         ; N/A   ; -4.494   ; 0.790   ; -3.000              ;
;  clk_50                                  ; -3.352      ; 0.199 ; N/A      ; N/A     ; -3.000              ;
; Design-wide TNS                          ; -333644.613 ; 0.0   ; -8.984   ; 0.0     ; -3051.45            ;
;  DivisorFrequencia:Divisor_inst|clkSaida ; -333599.820 ; 0.000 ; N/A      ; N/A     ; -3009.470           ;
;  btn_in                                  ; N/A         ; N/A   ; -8.984   ; 0.000   ; -5.594              ;
;  clk_50                                  ; -44.793     ; 0.000 ; N/A      ; N/A     ; -36.410             ;
+------------------------------------------+-------------+-------+----------+---------+---------------------+


+---------------------------------------------------------------------------------------------------------------------------------------------------------------------------------------------------------------------------------------------------------------------------------------------------------------------------------------------------------------------------------------------------------------------+
; Board Trace Model Assignments                                                                                                                                                                                                                                                                                                                                                                                       ;
+------------------+--------------+-------------------+-------------------------+-------------------------+---------------+---------------------+----------------+------------------+--------+------------------+------------------------+------------------------+--------------+---------------+-----------------+-------+---------------------+--------------------+---------------+-----------------+-------------+
; Pin              ; I/O Standard ; Near Tline Length ; Near Tline L per Length ; Near Tline C per Length ; Near Series R ; Near Differential R ; Near Pull-up R ; Near Pull-down R ; Near C ; Far Tline Length ; Far Tline L per Length ; Far Tline C per Length ; Far Series R ; Far Pull-up R ; Far Pull-down R ; Far C ; Termination Voltage ; Far Differential R ; EBD File Name ; EBD Signal Name ; EBD Far-end ;
+------------------+--------------+-------------------+-------------------------+-------------------------+---------------+---------------------+----------------+------------------+--------+------------------+------------------------+------------------------+--------------+---------------+-----------------+-------+---------------------+--------------------+---------------+-----------------+-------------+
; led_clock        ; 2.5 V        ; 0 in              ; 0 H/in                  ; 0 F/in                  ; short         ; -                   ; open           ; open             ; open   ; 0 in             ; 0 H/in                 ; 0 F/in                 ; short        ; open          ; open            ; open  ; 0 V                 ; -                  ; n/a           ; n/a             ; n/a         ;
; Hex0[0]          ; 2.5 V        ; 0 in              ; 0 H/in                  ; 0 F/in                  ; short         ; -                   ; open           ; open             ; open   ; 0 in             ; 0 H/in                 ; 0 F/in                 ; short        ; open          ; open            ; open  ; 0 V                 ; -                  ; n/a           ; n/a             ; n/a         ;
; Hex0[1]          ; 2.5 V        ; 0 in              ; 0 H/in                  ; 0 F/in                  ; short         ; -                   ; open           ; open             ; open   ; 0 in             ; 0 H/in                 ; 0 F/in                 ; short        ; open          ; open            ; open  ; 0 V                 ; -                  ; n/a           ; n/a             ; n/a         ;
; Hex0[2]          ; 2.5 V        ; 0 in              ; 0 H/in                  ; 0 F/in                  ; short         ; -                   ; open           ; open             ; open   ; 0 in             ; 0 H/in                 ; 0 F/in                 ; short        ; open          ; open            ; open  ; 0 V                 ; -                  ; n/a           ; n/a             ; n/a         ;
; Hex0[3]          ; 2.5 V        ; 0 in              ; 0 H/in                  ; 0 F/in                  ; short         ; -                   ; open           ; open             ; open   ; 0 in             ; 0 H/in                 ; 0 F/in                 ; short        ; open          ; open            ; open  ; 0 V                 ; -                  ; n/a           ; n/a             ; n/a         ;
; Hex0[4]          ; 2.5 V        ; 0 in              ; 0 H/in                  ; 0 F/in                  ; short         ; -                   ; open           ; open             ; open   ; 0 in             ; 0 H/in                 ; 0 F/in                 ; short        ; open          ; open            ; open  ; 0 V                 ; -                  ; n/a           ; n/a             ; n/a         ;
; Hex0[5]          ; 2.5 V        ; 0 in              ; 0 H/in                  ; 0 F/in                  ; short         ; -                   ; open           ; open             ; open   ; 0 in             ; 0 H/in                 ; 0 F/in                 ; short        ; open          ; open            ; open  ; 0 V                 ; -                  ; n/a           ; n/a             ; n/a         ;
; Hex0[6]          ; 2.5 V        ; 0 in              ; 0 H/in                  ; 0 F/in                  ; short         ; -                   ; open           ; open             ; open   ; 0 in             ; 0 H/in                 ; 0 F/in                 ; short        ; open          ; open            ; open  ; 0 V                 ; -                  ; n/a           ; n/a             ; n/a         ;
; Hex1[0]          ; 2.5 V        ; 0 in              ; 0 H/in                  ; 0 F/in                  ; short         ; -                   ; open           ; open             ; open   ; 0 in             ; 0 H/in                 ; 0 F/in                 ; short        ; open          ; open            ; open  ; 0 V                 ; -                  ; n/a           ; n/a             ; n/a         ;
; Hex1[1]          ; 2.5 V        ; 0 in              ; 0 H/in                  ; 0 F/in                  ; short         ; -                   ; open           ; open             ; open   ; 0 in             ; 0 H/in                 ; 0 F/in                 ; short        ; open          ; open            ; open  ; 0 V                 ; -                  ; n/a           ; n/a             ; n/a         ;
; Hex1[2]          ; 2.5 V        ; 0 in              ; 0 H/in                  ; 0 F/in                  ; short         ; -                   ; open           ; open             ; open   ; 0 in             ; 0 H/in                 ; 0 F/in                 ; short        ; open          ; open            ; open  ; 0 V                 ; -                  ; n/a           ; n/a             ; n/a         ;
; Hex1[3]          ; 2.5 V        ; 0 in              ; 0 H/in                  ; 0 F/in                  ; short         ; -                   ; open           ; open             ; open   ; 0 in             ; 0 H/in                 ; 0 F/in                 ; short        ; open          ; open            ; open  ; 0 V                 ; -                  ; n/a           ; n/a             ; n/a         ;
; Hex1[4]          ; 2.5 V        ; 0 in              ; 0 H/in                  ; 0 F/in                  ; short         ; -                   ; open           ; open             ; open   ; 0 in             ; 0 H/in                 ; 0 F/in                 ; short        ; open          ; open            ; open  ; 0 V                 ; -                  ; n/a           ; n/a             ; n/a         ;
; Hex1[5]          ; 2.5 V        ; 0 in              ; 0 H/in                  ; 0 F/in                  ; short         ; -                   ; open           ; open             ; open   ; 0 in             ; 0 H/in                 ; 0 F/in                 ; short        ; open          ; open            ; open  ; 0 V                 ; -                  ; n/a           ; n/a             ; n/a         ;
; Hex1[6]          ; 2.5 V        ; 0 in              ; 0 H/in                  ; 0 F/in                  ; short         ; -                   ; open           ; open             ; open   ; 0 in             ; 0 H/in                 ; 0 F/in                 ; short        ; open          ; open            ; open  ; 0 V                 ; -                  ; n/a           ; n/a             ; n/a         ;
; Hex2[0]          ; 2.5 V        ; 0 in              ; 0 H/in                  ; 0 F/in                  ; short         ; -                   ; open           ; open             ; open   ; 0 in             ; 0 H/in                 ; 0 F/in                 ; short        ; open          ; open            ; open  ; 0 V                 ; -                  ; n/a           ; n/a             ; n/a         ;
; Hex2[1]          ; 2.5 V        ; 0 in              ; 0 H/in                  ; 0 F/in                  ; short         ; -                   ; open           ; open             ; open   ; 0 in             ; 0 H/in                 ; 0 F/in                 ; short        ; open          ; open            ; open  ; 0 V                 ; -                  ; n/a           ; n/a             ; n/a         ;
; Hex2[2]          ; 2.5 V        ; 0 in              ; 0 H/in                  ; 0 F/in                  ; short         ; -                   ; open           ; open             ; open   ; 0 in             ; 0 H/in                 ; 0 F/in                 ; short        ; open          ; open            ; open  ; 0 V                 ; -                  ; n/a           ; n/a             ; n/a         ;
; Hex2[3]          ; 2.5 V        ; 0 in              ; 0 H/in                  ; 0 F/in                  ; short         ; -                   ; open           ; open             ; open   ; 0 in             ; 0 H/in                 ; 0 F/in                 ; short        ; open          ; open            ; open  ; 0 V                 ; -                  ; n/a           ; n/a             ; n/a         ;
; Hex2[4]          ; 2.5 V        ; 0 in              ; 0 H/in                  ; 0 F/in                  ; short         ; -                   ; open           ; open             ; open   ; 0 in             ; 0 H/in                 ; 0 F/in                 ; short        ; open          ; open            ; open  ; 0 V                 ; -                  ; n/a           ; n/a             ; n/a         ;
; Hex2[5]          ; 2.5 V        ; 0 in              ; 0 H/in                  ; 0 F/in                  ; short         ; -                   ; open           ; open             ; open   ; 0 in             ; 0 H/in                 ; 0 F/in                 ; short        ; open          ; open            ; open  ; 0 V                 ; -                  ; n/a           ; n/a             ; n/a         ;
; Hex2[6]          ; 2.5 V        ; 0 in              ; 0 H/in                  ; 0 F/in                  ; short         ; -                   ; open           ; open             ; open   ; 0 in             ; 0 H/in                 ; 0 F/in                 ; short        ; open          ; open            ; open  ; 0 V                 ; -                  ; n/a           ; n/a             ; n/a         ;
; Hex3[0]          ; 2.5 V        ; 0 in              ; 0 H/in                  ; 0 F/in                  ; short         ; -                   ; open           ; open             ; open   ; 0 in             ; 0 H/in                 ; 0 F/in                 ; short        ; open          ; open            ; open  ; 0 V                 ; -                  ; n/a           ; n/a             ; n/a         ;
; Hex3[1]          ; 2.5 V        ; 0 in              ; 0 H/in                  ; 0 F/in                  ; short         ; -                   ; open           ; open             ; open   ; 0 in             ; 0 H/in                 ; 0 F/in                 ; short        ; open          ; open            ; open  ; 0 V                 ; -                  ; n/a           ; n/a             ; n/a         ;
; Hex3[2]          ; 2.5 V        ; 0 in              ; 0 H/in                  ; 0 F/in                  ; short         ; -                   ; open           ; open             ; open   ; 0 in             ; 0 H/in                 ; 0 F/in                 ; short        ; open          ; open            ; open  ; 0 V                 ; -                  ; n/a           ; n/a             ; n/a         ;
; Hex3[3]          ; 2.5 V        ; 0 in              ; 0 H/in                  ; 0 F/in                  ; short         ; -                   ; open           ; open             ; open   ; 0 in             ; 0 H/in                 ; 0 F/in                 ; short        ; open          ; open            ; open  ; 0 V                 ; -                  ; n/a           ; n/a             ; n/a         ;
; Hex3[4]          ; 2.5 V        ; 0 in              ; 0 H/in                  ; 0 F/in                  ; short         ; -                   ; open           ; open             ; open   ; 0 in             ; 0 H/in                 ; 0 F/in                 ; short        ; open          ; open            ; open  ; 0 V                 ; -                  ; n/a           ; n/a             ; n/a         ;
; Hex3[5]          ; 2.5 V        ; 0 in              ; 0 H/in                  ; 0 F/in                  ; short         ; -                   ; open           ; open             ; open   ; 0 in             ; 0 H/in                 ; 0 F/in                 ; short        ; open          ; open            ; open  ; 0 V                 ; -                  ; n/a           ; n/a             ; n/a         ;
; Hex3[6]          ; 2.5 V        ; 0 in              ; 0 H/in                  ; 0 F/in                  ; short         ; -                   ; open           ; open             ; open   ; 0 in             ; 0 H/in                 ; 0 F/in                 ; short        ; open          ; open            ; open  ; 0 V                 ; -                  ; n/a           ; n/a             ; n/a         ;
; Hex4[0]          ; 2.5 V        ; 0 in              ; 0 H/in                  ; 0 F/in                  ; short         ; -                   ; open           ; open             ; open   ; 0 in             ; 0 H/in                 ; 0 F/in                 ; short        ; open          ; open            ; open  ; 0 V                 ; -                  ; n/a           ; n/a             ; n/a         ;
; Hex4[1]          ; 2.5 V        ; 0 in              ; 0 H/in                  ; 0 F/in                  ; short         ; -                   ; open           ; open             ; open   ; 0 in             ; 0 H/in                 ; 0 F/in                 ; short        ; open          ; open            ; open  ; 0 V                 ; -                  ; n/a           ; n/a             ; n/a         ;
; Hex4[2]          ; 2.5 V        ; 0 in              ; 0 H/in                  ; 0 F/in                  ; short         ; -                   ; open           ; open             ; open   ; 0 in             ; 0 H/in                 ; 0 F/in                 ; short        ; open          ; open            ; open  ; 0 V                 ; -                  ; n/a           ; n/a             ; n/a         ;
; Hex4[3]          ; 2.5 V        ; 0 in              ; 0 H/in                  ; 0 F/in                  ; short         ; -                   ; open           ; open             ; open   ; 0 in             ; 0 H/in                 ; 0 F/in                 ; short        ; open          ; open            ; open  ; 0 V                 ; -                  ; n/a           ; n/a             ; n/a         ;
; Hex4[4]          ; 2.5 V        ; 0 in              ; 0 H/in                  ; 0 F/in                  ; short         ; -                   ; open           ; open             ; open   ; 0 in             ; 0 H/in                 ; 0 F/in                 ; short        ; open          ; open            ; open  ; 0 V                 ; -                  ; n/a           ; n/a             ; n/a         ;
; Hex4[5]          ; 2.5 V        ; 0 in              ; 0 H/in                  ; 0 F/in                  ; short         ; -                   ; open           ; open             ; open   ; 0 in             ; 0 H/in                 ; 0 F/in                 ; short        ; open          ; open            ; open  ; 0 V                 ; -                  ; n/a           ; n/a             ; n/a         ;
; Hex4[6]          ; 2.5 V        ; 0 in              ; 0 H/in                  ; 0 F/in                  ; short         ; -                   ; open           ; open             ; open   ; 0 in             ; 0 H/in                 ; 0 F/in                 ; short        ; open          ; open            ; open  ; 0 V                 ; -                  ; n/a           ; n/a             ; n/a         ;
; Hex5[0]          ; 2.5 V        ; 0 in              ; 0 H/in                  ; 0 F/in                  ; short         ; -                   ; open           ; open             ; open   ; 0 in             ; 0 H/in                 ; 0 F/in                 ; short        ; open          ; open            ; open  ; 0 V                 ; -                  ; n/a           ; n/a             ; n/a         ;
; Hex5[1]          ; 2.5 V        ; 0 in              ; 0 H/in                  ; 0 F/in                  ; short         ; -                   ; open           ; open             ; open   ; 0 in             ; 0 H/in                 ; 0 F/in                 ; short        ; open          ; open            ; open  ; 0 V                 ; -                  ; n/a           ; n/a             ; n/a         ;
; Hex5[2]          ; 2.5 V        ; 0 in              ; 0 H/in                  ; 0 F/in                  ; short         ; -                   ; open           ; open             ; open   ; 0 in             ; 0 H/in                 ; 0 F/in                 ; short        ; open          ; open            ; open  ; 0 V                 ; -                  ; n/a           ; n/a             ; n/a         ;
; Hex5[3]          ; 2.5 V        ; 0 in              ; 0 H/in                  ; 0 F/in                  ; short         ; -                   ; open           ; open             ; open   ; 0 in             ; 0 H/in                 ; 0 F/in                 ; short        ; open          ; open            ; open  ; 0 V                 ; -                  ; n/a           ; n/a             ; n/a         ;
; Hex5[4]          ; 2.5 V        ; 0 in              ; 0 H/in                  ; 0 F/in                  ; short         ; -                   ; open           ; open             ; open   ; 0 in             ; 0 H/in                 ; 0 F/in                 ; short        ; open          ; open            ; open  ; 0 V                 ; -                  ; n/a           ; n/a             ; n/a         ;
; Hex5[5]          ; 2.5 V        ; 0 in              ; 0 H/in                  ; 0 F/in                  ; short         ; -                   ; open           ; open             ; open   ; 0 in             ; 0 H/in                 ; 0 F/in                 ; short        ; open          ; open            ; open  ; 0 V                 ; -                  ; n/a           ; n/a             ; n/a         ;
; Hex5[6]          ; 2.5 V        ; 0 in              ; 0 H/in                  ; 0 F/in                  ; short         ; -                   ; open           ; open             ; open   ; 0 in             ; 0 H/in                 ; 0 F/in                 ; short        ; open          ; open            ; open  ; 0 V                 ; -                  ; n/a           ; n/a             ; n/a         ;
; Hex6[0]          ; 2.5 V        ; 0 in              ; 0 H/in                  ; 0 F/in                  ; short         ; -                   ; open           ; open             ; open   ; 0 in             ; 0 H/in                 ; 0 F/in                 ; short        ; open          ; open            ; open  ; 0 V                 ; -                  ; n/a           ; n/a             ; n/a         ;
; Hex6[1]          ; 2.5 V        ; 0 in              ; 0 H/in                  ; 0 F/in                  ; short         ; -                   ; open           ; open             ; open   ; 0 in             ; 0 H/in                 ; 0 F/in                 ; short        ; open          ; open            ; open  ; 0 V                 ; -                  ; n/a           ; n/a             ; n/a         ;
; Hex6[2]          ; 2.5 V        ; 0 in              ; 0 H/in                  ; 0 F/in                  ; short         ; -                   ; open           ; open             ; open   ; 0 in             ; 0 H/in                 ; 0 F/in                 ; short        ; open          ; open            ; open  ; 0 V                 ; -                  ; n/a           ; n/a             ; n/a         ;
; Hex6[3]          ; 2.5 V        ; 0 in              ; 0 H/in                  ; 0 F/in                  ; short         ; -                   ; open           ; open             ; open   ; 0 in             ; 0 H/in                 ; 0 F/in                 ; short        ; open          ; open            ; open  ; 0 V                 ; -                  ; n/a           ; n/a             ; n/a         ;
; Hex6[4]          ; 2.5 V        ; 0 in              ; 0 H/in                  ; 0 F/in                  ; short         ; -                   ; open           ; open             ; open   ; 0 in             ; 0 H/in                 ; 0 F/in                 ; short        ; open          ; open            ; open  ; 0 V                 ; -                  ; n/a           ; n/a             ; n/a         ;
; Hex6[5]          ; 2.5 V        ; 0 in              ; 0 H/in                  ; 0 F/in                  ; short         ; -                   ; open           ; open             ; open   ; 0 in             ; 0 H/in                 ; 0 F/in                 ; short        ; open          ; open            ; open  ; 0 V                 ; -                  ; n/a           ; n/a             ; n/a         ;
; Hex6[6]          ; 2.5 V        ; 0 in              ; 0 H/in                  ; 0 F/in                  ; short         ; -                   ; open           ; open             ; open   ; 0 in             ; 0 H/in                 ; 0 F/in                 ; short        ; open          ; open            ; open  ; 0 V                 ; -                  ; n/a           ; n/a             ; n/a         ;
; Hex7[0]          ; 2.5 V        ; 0 in              ; 0 H/in                  ; 0 F/in                  ; short         ; -                   ; open           ; open             ; open   ; 0 in             ; 0 H/in                 ; 0 F/in                 ; short        ; open          ; open            ; open  ; 0 V                 ; -                  ; n/a           ; n/a             ; n/a         ;
; Hex7[1]          ; 2.5 V        ; 0 in              ; 0 H/in                  ; 0 F/in                  ; short         ; -                   ; open           ; open             ; open   ; 0 in             ; 0 H/in                 ; 0 F/in                 ; short        ; open          ; open            ; open  ; 0 V                 ; -                  ; n/a           ; n/a             ; n/a         ;
; Hex7[2]          ; 2.5 V        ; 0 in              ; 0 H/in                  ; 0 F/in                  ; short         ; -                   ; open           ; open             ; open   ; 0 in             ; 0 H/in                 ; 0 F/in                 ; short        ; open          ; open            ; open  ; 0 V                 ; -                  ; n/a           ; n/a             ; n/a         ;
; Hex7[3]          ; 2.5 V        ; 0 in              ; 0 H/in                  ; 0 F/in                  ; short         ; -                   ; open           ; open             ; open   ; 0 in             ; 0 H/in                 ; 0 F/in                 ; short        ; open          ; open            ; open  ; 0 V                 ; -                  ; n/a           ; n/a             ; n/a         ;
; Hex7[4]          ; 2.5 V        ; 0 in              ; 0 H/in                  ; 0 F/in                  ; short         ; -                   ; open           ; open             ; open   ; 0 in             ; 0 H/in                 ; 0 F/in                 ; short        ; open          ; open            ; open  ; 0 V                 ; -                  ; n/a           ; n/a             ; n/a         ;
; Hex7[5]          ; 2.5 V        ; 0 in              ; 0 H/in                  ; 0 F/in                  ; short         ; -                   ; open           ; open             ; open   ; 0 in             ; 0 H/in                 ; 0 F/in                 ; short        ; open          ; open            ; open  ; 0 V                 ; -                  ; n/a           ; n/a             ; n/a         ;
; Hex7[6]          ; 2.5 V        ; 0 in              ; 0 H/in                  ; 0 F/in                  ; short         ; -                   ; open           ; open             ; open   ; 0 in             ; 0 H/in                 ; 0 F/in                 ; short        ; open          ; open            ; open  ; 0 V                 ; -                  ; n/a           ; n/a             ; n/a         ;
; switches_leds[0] ; 2.5 V        ; 0 in              ; 0 H/in                  ; 0 F/in                  ; short         ; -                   ; open           ; open             ; open   ; 0 in             ; 0 H/in                 ; 0 F/in                 ; short        ; open          ; open            ; open  ; 0 V                 ; -                  ; n/a           ; n/a             ; n/a         ;
; switches_leds[1] ; 2.5 V        ; 0 in              ; 0 H/in                  ; 0 F/in                  ; short         ; -                   ; open           ; open             ; open   ; 0 in             ; 0 H/in                 ; 0 F/in                 ; short        ; open          ; open            ; open  ; 0 V                 ; -                  ; n/a           ; n/a             ; n/a         ;
; switches_leds[2] ; 2.5 V        ; 0 in              ; 0 H/in                  ; 0 F/in                  ; short         ; -                   ; open           ; open             ; open   ; 0 in             ; 0 H/in                 ; 0 F/in                 ; short        ; open          ; open            ; open  ; 0 V                 ; -                  ; n/a           ; n/a             ; n/a         ;
; switches_leds[3] ; 2.5 V        ; 0 in              ; 0 H/in                  ; 0 F/in                  ; short         ; -                   ; open           ; open             ; open   ; 0 in             ; 0 H/in                 ; 0 F/in                 ; short        ; open          ; open            ; open  ; 0 V                 ; -                  ; n/a           ; n/a             ; n/a         ;
; switches_leds[4] ; 2.5 V        ; 0 in              ; 0 H/in                  ; 0 F/in                  ; short         ; -                   ; open           ; open             ; open   ; 0 in             ; 0 H/in                 ; 0 F/in                 ; short        ; open          ; open            ; open  ; 0 V                 ; -                  ; n/a           ; n/a             ; n/a         ;
; switches_leds[5] ; 2.5 V        ; 0 in              ; 0 H/in                  ; 0 F/in                  ; short         ; -                   ; open           ; open             ; open   ; 0 in             ; 0 H/in                 ; 0 F/in                 ; short        ; open          ; open            ; open  ; 0 V                 ; -                  ; n/a           ; n/a             ; n/a         ;
; btn_out          ; 2.5 V        ; 0 in              ; 0 H/in                  ; 0 F/in                  ; short         ; -                   ; open           ; open             ; open   ; 0 in             ; 0 H/in                 ; 0 F/in                 ; short        ; open          ; open            ; open  ; 0 V                 ; -                  ; n/a           ; n/a             ; n/a         ;
; in_sign_out      ; 2.5 V        ; 0 in              ; 0 H/in                  ; 0 F/in                  ; short         ; -                   ; open           ; open             ; open   ; 0 in             ; 0 H/in                 ; 0 F/in                 ; short        ; open          ; open            ; open  ; 0 V                 ; -                  ; n/a           ; n/a             ; n/a         ;
; ~ALTERA_DCLK~    ; 2.5 V        ; 0 in              ; 0 H/in                  ; 0 F/in                  ; short         ; -                   ; open           ; open             ; open   ; 0 in             ; 0 H/in                 ; 0 F/in                 ; short        ; open          ; open            ; open  ; 0 V                 ; -                  ; n/a           ; n/a             ; n/a         ;
; ~ALTERA_nCEO~    ; 2.5 V        ; 0 in              ; 0 H/in                  ; 0 F/in                  ; short         ; -                   ; open           ; open             ; open   ; 0 in             ; 0 H/in                 ; 0 F/in                 ; short        ; open          ; open            ; open  ; 0 V                 ; -                  ; n/a           ; n/a             ; n/a         ;
+------------------+--------------+-------------------+-------------------------+-------------------------+---------------+---------------------+----------------+------------------+--------+------------------+------------------------+------------------------+--------------+---------------+-----------------+-------+---------------------+--------------------+---------------+-----------------+-------------+


+----------------------------------------------------------------------------+
; Input Transition Times                                                     ;
+-------------------------+--------------+-----------------+-----------------+
; Pin                     ; I/O Standard ; 10-90 Rise Time ; 90-10 Fall Time ;
+-------------------------+--------------+-----------------+-----------------+
; switches[0]             ; 2.5 V        ; 2000 ps         ; 2000 ps         ;
; switches[1]             ; 2.5 V        ; 2000 ps         ; 2000 ps         ;
; switches[2]             ; 2.5 V        ; 2000 ps         ; 2000 ps         ;
; switches[3]             ; 2.5 V        ; 2000 ps         ; 2000 ps         ;
; switches[4]             ; 2.5 V        ; 2000 ps         ; 2000 ps         ;
; switches[5]             ; 2.5 V        ; 2000 ps         ; 2000 ps         ;
; btn_in                  ; 2.5 V        ; 2000 ps         ; 2000 ps         ;
; clk_50                  ; 2.5 V        ; 2000 ps         ; 2000 ps         ;
; switches[17]            ; 2.5 V        ; 2000 ps         ; 2000 ps         ;
; switches[16]            ; 2.5 V        ; 2000 ps         ; 2000 ps         ;
; switches[15]            ; 2.5 V        ; 2000 ps         ; 2000 ps         ;
; switches[14]            ; 2.5 V        ; 2000 ps         ; 2000 ps         ;
; switches[13]            ; 2.5 V        ; 2000 ps         ; 2000 ps         ;
; switches[12]            ; 2.5 V        ; 2000 ps         ; 2000 ps         ;
; switches[11]            ; 2.5 V        ; 2000 ps         ; 2000 ps         ;
; switches[10]            ; 2.5 V        ; 2000 ps         ; 2000 ps         ;
; switches[9]             ; 2.5 V        ; 2000 ps         ; 2000 ps         ;
; switches[8]             ; 2.5 V        ; 2000 ps         ; 2000 ps         ;
; switches[7]             ; 2.5 V        ; 2000 ps         ; 2000 ps         ;
; switches[6]             ; 2.5 V        ; 2000 ps         ; 2000 ps         ;
; rst                     ; 2.5 V        ; 2000 ps         ; 2000 ps         ;
; ~ALTERA_ASDO_DATA1~     ; 2.5 V        ; 2000 ps         ; 2000 ps         ;
; ~ALTERA_FLASH_nCE_nCSO~ ; 2.5 V        ; 2000 ps         ; 2000 ps         ;
; ~ALTERA_DATA0~          ; 2.5 V        ; 2000 ps         ; 2000 ps         ;
+-------------------------+--------------+-----------------+-----------------+


+-----------------------------------------------------------------------------------------------------------------------------------------------------------------------------------------------------------------------------------------------------------------------------------------------------------------------------------------------------------------------------------------------------------------------------------------------------------------------------------------------------------------------------------------------------------------------------------------------------------------------------------------------------------------------------------------------+
; Signal Integrity Metrics (Slow 1200mv 0c Model)                                                                                                                                                                                                                                                                                                                                                                                                                                                                                                                                                                                                                                               ;
+------------------+--------------+---------------------+---------------------+------------------------------+------------------------------+---------------------+---------------------+--------------------------------------+--------------------------------------+-----------------------------+-----------------------------+----------------------------+----------------------------+-----------------------------+-----------------------------+--------------------+--------------------+-------------------------------------+-------------------------------------+----------------------------+----------------------------+---------------------------+---------------------------+
; Pin              ; I/O Standard ; Board Delay on Rise ; Board Delay on Fall ; Steady State Voh at FPGA Pin ; Steady State Vol at FPGA Pin ; Voh Max at FPGA Pin ; Vol Min at FPGA Pin ; Ringback Voltage on Rise at FPGA Pin ; Ringback Voltage on Fall at FPGA Pin ; 10-90 Rise Time at FPGA Pin ; 90-10 Fall Time at FPGA Pin ; Monotonic Rise at FPGA Pin ; Monotonic Fall at FPGA Pin ; Steady State Voh at Far-end ; Steady State Vol at Far-end ; Voh Max at Far-end ; Vol Min at Far-end ; Ringback Voltage on Rise at Far-end ; Ringback Voltage on Fall at Far-end ; 10-90 Rise Time at Far-end ; 90-10 Fall Time at Far-end ; Monotonic Rise at Far-end ; Monotonic Fall at Far-end ;
+------------------+--------------+---------------------+---------------------+------------------------------+------------------------------+---------------------+---------------------+--------------------------------------+--------------------------------------+-----------------------------+-----------------------------+----------------------------+----------------------------+-----------------------------+-----------------------------+--------------------+--------------------+-------------------------------------+-------------------------------------+----------------------------+----------------------------+---------------------------+---------------------------+
; led_clock        ; 2.5 V        ; 0 s                 ; 0 s                 ; 2.32 V                       ; 4.49e-09 V                   ; 2.38 V              ; -0.00552 V          ; 0.096 V                              ; 0.019 V                              ; 4.18e-10 s                  ; 3.59e-10 s                  ; No                         ; Yes                        ; 2.32 V                      ; 4.49e-09 V                  ; 2.38 V             ; -0.00552 V         ; 0.096 V                             ; 0.019 V                             ; 4.18e-10 s                 ; 3.59e-10 s                 ; No                        ; Yes                       ;
; Hex0[0]          ; 2.5 V        ; 0 s                 ; 0 s                 ; 2.32 V                       ; 4.49e-09 V                   ; 2.38 V              ; -0.00552 V          ; 0.096 V                              ; 0.019 V                              ; 4.18e-10 s                  ; 3.59e-10 s                  ; No                         ; Yes                        ; 2.32 V                      ; 4.49e-09 V                  ; 2.38 V             ; -0.00552 V         ; 0.096 V                             ; 0.019 V                             ; 4.18e-10 s                 ; 3.59e-10 s                 ; No                        ; Yes                       ;
; Hex0[1]          ; 2.5 V        ; 0 s                 ; 0 s                 ; 2.32 V                       ; 4.49e-09 V                   ; 2.33 V              ; -0.00467 V          ; 0.226 V                              ; 0.087 V                              ; 2.91e-09 s                  ; 2.74e-09 s                  ; Yes                        ; Yes                        ; 2.32 V                      ; 4.49e-09 V                  ; 2.33 V             ; -0.00467 V         ; 0.226 V                             ; 0.087 V                             ; 2.91e-09 s                 ; 2.74e-09 s                 ; Yes                       ; Yes                       ;
; Hex0[2]          ; 2.5 V        ; 0 s                 ; 0 s                 ; 2.32 V                       ; 4.49e-09 V                   ; 2.38 V              ; -0.00552 V          ; 0.096 V                              ; 0.019 V                              ; 4.18e-10 s                  ; 3.59e-10 s                  ; No                         ; Yes                        ; 2.32 V                      ; 4.49e-09 V                  ; 2.38 V             ; -0.00552 V         ; 0.096 V                             ; 0.019 V                             ; 4.18e-10 s                 ; 3.59e-10 s                 ; No                        ; Yes                       ;
; Hex0[3]          ; 2.5 V        ; 0 s                 ; 0 s                 ; 2.32 V                       ; 3.07e-09 V                   ; 2.38 V              ; -0.0144 V           ; 0.227 V                              ; 0.024 V                              ; 3.14e-10 s                  ; 3.39e-10 s                  ; Yes                        ; Yes                        ; 2.32 V                      ; 3.07e-09 V                  ; 2.38 V             ; -0.0144 V          ; 0.227 V                             ; 0.024 V                             ; 3.14e-10 s                 ; 3.39e-10 s                 ; Yes                       ; Yes                       ;
; Hex0[4]          ; 2.5 V        ; 0 s                 ; 0 s                 ; 2.32 V                       ; 3.07e-09 V                   ; 2.38 V              ; -0.0144 V           ; 0.227 V                              ; 0.024 V                              ; 3.14e-10 s                  ; 3.39e-10 s                  ; Yes                        ; Yes                        ; 2.32 V                      ; 3.07e-09 V                  ; 2.38 V             ; -0.0144 V          ; 0.227 V                             ; 0.024 V                             ; 3.14e-10 s                 ; 3.39e-10 s                 ; Yes                       ; Yes                       ;
; Hex0[5]          ; 2.5 V        ; 0 s                 ; 0 s                 ; 2.32 V                       ; 3.07e-09 V                   ; 2.33 V              ; -0.00496 V          ; 0.223 V                              ; 0.086 V                              ; 2.9e-09 s                   ; 2.73e-09 s                  ; Yes                        ; Yes                        ; 2.32 V                      ; 3.07e-09 V                  ; 2.33 V             ; -0.00496 V         ; 0.223 V                             ; 0.086 V                             ; 2.9e-09 s                  ; 2.73e-09 s                 ; Yes                       ; Yes                       ;
; Hex0[6]          ; 2.5 V        ; 0 s                 ; 0 s                 ; 2.32 V                       ; 3.07e-09 V                   ; 2.38 V              ; -0.0144 V           ; 0.227 V                              ; 0.024 V                              ; 3.14e-10 s                  ; 3.39e-10 s                  ; Yes                        ; Yes                        ; 2.32 V                      ; 3.07e-09 V                  ; 2.38 V             ; -0.0144 V          ; 0.227 V                             ; 0.024 V                             ; 3.14e-10 s                 ; 3.39e-10 s                 ; Yes                       ; Yes                       ;
; Hex1[0]          ; 2.5 V        ; 0 s                 ; 0 s                 ; 2.32 V                       ; 3.07e-09 V                   ; 2.38 V              ; -0.0144 V           ; 0.227 V                              ; 0.024 V                              ; 3.14e-10 s                  ; 3.39e-10 s                  ; Yes                        ; Yes                        ; 2.32 V                      ; 3.07e-09 V                  ; 2.38 V             ; -0.0144 V          ; 0.227 V                             ; 0.024 V                             ; 3.14e-10 s                 ; 3.39e-10 s                 ; Yes                       ; Yes                       ;
; Hex1[1]          ; 2.5 V        ; 0 s                 ; 0 s                 ; 2.32 V                       ; 3.07e-09 V                   ; 2.37 V              ; -0.00994 V          ; 0.186 V                              ; 0.028 V                              ; 4.98e-10 s                  ; 4.96e-10 s                  ; Yes                        ; Yes                        ; 2.32 V                      ; 3.07e-09 V                  ; 2.37 V             ; -0.00994 V         ; 0.186 V                             ; 0.028 V                             ; 4.98e-10 s                 ; 4.96e-10 s                 ; Yes                       ; Yes                       ;
; Hex1[2]          ; 2.5 V        ; 0 s                 ; 0 s                 ; 2.32 V                       ; 3.07e-09 V                   ; 2.37 V              ; -0.00994 V          ; 0.186 V                              ; 0.028 V                              ; 4.98e-10 s                  ; 4.96e-10 s                  ; Yes                        ; Yes                        ; 2.32 V                      ; 3.07e-09 V                  ; 2.37 V             ; -0.00994 V         ; 0.186 V                             ; 0.028 V                             ; 4.98e-10 s                 ; 4.96e-10 s                 ; Yes                       ; Yes                       ;
; Hex1[3]          ; 2.5 V        ; 0 s                 ; 0 s                 ; 2.32 V                       ; 3.07e-09 V                   ; 2.37 V              ; -0.00994 V          ; 0.186 V                              ; 0.028 V                              ; 4.98e-10 s                  ; 4.96e-10 s                  ; Yes                        ; Yes                        ; 2.32 V                      ; 3.07e-09 V                  ; 2.37 V             ; -0.00994 V         ; 0.186 V                             ; 0.028 V                             ; 4.98e-10 s                 ; 4.96e-10 s                 ; Yes                       ; Yes                       ;
; Hex1[4]          ; 2.5 V        ; 0 s                 ; 0 s                 ; 2.32 V                       ; 3.07e-09 V                   ; 2.37 V              ; -0.00994 V          ; 0.186 V                              ; 0.028 V                              ; 4.98e-10 s                  ; 4.96e-10 s                  ; Yes                        ; Yes                        ; 2.32 V                      ; 3.07e-09 V                  ; 2.37 V             ; -0.00994 V         ; 0.186 V                             ; 0.028 V                             ; 4.98e-10 s                 ; 4.96e-10 s                 ; Yes                       ; Yes                       ;
; Hex1[5]          ; 2.5 V        ; 0 s                 ; 0 s                 ; 2.32 V                       ; 3.07e-09 V                   ; 2.33 V              ; -0.00496 V          ; 0.223 V                              ; 0.086 V                              ; 2.9e-09 s                   ; 2.73e-09 s                  ; Yes                        ; Yes                        ; 2.32 V                      ; 3.07e-09 V                  ; 2.33 V             ; -0.00496 V         ; 0.223 V                             ; 0.086 V                             ; 2.9e-09 s                  ; 2.73e-09 s                 ; Yes                       ; Yes                       ;
; Hex1[6]          ; 2.5 V        ; 0 s                 ; 0 s                 ; 2.32 V                       ; 3.07e-09 V                   ; 2.33 V              ; -0.00496 V          ; 0.223 V                              ; 0.086 V                              ; 2.9e-09 s                   ; 2.73e-09 s                  ; Yes                        ; Yes                        ; 2.32 V                      ; 3.07e-09 V                  ; 2.33 V             ; -0.00496 V         ; 0.223 V                             ; 0.086 V                             ; 2.9e-09 s                  ; 2.73e-09 s                 ; Yes                       ; Yes                       ;
; Hex2[0]          ; 2.5 V        ; 0 s                 ; 0 s                 ; 2.32 V                       ; 3.07e-09 V                   ; 2.37 V              ; -0.00994 V          ; 0.186 V                              ; 0.028 V                              ; 4.98e-10 s                  ; 4.96e-10 s                  ; Yes                        ; Yes                        ; 2.32 V                      ; 3.07e-09 V                  ; 2.37 V             ; -0.00994 V         ; 0.186 V                             ; 0.028 V                             ; 4.98e-10 s                 ; 4.96e-10 s                 ; Yes                       ; Yes                       ;
; Hex2[1]          ; 2.5 V        ; 0 s                 ; 0 s                 ; 2.32 V                       ; 3.07e-09 V                   ; 2.37 V              ; -0.00994 V          ; 0.186 V                              ; 0.028 V                              ; 4.98e-10 s                  ; 4.96e-10 s                  ; Yes                        ; Yes                        ; 2.32 V                      ; 3.07e-09 V                  ; 2.37 V             ; -0.00994 V         ; 0.186 V                             ; 0.028 V                             ; 4.98e-10 s                 ; 4.96e-10 s                 ; Yes                       ; Yes                       ;
; Hex2[2]          ; 2.5 V        ; 0 s                 ; 0 s                 ; 2.32 V                       ; 3.07e-09 V                   ; 2.37 V              ; -0.00994 V          ; 0.186 V                              ; 0.028 V                              ; 4.98e-10 s                  ; 4.96e-10 s                  ; Yes                        ; Yes                        ; 2.32 V                      ; 3.07e-09 V                  ; 2.37 V             ; -0.00994 V         ; 0.186 V                             ; 0.028 V                             ; 4.98e-10 s                 ; 4.96e-10 s                 ; Yes                       ; Yes                       ;
; Hex2[3]          ; 2.5 V        ; 0 s                 ; 0 s                 ; 2.32 V                       ; 3.07e-09 V                   ; 2.37 V              ; -0.00994 V          ; 0.186 V                              ; 0.028 V                              ; 4.98e-10 s                  ; 4.96e-10 s                  ; Yes                        ; Yes                        ; 2.32 V                      ; 3.07e-09 V                  ; 2.37 V             ; -0.00994 V         ; 0.186 V                             ; 0.028 V                             ; 4.98e-10 s                 ; 4.96e-10 s                 ; Yes                       ; Yes                       ;
; Hex2[4]          ; 2.5 V        ; 0 s                 ; 0 s                 ; 2.32 V                       ; 3.07e-09 V                   ; 2.37 V              ; -0.00994 V          ; 0.186 V                              ; 0.028 V                              ; 4.98e-10 s                  ; 4.96e-10 s                  ; Yes                        ; Yes                        ; 2.32 V                      ; 3.07e-09 V                  ; 2.37 V             ; -0.00994 V         ; 0.186 V                             ; 0.028 V                             ; 4.98e-10 s                 ; 4.96e-10 s                 ; Yes                       ; Yes                       ;
; Hex2[5]          ; 2.5 V        ; 0 s                 ; 0 s                 ; 2.32 V                       ; 3.07e-09 V                   ; 2.37 V              ; -0.00994 V          ; 0.186 V                              ; 0.028 V                              ; 4.98e-10 s                  ; 4.96e-10 s                  ; Yes                        ; Yes                        ; 2.32 V                      ; 3.07e-09 V                  ; 2.37 V             ; -0.00994 V         ; 0.186 V                             ; 0.028 V                             ; 4.98e-10 s                 ; 4.96e-10 s                 ; Yes                       ; Yes                       ;
; Hex2[6]          ; 2.5 V        ; 0 s                 ; 0 s                 ; 2.32 V                       ; 3.07e-09 V                   ; 2.37 V              ; -0.00994 V          ; 0.186 V                              ; 0.028 V                              ; 4.98e-10 s                  ; 4.96e-10 s                  ; Yes                        ; Yes                        ; 2.32 V                      ; 3.07e-09 V                  ; 2.37 V             ; -0.00994 V         ; 0.186 V                             ; 0.028 V                             ; 4.98e-10 s                 ; 4.96e-10 s                 ; Yes                       ; Yes                       ;
; Hex3[0]          ; 2.5 V        ; 0 s                 ; 0 s                 ; 2.32 V                       ; 3.07e-09 V                   ; 2.37 V              ; -0.00994 V          ; 0.186 V                              ; 0.028 V                              ; 4.98e-10 s                  ; 4.96e-10 s                  ; Yes                        ; Yes                        ; 2.32 V                      ; 3.07e-09 V                  ; 2.37 V             ; -0.00994 V         ; 0.186 V                             ; 0.028 V                             ; 4.98e-10 s                 ; 4.96e-10 s                 ; Yes                       ; Yes                       ;
; Hex3[1]          ; 2.5 V        ; 0 s                 ; 0 s                 ; 2.32 V                       ; 3.07e-09 V                   ; 2.38 V              ; -0.0144 V           ; 0.227 V                              ; 0.024 V                              ; 3.14e-10 s                  ; 3.39e-10 s                  ; Yes                        ; Yes                        ; 2.32 V                      ; 3.07e-09 V                  ; 2.38 V             ; -0.0144 V          ; 0.227 V                             ; 0.024 V                             ; 3.14e-10 s                 ; 3.39e-10 s                 ; Yes                       ; Yes                       ;
; Hex3[2]          ; 2.5 V        ; 0 s                 ; 0 s                 ; 2.32 V                       ; 4.49e-09 V                   ; 2.33 V              ; -0.00467 V          ; 0.226 V                              ; 0.087 V                              ; 2.91e-09 s                  ; 2.74e-09 s                  ; Yes                        ; Yes                        ; 2.32 V                      ; 4.49e-09 V                  ; 2.33 V             ; -0.00467 V         ; 0.226 V                             ; 0.087 V                             ; 2.91e-09 s                 ; 2.74e-09 s                 ; Yes                       ; Yes                       ;
; Hex3[3]          ; 2.5 V        ; 0 s                 ; 0 s                 ; 2.32 V                       ; 4.49e-09 V                   ; 2.38 V              ; -0.00552 V          ; 0.096 V                              ; 0.019 V                              ; 4.18e-10 s                  ; 3.59e-10 s                  ; No                         ; Yes                        ; 2.32 V                      ; 4.49e-09 V                  ; 2.38 V             ; -0.00552 V         ; 0.096 V                             ; 0.019 V                             ; 4.18e-10 s                 ; 3.59e-10 s                 ; No                        ; Yes                       ;
; Hex3[4]          ; 2.5 V        ; 0 s                 ; 0 s                 ; 2.32 V                       ; 4.49e-09 V                   ; 2.38 V              ; -0.00552 V          ; 0.096 V                              ; 0.019 V                              ; 4.18e-10 s                  ; 3.59e-10 s                  ; No                         ; Yes                        ; 2.32 V                      ; 4.49e-09 V                  ; 2.38 V             ; -0.00552 V         ; 0.096 V                             ; 0.019 V                             ; 4.18e-10 s                 ; 3.59e-10 s                 ; No                        ; Yes                       ;
; Hex3[5]          ; 2.5 V        ; 0 s                 ; 0 s                 ; 2.32 V                       ; 4.49e-09 V                   ; 2.38 V              ; -0.00552 V          ; 0.096 V                              ; 0.019 V                              ; 4.18e-10 s                  ; 3.59e-10 s                  ; No                         ; Yes                        ; 2.32 V                      ; 4.49e-09 V                  ; 2.38 V             ; -0.00552 V         ; 0.096 V                             ; 0.019 V                             ; 4.18e-10 s                 ; 3.59e-10 s                 ; No                        ; Yes                       ;
; Hex3[6]          ; 2.5 V        ; 0 s                 ; 0 s                 ; 2.32 V                       ; 4.49e-09 V                   ; 2.38 V              ; -0.00552 V          ; 0.096 V                              ; 0.019 V                              ; 4.18e-10 s                  ; 3.59e-10 s                  ; No                         ; Yes                        ; 2.32 V                      ; 4.49e-09 V                  ; 2.38 V             ; -0.00552 V         ; 0.096 V                             ; 0.019 V                             ; 4.18e-10 s                 ; 3.59e-10 s                 ; No                        ; Yes                       ;
; Hex4[0]          ; 2.5 V        ; 0 s                 ; 0 s                 ; 2.32 V                       ; 4.49e-09 V                   ; 2.38 V              ; -0.00552 V          ; 0.096 V                              ; 0.019 V                              ; 4.18e-10 s                  ; 3.59e-10 s                  ; No                         ; Yes                        ; 2.32 V                      ; 4.49e-09 V                  ; 2.38 V             ; -0.00552 V         ; 0.096 V                             ; 0.019 V                             ; 4.18e-10 s                 ; 3.59e-10 s                 ; No                        ; Yes                       ;
; Hex4[1]          ; 2.5 V        ; 0 s                 ; 0 s                 ; 2.32 V                       ; 4.49e-09 V                   ; 2.38 V              ; -0.00552 V          ; 0.096 V                              ; 0.019 V                              ; 4.18e-10 s                  ; 3.59e-10 s                  ; No                         ; Yes                        ; 2.32 V                      ; 4.49e-09 V                  ; 2.38 V             ; -0.00552 V         ; 0.096 V                             ; 0.019 V                             ; 4.18e-10 s                 ; 3.59e-10 s                 ; No                        ; Yes                       ;
; Hex4[2]          ; 2.5 V        ; 0 s                 ; 0 s                 ; 2.32 V                       ; 4.49e-09 V                   ; 2.38 V              ; -0.00552 V          ; 0.096 V                              ; 0.019 V                              ; 4.18e-10 s                  ; 3.59e-10 s                  ; No                         ; Yes                        ; 2.32 V                      ; 4.49e-09 V                  ; 2.38 V             ; -0.00552 V         ; 0.096 V                             ; 0.019 V                             ; 4.18e-10 s                 ; 3.59e-10 s                 ; No                        ; Yes                       ;
; Hex4[3]          ; 2.5 V        ; 0 s                 ; 0 s                 ; 2.32 V                       ; 4.49e-09 V                   ; 2.38 V              ; -0.00552 V          ; 0.096 V                              ; 0.019 V                              ; 4.18e-10 s                  ; 3.59e-10 s                  ; No                         ; Yes                        ; 2.32 V                      ; 4.49e-09 V                  ; 2.38 V             ; -0.00552 V         ; 0.096 V                             ; 0.019 V                             ; 4.18e-10 s                 ; 3.59e-10 s                 ; No                        ; Yes                       ;
; Hex4[4]          ; 2.5 V        ; 0 s                 ; 0 s                 ; 2.32 V                       ; 4.49e-09 V                   ; 2.38 V              ; -0.00552 V          ; 0.096 V                              ; 0.019 V                              ; 4.18e-10 s                  ; 3.59e-10 s                  ; No                         ; Yes                        ; 2.32 V                      ; 4.49e-09 V                  ; 2.38 V             ; -0.00552 V         ; 0.096 V                             ; 0.019 V                             ; 4.18e-10 s                 ; 3.59e-10 s                 ; No                        ; Yes                       ;
; Hex4[5]          ; 2.5 V        ; 0 s                 ; 0 s                 ; 2.32 V                       ; 4.49e-09 V                   ; 2.38 V              ; -0.00552 V          ; 0.096 V                              ; 0.019 V                              ; 4.18e-10 s                  ; 3.59e-10 s                  ; No                         ; Yes                        ; 2.32 V                      ; 4.49e-09 V                  ; 2.38 V             ; -0.00552 V         ; 0.096 V                             ; 0.019 V                             ; 4.18e-10 s                 ; 3.59e-10 s                 ; No                        ; Yes                       ;
; Hex4[6]          ; 2.5 V        ; 0 s                 ; 0 s                 ; 2.32 V                       ; 4.49e-09 V                   ; 2.38 V              ; -0.00552 V          ; 0.096 V                              ; 0.019 V                              ; 4.18e-10 s                  ; 3.59e-10 s                  ; No                         ; Yes                        ; 2.32 V                      ; 4.49e-09 V                  ; 2.38 V             ; -0.00552 V         ; 0.096 V                             ; 0.019 V                             ; 4.18e-10 s                 ; 3.59e-10 s                 ; No                        ; Yes                       ;
; Hex5[0]          ; 2.5 V        ; 0 s                 ; 0 s                 ; 2.32 V                       ; 4.49e-09 V                   ; 2.38 V              ; -0.00552 V          ; 0.096 V                              ; 0.019 V                              ; 4.18e-10 s                  ; 3.59e-10 s                  ; No                         ; Yes                        ; 2.32 V                      ; 4.49e-09 V                  ; 2.38 V             ; -0.00552 V         ; 0.096 V                             ; 0.019 V                             ; 4.18e-10 s                 ; 3.59e-10 s                 ; No                        ; Yes                       ;
; Hex5[1]          ; 2.5 V        ; 0 s                 ; 0 s                 ; 2.32 V                       ; 4.49e-09 V                   ; 2.33 V              ; -0.00467 V          ; 0.226 V                              ; 0.087 V                              ; 2.91e-09 s                  ; 2.74e-09 s                  ; Yes                        ; Yes                        ; 2.32 V                      ; 4.49e-09 V                  ; 2.33 V             ; -0.00467 V         ; 0.226 V                             ; 0.087 V                             ; 2.91e-09 s                 ; 2.74e-09 s                 ; Yes                       ; Yes                       ;
; Hex5[2]          ; 2.5 V        ; 0 s                 ; 0 s                 ; 2.32 V                       ; 4.49e-09 V                   ; 2.38 V              ; -0.00552 V          ; 0.096 V                              ; 0.019 V                              ; 4.18e-10 s                  ; 3.59e-10 s                  ; No                         ; Yes                        ; 2.32 V                      ; 4.49e-09 V                  ; 2.38 V             ; -0.00552 V         ; 0.096 V                             ; 0.019 V                             ; 4.18e-10 s                 ; 3.59e-10 s                 ; No                        ; Yes                       ;
; Hex5[3]          ; 2.5 V        ; 0 s                 ; 0 s                 ; 2.32 V                       ; 4.49e-09 V                   ; 2.38 V              ; -0.00552 V          ; 0.096 V                              ; 0.019 V                              ; 4.18e-10 s                  ; 3.59e-10 s                  ; No                         ; Yes                        ; 2.32 V                      ; 4.49e-09 V                  ; 2.38 V             ; -0.00552 V         ; 0.096 V                             ; 0.019 V                             ; 4.18e-10 s                 ; 3.59e-10 s                 ; No                        ; Yes                       ;
; Hex5[4]          ; 2.5 V        ; 0 s                 ; 0 s                 ; 2.32 V                       ; 4.49e-09 V                   ; 2.38 V              ; -0.00552 V          ; 0.096 V                              ; 0.019 V                              ; 4.18e-10 s                  ; 3.59e-10 s                  ; No                         ; Yes                        ; 2.32 V                      ; 4.49e-09 V                  ; 2.38 V             ; -0.00552 V         ; 0.096 V                             ; 0.019 V                             ; 4.18e-10 s                 ; 3.59e-10 s                 ; No                        ; Yes                       ;
; Hex5[5]          ; 2.5 V        ; 0 s                 ; 0 s                 ; 2.32 V                       ; 4.49e-09 V                   ; 2.38 V              ; -0.00552 V          ; 0.096 V                              ; 0.019 V                              ; 4.18e-10 s                  ; 3.59e-10 s                  ; No                         ; Yes                        ; 2.32 V                      ; 4.49e-09 V                  ; 2.38 V             ; -0.00552 V         ; 0.096 V                             ; 0.019 V                             ; 4.18e-10 s                 ; 3.59e-10 s                 ; No                        ; Yes                       ;
; Hex5[6]          ; 2.5 V        ; 0 s                 ; 0 s                 ; 2.32 V                       ; 4.49e-09 V                   ; 2.38 V              ; -0.00552 V          ; 0.096 V                              ; 0.019 V                              ; 4.18e-10 s                  ; 3.59e-10 s                  ; No                         ; Yes                        ; 2.32 V                      ; 4.49e-09 V                  ; 2.38 V             ; -0.00552 V         ; 0.096 V                             ; 0.019 V                             ; 4.18e-10 s                 ; 3.59e-10 s                 ; No                        ; Yes                       ;
; Hex6[0]          ; 2.5 V        ; 0 s                 ; 0 s                 ; 2.32 V                       ; 4.49e-09 V                   ; 2.38 V              ; -0.00552 V          ; 0.096 V                              ; 0.019 V                              ; 4.18e-10 s                  ; 3.59e-10 s                  ; No                         ; Yes                        ; 2.32 V                      ; 4.49e-09 V                  ; 2.38 V             ; -0.00552 V         ; 0.096 V                             ; 0.019 V                             ; 4.18e-10 s                 ; 3.59e-10 s                 ; No                        ; Yes                       ;
; Hex6[1]          ; 2.5 V        ; 0 s                 ; 0 s                 ; 2.32 V                       ; 4.49e-09 V                   ; 2.38 V              ; -0.00552 V          ; 0.096 V                              ; 0.019 V                              ; 4.18e-10 s                  ; 3.59e-10 s                  ; No                         ; Yes                        ; 2.32 V                      ; 4.49e-09 V                  ; 2.38 V             ; -0.00552 V         ; 0.096 V                             ; 0.019 V                             ; 4.18e-10 s                 ; 3.59e-10 s                 ; No                        ; Yes                       ;
; Hex6[2]          ; 2.5 V        ; 0 s                 ; 0 s                 ; 2.32 V                       ; 4.49e-09 V                   ; 2.38 V              ; -0.00552 V          ; 0.096 V                              ; 0.019 V                              ; 4.18e-10 s                  ; 3.59e-10 s                  ; No                         ; Yes                        ; 2.32 V                      ; 4.49e-09 V                  ; 2.38 V             ; -0.00552 V         ; 0.096 V                             ; 0.019 V                             ; 4.18e-10 s                 ; 3.59e-10 s                 ; No                        ; Yes                       ;
; Hex6[3]          ; 2.5 V        ; 0 s                 ; 0 s                 ; 2.32 V                       ; 4.49e-09 V                   ; 2.38 V              ; -0.00552 V          ; 0.096 V                              ; 0.019 V                              ; 4.18e-10 s                  ; 3.59e-10 s                  ; No                         ; Yes                        ; 2.32 V                      ; 4.49e-09 V                  ; 2.38 V             ; -0.00552 V         ; 0.096 V                             ; 0.019 V                             ; 4.18e-10 s                 ; 3.59e-10 s                 ; No                        ; Yes                       ;
; Hex6[4]          ; 2.5 V        ; 0 s                 ; 0 s                 ; 2.32 V                       ; 4.49e-09 V                   ; 2.38 V              ; -0.00552 V          ; 0.096 V                              ; 0.019 V                              ; 4.18e-10 s                  ; 3.59e-10 s                  ; No                         ; Yes                        ; 2.32 V                      ; 4.49e-09 V                  ; 2.38 V             ; -0.00552 V         ; 0.096 V                             ; 0.019 V                             ; 4.18e-10 s                 ; 3.59e-10 s                 ; No                        ; Yes                       ;
; Hex6[5]          ; 2.5 V        ; 0 s                 ; 0 s                 ; 2.32 V                       ; 4.49e-09 V                   ; 2.33 V              ; -0.00467 V          ; 0.226 V                              ; 0.087 V                              ; 2.91e-09 s                  ; 2.74e-09 s                  ; Yes                        ; Yes                        ; 2.32 V                      ; 4.49e-09 V                  ; 2.33 V             ; -0.00467 V         ; 0.226 V                             ; 0.087 V                             ; 2.91e-09 s                 ; 2.74e-09 s                 ; Yes                       ; Yes                       ;
; Hex6[6]          ; 2.5 V        ; 0 s                 ; 0 s                 ; 2.32 V                       ; 4.49e-09 V                   ; 2.38 V              ; -0.00552 V          ; 0.096 V                              ; 0.019 V                              ; 4.18e-10 s                  ; 3.59e-10 s                  ; No                         ; Yes                        ; 2.32 V                      ; 4.49e-09 V                  ; 2.38 V             ; -0.00552 V         ; 0.096 V                             ; 0.019 V                             ; 4.18e-10 s                 ; 3.59e-10 s                 ; No                        ; Yes                       ;
; Hex7[0]          ; 2.5 V        ; 0 s                 ; 0 s                 ; 2.32 V                       ; 4.49e-09 V                   ; 2.38 V              ; -0.00552 V          ; 0.096 V                              ; 0.019 V                              ; 4.18e-10 s                  ; 3.59e-10 s                  ; No                         ; Yes                        ; 2.32 V                      ; 4.49e-09 V                  ; 2.38 V             ; -0.00552 V         ; 0.096 V                             ; 0.019 V                             ; 4.18e-10 s                 ; 3.59e-10 s                 ; No                        ; Yes                       ;
; Hex7[1]          ; 2.5 V        ; 0 s                 ; 0 s                 ; 2.32 V                       ; 4.49e-09 V                   ; 2.38 V              ; -0.00552 V          ; 0.096 V                              ; 0.019 V                              ; 4.18e-10 s                  ; 3.59e-10 s                  ; No                         ; Yes                        ; 2.32 V                      ; 4.49e-09 V                  ; 2.38 V             ; -0.00552 V         ; 0.096 V                             ; 0.019 V                             ; 4.18e-10 s                 ; 3.59e-10 s                 ; No                        ; Yes                       ;
; Hex7[2]          ; 2.5 V        ; 0 s                 ; 0 s                 ; 2.32 V                       ; 4.49e-09 V                   ; 2.38 V              ; -0.00552 V          ; 0.096 V                              ; 0.019 V                              ; 4.18e-10 s                  ; 3.59e-10 s                  ; No                         ; Yes                        ; 2.32 V                      ; 4.49e-09 V                  ; 2.38 V             ; -0.00552 V         ; 0.096 V                             ; 0.019 V                             ; 4.18e-10 s                 ; 3.59e-10 s                 ; No                        ; Yes                       ;
; Hex7[3]          ; 2.5 V        ; 0 s                 ; 0 s                 ; 2.32 V                       ; 4.49e-09 V                   ; 2.38 V              ; -0.00552 V          ; 0.096 V                              ; 0.019 V                              ; 4.18e-10 s                  ; 3.59e-10 s                  ; No                         ; Yes                        ; 2.32 V                      ; 4.49e-09 V                  ; 2.38 V             ; -0.00552 V         ; 0.096 V                             ; 0.019 V                             ; 4.18e-10 s                 ; 3.59e-10 s                 ; No                        ; Yes                       ;
; Hex7[4]          ; 2.5 V        ; 0 s                 ; 0 s                 ; 2.32 V                       ; 4.49e-09 V                   ; 2.38 V              ; -0.00552 V          ; 0.096 V                              ; 0.019 V                              ; 4.18e-10 s                  ; 3.59e-10 s                  ; No                         ; Yes                        ; 2.32 V                      ; 4.49e-09 V                  ; 2.38 V             ; -0.00552 V         ; 0.096 V                             ; 0.019 V                             ; 4.18e-10 s                 ; 3.59e-10 s                 ; No                        ; Yes                       ;
; Hex7[5]          ; 2.5 V        ; 0 s                 ; 0 s                 ; 2.32 V                       ; 4.49e-09 V                   ; 2.38 V              ; -0.00552 V          ; 0.096 V                              ; 0.019 V                              ; 4.18e-10 s                  ; 3.59e-10 s                  ; No                         ; Yes                        ; 2.32 V                      ; 4.49e-09 V                  ; 2.38 V             ; -0.00552 V         ; 0.096 V                             ; 0.019 V                             ; 4.18e-10 s                 ; 3.59e-10 s                 ; No                        ; Yes                       ;
; Hex7[6]          ; 2.5 V        ; 0 s                 ; 0 s                 ; 2.32 V                       ; 4.49e-09 V                   ; 2.38 V              ; -0.00552 V          ; 0.096 V                              ; 0.019 V                              ; 4.18e-10 s                  ; 3.59e-10 s                  ; No                         ; Yes                        ; 2.32 V                      ; 4.49e-09 V                  ; 2.38 V             ; -0.00552 V         ; 0.096 V                             ; 0.019 V                             ; 4.18e-10 s                 ; 3.59e-10 s                 ; No                        ; Yes                       ;
; switches_leds[0] ; 2.5 V        ; 0 s                 ; 0 s                 ; 2.32 V                       ; 4.49e-09 V                   ; 2.38 V              ; -0.00552 V          ; 0.096 V                              ; 0.019 V                              ; 4.18e-10 s                  ; 3.59e-10 s                  ; No                         ; Yes                        ; 2.32 V                      ; 4.49e-09 V                  ; 2.38 V             ; -0.00552 V         ; 0.096 V                             ; 0.019 V                             ; 4.18e-10 s                 ; 3.59e-10 s                 ; No                        ; Yes                       ;
; switches_leds[1] ; 2.5 V        ; 0 s                 ; 0 s                 ; 2.32 V                       ; 4.49e-09 V                   ; 2.38 V              ; -0.00552 V          ; 0.096 V                              ; 0.019 V                              ; 4.18e-10 s                  ; 3.59e-10 s                  ; No                         ; Yes                        ; 2.32 V                      ; 4.49e-09 V                  ; 2.38 V             ; -0.00552 V         ; 0.096 V                             ; 0.019 V                             ; 4.18e-10 s                 ; 3.59e-10 s                 ; No                        ; Yes                       ;
; switches_leds[2] ; 2.5 V        ; 0 s                 ; 0 s                 ; 2.32 V                       ; 4.49e-09 V                   ; 2.38 V              ; -0.00552 V          ; 0.096 V                              ; 0.019 V                              ; 4.18e-10 s                  ; 3.59e-10 s                  ; No                         ; Yes                        ; 2.32 V                      ; 4.49e-09 V                  ; 2.38 V             ; -0.00552 V         ; 0.096 V                             ; 0.019 V                             ; 4.18e-10 s                 ; 3.59e-10 s                 ; No                        ; Yes                       ;
; switches_leds[3] ; 2.5 V        ; 0 s                 ; 0 s                 ; 2.32 V                       ; 4.49e-09 V                   ; 2.33 V              ; -0.00467 V          ; 0.226 V                              ; 0.087 V                              ; 2.91e-09 s                  ; 2.74e-09 s                  ; Yes                        ; Yes                        ; 2.32 V                      ; 4.49e-09 V                  ; 2.33 V             ; -0.00467 V         ; 0.226 V                             ; 0.087 V                             ; 2.91e-09 s                 ; 2.74e-09 s                 ; Yes                       ; Yes                       ;
; switches_leds[4] ; 2.5 V        ; 0 s                 ; 0 s                 ; 2.32 V                       ; 4.49e-09 V                   ; 2.38 V              ; -0.00552 V          ; 0.096 V                              ; 0.019 V                              ; 4.18e-10 s                  ; 3.59e-10 s                  ; No                         ; Yes                        ; 2.32 V                      ; 4.49e-09 V                  ; 2.38 V             ; -0.00552 V         ; 0.096 V                             ; 0.019 V                             ; 4.18e-10 s                 ; 3.59e-10 s                 ; No                        ; Yes                       ;
; switches_leds[5] ; 2.5 V        ; 0 s                 ; 0 s                 ; 2.32 V                       ; 4.49e-09 V                   ; 2.38 V              ; -0.00552 V          ; 0.096 V                              ; 0.019 V                              ; 4.18e-10 s                  ; 3.59e-10 s                  ; No                         ; Yes                        ; 2.32 V                      ; 4.49e-09 V                  ; 2.38 V             ; -0.00552 V         ; 0.096 V                             ; 0.019 V                             ; 4.18e-10 s                 ; 3.59e-10 s                 ; No                        ; Yes                       ;
; btn_out          ; 2.5 V        ; 0 s                 ; 0 s                 ; 2.32 V                       ; 4.49e-09 V                   ; 2.38 V              ; -0.00552 V          ; 0.096 V                              ; 0.019 V                              ; 4.18e-10 s                  ; 3.59e-10 s                  ; No                         ; Yes                        ; 2.32 V                      ; 4.49e-09 V                  ; 2.38 V             ; -0.00552 V         ; 0.096 V                             ; 0.019 V                             ; 4.18e-10 s                 ; 3.59e-10 s                 ; No                        ; Yes                       ;
; in_sign_out      ; 2.5 V        ; 0 s                 ; 0 s                 ; 2.32 V                       ; 4.49e-09 V                   ; 2.38 V              ; -0.00552 V          ; 0.096 V                              ; 0.019 V                              ; 4.18e-10 s                  ; 3.59e-10 s                  ; No                         ; Yes                        ; 2.32 V                      ; 4.49e-09 V                  ; 2.38 V             ; -0.00552 V         ; 0.096 V                             ; 0.019 V                             ; 4.18e-10 s                 ; 3.59e-10 s                 ; No                        ; Yes                       ;
; ~ALTERA_DCLK~    ; 2.5 V        ; 0 s                 ; 0 s                 ; 2.32 V                       ; 2.67e-09 V                   ; 2.38 V              ; -0.0485 V           ; 0.167 V                              ; 0.096 V                              ; 2.95e-10 s                  ; 2.73e-10 s                  ; Yes                        ; Yes                        ; 2.32 V                      ; 2.67e-09 V                  ; 2.38 V             ; -0.0485 V          ; 0.167 V                             ; 0.096 V                             ; 2.95e-10 s                 ; 2.73e-10 s                 ; Yes                       ; Yes                       ;
; ~ALTERA_nCEO~    ; 2.5 V        ; 0 s                 ; 0 s                 ; 2.32 V                       ; 4.18e-09 V                   ; 2.38 V              ; -0.00483 V          ; 0.152 V                              ; 0.012 V                              ; 4.81e-10 s                  ; 6.29e-10 s                  ; Yes                        ; Yes                        ; 2.32 V                      ; 4.18e-09 V                  ; 2.38 V             ; -0.00483 V         ; 0.152 V                             ; 0.012 V                             ; 4.81e-10 s                 ; 6.29e-10 s                 ; Yes                       ; Yes                       ;
+------------------+--------------+---------------------+---------------------+------------------------------+------------------------------+---------------------+---------------------+--------------------------------------+--------------------------------------+-----------------------------+-----------------------------+----------------------------+----------------------------+-----------------------------+-----------------------------+--------------------+--------------------+-------------------------------------+-------------------------------------+----------------------------+----------------------------+---------------------------+---------------------------+


+-----------------------------------------------------------------------------------------------------------------------------------------------------------------------------------------------------------------------------------------------------------------------------------------------------------------------------------------------------------------------------------------------------------------------------------------------------------------------------------------------------------------------------------------------------------------------------------------------------------------------------------------------------------------------------------------------+
; Signal Integrity Metrics (Slow 1200mv 85c Model)                                                                                                                                                                                                                                                                                                                                                                                                                                                                                                                                                                                                                                              ;
+------------------+--------------+---------------------+---------------------+------------------------------+------------------------------+---------------------+---------------------+--------------------------------------+--------------------------------------+-----------------------------+-----------------------------+----------------------------+----------------------------+-----------------------------+-----------------------------+--------------------+--------------------+-------------------------------------+-------------------------------------+----------------------------+----------------------------+---------------------------+---------------------------+
; Pin              ; I/O Standard ; Board Delay on Rise ; Board Delay on Fall ; Steady State Voh at FPGA Pin ; Steady State Vol at FPGA Pin ; Voh Max at FPGA Pin ; Vol Min at FPGA Pin ; Ringback Voltage on Rise at FPGA Pin ; Ringback Voltage on Fall at FPGA Pin ; 10-90 Rise Time at FPGA Pin ; 90-10 Fall Time at FPGA Pin ; Monotonic Rise at FPGA Pin ; Monotonic Fall at FPGA Pin ; Steady State Voh at Far-end ; Steady State Vol at Far-end ; Voh Max at Far-end ; Vol Min at Far-end ; Ringback Voltage on Rise at Far-end ; Ringback Voltage on Fall at Far-end ; 10-90 Rise Time at Far-end ; 90-10 Fall Time at Far-end ; Monotonic Rise at Far-end ; Monotonic Fall at Far-end ;
+------------------+--------------+---------------------+---------------------+------------------------------+------------------------------+---------------------+---------------------+--------------------------------------+--------------------------------------+-----------------------------+-----------------------------+----------------------------+----------------------------+-----------------------------+-----------------------------+--------------------+--------------------+-------------------------------------+-------------------------------------+----------------------------+----------------------------+---------------------------+---------------------------+
; led_clock        ; 2.5 V        ; 0 s                 ; 0 s                 ; 2.32 V                       ; 6.92e-07 V                   ; 2.35 V              ; -0.00996 V          ; 0.121 V                              ; 0.03 V                               ; 4.64e-10 s                  ; 4.47e-10 s                  ; Yes                        ; Yes                        ; 2.32 V                      ; 6.92e-07 V                  ; 2.35 V             ; -0.00996 V         ; 0.121 V                             ; 0.03 V                              ; 4.64e-10 s                 ; 4.47e-10 s                 ; Yes                       ; Yes                       ;
; Hex0[0]          ; 2.5 V        ; 0 s                 ; 0 s                 ; 2.32 V                       ; 6.92e-07 V                   ; 2.35 V              ; -0.00996 V          ; 0.121 V                              ; 0.03 V                               ; 4.64e-10 s                  ; 4.47e-10 s                  ; Yes                        ; Yes                        ; 2.32 V                      ; 6.92e-07 V                  ; 2.35 V             ; -0.00996 V         ; 0.121 V                             ; 0.03 V                              ; 4.64e-10 s                 ; 4.47e-10 s                 ; Yes                       ; Yes                       ;
; Hex0[1]          ; 2.5 V        ; 0 s                 ; 0 s                 ; 2.32 V                       ; 6.92e-07 V                   ; 2.33 V              ; -0.00265 V          ; 0.133 V                              ; 0.056 V                              ; 3.55e-09 s                  ; 3.31e-09 s                  ; Yes                        ; Yes                        ; 2.32 V                      ; 6.92e-07 V                  ; 2.33 V             ; -0.00265 V         ; 0.133 V                             ; 0.056 V                             ; 3.55e-09 s                 ; 3.31e-09 s                 ; Yes                       ; Yes                       ;
; Hex0[2]          ; 2.5 V        ; 0 s                 ; 0 s                 ; 2.32 V                       ; 6.92e-07 V                   ; 2.35 V              ; -0.00996 V          ; 0.121 V                              ; 0.03 V                               ; 4.64e-10 s                  ; 4.47e-10 s                  ; Yes                        ; Yes                        ; 2.32 V                      ; 6.92e-07 V                  ; 2.35 V             ; -0.00996 V         ; 0.121 V                             ; 0.03 V                              ; 4.64e-10 s                 ; 4.47e-10 s                 ; Yes                       ; Yes                       ;
; Hex0[3]          ; 2.5 V        ; 0 s                 ; 0 s                 ; 2.32 V                       ; 4.67e-07 V                   ; 2.36 V              ; -0.00552 V          ; 0.11 V                               ; 0.007 V                              ; 4.54e-10 s                  ; 4.35e-10 s                  ; Yes                        ; Yes                        ; 2.32 V                      ; 4.67e-07 V                  ; 2.36 V             ; -0.00552 V         ; 0.11 V                              ; 0.007 V                             ; 4.54e-10 s                 ; 4.35e-10 s                 ; Yes                       ; Yes                       ;
; Hex0[4]          ; 2.5 V        ; 0 s                 ; 0 s                 ; 2.32 V                       ; 4.67e-07 V                   ; 2.36 V              ; -0.00552 V          ; 0.11 V                               ; 0.007 V                              ; 4.54e-10 s                  ; 4.35e-10 s                  ; Yes                        ; Yes                        ; 2.32 V                      ; 4.67e-07 V                  ; 2.36 V             ; -0.00552 V         ; 0.11 V                              ; 0.007 V                             ; 4.54e-10 s                 ; 4.35e-10 s                 ; Yes                       ; Yes                       ;
; Hex0[5]          ; 2.5 V        ; 0 s                 ; 0 s                 ; 2.32 V                       ; 4.67e-07 V                   ; 2.33 V              ; -0.00269 V          ; 0.13 V                               ; 0.055 V                              ; 3.54e-09 s                  ; 3.29e-09 s                  ; Yes                        ; Yes                        ; 2.32 V                      ; 4.67e-07 V                  ; 2.33 V             ; -0.00269 V         ; 0.13 V                              ; 0.055 V                             ; 3.54e-09 s                 ; 3.29e-09 s                 ; Yes                       ; Yes                       ;
; Hex0[6]          ; 2.5 V        ; 0 s                 ; 0 s                 ; 2.32 V                       ; 4.67e-07 V                   ; 2.36 V              ; -0.00552 V          ; 0.11 V                               ; 0.007 V                              ; 4.54e-10 s                  ; 4.35e-10 s                  ; Yes                        ; Yes                        ; 2.32 V                      ; 4.67e-07 V                  ; 2.36 V             ; -0.00552 V         ; 0.11 V                              ; 0.007 V                             ; 4.54e-10 s                 ; 4.35e-10 s                 ; Yes                       ; Yes                       ;
; Hex1[0]          ; 2.5 V        ; 0 s                 ; 0 s                 ; 2.32 V                       ; 4.67e-07 V                   ; 2.36 V              ; -0.00552 V          ; 0.11 V                               ; 0.007 V                              ; 4.54e-10 s                  ; 4.35e-10 s                  ; Yes                        ; Yes                        ; 2.32 V                      ; 4.67e-07 V                  ; 2.36 V             ; -0.00552 V         ; 0.11 V                              ; 0.007 V                             ; 4.54e-10 s                 ; 4.35e-10 s                 ; Yes                       ; Yes                       ;
; Hex1[1]          ; 2.5 V        ; 0 s                 ; 0 s                 ; 2.32 V                       ; 4.67e-07 V                   ; 2.35 V              ; -0.00942 V          ; 0.116 V                              ; 0.033 V                              ; 6.66e-10 s                  ; 6.27e-10 s                  ; Yes                        ; Yes                        ; 2.32 V                      ; 4.67e-07 V                  ; 2.35 V             ; -0.00942 V         ; 0.116 V                             ; 0.033 V                             ; 6.66e-10 s                 ; 6.27e-10 s                 ; Yes                       ; Yes                       ;
; Hex1[2]          ; 2.5 V        ; 0 s                 ; 0 s                 ; 2.32 V                       ; 4.67e-07 V                   ; 2.35 V              ; -0.00942 V          ; 0.116 V                              ; 0.033 V                              ; 6.66e-10 s                  ; 6.27e-10 s                  ; Yes                        ; Yes                        ; 2.32 V                      ; 4.67e-07 V                  ; 2.35 V             ; -0.00942 V         ; 0.116 V                             ; 0.033 V                             ; 6.66e-10 s                 ; 6.27e-10 s                 ; Yes                       ; Yes                       ;
; Hex1[3]          ; 2.5 V        ; 0 s                 ; 0 s                 ; 2.32 V                       ; 4.67e-07 V                   ; 2.35 V              ; -0.00942 V          ; 0.116 V                              ; 0.033 V                              ; 6.66e-10 s                  ; 6.27e-10 s                  ; Yes                        ; Yes                        ; 2.32 V                      ; 4.67e-07 V                  ; 2.35 V             ; -0.00942 V         ; 0.116 V                             ; 0.033 V                             ; 6.66e-10 s                 ; 6.27e-10 s                 ; Yes                       ; Yes                       ;
; Hex1[4]          ; 2.5 V        ; 0 s                 ; 0 s                 ; 2.32 V                       ; 4.67e-07 V                   ; 2.35 V              ; -0.00942 V          ; 0.116 V                              ; 0.033 V                              ; 6.66e-10 s                  ; 6.27e-10 s                  ; Yes                        ; Yes                        ; 2.32 V                      ; 4.67e-07 V                  ; 2.35 V             ; -0.00942 V         ; 0.116 V                             ; 0.033 V                             ; 6.66e-10 s                 ; 6.27e-10 s                 ; Yes                       ; Yes                       ;
; Hex1[5]          ; 2.5 V        ; 0 s                 ; 0 s                 ; 2.32 V                       ; 4.67e-07 V                   ; 2.33 V              ; -0.00269 V          ; 0.13 V                               ; 0.055 V                              ; 3.54e-09 s                  ; 3.29e-09 s                  ; Yes                        ; Yes                        ; 2.32 V                      ; 4.67e-07 V                  ; 2.33 V             ; -0.00269 V         ; 0.13 V                              ; 0.055 V                             ; 3.54e-09 s                 ; 3.29e-09 s                 ; Yes                       ; Yes                       ;
; Hex1[6]          ; 2.5 V        ; 0 s                 ; 0 s                 ; 2.32 V                       ; 4.67e-07 V                   ; 2.33 V              ; -0.00269 V          ; 0.13 V                               ; 0.055 V                              ; 3.54e-09 s                  ; 3.29e-09 s                  ; Yes                        ; Yes                        ; 2.32 V                      ; 4.67e-07 V                  ; 2.33 V             ; -0.00269 V         ; 0.13 V                              ; 0.055 V                             ; 3.54e-09 s                 ; 3.29e-09 s                 ; Yes                       ; Yes                       ;
; Hex2[0]          ; 2.5 V        ; 0 s                 ; 0 s                 ; 2.32 V                       ; 4.67e-07 V                   ; 2.35 V              ; -0.00942 V          ; 0.116 V                              ; 0.033 V                              ; 6.66e-10 s                  ; 6.27e-10 s                  ; Yes                        ; Yes                        ; 2.32 V                      ; 4.67e-07 V                  ; 2.35 V             ; -0.00942 V         ; 0.116 V                             ; 0.033 V                             ; 6.66e-10 s                 ; 6.27e-10 s                 ; Yes                       ; Yes                       ;
; Hex2[1]          ; 2.5 V        ; 0 s                 ; 0 s                 ; 2.32 V                       ; 4.67e-07 V                   ; 2.35 V              ; -0.00942 V          ; 0.116 V                              ; 0.033 V                              ; 6.66e-10 s                  ; 6.27e-10 s                  ; Yes                        ; Yes                        ; 2.32 V                      ; 4.67e-07 V                  ; 2.35 V             ; -0.00942 V         ; 0.116 V                             ; 0.033 V                             ; 6.66e-10 s                 ; 6.27e-10 s                 ; Yes                       ; Yes                       ;
; Hex2[2]          ; 2.5 V        ; 0 s                 ; 0 s                 ; 2.32 V                       ; 4.67e-07 V                   ; 2.35 V              ; -0.00942 V          ; 0.116 V                              ; 0.033 V                              ; 6.66e-10 s                  ; 6.27e-10 s                  ; Yes                        ; Yes                        ; 2.32 V                      ; 4.67e-07 V                  ; 2.35 V             ; -0.00942 V         ; 0.116 V                             ; 0.033 V                             ; 6.66e-10 s                 ; 6.27e-10 s                 ; Yes                       ; Yes                       ;
; Hex2[3]          ; 2.5 V        ; 0 s                 ; 0 s                 ; 2.32 V                       ; 4.67e-07 V                   ; 2.35 V              ; -0.00942 V          ; 0.116 V                              ; 0.033 V                              ; 6.66e-10 s                  ; 6.27e-10 s                  ; Yes                        ; Yes                        ; 2.32 V                      ; 4.67e-07 V                  ; 2.35 V             ; -0.00942 V         ; 0.116 V                             ; 0.033 V                             ; 6.66e-10 s                 ; 6.27e-10 s                 ; Yes                       ; Yes                       ;
; Hex2[4]          ; 2.5 V        ; 0 s                 ; 0 s                 ; 2.32 V                       ; 4.67e-07 V                   ; 2.35 V              ; -0.00942 V          ; 0.116 V                              ; 0.033 V                              ; 6.66e-10 s                  ; 6.27e-10 s                  ; Yes                        ; Yes                        ; 2.32 V                      ; 4.67e-07 V                  ; 2.35 V             ; -0.00942 V         ; 0.116 V                             ; 0.033 V                             ; 6.66e-10 s                 ; 6.27e-10 s                 ; Yes                       ; Yes                       ;
; Hex2[5]          ; 2.5 V        ; 0 s                 ; 0 s                 ; 2.32 V                       ; 4.67e-07 V                   ; 2.35 V              ; -0.00942 V          ; 0.116 V                              ; 0.033 V                              ; 6.66e-10 s                  ; 6.27e-10 s                  ; Yes                        ; Yes                        ; 2.32 V                      ; 4.67e-07 V                  ; 2.35 V             ; -0.00942 V         ; 0.116 V                             ; 0.033 V                             ; 6.66e-10 s                 ; 6.27e-10 s                 ; Yes                       ; Yes                       ;
; Hex2[6]          ; 2.5 V        ; 0 s                 ; 0 s                 ; 2.32 V                       ; 4.67e-07 V                   ; 2.35 V              ; -0.00942 V          ; 0.116 V                              ; 0.033 V                              ; 6.66e-10 s                  ; 6.27e-10 s                  ; Yes                        ; Yes                        ; 2.32 V                      ; 4.67e-07 V                  ; 2.35 V             ; -0.00942 V         ; 0.116 V                             ; 0.033 V                             ; 6.66e-10 s                 ; 6.27e-10 s                 ; Yes                       ; Yes                       ;
; Hex3[0]          ; 2.5 V        ; 0 s                 ; 0 s                 ; 2.32 V                       ; 4.67e-07 V                   ; 2.35 V              ; -0.00942 V          ; 0.116 V                              ; 0.033 V                              ; 6.66e-10 s                  ; 6.27e-10 s                  ; Yes                        ; Yes                        ; 2.32 V                      ; 4.67e-07 V                  ; 2.35 V             ; -0.00942 V         ; 0.116 V                             ; 0.033 V                             ; 6.66e-10 s                 ; 6.27e-10 s                 ; Yes                       ; Yes                       ;
; Hex3[1]          ; 2.5 V        ; 0 s                 ; 0 s                 ; 2.32 V                       ; 4.67e-07 V                   ; 2.36 V              ; -0.00552 V          ; 0.11 V                               ; 0.007 V                              ; 4.54e-10 s                  ; 4.35e-10 s                  ; Yes                        ; Yes                        ; 2.32 V                      ; 4.67e-07 V                  ; 2.36 V             ; -0.00552 V         ; 0.11 V                              ; 0.007 V                             ; 4.54e-10 s                 ; 4.35e-10 s                 ; Yes                       ; Yes                       ;
; Hex3[2]          ; 2.5 V        ; 0 s                 ; 0 s                 ; 2.32 V                       ; 6.92e-07 V                   ; 2.33 V              ; -0.00265 V          ; 0.133 V                              ; 0.056 V                              ; 3.55e-09 s                  ; 3.31e-09 s                  ; Yes                        ; Yes                        ; 2.32 V                      ; 6.92e-07 V                  ; 2.33 V             ; -0.00265 V         ; 0.133 V                             ; 0.056 V                             ; 3.55e-09 s                 ; 3.31e-09 s                 ; Yes                       ; Yes                       ;
; Hex3[3]          ; 2.5 V        ; 0 s                 ; 0 s                 ; 2.32 V                       ; 6.92e-07 V                   ; 2.35 V              ; -0.00996 V          ; 0.121 V                              ; 0.03 V                               ; 4.64e-10 s                  ; 4.47e-10 s                  ; Yes                        ; Yes                        ; 2.32 V                      ; 6.92e-07 V                  ; 2.35 V             ; -0.00996 V         ; 0.121 V                             ; 0.03 V                              ; 4.64e-10 s                 ; 4.47e-10 s                 ; Yes                       ; Yes                       ;
; Hex3[4]          ; 2.5 V        ; 0 s                 ; 0 s                 ; 2.32 V                       ; 6.92e-07 V                   ; 2.35 V              ; -0.00996 V          ; 0.121 V                              ; 0.03 V                               ; 4.64e-10 s                  ; 4.47e-10 s                  ; Yes                        ; Yes                        ; 2.32 V                      ; 6.92e-07 V                  ; 2.35 V             ; -0.00996 V         ; 0.121 V                             ; 0.03 V                              ; 4.64e-10 s                 ; 4.47e-10 s                 ; Yes                       ; Yes                       ;
; Hex3[5]          ; 2.5 V        ; 0 s                 ; 0 s                 ; 2.32 V                       ; 6.92e-07 V                   ; 2.35 V              ; -0.00996 V          ; 0.121 V                              ; 0.03 V                               ; 4.64e-10 s                  ; 4.47e-10 s                  ; Yes                        ; Yes                        ; 2.32 V                      ; 6.92e-07 V                  ; 2.35 V             ; -0.00996 V         ; 0.121 V                             ; 0.03 V                              ; 4.64e-10 s                 ; 4.47e-10 s                 ; Yes                       ; Yes                       ;
; Hex3[6]          ; 2.5 V        ; 0 s                 ; 0 s                 ; 2.32 V                       ; 6.92e-07 V                   ; 2.35 V              ; -0.00996 V          ; 0.121 V                              ; 0.03 V                               ; 4.64e-10 s                  ; 4.47e-10 s                  ; Yes                        ; Yes                        ; 2.32 V                      ; 6.92e-07 V                  ; 2.35 V             ; -0.00996 V         ; 0.121 V                             ; 0.03 V                              ; 4.64e-10 s                 ; 4.47e-10 s                 ; Yes                       ; Yes                       ;
; Hex4[0]          ; 2.5 V        ; 0 s                 ; 0 s                 ; 2.32 V                       ; 6.92e-07 V                   ; 2.35 V              ; -0.00996 V          ; 0.121 V                              ; 0.03 V                               ; 4.64e-10 s                  ; 4.47e-10 s                  ; Yes                        ; Yes                        ; 2.32 V                      ; 6.92e-07 V                  ; 2.35 V             ; -0.00996 V         ; 0.121 V                             ; 0.03 V                              ; 4.64e-10 s                 ; 4.47e-10 s                 ; Yes                       ; Yes                       ;
; Hex4[1]          ; 2.5 V        ; 0 s                 ; 0 s                 ; 2.32 V                       ; 6.92e-07 V                   ; 2.35 V              ; -0.00996 V          ; 0.121 V                              ; 0.03 V                               ; 4.64e-10 s                  ; 4.47e-10 s                  ; Yes                        ; Yes                        ; 2.32 V                      ; 6.92e-07 V                  ; 2.35 V             ; -0.00996 V         ; 0.121 V                             ; 0.03 V                              ; 4.64e-10 s                 ; 4.47e-10 s                 ; Yes                       ; Yes                       ;
; Hex4[2]          ; 2.5 V        ; 0 s                 ; 0 s                 ; 2.32 V                       ; 6.92e-07 V                   ; 2.35 V              ; -0.00996 V          ; 0.121 V                              ; 0.03 V                               ; 4.64e-10 s                  ; 4.47e-10 s                  ; Yes                        ; Yes                        ; 2.32 V                      ; 6.92e-07 V                  ; 2.35 V             ; -0.00996 V         ; 0.121 V                             ; 0.03 V                              ; 4.64e-10 s                 ; 4.47e-10 s                 ; Yes                       ; Yes                       ;
; Hex4[3]          ; 2.5 V        ; 0 s                 ; 0 s                 ; 2.32 V                       ; 6.92e-07 V                   ; 2.35 V              ; -0.00996 V          ; 0.121 V                              ; 0.03 V                               ; 4.64e-10 s                  ; 4.47e-10 s                  ; Yes                        ; Yes                        ; 2.32 V                      ; 6.92e-07 V                  ; 2.35 V             ; -0.00996 V         ; 0.121 V                             ; 0.03 V                              ; 4.64e-10 s                 ; 4.47e-10 s                 ; Yes                       ; Yes                       ;
; Hex4[4]          ; 2.5 V        ; 0 s                 ; 0 s                 ; 2.32 V                       ; 6.92e-07 V                   ; 2.35 V              ; -0.00996 V          ; 0.121 V                              ; 0.03 V                               ; 4.64e-10 s                  ; 4.47e-10 s                  ; Yes                        ; Yes                        ; 2.32 V                      ; 6.92e-07 V                  ; 2.35 V             ; -0.00996 V         ; 0.121 V                             ; 0.03 V                              ; 4.64e-10 s                 ; 4.47e-10 s                 ; Yes                       ; Yes                       ;
; Hex4[5]          ; 2.5 V        ; 0 s                 ; 0 s                 ; 2.32 V                       ; 6.92e-07 V                   ; 2.35 V              ; -0.00996 V          ; 0.121 V                              ; 0.03 V                               ; 4.64e-10 s                  ; 4.47e-10 s                  ; Yes                        ; Yes                        ; 2.32 V                      ; 6.92e-07 V                  ; 2.35 V             ; -0.00996 V         ; 0.121 V                             ; 0.03 V                              ; 4.64e-10 s                 ; 4.47e-10 s                 ; Yes                       ; Yes                       ;
; Hex4[6]          ; 2.5 V        ; 0 s                 ; 0 s                 ; 2.32 V                       ; 6.92e-07 V                   ; 2.35 V              ; -0.00996 V          ; 0.121 V                              ; 0.03 V                               ; 4.64e-10 s                  ; 4.47e-10 s                  ; Yes                        ; Yes                        ; 2.32 V                      ; 6.92e-07 V                  ; 2.35 V             ; -0.00996 V         ; 0.121 V                             ; 0.03 V                              ; 4.64e-10 s                 ; 4.47e-10 s                 ; Yes                       ; Yes                       ;
; Hex5[0]          ; 2.5 V        ; 0 s                 ; 0 s                 ; 2.32 V                       ; 6.92e-07 V                   ; 2.35 V              ; -0.00996 V          ; 0.121 V                              ; 0.03 V                               ; 4.64e-10 s                  ; 4.47e-10 s                  ; Yes                        ; Yes                        ; 2.32 V                      ; 6.92e-07 V                  ; 2.35 V             ; -0.00996 V         ; 0.121 V                             ; 0.03 V                              ; 4.64e-10 s                 ; 4.47e-10 s                 ; Yes                       ; Yes                       ;
; Hex5[1]          ; 2.5 V        ; 0 s                 ; 0 s                 ; 2.32 V                       ; 6.92e-07 V                   ; 2.33 V              ; -0.00265 V          ; 0.133 V                              ; 0.056 V                              ; 3.55e-09 s                  ; 3.31e-09 s                  ; Yes                        ; Yes                        ; 2.32 V                      ; 6.92e-07 V                  ; 2.33 V             ; -0.00265 V         ; 0.133 V                             ; 0.056 V                             ; 3.55e-09 s                 ; 3.31e-09 s                 ; Yes                       ; Yes                       ;
; Hex5[2]          ; 2.5 V        ; 0 s                 ; 0 s                 ; 2.32 V                       ; 6.92e-07 V                   ; 2.35 V              ; -0.00996 V          ; 0.121 V                              ; 0.03 V                               ; 4.64e-10 s                  ; 4.47e-10 s                  ; Yes                        ; Yes                        ; 2.32 V                      ; 6.92e-07 V                  ; 2.35 V             ; -0.00996 V         ; 0.121 V                             ; 0.03 V                              ; 4.64e-10 s                 ; 4.47e-10 s                 ; Yes                       ; Yes                       ;
; Hex5[3]          ; 2.5 V        ; 0 s                 ; 0 s                 ; 2.32 V                       ; 6.92e-07 V                   ; 2.35 V              ; -0.00996 V          ; 0.121 V                              ; 0.03 V                               ; 4.64e-10 s                  ; 4.47e-10 s                  ; Yes                        ; Yes                        ; 2.32 V                      ; 6.92e-07 V                  ; 2.35 V             ; -0.00996 V         ; 0.121 V                             ; 0.03 V                              ; 4.64e-10 s                 ; 4.47e-10 s                 ; Yes                       ; Yes                       ;
; Hex5[4]          ; 2.5 V        ; 0 s                 ; 0 s                 ; 2.32 V                       ; 6.92e-07 V                   ; 2.35 V              ; -0.00996 V          ; 0.121 V                              ; 0.03 V                               ; 4.64e-10 s                  ; 4.47e-10 s                  ; Yes                        ; Yes                        ; 2.32 V                      ; 6.92e-07 V                  ; 2.35 V             ; -0.00996 V         ; 0.121 V                             ; 0.03 V                              ; 4.64e-10 s                 ; 4.47e-10 s                 ; Yes                       ; Yes                       ;
; Hex5[5]          ; 2.5 V        ; 0 s                 ; 0 s                 ; 2.32 V                       ; 6.92e-07 V                   ; 2.35 V              ; -0.00996 V          ; 0.121 V                              ; 0.03 V                               ; 4.64e-10 s                  ; 4.47e-10 s                  ; Yes                        ; Yes                        ; 2.32 V                      ; 6.92e-07 V                  ; 2.35 V             ; -0.00996 V         ; 0.121 V                             ; 0.03 V                              ; 4.64e-10 s                 ; 4.47e-10 s                 ; Yes                       ; Yes                       ;
; Hex5[6]          ; 2.5 V        ; 0 s                 ; 0 s                 ; 2.32 V                       ; 6.92e-07 V                   ; 2.35 V              ; -0.00996 V          ; 0.121 V                              ; 0.03 V                               ; 4.64e-10 s                  ; 4.47e-10 s                  ; Yes                        ; Yes                        ; 2.32 V                      ; 6.92e-07 V                  ; 2.35 V             ; -0.00996 V         ; 0.121 V                             ; 0.03 V                              ; 4.64e-10 s                 ; 4.47e-10 s                 ; Yes                       ; Yes                       ;
; Hex6[0]          ; 2.5 V        ; 0 s                 ; 0 s                 ; 2.32 V                       ; 6.92e-07 V                   ; 2.35 V              ; -0.00996 V          ; 0.121 V                              ; 0.03 V                               ; 4.64e-10 s                  ; 4.47e-10 s                  ; Yes                        ; Yes                        ; 2.32 V                      ; 6.92e-07 V                  ; 2.35 V             ; -0.00996 V         ; 0.121 V                             ; 0.03 V                              ; 4.64e-10 s                 ; 4.47e-10 s                 ; Yes                       ; Yes                       ;
; Hex6[1]          ; 2.5 V        ; 0 s                 ; 0 s                 ; 2.32 V                       ; 6.92e-07 V                   ; 2.35 V              ; -0.00996 V          ; 0.121 V                              ; 0.03 V                               ; 4.64e-10 s                  ; 4.47e-10 s                  ; Yes                        ; Yes                        ; 2.32 V                      ; 6.92e-07 V                  ; 2.35 V             ; -0.00996 V         ; 0.121 V                             ; 0.03 V                              ; 4.64e-10 s                 ; 4.47e-10 s                 ; Yes                       ; Yes                       ;
; Hex6[2]          ; 2.5 V        ; 0 s                 ; 0 s                 ; 2.32 V                       ; 6.92e-07 V                   ; 2.35 V              ; -0.00996 V          ; 0.121 V                              ; 0.03 V                               ; 4.64e-10 s                  ; 4.47e-10 s                  ; Yes                        ; Yes                        ; 2.32 V                      ; 6.92e-07 V                  ; 2.35 V             ; -0.00996 V         ; 0.121 V                             ; 0.03 V                              ; 4.64e-10 s                 ; 4.47e-10 s                 ; Yes                       ; Yes                       ;
; Hex6[3]          ; 2.5 V        ; 0 s                 ; 0 s                 ; 2.32 V                       ; 6.92e-07 V                   ; 2.35 V              ; -0.00996 V          ; 0.121 V                              ; 0.03 V                               ; 4.64e-10 s                  ; 4.47e-10 s                  ; Yes                        ; Yes                        ; 2.32 V                      ; 6.92e-07 V                  ; 2.35 V             ; -0.00996 V         ; 0.121 V                             ; 0.03 V                              ; 4.64e-10 s                 ; 4.47e-10 s                 ; Yes                       ; Yes                       ;
; Hex6[4]          ; 2.5 V        ; 0 s                 ; 0 s                 ; 2.32 V                       ; 6.92e-07 V                   ; 2.35 V              ; -0.00996 V          ; 0.121 V                              ; 0.03 V                               ; 4.64e-10 s                  ; 4.47e-10 s                  ; Yes                        ; Yes                        ; 2.32 V                      ; 6.92e-07 V                  ; 2.35 V             ; -0.00996 V         ; 0.121 V                             ; 0.03 V                              ; 4.64e-10 s                 ; 4.47e-10 s                 ; Yes                       ; Yes                       ;
; Hex6[5]          ; 2.5 V        ; 0 s                 ; 0 s                 ; 2.32 V                       ; 6.92e-07 V                   ; 2.33 V              ; -0.00265 V          ; 0.133 V                              ; 0.056 V                              ; 3.55e-09 s                  ; 3.31e-09 s                  ; Yes                        ; Yes                        ; 2.32 V                      ; 6.92e-07 V                  ; 2.33 V             ; -0.00265 V         ; 0.133 V                             ; 0.056 V                             ; 3.55e-09 s                 ; 3.31e-09 s                 ; Yes                       ; Yes                       ;
; Hex6[6]          ; 2.5 V        ; 0 s                 ; 0 s                 ; 2.32 V                       ; 6.92e-07 V                   ; 2.35 V              ; -0.00996 V          ; 0.121 V                              ; 0.03 V                               ; 4.64e-10 s                  ; 4.47e-10 s                  ; Yes                        ; Yes                        ; 2.32 V                      ; 6.92e-07 V                  ; 2.35 V             ; -0.00996 V         ; 0.121 V                             ; 0.03 V                              ; 4.64e-10 s                 ; 4.47e-10 s                 ; Yes                       ; Yes                       ;
; Hex7[0]          ; 2.5 V        ; 0 s                 ; 0 s                 ; 2.32 V                       ; 6.92e-07 V                   ; 2.35 V              ; -0.00996 V          ; 0.121 V                              ; 0.03 V                               ; 4.64e-10 s                  ; 4.47e-10 s                  ; Yes                        ; Yes                        ; 2.32 V                      ; 6.92e-07 V                  ; 2.35 V             ; -0.00996 V         ; 0.121 V                             ; 0.03 V                              ; 4.64e-10 s                 ; 4.47e-10 s                 ; Yes                       ; Yes                       ;
; Hex7[1]          ; 2.5 V        ; 0 s                 ; 0 s                 ; 2.32 V                       ; 6.92e-07 V                   ; 2.35 V              ; -0.00996 V          ; 0.121 V                              ; 0.03 V                               ; 4.64e-10 s                  ; 4.47e-10 s                  ; Yes                        ; Yes                        ; 2.32 V                      ; 6.92e-07 V                  ; 2.35 V             ; -0.00996 V         ; 0.121 V                             ; 0.03 V                              ; 4.64e-10 s                 ; 4.47e-10 s                 ; Yes                       ; Yes                       ;
; Hex7[2]          ; 2.5 V        ; 0 s                 ; 0 s                 ; 2.32 V                       ; 6.92e-07 V                   ; 2.35 V              ; -0.00996 V          ; 0.121 V                              ; 0.03 V                               ; 4.64e-10 s                  ; 4.47e-10 s                  ; Yes                        ; Yes                        ; 2.32 V                      ; 6.92e-07 V                  ; 2.35 V             ; -0.00996 V         ; 0.121 V                             ; 0.03 V                              ; 4.64e-10 s                 ; 4.47e-10 s                 ; Yes                       ; Yes                       ;
; Hex7[3]          ; 2.5 V        ; 0 s                 ; 0 s                 ; 2.32 V                       ; 6.92e-07 V                   ; 2.35 V              ; -0.00996 V          ; 0.121 V                              ; 0.03 V                               ; 4.64e-10 s                  ; 4.47e-10 s                  ; Yes                        ; Yes                        ; 2.32 V                      ; 6.92e-07 V                  ; 2.35 V             ; -0.00996 V         ; 0.121 V                             ; 0.03 V                              ; 4.64e-10 s                 ; 4.47e-10 s                 ; Yes                       ; Yes                       ;
; Hex7[4]          ; 2.5 V        ; 0 s                 ; 0 s                 ; 2.32 V                       ; 6.92e-07 V                   ; 2.35 V              ; -0.00996 V          ; 0.121 V                              ; 0.03 V                               ; 4.64e-10 s                  ; 4.47e-10 s                  ; Yes                        ; Yes                        ; 2.32 V                      ; 6.92e-07 V                  ; 2.35 V             ; -0.00996 V         ; 0.121 V                             ; 0.03 V                              ; 4.64e-10 s                 ; 4.47e-10 s                 ; Yes                       ; Yes                       ;
; Hex7[5]          ; 2.5 V        ; 0 s                 ; 0 s                 ; 2.32 V                       ; 6.92e-07 V                   ; 2.35 V              ; -0.00996 V          ; 0.121 V                              ; 0.03 V                               ; 4.64e-10 s                  ; 4.47e-10 s                  ; Yes                        ; Yes                        ; 2.32 V                      ; 6.92e-07 V                  ; 2.35 V             ; -0.00996 V         ; 0.121 V                             ; 0.03 V                              ; 4.64e-10 s                 ; 4.47e-10 s                 ; Yes                       ; Yes                       ;
; Hex7[6]          ; 2.5 V        ; 0 s                 ; 0 s                 ; 2.32 V                       ; 6.92e-07 V                   ; 2.35 V              ; -0.00996 V          ; 0.121 V                              ; 0.03 V                               ; 4.64e-10 s                  ; 4.47e-10 s                  ; Yes                        ; Yes                        ; 2.32 V                      ; 6.92e-07 V                  ; 2.35 V             ; -0.00996 V         ; 0.121 V                             ; 0.03 V                              ; 4.64e-10 s                 ; 4.47e-10 s                 ; Yes                       ; Yes                       ;
; switches_leds[0] ; 2.5 V        ; 0 s                 ; 0 s                 ; 2.32 V                       ; 6.92e-07 V                   ; 2.35 V              ; -0.00996 V          ; 0.121 V                              ; 0.03 V                               ; 4.64e-10 s                  ; 4.47e-10 s                  ; Yes                        ; Yes                        ; 2.32 V                      ; 6.92e-07 V                  ; 2.35 V             ; -0.00996 V         ; 0.121 V                             ; 0.03 V                              ; 4.64e-10 s                 ; 4.47e-10 s                 ; Yes                       ; Yes                       ;
; switches_leds[1] ; 2.5 V        ; 0 s                 ; 0 s                 ; 2.32 V                       ; 6.92e-07 V                   ; 2.35 V              ; -0.00996 V          ; 0.121 V                              ; 0.03 V                               ; 4.64e-10 s                  ; 4.47e-10 s                  ; Yes                        ; Yes                        ; 2.32 V                      ; 6.92e-07 V                  ; 2.35 V             ; -0.00996 V         ; 0.121 V                             ; 0.03 V                              ; 4.64e-10 s                 ; 4.47e-10 s                 ; Yes                       ; Yes                       ;
; switches_leds[2] ; 2.5 V        ; 0 s                 ; 0 s                 ; 2.32 V                       ; 6.92e-07 V                   ; 2.35 V              ; -0.00996 V          ; 0.121 V                              ; 0.03 V                               ; 4.64e-10 s                  ; 4.47e-10 s                  ; Yes                        ; Yes                        ; 2.32 V                      ; 6.92e-07 V                  ; 2.35 V             ; -0.00996 V         ; 0.121 V                             ; 0.03 V                              ; 4.64e-10 s                 ; 4.47e-10 s                 ; Yes                       ; Yes                       ;
; switches_leds[3] ; 2.5 V        ; 0 s                 ; 0 s                 ; 2.32 V                       ; 6.92e-07 V                   ; 2.33 V              ; -0.00265 V          ; 0.133 V                              ; 0.056 V                              ; 3.55e-09 s                  ; 3.31e-09 s                  ; Yes                        ; Yes                        ; 2.32 V                      ; 6.92e-07 V                  ; 2.33 V             ; -0.00265 V         ; 0.133 V                             ; 0.056 V                             ; 3.55e-09 s                 ; 3.31e-09 s                 ; Yes                       ; Yes                       ;
; switches_leds[4] ; 2.5 V        ; 0 s                 ; 0 s                 ; 2.32 V                       ; 6.92e-07 V                   ; 2.35 V              ; -0.00996 V          ; 0.121 V                              ; 0.03 V                               ; 4.64e-10 s                  ; 4.47e-10 s                  ; Yes                        ; Yes                        ; 2.32 V                      ; 6.92e-07 V                  ; 2.35 V             ; -0.00996 V         ; 0.121 V                             ; 0.03 V                              ; 4.64e-10 s                 ; 4.47e-10 s                 ; Yes                       ; Yes                       ;
; switches_leds[5] ; 2.5 V        ; 0 s                 ; 0 s                 ; 2.32 V                       ; 6.92e-07 V                   ; 2.35 V              ; -0.00996 V          ; 0.121 V                              ; 0.03 V                               ; 4.64e-10 s                  ; 4.47e-10 s                  ; Yes                        ; Yes                        ; 2.32 V                      ; 6.92e-07 V                  ; 2.35 V             ; -0.00996 V         ; 0.121 V                             ; 0.03 V                              ; 4.64e-10 s                 ; 4.47e-10 s                 ; Yes                       ; Yes                       ;
; btn_out          ; 2.5 V        ; 0 s                 ; 0 s                 ; 2.32 V                       ; 6.92e-07 V                   ; 2.35 V              ; -0.00996 V          ; 0.121 V                              ; 0.03 V                               ; 4.64e-10 s                  ; 4.47e-10 s                  ; Yes                        ; Yes                        ; 2.32 V                      ; 6.92e-07 V                  ; 2.35 V             ; -0.00996 V         ; 0.121 V                             ; 0.03 V                              ; 4.64e-10 s                 ; 4.47e-10 s                 ; Yes                       ; Yes                       ;
; in_sign_out      ; 2.5 V        ; 0 s                 ; 0 s                 ; 2.32 V                       ; 6.92e-07 V                   ; 2.35 V              ; -0.00996 V          ; 0.121 V                              ; 0.03 V                               ; 4.64e-10 s                  ; 4.47e-10 s                  ; Yes                        ; Yes                        ; 2.32 V                      ; 6.92e-07 V                  ; 2.35 V             ; -0.00996 V         ; 0.121 V                             ; 0.03 V                              ; 4.64e-10 s                 ; 4.47e-10 s                 ; Yes                       ; Yes                       ;
; ~ALTERA_DCLK~    ; 2.5 V        ; 0 s                 ; 0 s                 ; 2.32 V                       ; 3.75e-07 V                   ; 2.35 V              ; -0.0109 V           ; 0.084 V                              ; 0.027 V                              ; 4.31e-10 s                  ; 3.61e-10 s                  ; Yes                        ; Yes                        ; 2.32 V                      ; 3.75e-07 V                  ; 2.35 V             ; -0.0109 V          ; 0.084 V                             ; 0.027 V                             ; 4.31e-10 s                 ; 3.61e-10 s                 ; Yes                       ; Yes                       ;
; ~ALTERA_nCEO~    ; 2.5 V        ; 0 s                 ; 0 s                 ; 2.32 V                       ; 6.15e-07 V                   ; 2.35 V              ; -0.00712 V          ; 0.093 V                              ; 0.02 V                               ; 6.21e-10 s                  ; 7.9e-10 s                   ; Yes                        ; Yes                        ; 2.32 V                      ; 6.15e-07 V                  ; 2.35 V             ; -0.00712 V         ; 0.093 V                             ; 0.02 V                              ; 6.21e-10 s                 ; 7.9e-10 s                  ; Yes                       ; Yes                       ;
+------------------+--------------+---------------------+---------------------+------------------------------+------------------------------+---------------------+---------------------+--------------------------------------+--------------------------------------+-----------------------------+-----------------------------+----------------------------+----------------------------+-----------------------------+-----------------------------+--------------------+--------------------+-------------------------------------+-------------------------------------+----------------------------+----------------------------+---------------------------+---------------------------+


+-----------------------------------------------------------------------------------------------------------------------------------------------------------------------------------------------------------------------------------------------------------------------------------------------------------------------------------------------------------------------------------------------------------------------------------------------------------------------------------------------------------------------------------------------------------------------------------------------------------------------------------------------------------------------------------------------+
; Signal Integrity Metrics (Fast 1200mv 0c Model)                                                                                                                                                                                                                                                                                                                                                                                                                                                                                                                                                                                                                                               ;
+------------------+--------------+---------------------+---------------------+------------------------------+------------------------------+---------------------+---------------------+--------------------------------------+--------------------------------------+-----------------------------+-----------------------------+----------------------------+----------------------------+-----------------------------+-----------------------------+--------------------+--------------------+-------------------------------------+-------------------------------------+----------------------------+----------------------------+---------------------------+---------------------------+
; Pin              ; I/O Standard ; Board Delay on Rise ; Board Delay on Fall ; Steady State Voh at FPGA Pin ; Steady State Vol at FPGA Pin ; Voh Max at FPGA Pin ; Vol Min at FPGA Pin ; Ringback Voltage on Rise at FPGA Pin ; Ringback Voltage on Fall at FPGA Pin ; 10-90 Rise Time at FPGA Pin ; 90-10 Fall Time at FPGA Pin ; Monotonic Rise at FPGA Pin ; Monotonic Fall at FPGA Pin ; Steady State Voh at Far-end ; Steady State Vol at Far-end ; Voh Max at Far-end ; Vol Min at Far-end ; Ringback Voltage on Rise at Far-end ; Ringback Voltage on Fall at Far-end ; 10-90 Rise Time at Far-end ; 90-10 Fall Time at Far-end ; Monotonic Rise at Far-end ; Monotonic Fall at Far-end ;
+------------------+--------------+---------------------+---------------------+------------------------------+------------------------------+---------------------+---------------------+--------------------------------------+--------------------------------------+-----------------------------+-----------------------------+----------------------------+----------------------------+-----------------------------+-----------------------------+--------------------+--------------------+-------------------------------------+-------------------------------------+----------------------------+----------------------------+---------------------------+---------------------------+
; led_clock        ; 2.5 V        ; 0 s                 ; 0 s                 ; 2.62 V                       ; 4.05e-08 V                   ; 2.72 V              ; -0.0349 V           ; 0.173 V                              ; 0.1 V                                ; 2.72e-10 s                  ; 2.69e-10 s                  ; Yes                        ; Yes                        ; 2.62 V                      ; 4.05e-08 V                  ; 2.72 V             ; -0.0349 V          ; 0.173 V                             ; 0.1 V                               ; 2.72e-10 s                 ; 2.69e-10 s                 ; Yes                       ; Yes                       ;
; Hex0[0]          ; 2.5 V        ; 0 s                 ; 0 s                 ; 2.62 V                       ; 4.05e-08 V                   ; 2.72 V              ; -0.0349 V           ; 0.173 V                              ; 0.1 V                                ; 2.72e-10 s                  ; 2.69e-10 s                  ; Yes                        ; Yes                        ; 2.62 V                      ; 4.05e-08 V                  ; 2.72 V             ; -0.0349 V          ; 0.173 V                             ; 0.1 V                               ; 2.72e-10 s                 ; 2.69e-10 s                 ; Yes                       ; Yes                       ;
; Hex0[1]          ; 2.5 V        ; 0 s                 ; 0 s                 ; 2.62 V                       ; 4.05e-08 V                   ; 2.64 V              ; -0.0113 V           ; 0.208 V                              ; 0.179 V                              ; 2.38e-09 s                  ; 2.23e-09 s                  ; No                         ; Yes                        ; 2.62 V                      ; 4.05e-08 V                  ; 2.64 V             ; -0.0113 V          ; 0.208 V                             ; 0.179 V                             ; 2.38e-09 s                 ; 2.23e-09 s                 ; No                        ; Yes                       ;
; Hex0[2]          ; 2.5 V        ; 0 s                 ; 0 s                 ; 2.62 V                       ; 4.05e-08 V                   ; 2.72 V              ; -0.0349 V           ; 0.173 V                              ; 0.1 V                                ; 2.72e-10 s                  ; 2.69e-10 s                  ; Yes                        ; Yes                        ; 2.62 V                      ; 4.05e-08 V                  ; 2.72 V             ; -0.0349 V          ; 0.173 V                             ; 0.1 V                               ; 2.72e-10 s                 ; 2.69e-10 s                 ; Yes                       ; Yes                       ;
; Hex0[3]          ; 2.5 V        ; 0 s                 ; 0 s                 ; 2.62 V                       ; 2.74e-08 V                   ; 2.73 V              ; -0.0384 V           ; 0.169 V                              ; 0.089 V                              ; 2.7e-10 s                   ; 2.62e-10 s                  ; Yes                        ; Yes                        ; 2.62 V                      ; 2.74e-08 V                  ; 2.73 V             ; -0.0384 V          ; 0.169 V                             ; 0.089 V                             ; 2.7e-10 s                  ; 2.62e-10 s                 ; Yes                       ; Yes                       ;
; Hex0[4]          ; 2.5 V        ; 0 s                 ; 0 s                 ; 2.62 V                       ; 2.74e-08 V                   ; 2.73 V              ; -0.0384 V           ; 0.169 V                              ; 0.089 V                              ; 2.7e-10 s                   ; 2.62e-10 s                  ; Yes                        ; Yes                        ; 2.62 V                      ; 2.74e-08 V                  ; 2.73 V             ; -0.0384 V          ; 0.169 V                             ; 0.089 V                             ; 2.7e-10 s                  ; 2.62e-10 s                 ; Yes                       ; Yes                       ;
; Hex0[5]          ; 2.5 V        ; 0 s                 ; 0 s                 ; 2.62 V                       ; 2.74e-08 V                   ; 2.64 V              ; -0.0117 V           ; 0.202 V                              ; 0.176 V                              ; 2.38e-09 s                  ; 2.22e-09 s                  ; No                         ; Yes                        ; 2.62 V                      ; 2.74e-08 V                  ; 2.64 V             ; -0.0117 V          ; 0.202 V                             ; 0.176 V                             ; 2.38e-09 s                 ; 2.22e-09 s                 ; No                        ; Yes                       ;
; Hex0[6]          ; 2.5 V        ; 0 s                 ; 0 s                 ; 2.62 V                       ; 2.74e-08 V                   ; 2.73 V              ; -0.0384 V           ; 0.169 V                              ; 0.089 V                              ; 2.7e-10 s                   ; 2.62e-10 s                  ; Yes                        ; Yes                        ; 2.62 V                      ; 2.74e-08 V                  ; 2.73 V             ; -0.0384 V          ; 0.169 V                             ; 0.089 V                             ; 2.7e-10 s                  ; 2.62e-10 s                 ; Yes                       ; Yes                       ;
; Hex1[0]          ; 2.5 V        ; 0 s                 ; 0 s                 ; 2.62 V                       ; 2.74e-08 V                   ; 2.73 V              ; -0.0384 V           ; 0.169 V                              ; 0.089 V                              ; 2.7e-10 s                   ; 2.62e-10 s                  ; Yes                        ; Yes                        ; 2.62 V                      ; 2.74e-08 V                  ; 2.73 V             ; -0.0384 V          ; 0.169 V                             ; 0.089 V                             ; 2.7e-10 s                  ; 2.62e-10 s                 ; Yes                       ; Yes                       ;
; Hex1[1]          ; 2.5 V        ; 0 s                 ; 0 s                 ; 2.62 V                       ; 2.74e-08 V                   ; 2.71 V              ; -0.0317 V           ; 0.148 V                              ; 0.064 V                              ; 4.51e-10 s                  ; 4.15e-10 s                  ; No                         ; Yes                        ; 2.62 V                      ; 2.74e-08 V                  ; 2.71 V             ; -0.0317 V          ; 0.148 V                             ; 0.064 V                             ; 4.51e-10 s                 ; 4.15e-10 s                 ; No                        ; Yes                       ;
; Hex1[2]          ; 2.5 V        ; 0 s                 ; 0 s                 ; 2.62 V                       ; 2.74e-08 V                   ; 2.71 V              ; -0.0317 V           ; 0.148 V                              ; 0.064 V                              ; 4.51e-10 s                  ; 4.15e-10 s                  ; No                         ; Yes                        ; 2.62 V                      ; 2.74e-08 V                  ; 2.71 V             ; -0.0317 V          ; 0.148 V                             ; 0.064 V                             ; 4.51e-10 s                 ; 4.15e-10 s                 ; No                        ; Yes                       ;
; Hex1[3]          ; 2.5 V        ; 0 s                 ; 0 s                 ; 2.62 V                       ; 2.74e-08 V                   ; 2.71 V              ; -0.0317 V           ; 0.148 V                              ; 0.064 V                              ; 4.51e-10 s                  ; 4.15e-10 s                  ; No                         ; Yes                        ; 2.62 V                      ; 2.74e-08 V                  ; 2.71 V             ; -0.0317 V          ; 0.148 V                             ; 0.064 V                             ; 4.51e-10 s                 ; 4.15e-10 s                 ; No                        ; Yes                       ;
; Hex1[4]          ; 2.5 V        ; 0 s                 ; 0 s                 ; 2.62 V                       ; 2.74e-08 V                   ; 2.71 V              ; -0.0317 V           ; 0.148 V                              ; 0.064 V                              ; 4.51e-10 s                  ; 4.15e-10 s                  ; No                         ; Yes                        ; 2.62 V                      ; 2.74e-08 V                  ; 2.71 V             ; -0.0317 V          ; 0.148 V                             ; 0.064 V                             ; 4.51e-10 s                 ; 4.15e-10 s                 ; No                        ; Yes                       ;
; Hex1[5]          ; 2.5 V        ; 0 s                 ; 0 s                 ; 2.62 V                       ; 2.74e-08 V                   ; 2.64 V              ; -0.0117 V           ; 0.202 V                              ; 0.176 V                              ; 2.38e-09 s                  ; 2.22e-09 s                  ; No                         ; Yes                        ; 2.62 V                      ; 2.74e-08 V                  ; 2.64 V             ; -0.0117 V          ; 0.202 V                             ; 0.176 V                             ; 2.38e-09 s                 ; 2.22e-09 s                 ; No                        ; Yes                       ;
; Hex1[6]          ; 2.5 V        ; 0 s                 ; 0 s                 ; 2.62 V                       ; 2.74e-08 V                   ; 2.64 V              ; -0.0117 V           ; 0.202 V                              ; 0.176 V                              ; 2.38e-09 s                  ; 2.22e-09 s                  ; No                         ; Yes                        ; 2.62 V                      ; 2.74e-08 V                  ; 2.64 V             ; -0.0117 V          ; 0.202 V                             ; 0.176 V                             ; 2.38e-09 s                 ; 2.22e-09 s                 ; No                        ; Yes                       ;
; Hex2[0]          ; 2.5 V        ; 0 s                 ; 0 s                 ; 2.62 V                       ; 2.74e-08 V                   ; 2.71 V              ; -0.0317 V           ; 0.148 V                              ; 0.064 V                              ; 4.51e-10 s                  ; 4.15e-10 s                  ; No                         ; Yes                        ; 2.62 V                      ; 2.74e-08 V                  ; 2.71 V             ; -0.0317 V          ; 0.148 V                             ; 0.064 V                             ; 4.51e-10 s                 ; 4.15e-10 s                 ; No                        ; Yes                       ;
; Hex2[1]          ; 2.5 V        ; 0 s                 ; 0 s                 ; 2.62 V                       ; 2.74e-08 V                   ; 2.71 V              ; -0.0317 V           ; 0.148 V                              ; 0.064 V                              ; 4.51e-10 s                  ; 4.15e-10 s                  ; No                         ; Yes                        ; 2.62 V                      ; 2.74e-08 V                  ; 2.71 V             ; -0.0317 V          ; 0.148 V                             ; 0.064 V                             ; 4.51e-10 s                 ; 4.15e-10 s                 ; No                        ; Yes                       ;
; Hex2[2]          ; 2.5 V        ; 0 s                 ; 0 s                 ; 2.62 V                       ; 2.74e-08 V                   ; 2.71 V              ; -0.0317 V           ; 0.148 V                              ; 0.064 V                              ; 4.51e-10 s                  ; 4.15e-10 s                  ; No                         ; Yes                        ; 2.62 V                      ; 2.74e-08 V                  ; 2.71 V             ; -0.0317 V          ; 0.148 V                             ; 0.064 V                             ; 4.51e-10 s                 ; 4.15e-10 s                 ; No                        ; Yes                       ;
; Hex2[3]          ; 2.5 V        ; 0 s                 ; 0 s                 ; 2.62 V                       ; 2.74e-08 V                   ; 2.71 V              ; -0.0317 V           ; 0.148 V                              ; 0.064 V                              ; 4.51e-10 s                  ; 4.15e-10 s                  ; No                         ; Yes                        ; 2.62 V                      ; 2.74e-08 V                  ; 2.71 V             ; -0.0317 V          ; 0.148 V                             ; 0.064 V                             ; 4.51e-10 s                 ; 4.15e-10 s                 ; No                        ; Yes                       ;
; Hex2[4]          ; 2.5 V        ; 0 s                 ; 0 s                 ; 2.62 V                       ; 2.74e-08 V                   ; 2.71 V              ; -0.0317 V           ; 0.148 V                              ; 0.064 V                              ; 4.51e-10 s                  ; 4.15e-10 s                  ; No                         ; Yes                        ; 2.62 V                      ; 2.74e-08 V                  ; 2.71 V             ; -0.0317 V          ; 0.148 V                             ; 0.064 V                             ; 4.51e-10 s                 ; 4.15e-10 s                 ; No                        ; Yes                       ;
; Hex2[5]          ; 2.5 V        ; 0 s                 ; 0 s                 ; 2.62 V                       ; 2.74e-08 V                   ; 2.71 V              ; -0.0317 V           ; 0.148 V                              ; 0.064 V                              ; 4.51e-10 s                  ; 4.15e-10 s                  ; No                         ; Yes                        ; 2.62 V                      ; 2.74e-08 V                  ; 2.71 V             ; -0.0317 V          ; 0.148 V                             ; 0.064 V                             ; 4.51e-10 s                 ; 4.15e-10 s                 ; No                        ; Yes                       ;
; Hex2[6]          ; 2.5 V        ; 0 s                 ; 0 s                 ; 2.62 V                       ; 2.74e-08 V                   ; 2.71 V              ; -0.0317 V           ; 0.148 V                              ; 0.064 V                              ; 4.51e-10 s                  ; 4.15e-10 s                  ; No                         ; Yes                        ; 2.62 V                      ; 2.74e-08 V                  ; 2.71 V             ; -0.0317 V          ; 0.148 V                             ; 0.064 V                             ; 4.51e-10 s                 ; 4.15e-10 s                 ; No                        ; Yes                       ;
; Hex3[0]          ; 2.5 V        ; 0 s                 ; 0 s                 ; 2.62 V                       ; 2.74e-08 V                   ; 2.71 V              ; -0.0317 V           ; 0.148 V                              ; 0.064 V                              ; 4.51e-10 s                  ; 4.15e-10 s                  ; No                         ; Yes                        ; 2.62 V                      ; 2.74e-08 V                  ; 2.71 V             ; -0.0317 V          ; 0.148 V                             ; 0.064 V                             ; 4.51e-10 s                 ; 4.15e-10 s                 ; No                        ; Yes                       ;
; Hex3[1]          ; 2.5 V        ; 0 s                 ; 0 s                 ; 2.62 V                       ; 2.74e-08 V                   ; 2.73 V              ; -0.0384 V           ; 0.169 V                              ; 0.089 V                              ; 2.7e-10 s                   ; 2.62e-10 s                  ; Yes                        ; Yes                        ; 2.62 V                      ; 2.74e-08 V                  ; 2.73 V             ; -0.0384 V          ; 0.169 V                             ; 0.089 V                             ; 2.7e-10 s                  ; 2.62e-10 s                 ; Yes                       ; Yes                       ;
; Hex3[2]          ; 2.5 V        ; 0 s                 ; 0 s                 ; 2.62 V                       ; 4.05e-08 V                   ; 2.64 V              ; -0.0113 V           ; 0.208 V                              ; 0.179 V                              ; 2.38e-09 s                  ; 2.23e-09 s                  ; No                         ; Yes                        ; 2.62 V                      ; 4.05e-08 V                  ; 2.64 V             ; -0.0113 V          ; 0.208 V                             ; 0.179 V                             ; 2.38e-09 s                 ; 2.23e-09 s                 ; No                        ; Yes                       ;
; Hex3[3]          ; 2.5 V        ; 0 s                 ; 0 s                 ; 2.62 V                       ; 4.05e-08 V                   ; 2.72 V              ; -0.0349 V           ; 0.173 V                              ; 0.1 V                                ; 2.72e-10 s                  ; 2.69e-10 s                  ; Yes                        ; Yes                        ; 2.62 V                      ; 4.05e-08 V                  ; 2.72 V             ; -0.0349 V          ; 0.173 V                             ; 0.1 V                               ; 2.72e-10 s                 ; 2.69e-10 s                 ; Yes                       ; Yes                       ;
; Hex3[4]          ; 2.5 V        ; 0 s                 ; 0 s                 ; 2.62 V                       ; 4.05e-08 V                   ; 2.72 V              ; -0.0349 V           ; 0.173 V                              ; 0.1 V                                ; 2.72e-10 s                  ; 2.69e-10 s                  ; Yes                        ; Yes                        ; 2.62 V                      ; 4.05e-08 V                  ; 2.72 V             ; -0.0349 V          ; 0.173 V                             ; 0.1 V                               ; 2.72e-10 s                 ; 2.69e-10 s                 ; Yes                       ; Yes                       ;
; Hex3[5]          ; 2.5 V        ; 0 s                 ; 0 s                 ; 2.62 V                       ; 4.05e-08 V                   ; 2.72 V              ; -0.0349 V           ; 0.173 V                              ; 0.1 V                                ; 2.72e-10 s                  ; 2.69e-10 s                  ; Yes                        ; Yes                        ; 2.62 V                      ; 4.05e-08 V                  ; 2.72 V             ; -0.0349 V          ; 0.173 V                             ; 0.1 V                               ; 2.72e-10 s                 ; 2.69e-10 s                 ; Yes                       ; Yes                       ;
; Hex3[6]          ; 2.5 V        ; 0 s                 ; 0 s                 ; 2.62 V                       ; 4.05e-08 V                   ; 2.72 V              ; -0.0349 V           ; 0.173 V                              ; 0.1 V                                ; 2.72e-10 s                  ; 2.69e-10 s                  ; Yes                        ; Yes                        ; 2.62 V                      ; 4.05e-08 V                  ; 2.72 V             ; -0.0349 V          ; 0.173 V                             ; 0.1 V                               ; 2.72e-10 s                 ; 2.69e-10 s                 ; Yes                       ; Yes                       ;
; Hex4[0]          ; 2.5 V        ; 0 s                 ; 0 s                 ; 2.62 V                       ; 4.05e-08 V                   ; 2.72 V              ; -0.0349 V           ; 0.173 V                              ; 0.1 V                                ; 2.72e-10 s                  ; 2.69e-10 s                  ; Yes                        ; Yes                        ; 2.62 V                      ; 4.05e-08 V                  ; 2.72 V             ; -0.0349 V          ; 0.173 V                             ; 0.1 V                               ; 2.72e-10 s                 ; 2.69e-10 s                 ; Yes                       ; Yes                       ;
; Hex4[1]          ; 2.5 V        ; 0 s                 ; 0 s                 ; 2.62 V                       ; 4.05e-08 V                   ; 2.72 V              ; -0.0349 V           ; 0.173 V                              ; 0.1 V                                ; 2.72e-10 s                  ; 2.69e-10 s                  ; Yes                        ; Yes                        ; 2.62 V                      ; 4.05e-08 V                  ; 2.72 V             ; -0.0349 V          ; 0.173 V                             ; 0.1 V                               ; 2.72e-10 s                 ; 2.69e-10 s                 ; Yes                       ; Yes                       ;
; Hex4[2]          ; 2.5 V        ; 0 s                 ; 0 s                 ; 2.62 V                       ; 4.05e-08 V                   ; 2.72 V              ; -0.0349 V           ; 0.173 V                              ; 0.1 V                                ; 2.72e-10 s                  ; 2.69e-10 s                  ; Yes                        ; Yes                        ; 2.62 V                      ; 4.05e-08 V                  ; 2.72 V             ; -0.0349 V          ; 0.173 V                             ; 0.1 V                               ; 2.72e-10 s                 ; 2.69e-10 s                 ; Yes                       ; Yes                       ;
; Hex4[3]          ; 2.5 V        ; 0 s                 ; 0 s                 ; 2.62 V                       ; 4.05e-08 V                   ; 2.72 V              ; -0.0349 V           ; 0.173 V                              ; 0.1 V                                ; 2.72e-10 s                  ; 2.69e-10 s                  ; Yes                        ; Yes                        ; 2.62 V                      ; 4.05e-08 V                  ; 2.72 V             ; -0.0349 V          ; 0.173 V                             ; 0.1 V                               ; 2.72e-10 s                 ; 2.69e-10 s                 ; Yes                       ; Yes                       ;
; Hex4[4]          ; 2.5 V        ; 0 s                 ; 0 s                 ; 2.62 V                       ; 4.05e-08 V                   ; 2.72 V              ; -0.0349 V           ; 0.173 V                              ; 0.1 V                                ; 2.72e-10 s                  ; 2.69e-10 s                  ; Yes                        ; Yes                        ; 2.62 V                      ; 4.05e-08 V                  ; 2.72 V             ; -0.0349 V          ; 0.173 V                             ; 0.1 V                               ; 2.72e-10 s                 ; 2.69e-10 s                 ; Yes                       ; Yes                       ;
; Hex4[5]          ; 2.5 V        ; 0 s                 ; 0 s                 ; 2.62 V                       ; 4.05e-08 V                   ; 2.72 V              ; -0.0349 V           ; 0.173 V                              ; 0.1 V                                ; 2.72e-10 s                  ; 2.69e-10 s                  ; Yes                        ; Yes                        ; 2.62 V                      ; 4.05e-08 V                  ; 2.72 V             ; -0.0349 V          ; 0.173 V                             ; 0.1 V                               ; 2.72e-10 s                 ; 2.69e-10 s                 ; Yes                       ; Yes                       ;
; Hex4[6]          ; 2.5 V        ; 0 s                 ; 0 s                 ; 2.62 V                       ; 4.05e-08 V                   ; 2.72 V              ; -0.0349 V           ; 0.173 V                              ; 0.1 V                                ; 2.72e-10 s                  ; 2.69e-10 s                  ; Yes                        ; Yes                        ; 2.62 V                      ; 4.05e-08 V                  ; 2.72 V             ; -0.0349 V          ; 0.173 V                             ; 0.1 V                               ; 2.72e-10 s                 ; 2.69e-10 s                 ; Yes                       ; Yes                       ;
; Hex5[0]          ; 2.5 V        ; 0 s                 ; 0 s                 ; 2.62 V                       ; 4.05e-08 V                   ; 2.72 V              ; -0.0349 V           ; 0.173 V                              ; 0.1 V                                ; 2.72e-10 s                  ; 2.69e-10 s                  ; Yes                        ; Yes                        ; 2.62 V                      ; 4.05e-08 V                  ; 2.72 V             ; -0.0349 V          ; 0.173 V                             ; 0.1 V                               ; 2.72e-10 s                 ; 2.69e-10 s                 ; Yes                       ; Yes                       ;
; Hex5[1]          ; 2.5 V        ; 0 s                 ; 0 s                 ; 2.62 V                       ; 4.05e-08 V                   ; 2.64 V              ; -0.0113 V           ; 0.208 V                              ; 0.179 V                              ; 2.38e-09 s                  ; 2.23e-09 s                  ; No                         ; Yes                        ; 2.62 V                      ; 4.05e-08 V                  ; 2.64 V             ; -0.0113 V          ; 0.208 V                             ; 0.179 V                             ; 2.38e-09 s                 ; 2.23e-09 s                 ; No                        ; Yes                       ;
; Hex5[2]          ; 2.5 V        ; 0 s                 ; 0 s                 ; 2.62 V                       ; 4.05e-08 V                   ; 2.72 V              ; -0.0349 V           ; 0.173 V                              ; 0.1 V                                ; 2.72e-10 s                  ; 2.69e-10 s                  ; Yes                        ; Yes                        ; 2.62 V                      ; 4.05e-08 V                  ; 2.72 V             ; -0.0349 V          ; 0.173 V                             ; 0.1 V                               ; 2.72e-10 s                 ; 2.69e-10 s                 ; Yes                       ; Yes                       ;
; Hex5[3]          ; 2.5 V        ; 0 s                 ; 0 s                 ; 2.62 V                       ; 4.05e-08 V                   ; 2.72 V              ; -0.0349 V           ; 0.173 V                              ; 0.1 V                                ; 2.72e-10 s                  ; 2.69e-10 s                  ; Yes                        ; Yes                        ; 2.62 V                      ; 4.05e-08 V                  ; 2.72 V             ; -0.0349 V          ; 0.173 V                             ; 0.1 V                               ; 2.72e-10 s                 ; 2.69e-10 s                 ; Yes                       ; Yes                       ;
; Hex5[4]          ; 2.5 V        ; 0 s                 ; 0 s                 ; 2.62 V                       ; 4.05e-08 V                   ; 2.72 V              ; -0.0349 V           ; 0.173 V                              ; 0.1 V                                ; 2.72e-10 s                  ; 2.69e-10 s                  ; Yes                        ; Yes                        ; 2.62 V                      ; 4.05e-08 V                  ; 2.72 V             ; -0.0349 V          ; 0.173 V                             ; 0.1 V                               ; 2.72e-10 s                 ; 2.69e-10 s                 ; Yes                       ; Yes                       ;
; Hex5[5]          ; 2.5 V        ; 0 s                 ; 0 s                 ; 2.62 V                       ; 4.05e-08 V                   ; 2.72 V              ; -0.0349 V           ; 0.173 V                              ; 0.1 V                                ; 2.72e-10 s                  ; 2.69e-10 s                  ; Yes                        ; Yes                        ; 2.62 V                      ; 4.05e-08 V                  ; 2.72 V             ; -0.0349 V          ; 0.173 V                             ; 0.1 V                               ; 2.72e-10 s                 ; 2.69e-10 s                 ; Yes                       ; Yes                       ;
; Hex5[6]          ; 2.5 V        ; 0 s                 ; 0 s                 ; 2.62 V                       ; 4.05e-08 V                   ; 2.72 V              ; -0.0349 V           ; 0.173 V                              ; 0.1 V                                ; 2.72e-10 s                  ; 2.69e-10 s                  ; Yes                        ; Yes                        ; 2.62 V                      ; 4.05e-08 V                  ; 2.72 V             ; -0.0349 V          ; 0.173 V                             ; 0.1 V                               ; 2.72e-10 s                 ; 2.69e-10 s                 ; Yes                       ; Yes                       ;
; Hex6[0]          ; 2.5 V        ; 0 s                 ; 0 s                 ; 2.62 V                       ; 4.05e-08 V                   ; 2.72 V              ; -0.0349 V           ; 0.173 V                              ; 0.1 V                                ; 2.72e-10 s                  ; 2.69e-10 s                  ; Yes                        ; Yes                        ; 2.62 V                      ; 4.05e-08 V                  ; 2.72 V             ; -0.0349 V          ; 0.173 V                             ; 0.1 V                               ; 2.72e-10 s                 ; 2.69e-10 s                 ; Yes                       ; Yes                       ;
; Hex6[1]          ; 2.5 V        ; 0 s                 ; 0 s                 ; 2.62 V                       ; 4.05e-08 V                   ; 2.72 V              ; -0.0349 V           ; 0.173 V                              ; 0.1 V                                ; 2.72e-10 s                  ; 2.69e-10 s                  ; Yes                        ; Yes                        ; 2.62 V                      ; 4.05e-08 V                  ; 2.72 V             ; -0.0349 V          ; 0.173 V                             ; 0.1 V                               ; 2.72e-10 s                 ; 2.69e-10 s                 ; Yes                       ; Yes                       ;
; Hex6[2]          ; 2.5 V        ; 0 s                 ; 0 s                 ; 2.62 V                       ; 4.05e-08 V                   ; 2.72 V              ; -0.0349 V           ; 0.173 V                              ; 0.1 V                                ; 2.72e-10 s                  ; 2.69e-10 s                  ; Yes                        ; Yes                        ; 2.62 V                      ; 4.05e-08 V                  ; 2.72 V             ; -0.0349 V          ; 0.173 V                             ; 0.1 V                               ; 2.72e-10 s                 ; 2.69e-10 s                 ; Yes                       ; Yes                       ;
; Hex6[3]          ; 2.5 V        ; 0 s                 ; 0 s                 ; 2.62 V                       ; 4.05e-08 V                   ; 2.72 V              ; -0.0349 V           ; 0.173 V                              ; 0.1 V                                ; 2.72e-10 s                  ; 2.69e-10 s                  ; Yes                        ; Yes                        ; 2.62 V                      ; 4.05e-08 V                  ; 2.72 V             ; -0.0349 V          ; 0.173 V                             ; 0.1 V                               ; 2.72e-10 s                 ; 2.69e-10 s                 ; Yes                       ; Yes                       ;
; Hex6[4]          ; 2.5 V        ; 0 s                 ; 0 s                 ; 2.62 V                       ; 4.05e-08 V                   ; 2.72 V              ; -0.0349 V           ; 0.173 V                              ; 0.1 V                                ; 2.72e-10 s                  ; 2.69e-10 s                  ; Yes                        ; Yes                        ; 2.62 V                      ; 4.05e-08 V                  ; 2.72 V             ; -0.0349 V          ; 0.173 V                             ; 0.1 V                               ; 2.72e-10 s                 ; 2.69e-10 s                 ; Yes                       ; Yes                       ;
; Hex6[5]          ; 2.5 V        ; 0 s                 ; 0 s                 ; 2.62 V                       ; 4.05e-08 V                   ; 2.64 V              ; -0.0113 V           ; 0.208 V                              ; 0.179 V                              ; 2.38e-09 s                  ; 2.23e-09 s                  ; No                         ; Yes                        ; 2.62 V                      ; 4.05e-08 V                  ; 2.64 V             ; -0.0113 V          ; 0.208 V                             ; 0.179 V                             ; 2.38e-09 s                 ; 2.23e-09 s                 ; No                        ; Yes                       ;
; Hex6[6]          ; 2.5 V        ; 0 s                 ; 0 s                 ; 2.62 V                       ; 4.05e-08 V                   ; 2.72 V              ; -0.0349 V           ; 0.173 V                              ; 0.1 V                                ; 2.72e-10 s                  ; 2.69e-10 s                  ; Yes                        ; Yes                        ; 2.62 V                      ; 4.05e-08 V                  ; 2.72 V             ; -0.0349 V          ; 0.173 V                             ; 0.1 V                               ; 2.72e-10 s                 ; 2.69e-10 s                 ; Yes                       ; Yes                       ;
; Hex7[0]          ; 2.5 V        ; 0 s                 ; 0 s                 ; 2.62 V                       ; 4.05e-08 V                   ; 2.72 V              ; -0.0349 V           ; 0.173 V                              ; 0.1 V                                ; 2.72e-10 s                  ; 2.69e-10 s                  ; Yes                        ; Yes                        ; 2.62 V                      ; 4.05e-08 V                  ; 2.72 V             ; -0.0349 V          ; 0.173 V                             ; 0.1 V                               ; 2.72e-10 s                 ; 2.69e-10 s                 ; Yes                       ; Yes                       ;
; Hex7[1]          ; 2.5 V        ; 0 s                 ; 0 s                 ; 2.62 V                       ; 4.05e-08 V                   ; 2.72 V              ; -0.0349 V           ; 0.173 V                              ; 0.1 V                                ; 2.72e-10 s                  ; 2.69e-10 s                  ; Yes                        ; Yes                        ; 2.62 V                      ; 4.05e-08 V                  ; 2.72 V             ; -0.0349 V          ; 0.173 V                             ; 0.1 V                               ; 2.72e-10 s                 ; 2.69e-10 s                 ; Yes                       ; Yes                       ;
; Hex7[2]          ; 2.5 V        ; 0 s                 ; 0 s                 ; 2.62 V                       ; 4.05e-08 V                   ; 2.72 V              ; -0.0349 V           ; 0.173 V                              ; 0.1 V                                ; 2.72e-10 s                  ; 2.69e-10 s                  ; Yes                        ; Yes                        ; 2.62 V                      ; 4.05e-08 V                  ; 2.72 V             ; -0.0349 V          ; 0.173 V                             ; 0.1 V                               ; 2.72e-10 s                 ; 2.69e-10 s                 ; Yes                       ; Yes                       ;
; Hex7[3]          ; 2.5 V        ; 0 s                 ; 0 s                 ; 2.62 V                       ; 4.05e-08 V                   ; 2.72 V              ; -0.0349 V           ; 0.173 V                              ; 0.1 V                                ; 2.72e-10 s                  ; 2.69e-10 s                  ; Yes                        ; Yes                        ; 2.62 V                      ; 4.05e-08 V                  ; 2.72 V             ; -0.0349 V          ; 0.173 V                             ; 0.1 V                               ; 2.72e-10 s                 ; 2.69e-10 s                 ; Yes                       ; Yes                       ;
; Hex7[4]          ; 2.5 V        ; 0 s                 ; 0 s                 ; 2.62 V                       ; 4.05e-08 V                   ; 2.72 V              ; -0.0349 V           ; 0.173 V                              ; 0.1 V                                ; 2.72e-10 s                  ; 2.69e-10 s                  ; Yes                        ; Yes                        ; 2.62 V                      ; 4.05e-08 V                  ; 2.72 V             ; -0.0349 V          ; 0.173 V                             ; 0.1 V                               ; 2.72e-10 s                 ; 2.69e-10 s                 ; Yes                       ; Yes                       ;
; Hex7[5]          ; 2.5 V        ; 0 s                 ; 0 s                 ; 2.62 V                       ; 4.05e-08 V                   ; 2.72 V              ; -0.0349 V           ; 0.173 V                              ; 0.1 V                                ; 2.72e-10 s                  ; 2.69e-10 s                  ; Yes                        ; Yes                        ; 2.62 V                      ; 4.05e-08 V                  ; 2.72 V             ; -0.0349 V          ; 0.173 V                             ; 0.1 V                               ; 2.72e-10 s                 ; 2.69e-10 s                 ; Yes                       ; Yes                       ;
; Hex7[6]          ; 2.5 V        ; 0 s                 ; 0 s                 ; 2.62 V                       ; 4.05e-08 V                   ; 2.72 V              ; -0.0349 V           ; 0.173 V                              ; 0.1 V                                ; 2.72e-10 s                  ; 2.69e-10 s                  ; Yes                        ; Yes                        ; 2.62 V                      ; 4.05e-08 V                  ; 2.72 V             ; -0.0349 V          ; 0.173 V                             ; 0.1 V                               ; 2.72e-10 s                 ; 2.69e-10 s                 ; Yes                       ; Yes                       ;
; switches_leds[0] ; 2.5 V        ; 0 s                 ; 0 s                 ; 2.62 V                       ; 4.05e-08 V                   ; 2.72 V              ; -0.0349 V           ; 0.173 V                              ; 0.1 V                                ; 2.72e-10 s                  ; 2.69e-10 s                  ; Yes                        ; Yes                        ; 2.62 V                      ; 4.05e-08 V                  ; 2.72 V             ; -0.0349 V          ; 0.173 V                             ; 0.1 V                               ; 2.72e-10 s                 ; 2.69e-10 s                 ; Yes                       ; Yes                       ;
; switches_leds[1] ; 2.5 V        ; 0 s                 ; 0 s                 ; 2.62 V                       ; 4.05e-08 V                   ; 2.72 V              ; -0.0349 V           ; 0.173 V                              ; 0.1 V                                ; 2.72e-10 s                  ; 2.69e-10 s                  ; Yes                        ; Yes                        ; 2.62 V                      ; 4.05e-08 V                  ; 2.72 V             ; -0.0349 V          ; 0.173 V                             ; 0.1 V                               ; 2.72e-10 s                 ; 2.69e-10 s                 ; Yes                       ; Yes                       ;
; switches_leds[2] ; 2.5 V        ; 0 s                 ; 0 s                 ; 2.62 V                       ; 4.05e-08 V                   ; 2.72 V              ; -0.0349 V           ; 0.173 V                              ; 0.1 V                                ; 2.72e-10 s                  ; 2.69e-10 s                  ; Yes                        ; Yes                        ; 2.62 V                      ; 4.05e-08 V                  ; 2.72 V             ; -0.0349 V          ; 0.173 V                             ; 0.1 V                               ; 2.72e-10 s                 ; 2.69e-10 s                 ; Yes                       ; Yes                       ;
; switches_leds[3] ; 2.5 V        ; 0 s                 ; 0 s                 ; 2.62 V                       ; 4.05e-08 V                   ; 2.64 V              ; -0.0113 V           ; 0.208 V                              ; 0.179 V                              ; 2.38e-09 s                  ; 2.23e-09 s                  ; No                         ; Yes                        ; 2.62 V                      ; 4.05e-08 V                  ; 2.64 V             ; -0.0113 V          ; 0.208 V                             ; 0.179 V                             ; 2.38e-09 s                 ; 2.23e-09 s                 ; No                        ; Yes                       ;
; switches_leds[4] ; 2.5 V        ; 0 s                 ; 0 s                 ; 2.62 V                       ; 4.05e-08 V                   ; 2.72 V              ; -0.0349 V           ; 0.173 V                              ; 0.1 V                                ; 2.72e-10 s                  ; 2.69e-10 s                  ; Yes                        ; Yes                        ; 2.62 V                      ; 4.05e-08 V                  ; 2.72 V             ; -0.0349 V          ; 0.173 V                             ; 0.1 V                               ; 2.72e-10 s                 ; 2.69e-10 s                 ; Yes                       ; Yes                       ;
; switches_leds[5] ; 2.5 V        ; 0 s                 ; 0 s                 ; 2.62 V                       ; 4.05e-08 V                   ; 2.72 V              ; -0.0349 V           ; 0.173 V                              ; 0.1 V                                ; 2.72e-10 s                  ; 2.69e-10 s                  ; Yes                        ; Yes                        ; 2.62 V                      ; 4.05e-08 V                  ; 2.72 V             ; -0.0349 V          ; 0.173 V                             ; 0.1 V                               ; 2.72e-10 s                 ; 2.69e-10 s                 ; Yes                       ; Yes                       ;
; btn_out          ; 2.5 V        ; 0 s                 ; 0 s                 ; 2.62 V                       ; 4.05e-08 V                   ; 2.72 V              ; -0.0349 V           ; 0.173 V                              ; 0.1 V                                ; 2.72e-10 s                  ; 2.69e-10 s                  ; Yes                        ; Yes                        ; 2.62 V                      ; 4.05e-08 V                  ; 2.72 V             ; -0.0349 V          ; 0.173 V                             ; 0.1 V                               ; 2.72e-10 s                 ; 2.69e-10 s                 ; Yes                       ; Yes                       ;
; in_sign_out      ; 2.5 V        ; 0 s                 ; 0 s                 ; 2.62 V                       ; 4.05e-08 V                   ; 2.72 V              ; -0.0349 V           ; 0.173 V                              ; 0.1 V                                ; 2.72e-10 s                  ; 2.69e-10 s                  ; Yes                        ; Yes                        ; 2.62 V                      ; 4.05e-08 V                  ; 2.72 V             ; -0.0349 V          ; 0.173 V                             ; 0.1 V                               ; 2.72e-10 s                 ; 2.69e-10 s                 ; Yes                       ; Yes                       ;
; ~ALTERA_DCLK~    ; 2.5 V        ; 0 s                 ; 0 s                 ; 2.62 V                       ; 2.22e-08 V                   ; 2.74 V              ; -0.06 V             ; 0.158 V                              ; 0.08 V                               ; 2.68e-10 s                  ; 2.19e-10 s                  ; Yes                        ; Yes                        ; 2.62 V                      ; 2.22e-08 V                  ; 2.74 V             ; -0.06 V            ; 0.158 V                             ; 0.08 V                              ; 2.68e-10 s                 ; 2.19e-10 s                 ; Yes                       ; Yes                       ;
; ~ALTERA_nCEO~    ; 2.5 V        ; 0 s                 ; 0 s                 ; 2.62 V                       ; 3.54e-08 V                   ; 2.7 V               ; -0.00943 V          ; 0.276 V                              ; 0.035 V                              ; 3.19e-10 s                  ; 4.99e-10 s                  ; No                         ; Yes                        ; 2.62 V                      ; 3.54e-08 V                  ; 2.7 V              ; -0.00943 V         ; 0.276 V                             ; 0.035 V                             ; 3.19e-10 s                 ; 4.99e-10 s                 ; No                        ; Yes                       ;
+------------------+--------------+---------------------+---------------------+------------------------------+------------------------------+---------------------+---------------------+--------------------------------------+--------------------------------------+-----------------------------+-----------------------------+----------------------------+----------------------------+-----------------------------+-----------------------------+--------------------+--------------------+-------------------------------------+-------------------------------------+----------------------------+----------------------------+---------------------------+---------------------------+


+---------------------------------------------------------------------------------------------------------------------------------------+
; Setup Transfers                                                                                                                       ;
+-----------------------------------------+-----------------------------------------+--------------+--------------+----------+----------+
; From Clock                              ; To Clock                                ; RR Paths     ; FR Paths     ; RF Paths ; FF Paths ;
+-----------------------------------------+-----------------------------------------+--------------+--------------+----------+----------+
; clk_50                                  ; clk_50                                  ; 450          ; 0            ; 0        ; 0        ;
; DivisorFrequencia:Divisor_inst|clkSaida ; clk_50                                  ; 1            ; 1            ; 0        ; 0        ;
; btn_in                                  ; DivisorFrequencia:Divisor_inst|clkSaida ; 0            ; 82           ; 0        ; 64       ;
; DivisorFrequencia:Divisor_inst|clkSaida ; DivisorFrequencia:Divisor_inst|clkSaida ; > 2147483647 ; > 2147483647 ; 64736    ; 51236033 ;
+-----------------------------------------+-----------------------------------------+--------------+--------------+----------+----------+
Entries labeled "false path" only account for clock-to-clock false paths and not path-based false paths. As a result, actual path counts may be lower than reported.


+---------------------------------------------------------------------------------------------------------------------------------------+
; Hold Transfers                                                                                                                        ;
+-----------------------------------------+-----------------------------------------+--------------+--------------+----------+----------+
; From Clock                              ; To Clock                                ; RR Paths     ; FR Paths     ; RF Paths ; FF Paths ;
+-----------------------------------------+-----------------------------------------+--------------+--------------+----------+----------+
; clk_50                                  ; clk_50                                  ; 450          ; 0            ; 0        ; 0        ;
; DivisorFrequencia:Divisor_inst|clkSaida ; clk_50                                  ; 1            ; 1            ; 0        ; 0        ;
; btn_in                                  ; DivisorFrequencia:Divisor_inst|clkSaida ; 0            ; 82           ; 0        ; 64       ;
; DivisorFrequencia:Divisor_inst|clkSaida ; DivisorFrequencia:Divisor_inst|clkSaida ; > 2147483647 ; > 2147483647 ; 64736    ; 51236033 ;
+-----------------------------------------+-----------------------------------------+--------------+--------------+----------+----------+
Entries labeled "false path" only account for clock-to-clock false paths and not path-based false paths. As a result, actual path counts may be lower than reported.


+------------------------------------------------------------------------------------------------+
; Recovery Transfers                                                                             ;
+-----------------------------------------+----------+----------+----------+----------+----------+
; From Clock                              ; To Clock ; RR Paths ; FR Paths ; RF Paths ; FF Paths ;
+-----------------------------------------+----------+----------+----------+----------+----------+
; DivisorFrequencia:Divisor_inst|clkSaida ; btn_in   ; 0        ; 0        ; 0        ; 192      ;
+-----------------------------------------+----------+----------+----------+----------+----------+
Entries labeled "false path" only account for clock-to-clock false paths and not path-based false paths. As a result, actual path counts may be lower than reported.


+------------------------------------------------------------------------------------------------+
; Removal Transfers                                                                              ;
+-----------------------------------------+----------+----------+----------+----------+----------+
; From Clock                              ; To Clock ; RR Paths ; FR Paths ; RF Paths ; FF Paths ;
+-----------------------------------------+----------+----------+----------+----------+----------+
; DivisorFrequencia:Divisor_inst|clkSaida ; btn_in   ; 0        ; 0        ; 0        ; 192      ;
+-----------------------------------------+----------+----------+----------+----------+----------+
Entries labeled "false path" only account for clock-to-clock false paths and not path-based false paths. As a result, actual path counts may be lower than reported.


---------------
; Report TCCS ;
---------------
No dedicated SERDES Transmitter circuitry present in device or used in design


---------------
; Report RSKM ;
---------------
No non-DPA dedicated SERDES Receiver circuitry present in device or used in design


+------------------------------------------------+
; Unconstrained Paths Summary                    ;
+---------------------------------+-------+------+
; Property                        ; Setup ; Hold ;
+---------------------------------+-------+------+
; Illegal Clocks                  ; 0     ; 0    ;
; Unconstrained Clocks            ; 0     ; 0    ;
; Unconstrained Input Ports       ; 20    ; 20   ;
; Unconstrained Input Port Paths  ; 413   ; 413  ;
; Unconstrained Output Ports      ; 65    ; 65   ;
; Unconstrained Output Port Paths ; 1612  ; 1612 ;
+---------------------------------+-------+------+


+--------------------------------------------------------------------------------------------------------+
; Clock Status Summary                                                                                   ;
+-----------------------------------------+-----------------------------------------+------+-------------+
; Target                                  ; Clock                                   ; Type ; Status      ;
+-----------------------------------------+-----------------------------------------+------+-------------+
; DivisorFrequencia:Divisor_inst|clkSaida ; DivisorFrequencia:Divisor_inst|clkSaida ; Base ; Constrained ;
; btn_in                                  ; btn_in                                  ; Base ; Constrained ;
; clk_50                                  ; clk_50                                  ; Base ; Constrained ;
+-----------------------------------------+-----------------------------------------+------+-------------+


+-----------------------------------------------------------------------------------------------------+
; Unconstrained Input Ports                                                                           ;
+--------------+--------------------------------------------------------------------------------------+
; Input Port   ; Comment                                                                              ;
+--------------+--------------------------------------------------------------------------------------+
; btn_in       ; No input delay, min/max delays, false-path exceptions, or max skew assignments found ;
; rst          ; No input delay, min/max delays, false-path exceptions, or max skew assignments found ;
; switches[0]  ; No input delay, min/max delays, false-path exceptions, or max skew assignments found ;
; switches[1]  ; No input delay, min/max delays, false-path exceptions, or max skew assignments found ;
; switches[2]  ; No input delay, min/max delays, false-path exceptions, or max skew assignments found ;
; switches[3]  ; No input delay, min/max delays, false-path exceptions, or max skew assignments found ;
; switches[4]  ; No input delay, min/max delays, false-path exceptions, or max skew assignments found ;
; switches[5]  ; No input delay, min/max delays, false-path exceptions, or max skew assignments found ;
; switches[6]  ; No input delay, min/max delays, false-path exceptions, or max skew assignments found ;
; switches[7]  ; No input delay, min/max delays, false-path exceptions, or max skew assignments found ;
; switches[8]  ; No input delay, min/max delays, false-path exceptions, or max skew assignments found ;
; switches[9]  ; No input delay, min/max delays, false-path exceptions, or max skew assignments found ;
; switches[10] ; No input delay, min/max delays, false-path exceptions, or max skew assignments found ;
; switches[11] ; No input delay, min/max delays, false-path exceptions, or max skew assignments found ;
; switches[12] ; No input delay, min/max delays, false-path exceptions, or max skew assignments found ;
; switches[13] ; No input delay, min/max delays, false-path exceptions, or max skew assignments found ;
; switches[14] ; No input delay, min/max delays, false-path exceptions, or max skew assignments found ;
; switches[15] ; No input delay, min/max delays, false-path exceptions, or max skew assignments found ;
; switches[16] ; No input delay, min/max delays, false-path exceptions, or max skew assignments found ;
; switches[17] ; No input delay, min/max delays, false-path exceptions, or max skew assignments found ;
+--------------+--------------------------------------------------------------------------------------+


+----------------------------------------------------------------------------------------------------------+
; Unconstrained Output Ports                                                                               ;
+------------------+---------------------------------------------------------------------------------------+
; Output Port      ; Comment                                                                               ;
+------------------+---------------------------------------------------------------------------------------+
; Hex0[0]          ; No output delay, min/max delays, false-path exceptions, or max skew assignments found ;
; Hex0[1]          ; No output delay, min/max delays, false-path exceptions, or max skew assignments found ;
; Hex0[2]          ; No output delay, min/max delays, false-path exceptions, or max skew assignments found ;
; Hex0[3]          ; No output delay, min/max delays, false-path exceptions, or max skew assignments found ;
; Hex0[4]          ; No output delay, min/max delays, false-path exceptions, or max skew assignments found ;
; Hex0[5]          ; No output delay, min/max delays, false-path exceptions, or max skew assignments found ;
; Hex0[6]          ; No output delay, min/max delays, false-path exceptions, or max skew assignments found ;
; Hex1[0]          ; No output delay, min/max delays, false-path exceptions, or max skew assignments found ;
; Hex1[1]          ; No output delay, min/max delays, false-path exceptions, or max skew assignments found ;
; Hex1[2]          ; No output delay, min/max delays, false-path exceptions, or max skew assignments found ;
; Hex1[3]          ; No output delay, min/max delays, false-path exceptions, or max skew assignments found ;
; Hex1[4]          ; No output delay, min/max delays, false-path exceptions, or max skew assignments found ;
; Hex1[5]          ; No output delay, min/max delays, false-path exceptions, or max skew assignments found ;
; Hex1[6]          ; No output delay, min/max delays, false-path exceptions, or max skew assignments found ;
; Hex2[0]          ; No output delay, min/max delays, false-path exceptions, or max skew assignments found ;
; Hex2[1]          ; No output delay, min/max delays, false-path exceptions, or max skew assignments found ;
; Hex2[2]          ; No output delay, min/max delays, false-path exceptions, or max skew assignments found ;
; Hex2[3]          ; No output delay, min/max delays, false-path exceptions, or max skew assignments found ;
; Hex2[4]          ; No output delay, min/max delays, false-path exceptions, or max skew assignments found ;
; Hex2[5]          ; No output delay, min/max delays, false-path exceptions, or max skew assignments found ;
; Hex2[6]          ; No output delay, min/max delays, false-path exceptions, or max skew assignments found ;
; Hex3[0]          ; No output delay, min/max delays, false-path exceptions, or max skew assignments found ;
; Hex3[1]          ; No output delay, min/max delays, false-path exceptions, or max skew assignments found ;
; Hex3[2]          ; No output delay, min/max delays, false-path exceptions, or max skew assignments found ;
; Hex3[3]          ; No output delay, min/max delays, false-path exceptions, or max skew assignments found ;
; Hex3[4]          ; No output delay, min/max delays, false-path exceptions, or max skew assignments found ;
; Hex3[5]          ; No output delay, min/max delays, false-path exceptions, or max skew assignments found ;
; Hex3[6]          ; No output delay, min/max delays, false-path exceptions, or max skew assignments found ;
; Hex4[0]          ; No output delay, min/max delays, false-path exceptions, or max skew assignments found ;
; Hex4[1]          ; No output delay, min/max delays, false-path exceptions, or max skew assignments found ;
; Hex4[2]          ; No output delay, min/max delays, false-path exceptions, or max skew assignments found ;
; Hex4[3]          ; No output delay, min/max delays, false-path exceptions, or max skew assignments found ;
; Hex4[4]          ; No output delay, min/max delays, false-path exceptions, or max skew assignments found ;
; Hex4[5]          ; No output delay, min/max delays, false-path exceptions, or max skew assignments found ;
; Hex4[6]          ; No output delay, min/max delays, false-path exceptions, or max skew assignments found ;
; Hex5[0]          ; No output delay, min/max delays, false-path exceptions, or max skew assignments found ;
; Hex5[1]          ; No output delay, min/max delays, false-path exceptions, or max skew assignments found ;
; Hex5[2]          ; No output delay, min/max delays, false-path exceptions, or max skew assignments found ;
; Hex5[3]          ; No output delay, min/max delays, false-path exceptions, or max skew assignments found ;
; Hex5[4]          ; No output delay, min/max delays, false-path exceptions, or max skew assignments found ;
; Hex5[5]          ; No output delay, min/max delays, false-path exceptions, or max skew assignments found ;
; Hex5[6]          ; No output delay, min/max delays, false-path exceptions, or max skew assignments found ;
; Hex6[0]          ; No output delay, min/max delays, false-path exceptions, or max skew assignments found ;
; Hex6[1]          ; No output delay, min/max delays, false-path exceptions, or max skew assignments found ;
; Hex6[2]          ; No output delay, min/max delays, false-path exceptions, or max skew assignments found ;
; Hex6[3]          ; No output delay, min/max delays, false-path exceptions, or max skew assignments found ;
; Hex6[4]          ; No output delay, min/max delays, false-path exceptions, or max skew assignments found ;
; Hex6[5]          ; No output delay, min/max delays, false-path exceptions, or max skew assignments found ;
; Hex6[6]          ; No output delay, min/max delays, false-path exceptions, or max skew assignments found ;
; Hex7[0]          ; No output delay, min/max delays, false-path exceptions, or max skew assignments found ;
; Hex7[1]          ; No output delay, min/max delays, false-path exceptions, or max skew assignments found ;
; Hex7[2]          ; No output delay, min/max delays, false-path exceptions, or max skew assignments found ;
; Hex7[3]          ; No output delay, min/max delays, false-path exceptions, or max skew assignments found ;
; Hex7[4]          ; No output delay, min/max delays, false-path exceptions, or max skew assignments found ;
; Hex7[5]          ; No output delay, min/max delays, false-path exceptions, or max skew assignments found ;
; Hex7[6]          ; No output delay, min/max delays, false-path exceptions, or max skew assignments found ;
; btn_out          ; No output delay, min/max delays, false-path exceptions, or max skew assignments found ;
; in_sign_out      ; No output delay, min/max delays, false-path exceptions, or max skew assignments found ;
; led_clock        ; No output delay, min/max delays, false-path exceptions, or max skew assignments found ;
; switches_leds[0] ; No output delay, min/max delays, false-path exceptions, or max skew assignments found ;
; switches_leds[1] ; No output delay, min/max delays, false-path exceptions, or max skew assignments found ;
; switches_leds[2] ; No output delay, min/max delays, false-path exceptions, or max skew assignments found ;
; switches_leds[3] ; No output delay, min/max delays, false-path exceptions, or max skew assignments found ;
; switches_leds[4] ; No output delay, min/max delays, false-path exceptions, or max skew assignments found ;
; switches_leds[5] ; No output delay, min/max delays, false-path exceptions, or max skew assignments found ;
+------------------+---------------------------------------------------------------------------------------+


+-----------------------------------------------------------------------------------------------------+
; Unconstrained Input Ports                                                                           ;
+--------------+--------------------------------------------------------------------------------------+
; Input Port   ; Comment                                                                              ;
+--------------+--------------------------------------------------------------------------------------+
; btn_in       ; No input delay, min/max delays, false-path exceptions, or max skew assignments found ;
; rst          ; No input delay, min/max delays, false-path exceptions, or max skew assignments found ;
; switches[0]  ; No input delay, min/max delays, false-path exceptions, or max skew assignments found ;
; switches[1]  ; No input delay, min/max delays, false-path exceptions, or max skew assignments found ;
; switches[2]  ; No input delay, min/max delays, false-path exceptions, or max skew assignments found ;
; switches[3]  ; No input delay, min/max delays, false-path exceptions, or max skew assignments found ;
; switches[4]  ; No input delay, min/max delays, false-path exceptions, or max skew assignments found ;
; switches[5]  ; No input delay, min/max delays, false-path exceptions, or max skew assignments found ;
; switches[6]  ; No input delay, min/max delays, false-path exceptions, or max skew assignments found ;
; switches[7]  ; No input delay, min/max delays, false-path exceptions, or max skew assignments found ;
; switches[8]  ; No input delay, min/max delays, false-path exceptions, or max skew assignments found ;
; switches[9]  ; No input delay, min/max delays, false-path exceptions, or max skew assignments found ;
; switches[10] ; No input delay, min/max delays, false-path exceptions, or max skew assignments found ;
; switches[11] ; No input delay, min/max delays, false-path exceptions, or max skew assignments found ;
; switches[12] ; No input delay, min/max delays, false-path exceptions, or max skew assignments found ;
; switches[13] ; No input delay, min/max delays, false-path exceptions, or max skew assignments found ;
; switches[14] ; No input delay, min/max delays, false-path exceptions, or max skew assignments found ;
; switches[15] ; No input delay, min/max delays, false-path exceptions, or max skew assignments found ;
; switches[16] ; No input delay, min/max delays, false-path exceptions, or max skew assignments found ;
; switches[17] ; No input delay, min/max delays, false-path exceptions, or max skew assignments found ;
+--------------+--------------------------------------------------------------------------------------+


+----------------------------------------------------------------------------------------------------------+
; Unconstrained Output Ports                                                                               ;
+------------------+---------------------------------------------------------------------------------------+
; Output Port      ; Comment                                                                               ;
+------------------+---------------------------------------------------------------------------------------+
; Hex0[0]          ; No output delay, min/max delays, false-path exceptions, or max skew assignments found ;
; Hex0[1]          ; No output delay, min/max delays, false-path exceptions, or max skew assignments found ;
; Hex0[2]          ; No output delay, min/max delays, false-path exceptions, or max skew assignments found ;
; Hex0[3]          ; No output delay, min/max delays, false-path exceptions, or max skew assignments found ;
; Hex0[4]          ; No output delay, min/max delays, false-path exceptions, or max skew assignments found ;
; Hex0[5]          ; No output delay, min/max delays, false-path exceptions, or max skew assignments found ;
; Hex0[6]          ; No output delay, min/max delays, false-path exceptions, or max skew assignments found ;
; Hex1[0]          ; No output delay, min/max delays, false-path exceptions, or max skew assignments found ;
; Hex1[1]          ; No output delay, min/max delays, false-path exceptions, or max skew assignments found ;
; Hex1[2]          ; No output delay, min/max delays, false-path exceptions, or max skew assignments found ;
; Hex1[3]          ; No output delay, min/max delays, false-path exceptions, or max skew assignments found ;
; Hex1[4]          ; No output delay, min/max delays, false-path exceptions, or max skew assignments found ;
; Hex1[5]          ; No output delay, min/max delays, false-path exceptions, or max skew assignments found ;
; Hex1[6]          ; No output delay, min/max delays, false-path exceptions, or max skew assignments found ;
; Hex2[0]          ; No output delay, min/max delays, false-path exceptions, or max skew assignments found ;
; Hex2[1]          ; No output delay, min/max delays, false-path exceptions, or max skew assignments found ;
; Hex2[2]          ; No output delay, min/max delays, false-path exceptions, or max skew assignments found ;
; Hex2[3]          ; No output delay, min/max delays, false-path exceptions, or max skew assignments found ;
; Hex2[4]          ; No output delay, min/max delays, false-path exceptions, or max skew assignments found ;
; Hex2[5]          ; No output delay, min/max delays, false-path exceptions, or max skew assignments found ;
; Hex2[6]          ; No output delay, min/max delays, false-path exceptions, or max skew assignments found ;
; Hex3[0]          ; No output delay, min/max delays, false-path exceptions, or max skew assignments found ;
; Hex3[1]          ; No output delay, min/max delays, false-path exceptions, or max skew assignments found ;
; Hex3[2]          ; No output delay, min/max delays, false-path exceptions, or max skew assignments found ;
; Hex3[3]          ; No output delay, min/max delays, false-path exceptions, or max skew assignments found ;
; Hex3[4]          ; No output delay, min/max delays, false-path exceptions, or max skew assignments found ;
; Hex3[5]          ; No output delay, min/max delays, false-path exceptions, or max skew assignments found ;
; Hex3[6]          ; No output delay, min/max delays, false-path exceptions, or max skew assignments found ;
; Hex4[0]          ; No output delay, min/max delays, false-path exceptions, or max skew assignments found ;
; Hex4[1]          ; No output delay, min/max delays, false-path exceptions, or max skew assignments found ;
; Hex4[2]          ; No output delay, min/max delays, false-path exceptions, or max skew assignments found ;
; Hex4[3]          ; No output delay, min/max delays, false-path exceptions, or max skew assignments found ;
; Hex4[4]          ; No output delay, min/max delays, false-path exceptions, or max skew assignments found ;
; Hex4[5]          ; No output delay, min/max delays, false-path exceptions, or max skew assignments found ;
; Hex4[6]          ; No output delay, min/max delays, false-path exceptions, or max skew assignments found ;
; Hex5[0]          ; No output delay, min/max delays, false-path exceptions, or max skew assignments found ;
; Hex5[1]          ; No output delay, min/max delays, false-path exceptions, or max skew assignments found ;
; Hex5[2]          ; No output delay, min/max delays, false-path exceptions, or max skew assignments found ;
; Hex5[3]          ; No output delay, min/max delays, false-path exceptions, or max skew assignments found ;
; Hex5[4]          ; No output delay, min/max delays, false-path exceptions, or max skew assignments found ;
; Hex5[5]          ; No output delay, min/max delays, false-path exceptions, or max skew assignments found ;
; Hex5[6]          ; No output delay, min/max delays, false-path exceptions, or max skew assignments found ;
; Hex6[0]          ; No output delay, min/max delays, false-path exceptions, or max skew assignments found ;
; Hex6[1]          ; No output delay, min/max delays, false-path exceptions, or max skew assignments found ;
; Hex6[2]          ; No output delay, min/max delays, false-path exceptions, or max skew assignments found ;
; Hex6[3]          ; No output delay, min/max delays, false-path exceptions, or max skew assignments found ;
; Hex6[4]          ; No output delay, min/max delays, false-path exceptions, or max skew assignments found ;
; Hex6[5]          ; No output delay, min/max delays, false-path exceptions, or max skew assignments found ;
; Hex6[6]          ; No output delay, min/max delays, false-path exceptions, or max skew assignments found ;
; Hex7[0]          ; No output delay, min/max delays, false-path exceptions, or max skew assignments found ;
; Hex7[1]          ; No output delay, min/max delays, false-path exceptions, or max skew assignments found ;
; Hex7[2]          ; No output delay, min/max delays, false-path exceptions, or max skew assignments found ;
; Hex7[3]          ; No output delay, min/max delays, false-path exceptions, or max skew assignments found ;
; Hex7[4]          ; No output delay, min/max delays, false-path exceptions, or max skew assignments found ;
; Hex7[5]          ; No output delay, min/max delays, false-path exceptions, or max skew assignments found ;
; Hex7[6]          ; No output delay, min/max delays, false-path exceptions, or max skew assignments found ;
; btn_out          ; No output delay, min/max delays, false-path exceptions, or max skew assignments found ;
; in_sign_out      ; No output delay, min/max delays, false-path exceptions, or max skew assignments found ;
; led_clock        ; No output delay, min/max delays, false-path exceptions, or max skew assignments found ;
; switches_leds[0] ; No output delay, min/max delays, false-path exceptions, or max skew assignments found ;
; switches_leds[1] ; No output delay, min/max delays, false-path exceptions, or max skew assignments found ;
; switches_leds[2] ; No output delay, min/max delays, false-path exceptions, or max skew assignments found ;
; switches_leds[3] ; No output delay, min/max delays, false-path exceptions, or max skew assignments found ;
; switches_leds[4] ; No output delay, min/max delays, false-path exceptions, or max skew assignments found ;
; switches_leds[5] ; No output delay, min/max delays, false-path exceptions, or max skew assignments found ;
+------------------+---------------------------------------------------------------------------------------+


+--------------------------+
; Timing Analyzer Messages ;
+--------------------------+
Info: *******************************************************************
Info: Running Quartus Prime Timing Analyzer
    Info: Version 21.1.0 Build 842 10/21/2021 SJ Lite Edition
    Info: Processing started: Wed Jul  1 19:02:28 2026
Info: Command: quartus_sta cpu -c cpu
Info: qsta_default_script.tcl version: #1
Warning (18236): Number of processors has not been specified which may cause overloading on shared machines.  Set the global assignment NUM_PARALLEL_PROCESSORS in your QSF to an appropriate value for best performance.
Info (20030): Parallel compilation is enabled and will use 8 of the 8 processors detected
Info (21077): Low junction temperature is 0 degrees C
Info (21077): High junction temperature is 85 degrees C
Critical Warning (332012): Synopsys Design Constraints File file not found: 'cpu.sdc'. A Synopsys Design Constraints File is required by the Timing Analyzer to get proper timing constraints. Without it, the Compiler will not properly optimize the design.
Info (332142): No user constrained base clocks found in the design. Calling "derive_clocks -period 1.0"
Info (332105): Deriving Clocks
    Info (332105): create_clock -period 1.000 -name DivisorFrequencia:Divisor_inst|clkSaida DivisorFrequencia:Divisor_inst|clkSaida
    Info (332105): create_clock -period 1.000 -name btn_in btn_in
    Info (332105): create_clock -period 1.000 -name clk_50 clk_50
Info (332143): No user constrained clock uncertainty found in the design. Calling "derive_clock_uncertainty"
Info (332123): Deriving Clock Uncertainty. Please refer to report_sdc in the Timing Analyzer to see clock uncertainties.
Info: Found TIMING_ANALYZER_REPORT_SCRIPT_INCLUDE_DEFAULT_ANALYSIS = ON
Info: Analyzing Slow 1200mV 85C Model
Critical Warning (332148): Timing requirements not met
    Info (11105): For recommendations on closing timing, run Report Timing Closure Recommendations in the Timing Analyzer.
Info (332146): Worst-case setup slack is -151.276
    Info (332119):     Slack       End Point TNS Clock 
    Info (332119): ========= =================== =====================
    Info (332119):  -151.276         -333599.820 DivisorFrequencia:Divisor_inst|clkSaida 
    Info (332119):    -3.352             -44.793 clk_50 
Info (332146): Worst-case hold slack is 0.441
    Info (332119):     Slack       End Point TNS Clock 
    Info (332119): ========= =================== =====================
    Info (332119):     0.441               0.000 clk_50 
    Info (332119):     0.997               0.000 DivisorFrequencia:Divisor_inst|clkSaida 
Info (332146): Worst-case recovery slack is -4.494
    Info (332119):     Slack       End Point TNS Clock 
    Info (332119): ========= =================== =====================
    Info (332119):    -4.494              -8.984 btn_in 
Info (332146): Worst-case removal slack is 2.288
    Info (332119):     Slack       End Point TNS Clock 
    Info (332119): ========= =================== =====================
    Info (332119):     2.288               0.000 btn_in 
Info (332146): Worst-case minimum pulse width slack is -3.000
    Info (332119):     Slack       End Point TNS Clock 
    Info (332119): ========= =================== =====================
    Info (332119):    -3.000             -36.410 clk_50 
    Info (332119):    -3.000              -5.570 btn_in 
    Info (332119):    -1.285           -3009.470 DivisorFrequencia:Divisor_inst|clkSaida 
Info: Analyzing Slow 1200mV 0C Model
Info (334003): Started post-fitting delay annotation
Info (334004): Delay annotation completed successfully
Info (332123): Deriving Clock Uncertainty. Please refer to report_sdc in the Timing Analyzer to see clock uncertainties.
Critical Warning (332148): Timing requirements not met
    Info (11105): For recommendations on closing timing, run Report Timing Closure Recommendations in the Timing Analyzer.
Info (332146): Worst-case setup slack is -137.052
    Info (332119):     Slack       End Point TNS Clock 
    Info (332119): ========= =================== =====================
    Info (332119):  -137.052         -302073.435 DivisorFrequencia:Divisor_inst|clkSaida 
    Info (332119):    -3.019             -37.653 clk_50 
Info (332146): Worst-case hold slack is 0.400
    Info (332119):     Slack       End Point TNS Clock 
    Info (332119): ========= =================== =====================
    Info (332119):     0.400               0.000 clk_50 
    Info (332119):     0.906               0.000 DivisorFrequencia:Divisor_inst|clkSaida 
Info (332146): Worst-case recovery slack is -3.949
    Info (332119):     Slack       End Point TNS Clock 
    Info (332119): ========= =================== =====================
    Info (332119):    -3.949              -7.868 btn_in 
Info (332146): Worst-case removal slack is 2.033
    Info (332119):     Slack       End Point TNS Clock 
    Info (332119): ========= =================== =====================
    Info (332119):     2.033               0.000 btn_in 
Info (332146): Worst-case minimum pulse width slack is -3.000
    Info (332119):     Slack       End Point TNS Clock 
    Info (332119): ========= =================== =====================
    Info (332119):    -3.000             -36.410 clk_50 
    Info (332119):    -3.000              -5.570 btn_in 
    Info (332119):    -1.285           -3009.470 DivisorFrequencia:Divisor_inst|clkSaida 
Info: Analyzing Fast 1200mV 0C Model
Info (332123): Deriving Clock Uncertainty. Please refer to report_sdc in the Timing Analyzer to see clock uncertainties.
Critical Warning (332148): Timing requirements not met
    Info (11105): For recommendations on closing timing, run Report Timing Closure Recommendations in the Timing Analyzer.
Info (332146): Worst-case setup slack is -75.348
    Info (332119):     Slack       End Point TNS Clock 
    Info (332119): ========= =================== =====================
    Info (332119):   -75.348         -165916.160 DivisorFrequencia:Divisor_inst|clkSaida 
    Info (332119):    -1.142              -9.125 clk_50 
Info (332146): Worst-case hold slack is 0.199
    Info (332119):     Slack       End Point TNS Clock 
    Info (332119): ========= =================== =====================
    Info (332119):     0.199               0.000 clk_50 
    Info (332119):     0.456               0.000 DivisorFrequencia:Divisor_inst|clkSaida 
Info (332146): Worst-case recovery slack is -1.563
    Info (332119):     Slack       End Point TNS Clock 
    Info (332119): ========= =================== =====================
    Info (332119):    -1.563              -3.082 btn_in 
Info (332146): Worst-case removal slack is 0.790
    Info (332119):     Slack       End Point TNS Clock 
    Info (332119): ========= =================== =====================
    Info (332119):     0.790               0.000 btn_in 
Info (332146): Worst-case minimum pulse width slack is -3.000
    Info (332119):     Slack       End Point TNS Clock 
    Info (332119): ========= =================== =====================
    Info (332119):    -3.000             -30.638 clk_50 
    Info (332119):    -3.000              -5.594 btn_in 
    Info (332119):    -1.000           -2342.000 DivisorFrequencia:Divisor_inst|clkSaida 
Info (332102): Design is not fully constrained for setup requirements
Info (332102): Design is not fully constrained for hold requirements
Info: Quartus Prime Timing Analyzer was successful. 0 errors, 5 warnings
    Info: Peak virtual memory: 5231 megabytes
    Info: Processing ended: Wed Jul  1 19:02:55 2026
    Info: Elapsed time: 00:00:27
    Info: Total CPU time (on all processors): 00:00:25


