Analysis & Synthesis report for cpu
Mon Jun 22 22:42:34 2026
Quartus Prime Version 21.1.0 Build 842 10/21/2021 SJ Lite Edition


---------------------
; Table of Contents ;
---------------------
  1. Legal Notice
  2. Analysis & Synthesis Summary
  3. Analysis & Synthesis Settings
  4. Parallel Compilation
  5. Analysis & Synthesis Source Files Read
  6. Analysis & Synthesis Resource Usage Summary
  7. Analysis & Synthesis Resource Utilization by Entity
  8. Analysis & Synthesis DSP Block Usage Summary
  9. Registers Removed During Synthesis
 10. Removed Registers Triggering Further Register Optimizations
 11. General Register Statistics
 12. Multiplexer Restructuring Statistics (Restructuring Performed)
 13. Parameter Settings for User Entity Instance: rom:ROM
 14. Parameter Settings for User Entity Instance: ram:ram_inst
 15. Parameter Settings for Inferred Entity Instance: ControleSaida:display_controller|lpm_divide:Mod0
 16. Parameter Settings for Inferred Entity Instance: ControleSaida:display_controller|lpm_divide:Div0
 17. Parameter Settings for Inferred Entity Instance: ControleSaida:display_controller|lpm_divide:Mod1
 18. Parameter Settings for Inferred Entity Instance: ControleSaida:display_controller|lpm_divide:Div1
 19. Parameter Settings for Inferred Entity Instance: ControleSaida:display_controller|lpm_divide:Mod2
 20. Parameter Settings for Inferred Entity Instance: ControleSaida:display_controller|lpm_divide:Div2
 21. Parameter Settings for Inferred Entity Instance: ControleSaida:display_controller|lpm_divide:Mod3
 22. Parameter Settings for Inferred Entity Instance: ControleSaida:display_controller|lpm_divide:Div3
 23. Parameter Settings for Inferred Entity Instance: ControleSaida:display_controller|lpm_divide:Mod4
 24. Parameter Settings for Inferred Entity Instance: ControleSaida:display_controller|lpm_divide:Div4
 25. Parameter Settings for Inferred Entity Instance: ControleSaida:display_controller|lpm_divide:Mod5
 26. Parameter Settings for Inferred Entity Instance: ControleSaida:display_controller|lpm_divide:Div5
 27. Parameter Settings for Inferred Entity Instance: ControleSaida:display_controller|lpm_divide:Mod6
 28. Parameter Settings for Inferred Entity Instance: ControleSaida:display_controller|lpm_divide:Div6
 29. Parameter Settings for Inferred Entity Instance: ControleSaida:display_controller|lpm_divide:Mod7
 30. Parameter Settings for Inferred Entity Instance: ula:ula_inst|lpm_mult:Mult0
 31. Parameter Settings for Inferred Entity Instance: ula:ula_inst|lpm_divide:Div0
 32. lpm_mult Parameter Settings by Entity Instance
 33. Port Connectivity Checks: "mux_memoria:mux_mem_inst"
 34. Port Connectivity Checks: "Unidade_Controle:UC"
 35. Port Connectivity Checks: "rom:ROM"
 36. Post-Synthesis Netlist Statistics for Top Partition
 37. Elapsed Time Per Partition
 38. Analysis & Synthesis Messages
 39. Analysis & Synthesis Suppressed Messages



----------------
; Legal Notice ;
----------------
Copyright (C) 2021  Intel Corporation. All rights reserved.
Your use of Intel Corporation's design tools, logic functions 
and other software and tools, and any partner logic 
functions, and any output files from any of the foregoing 
(including device programming or simulation files), and any 
associated documentation or information are expressly subject 
to the terms and conditions of the Intel Program License 
Subscription Agreement, the Intel Quartus Prime License Agreement,
the Intel FPGA IP License Agreement, or other applicable license
agreement, including, without limitation, that your use is for
the sole purpose of programming logic devices manufactured by
Intel and sold by Intel or its authorized distributors.  Please
refer to the applicable agreement for further details, at
https://fpgasoftware.intel.com/eula.



+----------------------------------------------------------------------------------+
; Analysis & Synthesis Summary                                                     ;
+------------------------------------+---------------------------------------------+
; Analysis & Synthesis Status        ; Successful - Mon Jun 22 22:42:34 2026       ;
; Quartus Prime Version              ; 21.1.0 Build 842 10/21/2021 SJ Lite Edition ;
; Revision Name                      ; cpu                                         ;
; Top-level Entity Name              ; cpu                                         ;
; Family                             ; Cyclone IV E                                ;
; Total logic elements               ; 12,573                                      ;
;     Total combinational functions  ; 10,364                                      ;
;     Dedicated logic registers      ; 2,369                                       ;
; Total registers                    ; 2369                                        ;
; Total pins                         ; 86                                          ;
; Total virtual pins                 ; 0                                           ;
; Total memory bits                  ; 0                                           ;
; Embedded Multiplier 9-bit elements ; 6                                           ;
; Total PLLs                         ; 0                                           ;
+------------------------------------+---------------------------------------------+


+------------------------------------------------------------------------------------------------------------+
; Analysis & Synthesis Settings                                                                              ;
+------------------------------------------------------------------+--------------------+--------------------+
; Option                                                           ; Setting            ; Default Value      ;
+------------------------------------------------------------------+--------------------+--------------------+
; Device                                                           ; EP4CE115F29C7      ;                    ;
; Top-level entity name                                            ; cpu                ; cpu                ;
; Family name                                                      ; Cyclone IV E       ; Cyclone V          ;
; Use smart compilation                                            ; Off                ; Off                ;
; Enable parallel Assembler and Timing Analyzer during compilation ; On                 ; On                 ;
; Enable compact report table                                      ; Off                ; Off                ;
; Restructure Multiplexers                                         ; Auto               ; Auto               ;
; Create Debugging Nodes for IP Cores                              ; Off                ; Off                ;
; Preserve fewer node names                                        ; On                 ; On                 ;
; Intel FPGA IP Evaluation Mode                                    ; Enable             ; Enable             ;
; Verilog Version                                                  ; Verilog_2001       ; Verilog_2001       ;
; VHDL Version                                                     ; VHDL_1993          ; VHDL_1993          ;
; State Machine Processing                                         ; Auto               ; Auto               ;
; Safe State Machine                                               ; Off                ; Off                ;
; Extract Verilog State Machines                                   ; On                 ; On                 ;
; Extract VHDL State Machines                                      ; On                 ; On                 ;
; Ignore Verilog initial constructs                                ; Off                ; Off                ;
; Iteration limit for constant Verilog loops                       ; 5000               ; 5000               ;
; Iteration limit for non-constant Verilog loops                   ; 250                ; 250                ;
; Add Pass-Through Logic to Inferred RAMs                          ; On                 ; On                 ;
; Infer RAMs from Raw Logic                                        ; On                 ; On                 ;
; Parallel Synthesis                                               ; On                 ; On                 ;
; DSP Block Balancing                                              ; Auto               ; Auto               ;
; NOT Gate Push-Back                                               ; On                 ; On                 ;
; Power-Up Don't Care                                              ; On                 ; On                 ;
; Remove Redundant Logic Cells                                     ; Off                ; Off                ;
; Remove Duplicate Registers                                       ; On                 ; On                 ;
; Ignore CARRY Buffers                                             ; Off                ; Off                ;
; Ignore CASCADE Buffers                                           ; Off                ; Off                ;
; Ignore GLOBAL Buffers                                            ; Off                ; Off                ;
; Ignore ROW GLOBAL Buffers                                        ; Off                ; Off                ;
; Ignore LCELL Buffers                                             ; Off                ; Off                ;
; Ignore SOFT Buffers                                              ; On                 ; On                 ;
; Limit AHDL Integers to 32 Bits                                   ; Off                ; Off                ;
; Optimization Technique                                           ; Balanced           ; Balanced           ;
; Carry Chain Length                                               ; 70                 ; 70                 ;
; Auto Carry Chains                                                ; On                 ; On                 ;
; Auto Open-Drain Pins                                             ; On                 ; On                 ;
; Perform WYSIWYG Primitive Resynthesis                            ; Off                ; Off                ;
; Auto ROM Replacement                                             ; On                 ; On                 ;
; Auto RAM Replacement                                             ; On                 ; On                 ;
; Auto DSP Block Replacement                                       ; On                 ; On                 ;
; Auto Shift Register Replacement                                  ; Auto               ; Auto               ;
; Allow Shift Register Merging across Hierarchies                  ; Auto               ; Auto               ;
; Auto Clock Enable Replacement                                    ; On                 ; On                 ;
; Strict RAM Replacement                                           ; Off                ; Off                ;
; Allow Synchronous Control Signals                                ; On                 ; On                 ;
; Force Use of Synchronous Clear Signals                           ; Off                ; Off                ;
; Auto RAM Block Balancing                                         ; On                 ; On                 ;
; Auto RAM to Logic Cell Conversion                                ; Off                ; Off                ;
; Auto Resource Sharing                                            ; Off                ; Off                ;
; Allow Any RAM Size For Recognition                               ; Off                ; Off                ;
; Allow Any ROM Size For Recognition                               ; Off                ; Off                ;
; Allow Any Shift Register Size For Recognition                    ; Off                ; Off                ;
; Use LogicLock Constraints during Resource Balancing              ; On                 ; On                 ;
; Ignore translate_off and synthesis_off directives                ; Off                ; Off                ;
; Timing-Driven Synthesis                                          ; On                 ; On                 ;
; Report Parameter Settings                                        ; On                 ; On                 ;
; Report Source Assignments                                        ; On                 ; On                 ;
; Report Connectivity Checks                                       ; On                 ; On                 ;
; Ignore Maximum Fan-Out Assignments                               ; Off                ; Off                ;
; Synchronization Register Chain Length                            ; 2                  ; 2                  ;
; Power Optimization During Synthesis                              ; Normal compilation ; Normal compilation ;
; HDL message level                                                ; Level2             ; Level2             ;
; Suppress Register Optimization Related Messages                  ; Off                ; Off                ;
; Number of Removed Registers Reported in Synthesis Report         ; 5000               ; 5000               ;
; Number of Swept Nodes Reported in Synthesis Report               ; 5000               ; 5000               ;
; Number of Inverted Registers Reported in Synthesis Report        ; 100                ; 100                ;
; Clock MUX Protection                                             ; On                 ; On                 ;
; Auto Gated Clock Conversion                                      ; Off                ; Off                ;
; Block Design Naming                                              ; Auto               ; Auto               ;
; SDC constraint protection                                        ; Off                ; Off                ;
; Synthesis Effort                                                 ; Auto               ; Auto               ;
; Shift Register Replacement - Allow Asynchronous Clear Signal     ; On                 ; On                 ;
; Pre-Mapping Resynthesis Optimization                             ; Off                ; Off                ;
; Analysis & Synthesis Message Level                               ; Medium             ; Medium             ;
; Disable Register Merging Across Hierarchies                      ; Auto               ; Auto               ;
; Resource Aware Inference For Block RAM                           ; On                 ; On                 ;
+------------------------------------------------------------------+--------------------+--------------------+


+------------------------------------------+
; Parallel Compilation                     ;
+----------------------------+-------------+
; Processors                 ; Number      ;
+----------------------------+-------------+
; Number detected on machine ; 8           ;
; Maximum allowed            ; 8           ;
;                            ;             ;
; Average used               ; 1.01        ;
; Maximum used               ; 8           ;
;                            ;             ;
; Usage by Processor         ; % Time Used ;
;     Processor 1            ; 100.0%      ;
;     Processor 2            ;   0.1%      ;
;     Processor 3            ;   0.1%      ;
;     Processor 4            ;   0.1%      ;
;     Processor 5            ;   0.1%      ;
;     Processor 6            ;   0.1%      ;
;     Processor 7            ;   0.1%      ;
;     Processor 8            ;   0.1%      ;
+----------------------------+-------------+


+-----------------------------------------------------------------------------------------------------------------------------------------------------------------------------------------+
; Analysis & Synthesis Source Files Read                                                                                                                                                  ;
+----------------------------------+-----------------+------------------------------+-------------------------------------------------------------------------------------------+---------+
; File Name with User-Entered Path ; Used in Netlist ; File Type                    ; File Name with Absolute Path                                                              ; Library ;
+----------------------------------+-----------------+------------------------------+-------------------------------------------------------------------------------------------+---------+
; rom.v                            ; yes             ; User Verilog HDL File        ; C:/Users/felip/Documents/GitHub/Compiladores/src/processor/cpu/rom.v                      ;         ;
; ula.v                            ; yes             ; User Verilog HDL File        ; C:/Users/felip/Documents/GitHub/Compiladores/src/processor/cpu/ula.v                      ;         ;
; Unidade_Controle.v               ; yes             ; User Verilog HDL File        ; C:/Users/felip/Documents/GitHub/Compiladores/src/processor/cpu/Unidade_Controle.v         ;         ;
; ram.v                            ; yes             ; User Verilog HDL File        ; C:/Users/felip/Documents/GitHub/Compiladores/src/processor/cpu/ram.v                      ;         ;
; PC.v                             ; yes             ; User Verilog HDL File        ; C:/Users/felip/Documents/GitHub/Compiladores/src/processor/cpu/PC.v                       ;         ;
; mux_ula.v                        ; yes             ; User Verilog HDL File        ; C:/Users/felip/Documents/GitHub/Compiladores/src/processor/cpu/mux_ula.v                  ;         ;
; mux_pc.v                         ; yes             ; User Verilog HDL File        ; C:/Users/felip/Documents/GitHub/Compiladores/src/processor/cpu/mux_pc.v                   ;         ;
; mux_memoria.v                    ; yes             ; User Verilog HDL File        ; C:/Users/felip/Documents/GitHub/Compiladores/src/processor/cpu/mux_memoria.v              ;         ;
; mux_jump.v                       ; yes             ; User Verilog HDL File        ; C:/Users/felip/Documents/GitHub/Compiladores/src/processor/cpu/mux_jump.v                 ;         ;
; decoder_instrucao.v              ; yes             ; User Verilog HDL File        ; C:/Users/felip/Documents/GitHub/Compiladores/src/processor/cpu/decoder_instrucao.v        ;         ;
; cpu.v                            ; yes             ; User Verilog HDL File        ; C:/Users/felip/Documents/GitHub/Compiladores/src/processor/cpu/cpu.v                      ;         ;
; banco.v                          ; yes             ; User Verilog HDL File        ; C:/Users/felip/Documents/GitHub/Compiladores/src/processor/cpu/banco.v                    ;         ;
; ControleSinal.v                  ; yes             ; User Verilog HDL File        ; C:/Users/felip/Documents/GitHub/Compiladores/src/processor/cpu/ControleSinal.v            ;         ;
; Decode7seg.v                     ; yes             ; User Verilog HDL File        ; C:/Users/felip/Documents/GitHub/Compiladores/src/processor/cpu/Decode7seg.v               ;         ;
; ControleSaida.v                  ; yes             ; User Verilog HDL File        ; C:/Users/felip/Documents/GitHub/Compiladores/src/processor/cpu/ControleSaida.v            ;         ;
; DivisorFrequencia.v              ; yes             ; User Verilog HDL File        ; C:/Users/felip/Documents/GitHub/Compiladores/src/processor/cpu/DivisorFrequencia.v        ;         ;
; programa.txt                     ; yes             ; Auto-Found File              ; C:/Users/felip/Documents/GitHub/Compiladores/src/processor/cpu/programa.txt               ;         ;
; lpm_divide.tdf                   ; yes             ; Megafunction                 ; c:/intelfpga_lite/21.1/quartus/libraries/megafunctions/lpm_divide.tdf                     ;         ;
; abs_divider.inc                  ; yes             ; Megafunction                 ; c:/intelfpga_lite/21.1/quartus/libraries/megafunctions/abs_divider.inc                    ;         ;
; sign_div_unsign.inc              ; yes             ; Megafunction                 ; c:/intelfpga_lite/21.1/quartus/libraries/megafunctions/sign_div_unsign.inc                ;         ;
; aglobal211.inc                   ; yes             ; Megafunction                 ; c:/intelfpga_lite/21.1/quartus/libraries/megafunctions/aglobal211.inc                     ;         ;
; db/lpm_divide_3bm.tdf            ; yes             ; Auto-Generated Megafunction  ; C:/Users/felip/Documents/GitHub/Compiladores/src/processor/cpu/db/lpm_divide_3bm.tdf      ;         ;
; db/sign_div_unsign_olh.tdf       ; yes             ; Auto-Generated Megafunction  ; C:/Users/felip/Documents/GitHub/Compiladores/src/processor/cpu/db/sign_div_unsign_olh.tdf ;         ;
; db/alt_u_div_47f.tdf             ; yes             ; Auto-Generated Megafunction  ; C:/Users/felip/Documents/GitHub/Compiladores/src/processor/cpu/db/alt_u_div_47f.tdf       ;         ;
; db/add_sub_7pc.tdf               ; yes             ; Auto-Generated Megafunction  ; C:/Users/felip/Documents/GitHub/Compiladores/src/processor/cpu/db/add_sub_7pc.tdf         ;         ;
; db/add_sub_8pc.tdf               ; yes             ; Auto-Generated Megafunction  ; C:/Users/felip/Documents/GitHub/Compiladores/src/processor/cpu/db/add_sub_8pc.tdf         ;         ;
; db/lpm_divide_0jm.tdf            ; yes             ; Auto-Generated Megafunction  ; C:/Users/felip/Documents/GitHub/Compiladores/src/processor/cpu/db/lpm_divide_0jm.tdf      ;         ;
; db/lpm_divide_3jm.tdf            ; yes             ; Auto-Generated Megafunction  ; C:/Users/felip/Documents/GitHub/Compiladores/src/processor/cpu/db/lpm_divide_3jm.tdf      ;         ;
; db/sign_div_unsign_rlh.tdf       ; yes             ; Auto-Generated Megafunction  ; C:/Users/felip/Documents/GitHub/Compiladores/src/processor/cpu/db/sign_div_unsign_rlh.tdf ;         ;
; db/alt_u_div_a7f.tdf             ; yes             ; Auto-Generated Megafunction  ; C:/Users/felip/Documents/GitHub/Compiladores/src/processor/cpu/db/alt_u_div_a7f.tdf       ;         ;
; db/lpm_divide_dkm.tdf            ; yes             ; Auto-Generated Megafunction  ; C:/Users/felip/Documents/GitHub/Compiladores/src/processor/cpu/db/lpm_divide_dkm.tdf      ;         ;
; db/sign_div_unsign_5nh.tdf       ; yes             ; Auto-Generated Megafunction  ; C:/Users/felip/Documents/GitHub/Compiladores/src/processor/cpu/db/sign_div_unsign_5nh.tdf ;         ;
; db/alt_u_div_u9f.tdf             ; yes             ; Auto-Generated Megafunction  ; C:/Users/felip/Documents/GitHub/Compiladores/src/processor/cpu/db/alt_u_div_u9f.tdf       ;         ;
; db/lpm_divide_hkm.tdf            ; yes             ; Auto-Generated Megafunction  ; C:/Users/felip/Documents/GitHub/Compiladores/src/processor/cpu/db/lpm_divide_hkm.tdf      ;         ;
; db/sign_div_unsign_9nh.tdf       ; yes             ; Auto-Generated Megafunction  ; C:/Users/felip/Documents/GitHub/Compiladores/src/processor/cpu/db/sign_div_unsign_9nh.tdf ;         ;
; db/alt_u_div_7af.tdf             ; yes             ; Auto-Generated Megafunction  ; C:/Users/felip/Documents/GitHub/Compiladores/src/processor/cpu/db/alt_u_div_7af.tdf       ;         ;
; db/lpm_divide_kkm.tdf            ; yes             ; Auto-Generated Megafunction  ; C:/Users/felip/Documents/GitHub/Compiladores/src/processor/cpu/db/lpm_divide_kkm.tdf      ;         ;
; db/sign_div_unsign_cnh.tdf       ; yes             ; Auto-Generated Megafunction  ; C:/Users/felip/Documents/GitHub/Compiladores/src/processor/cpu/db/sign_div_unsign_cnh.tdf ;         ;
; db/alt_u_div_caf.tdf             ; yes             ; Auto-Generated Megafunction  ; C:/Users/felip/Documents/GitHub/Compiladores/src/processor/cpu/db/alt_u_div_caf.tdf       ;         ;
; db/lpm_divide_ekm.tdf            ; yes             ; Auto-Generated Megafunction  ; C:/Users/felip/Documents/GitHub/Compiladores/src/processor/cpu/db/lpm_divide_ekm.tdf      ;         ;
; db/sign_div_unsign_6nh.tdf       ; yes             ; Auto-Generated Megafunction  ; C:/Users/felip/Documents/GitHub/Compiladores/src/processor/cpu/db/sign_div_unsign_6nh.tdf ;         ;
; db/alt_u_div_0af.tdf             ; yes             ; Auto-Generated Megafunction  ; C:/Users/felip/Documents/GitHub/Compiladores/src/processor/cpu/db/alt_u_div_0af.tdf       ;         ;
; db/lpm_divide_ikm.tdf            ; yes             ; Auto-Generated Megafunction  ; C:/Users/felip/Documents/GitHub/Compiladores/src/processor/cpu/db/lpm_divide_ikm.tdf      ;         ;
; db/sign_div_unsign_anh.tdf       ; yes             ; Auto-Generated Megafunction  ; C:/Users/felip/Documents/GitHub/Compiladores/src/processor/cpu/db/sign_div_unsign_anh.tdf ;         ;
; db/alt_u_div_8af.tdf             ; yes             ; Auto-Generated Megafunction  ; C:/Users/felip/Documents/GitHub/Compiladores/src/processor/cpu/db/alt_u_div_8af.tdf       ;         ;
; lpm_mult.tdf                     ; yes             ; Megafunction                 ; c:/intelfpga_lite/21.1/quartus/libraries/megafunctions/lpm_mult.tdf                       ;         ;
; lpm_add_sub.inc                  ; yes             ; Megafunction                 ; c:/intelfpga_lite/21.1/quartus/libraries/megafunctions/lpm_add_sub.inc                    ;         ;
; multcore.inc                     ; yes             ; Megafunction                 ; c:/intelfpga_lite/21.1/quartus/libraries/megafunctions/multcore.inc                       ;         ;
; bypassff.inc                     ; yes             ; Megafunction                 ; c:/intelfpga_lite/21.1/quartus/libraries/megafunctions/bypassff.inc                       ;         ;
; altshift.inc                     ; yes             ; Megafunction                 ; c:/intelfpga_lite/21.1/quartus/libraries/megafunctions/altshift.inc                       ;         ;
; db/mult_46t.tdf                  ; yes             ; Auto-Generated Megafunction  ; C:/Users/felip/Documents/GitHub/Compiladores/src/processor/cpu/db/mult_46t.tdf            ;         ;
; db/lpm_divide_92p.tdf            ; yes             ; Auto-Generated Megafunction  ; C:/Users/felip/Documents/GitHub/Compiladores/src/processor/cpu/db/lpm_divide_92p.tdf      ;         ;
; db/abs_divider_4dg.tdf           ; yes             ; Auto-Generated Megafunction  ; C:/Users/felip/Documents/GitHub/Compiladores/src/processor/cpu/db/abs_divider_4dg.tdf     ;         ;
; db/alt_u_div_6af.tdf             ; yes             ; Auto-Generated Megafunction  ; C:/Users/felip/Documents/GitHub/Compiladores/src/processor/cpu/db/alt_u_div_6af.tdf       ;         ;
; db/lpm_abs_i0a.tdf               ; yes             ; Auto-Generated Megafunction  ; C:/Users/felip/Documents/GitHub/Compiladores/src/processor/cpu/db/lpm_abs_i0a.tdf         ;         ;
+----------------------------------+-----------------+------------------------------+-------------------------------------------------------------------------------------------+---------+


+---------------------------------------------------------------------------------------+
; Analysis & Synthesis Resource Usage Summary                                           ;
+---------------------------------------------+-----------------------------------------+
; Resource                                    ; Usage                                   ;
+---------------------------------------------+-----------------------------------------+
; Estimated Total logic elements              ; 12,573                                  ;
;                                             ;                                         ;
; Total combinational functions               ; 10364                                   ;
; Logic element usage by number of LUT inputs ;                                         ;
;     -- 4 input functions                    ; 4360                                    ;
;     -- 3 input functions                    ; 2612                                    ;
;     -- <=2 input functions                  ; 3392                                    ;
;                                             ;                                         ;
; Logic elements by mode                      ;                                         ;
;     -- normal mode                          ; 7768                                    ;
;     -- arithmetic mode                      ; 2596                                    ;
;                                             ;                                         ;
; Total registers                             ; 2369                                    ;
;     -- Dedicated logic registers            ; 2369                                    ;
;     -- I/O registers                        ; 0                                       ;
;                                             ;                                         ;
; I/O pins                                    ; 86                                      ;
;                                             ;                                         ;
; Embedded Multiplier 9-bit elements          ; 6                                       ;
;                                             ;                                         ;
; Maximum fan-out node                        ; DivisorFrequencia:Divisor_inst|clkSaida ;
; Maximum fan-out                             ; 2344                                    ;
; Total fan-out                               ; 38660                                   ;
; Average fan-out                             ; 2.99                                    ;
+---------------------------------------------+-----------------------------------------+


+---------------------------------------------------------------------------------------------------------------------------------------------------------------------------------------------------------------------------------------------------------------------------------------------------------------------------------------------------+
; Analysis & Synthesis Resource Utilization by Entity                                                                                                                                                                                                                                                                                               ;
+-------------------------------------------+---------------------+---------------------------+-------------+--------------+---------+-----------+------+--------------+---------------------------------------------------------------------------------------------------------------------------------------+---------------------+--------------+
; Compilation Hierarchy Node                ; Combinational ALUTs ; Dedicated Logic Registers ; Memory Bits ; DSP Elements ; DSP 9x9 ; DSP 18x18 ; Pins ; Virtual Pins ; Full Hierarchy Name                                                                                                                   ; Entity Name         ; Library Name ;
+-------------------------------------------+---------------------+---------------------------+-------------+--------------+---------+-----------+------+--------------+---------------------------------------------------------------------------------------------------------------------------------------+---------------------+--------------+
; |cpu                                      ; 10364 (252)         ; 2369 (6)                  ; 0           ; 6            ; 0       ; 3         ; 86   ; 0            ; |cpu                                                                                                                                  ; cpu                 ; work         ;
;    |ControleSaida:display_controller|     ; 6451 (83)           ; 32 (32)                   ; 0           ; 0            ; 0       ; 0         ; 0    ; 0            ; |cpu|ControleSaida:display_controller                                                                                                 ; ControleSaida       ; work         ;
;       |Decode7seg:D0|                     ; 7 (7)               ; 0 (0)                     ; 0           ; 0            ; 0       ; 0         ; 0    ; 0            ; |cpu|ControleSaida:display_controller|Decode7seg:D0                                                                                   ; Decode7seg          ; work         ;
;       |Decode7seg:D1|                     ; 7 (7)               ; 0 (0)                     ; 0           ; 0            ; 0       ; 0         ; 0    ; 0            ; |cpu|ControleSaida:display_controller|Decode7seg:D1                                                                                   ; Decode7seg          ; work         ;
;       |Decode7seg:D2|                     ; 7 (7)               ; 0 (0)                     ; 0           ; 0            ; 0       ; 0         ; 0    ; 0            ; |cpu|ControleSaida:display_controller|Decode7seg:D2                                                                                   ; Decode7seg          ; work         ;
;       |Decode7seg:D3|                     ; 7 (7)               ; 0 (0)                     ; 0           ; 0            ; 0       ; 0         ; 0    ; 0            ; |cpu|ControleSaida:display_controller|Decode7seg:D3                                                                                   ; Decode7seg          ; work         ;
;       |Decode7seg:D4|                     ; 7 (7)               ; 0 (0)                     ; 0           ; 0            ; 0       ; 0         ; 0    ; 0            ; |cpu|ControleSaida:display_controller|Decode7seg:D4                                                                                   ; Decode7seg          ; work         ;
;       |Decode7seg:D5|                     ; 7 (7)               ; 0 (0)                     ; 0           ; 0            ; 0       ; 0         ; 0    ; 0            ; |cpu|ControleSaida:display_controller|Decode7seg:D5                                                                                   ; Decode7seg          ; work         ;
;       |Decode7seg:D6|                     ; 7 (7)               ; 0 (0)                     ; 0           ; 0            ; 0       ; 0         ; 0    ; 0            ; |cpu|ControleSaida:display_controller|Decode7seg:D6                                                                                   ; Decode7seg          ; work         ;
;       |Decode7seg:D7|                     ; 7 (7)               ; 0 (0)                     ; 0           ; 0            ; 0       ; 0         ; 0    ; 0            ; |cpu|ControleSaida:display_controller|Decode7seg:D7                                                                                   ; Decode7seg          ; work         ;
;       |lpm_divide:Div0|                   ; 368 (0)             ; 0 (0)                     ; 0           ; 0            ; 0       ; 0         ; 0    ; 0            ; |cpu|ControleSaida:display_controller|lpm_divide:Div0                                                                                 ; lpm_divide          ; work         ;
;          |lpm_divide_0jm:auto_generated|  ; 368 (0)             ; 0 (0)                     ; 0           ; 0            ; 0       ; 0         ; 0    ; 0            ; |cpu|ControleSaida:display_controller|lpm_divide:Div0|lpm_divide_0jm:auto_generated                                                   ; lpm_divide_0jm      ; work         ;
;             |sign_div_unsign_olh:divider| ; 368 (0)             ; 0 (0)                     ; 0           ; 0            ; 0       ; 0         ; 0    ; 0            ; |cpu|ControleSaida:display_controller|lpm_divide:Div0|lpm_divide_0jm:auto_generated|sign_div_unsign_olh:divider                       ; sign_div_unsign_olh ; work         ;
;                |alt_u_div_47f:divider|    ; 368 (368)           ; 0 (0)                     ; 0           ; 0            ; 0       ; 0         ; 0    ; 0            ; |cpu|ControleSaida:display_controller|lpm_divide:Div0|lpm_divide_0jm:auto_generated|sign_div_unsign_olh:divider|alt_u_div_47f:divider ; alt_u_div_47f       ; work         ;
;       |lpm_divide:Div1|                   ; 553 (0)             ; 0 (0)                     ; 0           ; 0            ; 0       ; 0         ; 0    ; 0            ; |cpu|ControleSaida:display_controller|lpm_divide:Div1                                                                                 ; lpm_divide          ; work         ;
;          |lpm_divide_3jm:auto_generated|  ; 553 (0)             ; 0 (0)                     ; 0           ; 0            ; 0       ; 0         ; 0    ; 0            ; |cpu|ControleSaida:display_controller|lpm_divide:Div1|lpm_divide_3jm:auto_generated                                                   ; lpm_divide_3jm      ; work         ;
;             |sign_div_unsign_rlh:divider| ; 553 (0)             ; 0 (0)                     ; 0           ; 0            ; 0       ; 0         ; 0    ; 0            ; |cpu|ControleSaida:display_controller|lpm_divide:Div1|lpm_divide_3jm:auto_generated|sign_div_unsign_rlh:divider                       ; sign_div_unsign_rlh ; work         ;
;                |alt_u_div_a7f:divider|    ; 553 (553)           ; 0 (0)                     ; 0           ; 0            ; 0       ; 0         ; 0    ; 0            ; |cpu|ControleSaida:display_controller|lpm_divide:Div1|lpm_divide_3jm:auto_generated|sign_div_unsign_rlh:divider|alt_u_div_a7f:divider ; alt_u_div_a7f       ; work         ;
;       |lpm_divide:Div2|                   ; 681 (0)             ; 0 (0)                     ; 0           ; 0            ; 0       ; 0         ; 0    ; 0            ; |cpu|ControleSaida:display_controller|lpm_divide:Div2                                                                                 ; lpm_divide          ; work         ;
;          |lpm_divide_dkm:auto_generated|  ; 681 (0)             ; 0 (0)                     ; 0           ; 0            ; 0       ; 0         ; 0    ; 0            ; |cpu|ControleSaida:display_controller|lpm_divide:Div2|lpm_divide_dkm:auto_generated                                                   ; lpm_divide_dkm      ; work         ;
;             |sign_div_unsign_5nh:divider| ; 681 (0)             ; 0 (0)                     ; 0           ; 0            ; 0       ; 0         ; 0    ; 0            ; |cpu|ControleSaida:display_controller|lpm_divide:Div2|lpm_divide_dkm:auto_generated|sign_div_unsign_5nh:divider                       ; sign_div_unsign_5nh ; work         ;
;                |alt_u_div_u9f:divider|    ; 681 (681)           ; 0 (0)                     ; 0           ; 0            ; 0       ; 0         ; 0    ; 0            ; |cpu|ControleSaida:display_controller|lpm_divide:Div2|lpm_divide_dkm:auto_generated|sign_div_unsign_5nh:divider|alt_u_div_u9f:divider ; alt_u_div_u9f       ; work         ;
;       |lpm_divide:Div3|                   ; 767 (0)             ; 0 (0)                     ; 0           ; 0            ; 0       ; 0         ; 0    ; 0            ; |cpu|ControleSaida:display_controller|lpm_divide:Div3                                                                                 ; lpm_divide          ; work         ;
;          |lpm_divide_hkm:auto_generated|  ; 767 (0)             ; 0 (0)                     ; 0           ; 0            ; 0       ; 0         ; 0    ; 0            ; |cpu|ControleSaida:display_controller|lpm_divide:Div3|lpm_divide_hkm:auto_generated                                                   ; lpm_divide_hkm      ; work         ;
;             |sign_div_unsign_9nh:divider| ; 767 (0)             ; 0 (0)                     ; 0           ; 0            ; 0       ; 0         ; 0    ; 0            ; |cpu|ControleSaida:display_controller|lpm_divide:Div3|lpm_divide_hkm:auto_generated|sign_div_unsign_9nh:divider                       ; sign_div_unsign_9nh ; work         ;
;                |alt_u_div_7af:divider|    ; 767 (767)           ; 0 (0)                     ; 0           ; 0            ; 0       ; 0         ; 0    ; 0            ; |cpu|ControleSaida:display_controller|lpm_divide:Div3|lpm_divide_hkm:auto_generated|sign_div_unsign_9nh:divider|alt_u_div_7af:divider ; alt_u_div_7af       ; work         ;
;       |lpm_divide:Div4|                   ; 763 (0)             ; 0 (0)                     ; 0           ; 0            ; 0       ; 0         ; 0    ; 0            ; |cpu|ControleSaida:display_controller|lpm_divide:Div4                                                                                 ; lpm_divide          ; work         ;
;          |lpm_divide_kkm:auto_generated|  ; 763 (0)             ; 0 (0)                     ; 0           ; 0            ; 0       ; 0         ; 0    ; 0            ; |cpu|ControleSaida:display_controller|lpm_divide:Div4|lpm_divide_kkm:auto_generated                                                   ; lpm_divide_kkm      ; work         ;
;             |sign_div_unsign_cnh:divider| ; 763 (0)             ; 0 (0)                     ; 0           ; 0            ; 0       ; 0         ; 0    ; 0            ; |cpu|ControleSaida:display_controller|lpm_divide:Div4|lpm_divide_kkm:auto_generated|sign_div_unsign_cnh:divider                       ; sign_div_unsign_cnh ; work         ;
;                |alt_u_div_caf:divider|    ; 763 (763)           ; 0 (0)                     ; 0           ; 0            ; 0       ; 0         ; 0    ; 0            ; |cpu|ControleSaida:display_controller|lpm_divide:Div4|lpm_divide_kkm:auto_generated|sign_div_unsign_cnh:divider|alt_u_div_caf:divider ; alt_u_div_caf       ; work         ;
;       |lpm_divide:Div5|                   ; 702 (0)             ; 0 (0)                     ; 0           ; 0            ; 0       ; 0         ; 0    ; 0            ; |cpu|ControleSaida:display_controller|lpm_divide:Div5                                                                                 ; lpm_divide          ; work         ;
;          |lpm_divide_ekm:auto_generated|  ; 702 (0)             ; 0 (0)                     ; 0           ; 0            ; 0       ; 0         ; 0    ; 0            ; |cpu|ControleSaida:display_controller|lpm_divide:Div5|lpm_divide_ekm:auto_generated                                                   ; lpm_divide_ekm      ; work         ;
;             |sign_div_unsign_6nh:divider| ; 702 (0)             ; 0 (0)                     ; 0           ; 0            ; 0       ; 0         ; 0    ; 0            ; |cpu|ControleSaida:display_controller|lpm_divide:Div5|lpm_divide_ekm:auto_generated|sign_div_unsign_6nh:divider                       ; sign_div_unsign_6nh ; work         ;
;                |alt_u_div_0af:divider|    ; 702 (702)           ; 0 (0)                     ; 0           ; 0            ; 0       ; 0         ; 0    ; 0            ; |cpu|ControleSaida:display_controller|lpm_divide:Div5|lpm_divide_ekm:auto_generated|sign_div_unsign_6nh:divider|alt_u_div_0af:divider ; alt_u_div_0af       ; work         ;
;       |lpm_divide:Div6|                   ; 539 (0)             ; 0 (0)                     ; 0           ; 0            ; 0       ; 0         ; 0    ; 0            ; |cpu|ControleSaida:display_controller|lpm_divide:Div6                                                                                 ; lpm_divide          ; work         ;
;          |lpm_divide_ikm:auto_generated|  ; 539 (0)             ; 0 (0)                     ; 0           ; 0            ; 0       ; 0         ; 0    ; 0            ; |cpu|ControleSaida:display_controller|lpm_divide:Div6|lpm_divide_ikm:auto_generated                                                   ; lpm_divide_ikm      ; work         ;
;             |sign_div_unsign_anh:divider| ; 539 (0)             ; 0 (0)                     ; 0           ; 0            ; 0       ; 0         ; 0    ; 0            ; |cpu|ControleSaida:display_controller|lpm_divide:Div6|lpm_divide_ikm:auto_generated|sign_div_unsign_anh:divider                       ; sign_div_unsign_anh ; work         ;
;                |alt_u_div_8af:divider|    ; 539 (539)           ; 0 (0)                     ; 0           ; 0            ; 0       ; 0         ; 0    ; 0            ; |cpu|ControleSaida:display_controller|lpm_divide:Div6|lpm_divide_ikm:auto_generated|sign_div_unsign_anh:divider|alt_u_div_8af:divider ; alt_u_div_8af       ; work         ;
;       |lpm_divide:Mod0|                   ; 371 (0)             ; 0 (0)                     ; 0           ; 0            ; 0       ; 0         ; 0    ; 0            ; |cpu|ControleSaida:display_controller|lpm_divide:Mod0                                                                                 ; lpm_divide          ; work         ;
;          |lpm_divide_3bm:auto_generated|  ; 371 (0)             ; 0 (0)                     ; 0           ; 0            ; 0       ; 0         ; 0    ; 0            ; |cpu|ControleSaida:display_controller|lpm_divide:Mod0|lpm_divide_3bm:auto_generated                                                   ; lpm_divide_3bm      ; work         ;
;             |sign_div_unsign_olh:divider| ; 371 (0)             ; 0 (0)                     ; 0           ; 0            ; 0       ; 0         ; 0    ; 0            ; |cpu|ControleSaida:display_controller|lpm_divide:Mod0|lpm_divide_3bm:auto_generated|sign_div_unsign_olh:divider                       ; sign_div_unsign_olh ; work         ;
;                |alt_u_div_47f:divider|    ; 371 (371)           ; 0 (0)                     ; 0           ; 0            ; 0       ; 0         ; 0    ; 0            ; |cpu|ControleSaida:display_controller|lpm_divide:Mod0|lpm_divide_3bm:auto_generated|sign_div_unsign_olh:divider|alt_u_div_47f:divider ; alt_u_div_47f       ; work         ;
;       |lpm_divide:Mod1|                   ; 360 (0)             ; 0 (0)                     ; 0           ; 0            ; 0       ; 0         ; 0    ; 0            ; |cpu|ControleSaida:display_controller|lpm_divide:Mod1                                                                                 ; lpm_divide          ; work         ;
;          |lpm_divide_3bm:auto_generated|  ; 360 (0)             ; 0 (0)                     ; 0           ; 0            ; 0       ; 0         ; 0    ; 0            ; |cpu|ControleSaida:display_controller|lpm_divide:Mod1|lpm_divide_3bm:auto_generated                                                   ; lpm_divide_3bm      ; work         ;
;             |sign_div_unsign_olh:divider| ; 360 (0)             ; 0 (0)                     ; 0           ; 0            ; 0       ; 0         ; 0    ; 0            ; |cpu|ControleSaida:display_controller|lpm_divide:Mod1|lpm_divide_3bm:auto_generated|sign_div_unsign_olh:divider                       ; sign_div_unsign_olh ; work         ;
;                |alt_u_div_47f:divider|    ; 360 (360)           ; 0 (0)                     ; 0           ; 0            ; 0       ; 0         ; 0    ; 0            ; |cpu|ControleSaida:display_controller|lpm_divide:Mod1|lpm_divide_3bm:auto_generated|sign_div_unsign_olh:divider|alt_u_div_47f:divider ; alt_u_div_47f       ; work         ;
;       |lpm_divide:Mod2|                   ; 318 (0)             ; 0 (0)                     ; 0           ; 0            ; 0       ; 0         ; 0    ; 0            ; |cpu|ControleSaida:display_controller|lpm_divide:Mod2                                                                                 ; lpm_divide          ; work         ;
;          |lpm_divide_3bm:auto_generated|  ; 318 (0)             ; 0 (0)                     ; 0           ; 0            ; 0       ; 0         ; 0    ; 0            ; |cpu|ControleSaida:display_controller|lpm_divide:Mod2|lpm_divide_3bm:auto_generated                                                   ; lpm_divide_3bm      ; work         ;
;             |sign_div_unsign_olh:divider| ; 318 (0)             ; 0 (0)                     ; 0           ; 0            ; 0       ; 0         ; 0    ; 0            ; |cpu|ControleSaida:display_controller|lpm_divide:Mod2|lpm_divide_3bm:auto_generated|sign_div_unsign_olh:divider                       ; sign_div_unsign_olh ; work         ;
;                |alt_u_div_47f:divider|    ; 318 (318)           ; 0 (0)                     ; 0           ; 0            ; 0       ; 0         ; 0    ; 0            ; |cpu|ControleSaida:display_controller|lpm_divide:Mod2|lpm_divide_3bm:auto_generated|sign_div_unsign_olh:divider|alt_u_div_47f:divider ; alt_u_div_47f       ; work         ;
;       |lpm_divide:Mod3|                   ; 276 (0)             ; 0 (0)                     ; 0           ; 0            ; 0       ; 0         ; 0    ; 0            ; |cpu|ControleSaida:display_controller|lpm_divide:Mod3                                                                                 ; lpm_divide          ; work         ;
;          |lpm_divide_3bm:auto_generated|  ; 276 (0)             ; 0 (0)                     ; 0           ; 0            ; 0       ; 0         ; 0    ; 0            ; |cpu|ControleSaida:display_controller|lpm_divide:Mod3|lpm_divide_3bm:auto_generated                                                   ; lpm_divide_3bm      ; work         ;
;             |sign_div_unsign_olh:divider| ; 276 (0)             ; 0 (0)                     ; 0           ; 0            ; 0       ; 0         ; 0    ; 0            ; |cpu|ControleSaida:display_controller|lpm_divide:Mod3|lpm_divide_3bm:auto_generated|sign_div_unsign_olh:divider                       ; sign_div_unsign_olh ; work         ;
;                |alt_u_div_47f:divider|    ; 276 (276)           ; 0 (0)                     ; 0           ; 0            ; 0       ; 0         ; 0    ; 0            ; |cpu|ControleSaida:display_controller|lpm_divide:Mod3|lpm_divide_3bm:auto_generated|sign_div_unsign_olh:divider|alt_u_div_47f:divider ; alt_u_div_47f       ; work         ;
;       |lpm_divide:Mod4|                   ; 220 (0)             ; 0 (0)                     ; 0           ; 0            ; 0       ; 0         ; 0    ; 0            ; |cpu|ControleSaida:display_controller|lpm_divide:Mod4                                                                                 ; lpm_divide          ; work         ;
;          |lpm_divide_3bm:auto_generated|  ; 220 (0)             ; 0 (0)                     ; 0           ; 0            ; 0       ; 0         ; 0    ; 0            ; |cpu|ControleSaida:display_controller|lpm_divide:Mod4|lpm_divide_3bm:auto_generated                                                   ; lpm_divide_3bm      ; work         ;
;             |sign_div_unsign_olh:divider| ; 220 (0)             ; 0 (0)                     ; 0           ; 0            ; 0       ; 0         ; 0    ; 0            ; |cpu|ControleSaida:display_controller|lpm_divide:Mod4|lpm_divide_3bm:auto_generated|sign_div_unsign_olh:divider                       ; sign_div_unsign_olh ; work         ;
;                |alt_u_div_47f:divider|    ; 220 (220)           ; 0 (0)                     ; 0           ; 0            ; 0       ; 0         ; 0    ; 0            ; |cpu|ControleSaida:display_controller|lpm_divide:Mod4|lpm_divide_3bm:auto_generated|sign_div_unsign_olh:divider|alt_u_div_47f:divider ; alt_u_div_47f       ; work         ;
;       |lpm_divide:Mod5|                   ; 178 (0)             ; 0 (0)                     ; 0           ; 0            ; 0       ; 0         ; 0    ; 0            ; |cpu|ControleSaida:display_controller|lpm_divide:Mod5                                                                                 ; lpm_divide          ; work         ;
;          |lpm_divide_3bm:auto_generated|  ; 178 (0)             ; 0 (0)                     ; 0           ; 0            ; 0       ; 0         ; 0    ; 0            ; |cpu|ControleSaida:display_controller|lpm_divide:Mod5|lpm_divide_3bm:auto_generated                                                   ; lpm_divide_3bm      ; work         ;
;             |sign_div_unsign_olh:divider| ; 178 (0)             ; 0 (0)                     ; 0           ; 0            ; 0       ; 0         ; 0    ; 0            ; |cpu|ControleSaida:display_controller|lpm_divide:Mod5|lpm_divide_3bm:auto_generated|sign_div_unsign_olh:divider                       ; sign_div_unsign_olh ; work         ;
;                |alt_u_div_47f:divider|    ; 178 (178)           ; 0 (0)                     ; 0           ; 0            ; 0       ; 0         ; 0    ; 0            ; |cpu|ControleSaida:display_controller|lpm_divide:Mod5|lpm_divide_3bm:auto_generated|sign_div_unsign_olh:divider|alt_u_div_47f:divider ; alt_u_div_47f       ; work         ;
;       |lpm_divide:Mod6|                   ; 136 (0)             ; 0 (0)                     ; 0           ; 0            ; 0       ; 0         ; 0    ; 0            ; |cpu|ControleSaida:display_controller|lpm_divide:Mod6                                                                                 ; lpm_divide          ; work         ;
;          |lpm_divide_3bm:auto_generated|  ; 136 (0)             ; 0 (0)                     ; 0           ; 0            ; 0       ; 0         ; 0    ; 0            ; |cpu|ControleSaida:display_controller|lpm_divide:Mod6|lpm_divide_3bm:auto_generated                                                   ; lpm_divide_3bm      ; work         ;
;             |sign_div_unsign_olh:divider| ; 136 (0)             ; 0 (0)                     ; 0           ; 0            ; 0       ; 0         ; 0    ; 0            ; |cpu|ControleSaida:display_controller|lpm_divide:Mod6|lpm_divide_3bm:auto_generated|sign_div_unsign_olh:divider                       ; sign_div_unsign_olh ; work         ;
;                |alt_u_div_47f:divider|    ; 136 (136)           ; 0 (0)                     ; 0           ; 0            ; 0       ; 0         ; 0    ; 0            ; |cpu|ControleSaida:display_controller|lpm_divide:Mod6|lpm_divide_3bm:auto_generated|sign_div_unsign_olh:divider|alt_u_div_47f:divider ; alt_u_div_47f       ; work         ;
;       |lpm_divide:Mod7|                   ; 80 (0)              ; 0 (0)                     ; 0           ; 0            ; 0       ; 0         ; 0    ; 0            ; |cpu|ControleSaida:display_controller|lpm_divide:Mod7                                                                                 ; lpm_divide          ; work         ;
;          |lpm_divide_3bm:auto_generated|  ; 80 (0)              ; 0 (0)                     ; 0           ; 0            ; 0       ; 0         ; 0    ; 0            ; |cpu|ControleSaida:display_controller|lpm_divide:Mod7|lpm_divide_3bm:auto_generated                                                   ; lpm_divide_3bm      ; work         ;
;             |sign_div_unsign_olh:divider| ; 80 (0)              ; 0 (0)                     ; 0           ; 0            ; 0       ; 0         ; 0    ; 0            ; |cpu|ControleSaida:display_controller|lpm_divide:Mod7|lpm_divide_3bm:auto_generated|sign_div_unsign_olh:divider                       ; sign_div_unsign_olh ; work         ;
;                |alt_u_div_47f:divider|    ; 80 (80)             ; 0 (0)                     ; 0           ; 0            ; 0       ; 0         ; 0    ; 0            ; |cpu|ControleSaida:display_controller|lpm_divide:Mod7|lpm_divide_3bm:auto_generated|sign_div_unsign_olh:divider|alt_u_div_47f:divider ; alt_u_div_47f       ; work         ;
;    |ControleSinal:io_signal_control|      ; 0 (0)               ; 1 (1)                     ; 0           ; 0            ; 0       ; 0         ; 0    ; 0            ; |cpu|ControleSinal:io_signal_control                                                                                                  ; ControleSinal       ; work         ;
;    |DivisorFrequencia:Divisor_inst|       ; 38 (38)             ; 26 (26)                   ; 0           ; 0            ; 0       ; 0         ; 0    ; 0            ; |cpu|DivisorFrequencia:Divisor_inst                                                                                                   ; DivisorFrequencia   ; work         ;
;    |PC:PC_inst|                           ; 4 (4)               ; 32 (32)                   ; 0           ; 0            ; 0       ; 0         ; 0    ; 0            ; |cpu|PC:PC_inst                                                                                                                       ; PC                  ; work         ;
;    |Unidade_Controle:UC|                  ; 21 (21)             ; 0 (0)                     ; 0           ; 0            ; 0       ; 0         ; 0    ; 0            ; |cpu|Unidade_Controle:UC                                                                                                              ; Unidade_Controle    ; work         ;
;    |banco:banco_inst|                     ; 370 (370)           ; 224 (224)                 ; 0           ; 0            ; 0       ; 0         ; 0    ; 0            ; |cpu|banco:banco_inst                                                                                                                 ; banco               ; work         ;
;    |decoder_instrucao:decoder|            ; 21 (21)             ; 0 (0)                     ; 0           ; 0            ; 0       ; 0         ; 0    ; 0            ; |cpu|decoder_instrucao:decoder                                                                                                        ; decoder_instrucao   ; work         ;
;    |mux_jump:mux_jump_inst|               ; 10 (10)             ; 0 (0)                     ; 0           ; 0            ; 0       ; 0         ; 0    ; 0            ; |cpu|mux_jump:mux_jump_inst                                                                                                           ; mux_jump            ; work         ;
;    |mux_memoria:mux_mem_inst|             ; 178 (178)           ; 0 (0)                     ; 0           ; 0            ; 0       ; 0         ; 0    ; 0            ; |cpu|mux_memoria:mux_mem_inst                                                                                                         ; mux_memoria         ; work         ;
;    |mux_ula:mux_ula_inst|                 ; 34 (34)             ; 0 (0)                     ; 0           ; 0            ; 0       ; 0         ; 0    ; 0            ; |cpu|mux_ula:mux_ula_inst                                                                                                             ; mux_ula             ; work         ;
;    |ram:ram_inst|                         ; 1427 (1427)         ; 2048 (2048)               ; 0           ; 0            ; 0       ; 0         ; 0    ; 0            ; |cpu|ram:ram_inst                                                                                                                     ; ram                 ; work         ;
;    |rom:ROM|                              ; 93 (93)             ; 0 (0)                     ; 0           ; 0            ; 0       ; 0         ; 0    ; 0            ; |cpu|rom:ROM                                                                                                                          ; rom                 ; work         ;
;    |ula:ula_inst|                         ; 1465 (186)          ; 0 (0)                     ; 0           ; 6            ; 0       ; 3         ; 0    ; 0            ; |cpu|ula:ula_inst                                                                                                                     ; ula                 ; work         ;
;       |lpm_divide:Div0|                   ; 1251 (0)            ; 0 (0)                     ; 0           ; 0            ; 0       ; 0         ; 0    ; 0            ; |cpu|ula:ula_inst|lpm_divide:Div0                                                                                                     ; lpm_divide          ; work         ;
;          |lpm_divide_92p:auto_generated|  ; 1251 (0)            ; 0 (0)                     ; 0           ; 0            ; 0       ; 0         ; 0    ; 0            ; |cpu|ula:ula_inst|lpm_divide:Div0|lpm_divide_92p:auto_generated                                                                       ; lpm_divide_92p      ; work         ;
;             |abs_divider_4dg:divider|     ; 1251 (53)           ; 0 (0)                     ; 0           ; 0            ; 0       ; 0         ; 0    ; 0            ; |cpu|ula:ula_inst|lpm_divide:Div0|lpm_divide_92p:auto_generated|abs_divider_4dg:divider                                               ; abs_divider_4dg     ; work         ;
;                |alt_u_div_6af:divider|    ; 1087 (1084)         ; 0 (0)                     ; 0           ; 0            ; 0       ; 0         ; 0    ; 0            ; |cpu|ula:ula_inst|lpm_divide:Div0|lpm_divide_92p:auto_generated|abs_divider_4dg:divider|alt_u_div_6af:divider                         ; alt_u_div_6af       ; work         ;
;                   |add_sub_7pc:add_sub_0| ; 1 (1)               ; 0 (0)                     ; 0           ; 0            ; 0       ; 0         ; 0    ; 0            ; |cpu|ula:ula_inst|lpm_divide:Div0|lpm_divide_92p:auto_generated|abs_divider_4dg:divider|alt_u_div_6af:divider|add_sub_7pc:add_sub_0   ; add_sub_7pc         ; work         ;
;                   |add_sub_8pc:add_sub_1| ; 2 (2)               ; 0 (0)                     ; 0           ; 0            ; 0       ; 0         ; 0    ; 0            ; |cpu|ula:ula_inst|lpm_divide:Div0|lpm_divide_92p:auto_generated|abs_divider_4dg:divider|alt_u_div_6af:divider|add_sub_8pc:add_sub_1   ; add_sub_8pc         ; work         ;
;                |lpm_abs_i0a:my_abs_den|   ; 66 (66)             ; 0 (0)                     ; 0           ; 0            ; 0       ; 0         ; 0    ; 0            ; |cpu|ula:ula_inst|lpm_divide:Div0|lpm_divide_92p:auto_generated|abs_divider_4dg:divider|lpm_abs_i0a:my_abs_den                        ; lpm_abs_i0a         ; work         ;
;                |lpm_abs_i0a:my_abs_num|   ; 45 (45)             ; 0 (0)                     ; 0           ; 0            ; 0       ; 0         ; 0    ; 0            ; |cpu|ula:ula_inst|lpm_divide:Div0|lpm_divide_92p:auto_generated|abs_divider_4dg:divider|lpm_abs_i0a:my_abs_num                        ; lpm_abs_i0a         ; work         ;
;       |lpm_mult:Mult0|                    ; 28 (0)              ; 0 (0)                     ; 0           ; 6            ; 0       ; 3         ; 0    ; 0            ; |cpu|ula:ula_inst|lpm_mult:Mult0                                                                                                      ; lpm_mult            ; work         ;
;          |mult_46t:auto_generated|        ; 28 (28)             ; 0 (0)                     ; 0           ; 6            ; 0       ; 3         ; 0    ; 0            ; |cpu|ula:ula_inst|lpm_mult:Mult0|mult_46t:auto_generated                                                                              ; mult_46t            ; work         ;
+-------------------------------------------+---------------------+---------------------------+-------------+--------------+---------+-----------+------+--------------+---------------------------------------------------------------------------------------------------------------------------------------+---------------------+--------------+
Note: For table entries with two numbers listed, the numbers in parentheses indicate the number of resources of the given type used by the specific entity alone. The numbers listed outside of parentheses indicate the total resources of the given type used by the specific entity and all of its sub-entities in the hierarchy.


+-----------------------------------------------------+
; Analysis & Synthesis DSP Block Usage Summary        ;
+---------------------------------------+-------------+
; Statistic                             ; Number Used ;
+---------------------------------------+-------------+
; Simple Multipliers (9-bit)            ; 0           ;
; Simple Multipliers (18-bit)           ; 3           ;
; Embedded Multiplier Blocks            ; --          ;
; Embedded Multiplier 9-bit elements    ; 6           ;
; Signed Embedded Multipliers           ; 0           ;
; Unsigned Embedded Multipliers         ; 1           ;
; Mixed Sign Embedded Multipliers       ; 2           ;
; Variable Sign Embedded Multipliers    ; 0           ;
; Dedicated Input Shift Register Chains ; 0           ;
+---------------------------------------+-------------+
Note: number of Embedded Multiplier Blocks used is only available after a successful fit.


+----------------------------------------------------------------------------------------+
; Registers Removed During Synthesis                                                     ;
+------------------------------------------+---------------------------------------------+
; Register name                            ; Reason for Removal                          ;
+------------------------------------------+---------------------------------------------+
; banco:banco_inst|registradores~287       ; Stuck at GND due to stuck port data_in      ;
; banco:banco_inst|registradores~319       ; Stuck at GND due to stuck port data_in      ;
; banco:banco_inst|registradores~351       ; Stuck at GND due to stuck port data_in      ;
; banco:banco_inst|registradores~383       ; Stuck at GND due to stuck port data_in      ;
; banco:banco_inst|registradores~415       ; Stuck at GND due to stuck port data_in      ;
; banco:banco_inst|registradores~447       ; Stuck at GND due to stuck port data_in      ;
; banco:banco_inst|registradores~479       ; Stuck at GND due to stuck port data_in      ;
; banco:banco_inst|registradores~511       ; Stuck at GND due to stuck port data_in      ;
; banco:banco_inst|registradores~543       ; Stuck at GND due to stuck port data_in      ;
; banco:banco_inst|registradores~575       ; Stuck at GND due to stuck port data_in      ;
; banco:banco_inst|registradores~607       ; Stuck at GND due to stuck port data_in      ;
; banco:banco_inst|registradores~639       ; Stuck at GND due to stuck port data_in      ;
; banco:banco_inst|registradores~671       ; Stuck at GND due to stuck port data_in      ;
; banco:banco_inst|registradores~703       ; Stuck at GND due to stuck port data_in      ;
; banco:banco_inst|registradores~735       ; Stuck at GND due to stuck port data_in      ;
; banco:banco_inst|registradores~767       ; Stuck at GND due to stuck port data_in      ;
; banco:banco_inst|registradores~799       ; Stuck at GND due to stuck port data_in      ;
; banco:banco_inst|registradores~831       ; Stuck at GND due to stuck port data_in      ;
; banco:banco_inst|registradores~863       ; Stuck at GND due to stuck port data_in      ;
; banco:banco_inst|registradores~895       ; Stuck at GND due to stuck port data_in      ;
; banco:banco_inst|registradores~927       ; Stuck at GND due to stuck port data_in      ;
; banco:banco_inst|registradores~959       ; Stuck at GND due to stuck port data_in      ;
; banco:banco_inst|registradores~991       ; Stuck at GND due to stuck port data_in      ;
; banco:banco_inst|registradores~1023      ; Stuck at GND due to stuck port data_in      ;
; banco:banco_inst|registradores~1055      ; Stuck at GND due to stuck port data_in      ;
; banco:banco_inst|registradores~1087      ; Stuck at GND due to stuck port data_in      ;
; banco:banco_inst|registradores~1119      ; Stuck at GND due to stuck port data_in      ;
; banco:banco_inst|registradores~1151      ; Stuck at GND due to stuck port data_in      ;
; banco:banco_inst|registradores~1183      ; Stuck at GND due to stuck port data_in      ;
; banco:banco_inst|registradores~1215      ; Stuck at GND due to stuck port data_in      ;
; banco:banco_inst|registradores~1247      ; Stuck at GND due to stuck port data_in      ;
; banco:banco_inst|registradores~1279      ; Stuck at GND due to stuck port data_in      ;
; banco:banco_inst|registradores~1311      ; Stuck at GND due to stuck port data_in      ;
; banco:banco_inst|registradores~1343      ; Stuck at GND due to stuck port data_in      ;
; banco:banco_inst|registradores~1375      ; Stuck at GND due to stuck port data_in      ;
; banco:banco_inst|registradores~1407      ; Stuck at GND due to stuck port data_in      ;
; banco:banco_inst|registradores~1439      ; Stuck at GND due to stuck port data_in      ;
; banco:banco_inst|registradores~1471      ; Stuck at GND due to stuck port data_in      ;
; banco:banco_inst|registradores~1503      ; Stuck at GND due to stuck port data_in      ;
; banco:banco_inst|registradores~1535      ; Stuck at GND due to stuck port data_in      ;
; banco:banco_inst|registradores~1567      ; Stuck at GND due to stuck port data_in      ;
; banco:banco_inst|registradores~1599      ; Stuck at GND due to stuck port data_in      ;
; banco:banco_inst|registradores~1631      ; Stuck at GND due to stuck port data_in      ;
; banco:banco_inst|registradores~1663      ; Stuck at GND due to stuck port data_in      ;
; banco:banco_inst|registradores~1695      ; Stuck at GND due to stuck port data_in      ;
; banco:banco_inst|registradores~1727      ; Stuck at GND due to stuck port data_in      ;
; banco:banco_inst|registradores~1759      ; Stuck at GND due to stuck port data_in      ;
; banco:banco_inst|registradores~1791      ; Stuck at GND due to stuck port data_in      ;
; banco:banco_inst|registradores~1823      ; Stuck at GND due to stuck port data_in      ;
; banco:banco_inst|registradores~1855      ; Stuck at GND due to stuck port data_in      ;
; banco:banco_inst|registradores~1887      ; Stuck at GND due to stuck port data_in      ;
; banco:banco_inst|registradores~1919      ; Stuck at GND due to stuck port data_in      ;
; banco:banco_inst|registradores~1951      ; Stuck at GND due to stuck port data_in      ;
; banco:banco_inst|registradores~1983      ; Stuck at GND due to stuck port data_in      ;
; banco:banco_inst|registradores~2015      ; Stuck at GND due to stuck port data_in      ;
; banco:banco_inst|registradores~2047      ; Stuck at GND due to stuck port data_in      ;
; banco:banco_inst|registradores~286       ; Stuck at GND due to stuck port data_in      ;
; banco:banco_inst|registradores~318       ; Stuck at GND due to stuck port data_in      ;
; banco:banco_inst|registradores~350       ; Stuck at GND due to stuck port data_in      ;
; banco:banco_inst|registradores~382       ; Stuck at GND due to stuck port data_in      ;
; banco:banco_inst|registradores~414       ; Stuck at GND due to stuck port data_in      ;
; banco:banco_inst|registradores~446       ; Stuck at GND due to stuck port data_in      ;
; banco:banco_inst|registradores~478       ; Stuck at GND due to stuck port data_in      ;
; banco:banco_inst|registradores~510       ; Stuck at GND due to stuck port data_in      ;
; banco:banco_inst|registradores~542       ; Stuck at GND due to stuck port data_in      ;
; banco:banco_inst|registradores~574       ; Stuck at GND due to stuck port data_in      ;
; banco:banco_inst|registradores~606       ; Stuck at GND due to stuck port data_in      ;
; banco:banco_inst|registradores~638       ; Stuck at GND due to stuck port data_in      ;
; banco:banco_inst|registradores~670       ; Stuck at GND due to stuck port data_in      ;
; banco:banco_inst|registradores~702       ; Stuck at GND due to stuck port data_in      ;
; banco:banco_inst|registradores~734       ; Stuck at GND due to stuck port data_in      ;
; banco:banco_inst|registradores~766       ; Stuck at GND due to stuck port data_in      ;
; banco:banco_inst|registradores~798       ; Stuck at GND due to stuck port data_in      ;
; banco:banco_inst|registradores~830       ; Stuck at GND due to stuck port data_in      ;
; banco:banco_inst|registradores~862       ; Stuck at GND due to stuck port data_in      ;
; banco:banco_inst|registradores~894       ; Stuck at GND due to stuck port data_in      ;
; banco:banco_inst|registradores~926       ; Stuck at GND due to stuck port data_in      ;
; banco:banco_inst|registradores~958       ; Stuck at GND due to stuck port data_in      ;
; banco:banco_inst|registradores~990       ; Stuck at GND due to stuck port data_in      ;
; banco:banco_inst|registradores~1022      ; Stuck at GND due to stuck port data_in      ;
; banco:banco_inst|registradores~1054      ; Stuck at GND due to stuck port data_in      ;
; banco:banco_inst|registradores~1086      ; Stuck at GND due to stuck port data_in      ;
; banco:banco_inst|registradores~1118      ; Stuck at GND due to stuck port data_in      ;
; banco:banco_inst|registradores~1150      ; Stuck at GND due to stuck port data_in      ;
; banco:banco_inst|registradores~1182      ; Stuck at GND due to stuck port data_in      ;
; banco:banco_inst|registradores~1214      ; Stuck at GND due to stuck port data_in      ;
; banco:banco_inst|registradores~1246      ; Stuck at GND due to stuck port data_in      ;
; banco:banco_inst|registradores~1278      ; Stuck at GND due to stuck port data_in      ;
; banco:banco_inst|registradores~1310      ; Stuck at GND due to stuck port data_in      ;
; banco:banco_inst|registradores~1342      ; Stuck at GND due to stuck port data_in      ;
; banco:banco_inst|registradores~1374      ; Stuck at GND due to stuck port data_in      ;
; banco:banco_inst|registradores~1406      ; Stuck at GND due to stuck port data_in      ;
; banco:banco_inst|registradores~1438      ; Stuck at GND due to stuck port data_in      ;
; banco:banco_inst|registradores~1470      ; Stuck at GND due to stuck port data_in      ;
; banco:banco_inst|registradores~1502      ; Stuck at GND due to stuck port data_in      ;
; banco:banco_inst|registradores~1534      ; Stuck at GND due to stuck port data_in      ;
; banco:banco_inst|registradores~1566      ; Stuck at GND due to stuck port data_in      ;
; banco:banco_inst|registradores~1598      ; Stuck at GND due to stuck port data_in      ;
; banco:banco_inst|registradores~1630      ; Stuck at GND due to stuck port data_in      ;
; banco:banco_inst|registradores~1662      ; Stuck at GND due to stuck port data_in      ;
; banco:banco_inst|registradores~1694      ; Stuck at GND due to stuck port data_in      ;
; banco:banco_inst|registradores~1726      ; Stuck at GND due to stuck port data_in      ;
; banco:banco_inst|registradores~1758      ; Stuck at GND due to stuck port data_in      ;
; banco:banco_inst|registradores~1790      ; Stuck at GND due to stuck port data_in      ;
; banco:banco_inst|registradores~1822      ; Stuck at GND due to stuck port data_in      ;
; banco:banco_inst|registradores~1854      ; Stuck at GND due to stuck port data_in      ;
; banco:banco_inst|registradores~1886      ; Stuck at GND due to stuck port data_in      ;
; banco:banco_inst|registradores~1918      ; Stuck at GND due to stuck port data_in      ;
; banco:banco_inst|registradores~1950      ; Stuck at GND due to stuck port data_in      ;
; banco:banco_inst|registradores~1982      ; Stuck at GND due to stuck port data_in      ;
; banco:banco_inst|registradores~2014      ; Stuck at GND due to stuck port data_in      ;
; banco:banco_inst|registradores~2046      ; Stuck at GND due to stuck port data_in      ;
; banco:banco_inst|registradores~285       ; Stuck at GND due to stuck port data_in      ;
; banco:banco_inst|registradores~317       ; Stuck at GND due to stuck port data_in      ;
; banco:banco_inst|registradores~349       ; Stuck at GND due to stuck port data_in      ;
; banco:banco_inst|registradores~381       ; Stuck at GND due to stuck port data_in      ;
; banco:banco_inst|registradores~413       ; Stuck at GND due to stuck port data_in      ;
; banco:banco_inst|registradores~445       ; Stuck at GND due to stuck port data_in      ;
; banco:banco_inst|registradores~477       ; Stuck at GND due to stuck port data_in      ;
; banco:banco_inst|registradores~509       ; Stuck at GND due to stuck port data_in      ;
; banco:banco_inst|registradores~541       ; Stuck at GND due to stuck port data_in      ;
; banco:banco_inst|registradores~573       ; Stuck at GND due to stuck port data_in      ;
; banco:banco_inst|registradores~605       ; Stuck at GND due to stuck port data_in      ;
; banco:banco_inst|registradores~637       ; Stuck at GND due to stuck port data_in      ;
; banco:banco_inst|registradores~669       ; Stuck at GND due to stuck port data_in      ;
; banco:banco_inst|registradores~701       ; Stuck at GND due to stuck port data_in      ;
; banco:banco_inst|registradores~733       ; Stuck at GND due to stuck port data_in      ;
; banco:banco_inst|registradores~765       ; Stuck at GND due to stuck port data_in      ;
; banco:banco_inst|registradores~797       ; Stuck at GND due to stuck port data_in      ;
; banco:banco_inst|registradores~829       ; Stuck at GND due to stuck port data_in      ;
; banco:banco_inst|registradores~861       ; Stuck at GND due to stuck port data_in      ;
; banco:banco_inst|registradores~893       ; Stuck at GND due to stuck port data_in      ;
; banco:banco_inst|registradores~925       ; Stuck at GND due to stuck port data_in      ;
; banco:banco_inst|registradores~957       ; Stuck at GND due to stuck port data_in      ;
; banco:banco_inst|registradores~989       ; Stuck at GND due to stuck port data_in      ;
; banco:banco_inst|registradores~1021      ; Stuck at GND due to stuck port data_in      ;
; banco:banco_inst|registradores~1053      ; Stuck at GND due to stuck port data_in      ;
; banco:banco_inst|registradores~1085      ; Stuck at GND due to stuck port data_in      ;
; banco:banco_inst|registradores~1117      ; Stuck at GND due to stuck port data_in      ;
; banco:banco_inst|registradores~1149      ; Stuck at GND due to stuck port data_in      ;
; banco:banco_inst|registradores~1181      ; Stuck at GND due to stuck port data_in      ;
; banco:banco_inst|registradores~1213      ; Stuck at GND due to stuck port data_in      ;
; banco:banco_inst|registradores~1245      ; Stuck at GND due to stuck port data_in      ;
; banco:banco_inst|registradores~1277      ; Stuck at GND due to stuck port data_in      ;
; banco:banco_inst|registradores~1309      ; Stuck at GND due to stuck port data_in      ;
; banco:banco_inst|registradores~1341      ; Stuck at GND due to stuck port data_in      ;
; banco:banco_inst|registradores~1373      ; Stuck at GND due to stuck port data_in      ;
; banco:banco_inst|registradores~1405      ; Stuck at GND due to stuck port data_in      ;
; banco:banco_inst|registradores~1437      ; Stuck at GND due to stuck port data_in      ;
; banco:banco_inst|registradores~1469      ; Stuck at GND due to stuck port data_in      ;
; banco:banco_inst|registradores~1501      ; Stuck at GND due to stuck port data_in      ;
; banco:banco_inst|registradores~1533      ; Stuck at GND due to stuck port data_in      ;
; banco:banco_inst|registradores~1565      ; Stuck at GND due to stuck port data_in      ;
; banco:banco_inst|registradores~1597      ; Stuck at GND due to stuck port data_in      ;
; banco:banco_inst|registradores~1629      ; Stuck at GND due to stuck port data_in      ;
; banco:banco_inst|registradores~1661      ; Stuck at GND due to stuck port data_in      ;
; banco:banco_inst|registradores~1693      ; Stuck at GND due to stuck port data_in      ;
; banco:banco_inst|registradores~1725      ; Stuck at GND due to stuck port data_in      ;
; banco:banco_inst|registradores~1757      ; Stuck at GND due to stuck port data_in      ;
; banco:banco_inst|registradores~1789      ; Stuck at GND due to stuck port data_in      ;
; banco:banco_inst|registradores~1821      ; Stuck at GND due to stuck port data_in      ;
; banco:banco_inst|registradores~1853      ; Stuck at GND due to stuck port data_in      ;
; banco:banco_inst|registradores~1885      ; Stuck at GND due to stuck port data_in      ;
; banco:banco_inst|registradores~1917      ; Stuck at GND due to stuck port data_in      ;
; banco:banco_inst|registradores~1949      ; Stuck at GND due to stuck port data_in      ;
; banco:banco_inst|registradores~1981      ; Stuck at GND due to stuck port data_in      ;
; banco:banco_inst|registradores~2013      ; Stuck at GND due to stuck port data_in      ;
; banco:banco_inst|registradores~2045      ; Stuck at GND due to stuck port data_in      ;
; banco:banco_inst|registradores~284       ; Stuck at GND due to stuck port data_in      ;
; banco:banco_inst|registradores~316       ; Stuck at GND due to stuck port data_in      ;
; banco:banco_inst|registradores~348       ; Stuck at GND due to stuck port data_in      ;
; banco:banco_inst|registradores~380       ; Stuck at GND due to stuck port data_in      ;
; banco:banco_inst|registradores~412       ; Stuck at GND due to stuck port data_in      ;
; banco:banco_inst|registradores~444       ; Stuck at GND due to stuck port data_in      ;
; banco:banco_inst|registradores~476       ; Stuck at GND due to stuck port data_in      ;
; banco:banco_inst|registradores~508       ; Stuck at GND due to stuck port data_in      ;
; banco:banco_inst|registradores~540       ; Stuck at GND due to stuck port data_in      ;
; banco:banco_inst|registradores~572       ; Stuck at GND due to stuck port data_in      ;
; banco:banco_inst|registradores~604       ; Stuck at GND due to stuck port data_in      ;
; banco:banco_inst|registradores~636       ; Stuck at GND due to stuck port data_in      ;
; banco:banco_inst|registradores~668       ; Stuck at GND due to stuck port data_in      ;
; banco:banco_inst|registradores~700       ; Stuck at GND due to stuck port data_in      ;
; banco:banco_inst|registradores~732       ; Stuck at GND due to stuck port data_in      ;
; banco:banco_inst|registradores~764       ; Stuck at GND due to stuck port data_in      ;
; banco:banco_inst|registradores~796       ; Stuck at GND due to stuck port data_in      ;
; banco:banco_inst|registradores~828       ; Stuck at GND due to stuck port data_in      ;
; banco:banco_inst|registradores~860       ; Stuck at GND due to stuck port data_in      ;
; banco:banco_inst|registradores~892       ; Stuck at GND due to stuck port data_in      ;
; banco:banco_inst|registradores~924       ; Stuck at GND due to stuck port data_in      ;
; banco:banco_inst|registradores~956       ; Stuck at GND due to stuck port data_in      ;
; banco:banco_inst|registradores~988       ; Stuck at GND due to stuck port data_in      ;
; banco:banco_inst|registradores~1020      ; Stuck at GND due to stuck port data_in      ;
; banco:banco_inst|registradores~1052      ; Stuck at GND due to stuck port data_in      ;
; banco:banco_inst|registradores~1084      ; Stuck at GND due to stuck port data_in      ;
; banco:banco_inst|registradores~1116      ; Stuck at GND due to stuck port data_in      ;
; banco:banco_inst|registradores~1148      ; Stuck at GND due to stuck port data_in      ;
; banco:banco_inst|registradores~1180      ; Stuck at GND due to stuck port data_in      ;
; banco:banco_inst|registradores~1212      ; Stuck at GND due to stuck port data_in      ;
; banco:banco_inst|registradores~1244      ; Stuck at GND due to stuck port data_in      ;
; banco:banco_inst|registradores~1276      ; Stuck at GND due to stuck port data_in      ;
; banco:banco_inst|registradores~1308      ; Stuck at GND due to stuck port data_in      ;
; banco:banco_inst|registradores~1340      ; Stuck at GND due to stuck port data_in      ;
; banco:banco_inst|registradores~1372      ; Stuck at GND due to stuck port data_in      ;
; banco:banco_inst|registradores~1404      ; Stuck at GND due to stuck port data_in      ;
; banco:banco_inst|registradores~1436      ; Stuck at GND due to stuck port data_in      ;
; banco:banco_inst|registradores~1468      ; Stuck at GND due to stuck port data_in      ;
; banco:banco_inst|registradores~1500      ; Stuck at GND due to stuck port data_in      ;
; banco:banco_inst|registradores~1532      ; Stuck at GND due to stuck port data_in      ;
; banco:banco_inst|registradores~1564      ; Stuck at GND due to stuck port data_in      ;
; banco:banco_inst|registradores~1596      ; Stuck at GND due to stuck port data_in      ;
; banco:banco_inst|registradores~1628      ; Stuck at GND due to stuck port data_in      ;
; banco:banco_inst|registradores~1660      ; Stuck at GND due to stuck port data_in      ;
; banco:banco_inst|registradores~1692      ; Stuck at GND due to stuck port data_in      ;
; banco:banco_inst|registradores~1724      ; Stuck at GND due to stuck port data_in      ;
; banco:banco_inst|registradores~1756      ; Stuck at GND due to stuck port data_in      ;
; banco:banco_inst|registradores~1788      ; Stuck at GND due to stuck port data_in      ;
; banco:banco_inst|registradores~1820      ; Stuck at GND due to stuck port data_in      ;
; banco:banco_inst|registradores~1852      ; Stuck at GND due to stuck port data_in      ;
; banco:banco_inst|registradores~1884      ; Stuck at GND due to stuck port data_in      ;
; banco:banco_inst|registradores~1916      ; Stuck at GND due to stuck port data_in      ;
; banco:banco_inst|registradores~1948      ; Stuck at GND due to stuck port data_in      ;
; banco:banco_inst|registradores~1980      ; Stuck at GND due to stuck port data_in      ;
; banco:banco_inst|registradores~2012      ; Stuck at GND due to stuck port data_in      ;
; banco:banco_inst|registradores~2044      ; Stuck at GND due to stuck port data_in      ;
; banco:banco_inst|registradores~283       ; Stuck at GND due to stuck port data_in      ;
; banco:banco_inst|registradores~315       ; Stuck at GND due to stuck port data_in      ;
; banco:banco_inst|registradores~347       ; Stuck at GND due to stuck port data_in      ;
; banco:banco_inst|registradores~379       ; Stuck at GND due to stuck port data_in      ;
; banco:banco_inst|registradores~411       ; Stuck at GND due to stuck port data_in      ;
; banco:banco_inst|registradores~443       ; Stuck at GND due to stuck port data_in      ;
; banco:banco_inst|registradores~475       ; Stuck at GND due to stuck port data_in      ;
; banco:banco_inst|registradores~507       ; Stuck at GND due to stuck port data_in      ;
; banco:banco_inst|registradores~539       ; Stuck at GND due to stuck port data_in      ;
; banco:banco_inst|registradores~571       ; Stuck at GND due to stuck port data_in      ;
; banco:banco_inst|registradores~603       ; Stuck at GND due to stuck port data_in      ;
; banco:banco_inst|registradores~635       ; Stuck at GND due to stuck port data_in      ;
; banco:banco_inst|registradores~667       ; Stuck at GND due to stuck port data_in      ;
; banco:banco_inst|registradores~699       ; Stuck at GND due to stuck port data_in      ;
; banco:banco_inst|registradores~731       ; Stuck at GND due to stuck port data_in      ;
; banco:banco_inst|registradores~763       ; Stuck at GND due to stuck port data_in      ;
; banco:banco_inst|registradores~795       ; Stuck at GND due to stuck port data_in      ;
; banco:banco_inst|registradores~827       ; Stuck at GND due to stuck port data_in      ;
; banco:banco_inst|registradores~859       ; Stuck at GND due to stuck port data_in      ;
; banco:banco_inst|registradores~891       ; Stuck at GND due to stuck port data_in      ;
; banco:banco_inst|registradores~923       ; Stuck at GND due to stuck port data_in      ;
; banco:banco_inst|registradores~955       ; Stuck at GND due to stuck port data_in      ;
; banco:banco_inst|registradores~987       ; Stuck at GND due to stuck port data_in      ;
; banco:banco_inst|registradores~1019      ; Stuck at GND due to stuck port data_in      ;
; banco:banco_inst|registradores~1051      ; Stuck at GND due to stuck port data_in      ;
; banco:banco_inst|registradores~1083      ; Stuck at GND due to stuck port data_in      ;
; banco:banco_inst|registradores~1115      ; Stuck at GND due to stuck port data_in      ;
; banco:banco_inst|registradores~1147      ; Stuck at GND due to stuck port data_in      ;
; banco:banco_inst|registradores~1179      ; Stuck at GND due to stuck port data_in      ;
; banco:banco_inst|registradores~1211      ; Stuck at GND due to stuck port data_in      ;
; banco:banco_inst|registradores~1243      ; Stuck at GND due to stuck port data_in      ;
; banco:banco_inst|registradores~1275      ; Stuck at GND due to stuck port data_in      ;
; banco:banco_inst|registradores~1307      ; Stuck at GND due to stuck port data_in      ;
; banco:banco_inst|registradores~1339      ; Stuck at GND due to stuck port data_in      ;
; banco:banco_inst|registradores~1371      ; Stuck at GND due to stuck port data_in      ;
; banco:banco_inst|registradores~1403      ; Stuck at GND due to stuck port data_in      ;
; banco:banco_inst|registradores~1435      ; Stuck at GND due to stuck port data_in      ;
; banco:banco_inst|registradores~1467      ; Stuck at GND due to stuck port data_in      ;
; banco:banco_inst|registradores~1499      ; Stuck at GND due to stuck port data_in      ;
; banco:banco_inst|registradores~1531      ; Stuck at GND due to stuck port data_in      ;
; banco:banco_inst|registradores~1563      ; Stuck at GND due to stuck port data_in      ;
; banco:banco_inst|registradores~1595      ; Stuck at GND due to stuck port data_in      ;
; banco:banco_inst|registradores~1627      ; Stuck at GND due to stuck port data_in      ;
; banco:banco_inst|registradores~1659      ; Stuck at GND due to stuck port data_in      ;
; banco:banco_inst|registradores~1691      ; Stuck at GND due to stuck port data_in      ;
; banco:banco_inst|registradores~1723      ; Stuck at GND due to stuck port data_in      ;
; banco:banco_inst|registradores~1755      ; Stuck at GND due to stuck port data_in      ;
; banco:banco_inst|registradores~1787      ; Stuck at GND due to stuck port data_in      ;
; banco:banco_inst|registradores~1819      ; Stuck at GND due to stuck port data_in      ;
; banco:banco_inst|registradores~1851      ; Stuck at GND due to stuck port data_in      ;
; banco:banco_inst|registradores~1883      ; Stuck at GND due to stuck port data_in      ;
; banco:banco_inst|registradores~1915      ; Stuck at GND due to stuck port data_in      ;
; banco:banco_inst|registradores~1947      ; Stuck at GND due to stuck port data_in      ;
; banco:banco_inst|registradores~1979      ; Stuck at GND due to stuck port data_in      ;
; banco:banco_inst|registradores~2011      ; Stuck at GND due to stuck port data_in      ;
; banco:banco_inst|registradores~2043      ; Stuck at GND due to stuck port data_in      ;
; banco:banco_inst|registradores~282       ; Stuck at GND due to stuck port data_in      ;
; banco:banco_inst|registradores~314       ; Stuck at GND due to stuck port data_in      ;
; banco:banco_inst|registradores~346       ; Stuck at GND due to stuck port data_in      ;
; banco:banco_inst|registradores~378       ; Stuck at GND due to stuck port data_in      ;
; banco:banco_inst|registradores~410       ; Stuck at GND due to stuck port data_in      ;
; banco:banco_inst|registradores~442       ; Stuck at GND due to stuck port data_in      ;
; banco:banco_inst|registradores~474       ; Stuck at GND due to stuck port data_in      ;
; banco:banco_inst|registradores~506       ; Stuck at GND due to stuck port data_in      ;
; banco:banco_inst|registradores~538       ; Stuck at GND due to stuck port data_in      ;
; banco:banco_inst|registradores~570       ; Stuck at GND due to stuck port data_in      ;
; banco:banco_inst|registradores~602       ; Stuck at GND due to stuck port data_in      ;
; banco:banco_inst|registradores~634       ; Stuck at GND due to stuck port data_in      ;
; banco:banco_inst|registradores~666       ; Stuck at GND due to stuck port data_in      ;
; banco:banco_inst|registradores~698       ; Stuck at GND due to stuck port data_in      ;
; banco:banco_inst|registradores~730       ; Stuck at GND due to stuck port data_in      ;
; banco:banco_inst|registradores~762       ; Stuck at GND due to stuck port data_in      ;
; banco:banco_inst|registradores~794       ; Stuck at GND due to stuck port data_in      ;
; banco:banco_inst|registradores~826       ; Stuck at GND due to stuck port data_in      ;
; banco:banco_inst|registradores~858       ; Stuck at GND due to stuck port data_in      ;
; banco:banco_inst|registradores~890       ; Stuck at GND due to stuck port data_in      ;
; banco:banco_inst|registradores~922       ; Stuck at GND due to stuck port data_in      ;
; banco:banco_inst|registradores~954       ; Stuck at GND due to stuck port data_in      ;
; banco:banco_inst|registradores~986       ; Stuck at GND due to stuck port data_in      ;
; banco:banco_inst|registradores~1018      ; Stuck at GND due to stuck port data_in      ;
; banco:banco_inst|registradores~1050      ; Stuck at GND due to stuck port data_in      ;
; banco:banco_inst|registradores~1082      ; Stuck at GND due to stuck port data_in      ;
; banco:banco_inst|registradores~1114      ; Stuck at GND due to stuck port data_in      ;
; banco:banco_inst|registradores~1146      ; Stuck at GND due to stuck port data_in      ;
; banco:banco_inst|registradores~1178      ; Stuck at GND due to stuck port data_in      ;
; banco:banco_inst|registradores~1210      ; Stuck at GND due to stuck port data_in      ;
; banco:banco_inst|registradores~1242      ; Stuck at GND due to stuck port data_in      ;
; banco:banco_inst|registradores~1274      ; Stuck at GND due to stuck port data_in      ;
; banco:banco_inst|registradores~1306      ; Stuck at GND due to stuck port data_in      ;
; banco:banco_inst|registradores~1338      ; Stuck at GND due to stuck port data_in      ;
; banco:banco_inst|registradores~1370      ; Stuck at GND due to stuck port data_in      ;
; banco:banco_inst|registradores~1402      ; Stuck at GND due to stuck port data_in      ;
; banco:banco_inst|registradores~1434      ; Stuck at GND due to stuck port data_in      ;
; banco:banco_inst|registradores~1466      ; Stuck at GND due to stuck port data_in      ;
; banco:banco_inst|registradores~1498      ; Stuck at GND due to stuck port data_in      ;
; banco:banco_inst|registradores~1530      ; Stuck at GND due to stuck port data_in      ;
; banco:banco_inst|registradores~1562      ; Stuck at GND due to stuck port data_in      ;
; banco:banco_inst|registradores~1594      ; Stuck at GND due to stuck port data_in      ;
; banco:banco_inst|registradores~1626      ; Stuck at GND due to stuck port data_in      ;
; banco:banco_inst|registradores~1658      ; Stuck at GND due to stuck port data_in      ;
; banco:banco_inst|registradores~1690      ; Stuck at GND due to stuck port data_in      ;
; banco:banco_inst|registradores~1722      ; Stuck at GND due to stuck port data_in      ;
; banco:banco_inst|registradores~1754      ; Stuck at GND due to stuck port data_in      ;
; banco:banco_inst|registradores~1786      ; Stuck at GND due to stuck port data_in      ;
; banco:banco_inst|registradores~1818      ; Stuck at GND due to stuck port data_in      ;
; banco:banco_inst|registradores~1850      ; Stuck at GND due to stuck port data_in      ;
; banco:banco_inst|registradores~1882      ; Stuck at GND due to stuck port data_in      ;
; banco:banco_inst|registradores~1914      ; Stuck at GND due to stuck port data_in      ;
; banco:banco_inst|registradores~1946      ; Stuck at GND due to stuck port data_in      ;
; banco:banco_inst|registradores~1978      ; Stuck at GND due to stuck port data_in      ;
; banco:banco_inst|registradores~2010      ; Stuck at GND due to stuck port data_in      ;
; banco:banco_inst|registradores~2042      ; Stuck at GND due to stuck port data_in      ;
; banco:banco_inst|registradores~281       ; Stuck at GND due to stuck port data_in      ;
; banco:banco_inst|registradores~313       ; Stuck at GND due to stuck port data_in      ;
; banco:banco_inst|registradores~345       ; Stuck at GND due to stuck port data_in      ;
; banco:banco_inst|registradores~377       ; Stuck at GND due to stuck port data_in      ;
; banco:banco_inst|registradores~409       ; Stuck at GND due to stuck port data_in      ;
; banco:banco_inst|registradores~441       ; Stuck at GND due to stuck port data_in      ;
; banco:banco_inst|registradores~473       ; Stuck at GND due to stuck port data_in      ;
; banco:banco_inst|registradores~505       ; Stuck at GND due to stuck port data_in      ;
; banco:banco_inst|registradores~537       ; Stuck at GND due to stuck port data_in      ;
; banco:banco_inst|registradores~569       ; Stuck at GND due to stuck port data_in      ;
; banco:banco_inst|registradores~601       ; Stuck at GND due to stuck port data_in      ;
; banco:banco_inst|registradores~633       ; Stuck at GND due to stuck port data_in      ;
; banco:banco_inst|registradores~665       ; Stuck at GND due to stuck port data_in      ;
; banco:banco_inst|registradores~697       ; Stuck at GND due to stuck port data_in      ;
; banco:banco_inst|registradores~729       ; Stuck at GND due to stuck port data_in      ;
; banco:banco_inst|registradores~761       ; Stuck at GND due to stuck port data_in      ;
; banco:banco_inst|registradores~793       ; Stuck at GND due to stuck port data_in      ;
; banco:banco_inst|registradores~825       ; Stuck at GND due to stuck port data_in      ;
; banco:banco_inst|registradores~857       ; Stuck at GND due to stuck port data_in      ;
; banco:banco_inst|registradores~889       ; Stuck at GND due to stuck port data_in      ;
; banco:banco_inst|registradores~921       ; Stuck at GND due to stuck port data_in      ;
; banco:banco_inst|registradores~953       ; Stuck at GND due to stuck port data_in      ;
; banco:banco_inst|registradores~985       ; Stuck at GND due to stuck port data_in      ;
; banco:banco_inst|registradores~1017      ; Stuck at GND due to stuck port data_in      ;
; banco:banco_inst|registradores~1049      ; Stuck at GND due to stuck port data_in      ;
; banco:banco_inst|registradores~1081      ; Stuck at GND due to stuck port data_in      ;
; banco:banco_inst|registradores~1113      ; Stuck at GND due to stuck port data_in      ;
; banco:banco_inst|registradores~1145      ; Stuck at GND due to stuck port data_in      ;
; banco:banco_inst|registradores~1177      ; Stuck at GND due to stuck port data_in      ;
; banco:banco_inst|registradores~1209      ; Stuck at GND due to stuck port data_in      ;
; banco:banco_inst|registradores~1241      ; Stuck at GND due to stuck port data_in      ;
; banco:banco_inst|registradores~1273      ; Stuck at GND due to stuck port data_in      ;
; banco:banco_inst|registradores~1305      ; Stuck at GND due to stuck port data_in      ;
; banco:banco_inst|registradores~1337      ; Stuck at GND due to stuck port data_in      ;
; banco:banco_inst|registradores~1369      ; Stuck at GND due to stuck port data_in      ;
; banco:banco_inst|registradores~1401      ; Stuck at GND due to stuck port data_in      ;
; banco:banco_inst|registradores~1433      ; Stuck at GND due to stuck port data_in      ;
; banco:banco_inst|registradores~1465      ; Stuck at GND due to stuck port data_in      ;
; banco:banco_inst|registradores~1497      ; Stuck at GND due to stuck port data_in      ;
; banco:banco_inst|registradores~1529      ; Stuck at GND due to stuck port data_in      ;
; banco:banco_inst|registradores~1561      ; Stuck at GND due to stuck port data_in      ;
; banco:banco_inst|registradores~1593      ; Stuck at GND due to stuck port data_in      ;
; banco:banco_inst|registradores~1625      ; Stuck at GND due to stuck port data_in      ;
; banco:banco_inst|registradores~1657      ; Stuck at GND due to stuck port data_in      ;
; banco:banco_inst|registradores~1689      ; Stuck at GND due to stuck port data_in      ;
; banco:banco_inst|registradores~1721      ; Stuck at GND due to stuck port data_in      ;
; banco:banco_inst|registradores~1753      ; Stuck at GND due to stuck port data_in      ;
; banco:banco_inst|registradores~1785      ; Stuck at GND due to stuck port data_in      ;
; banco:banco_inst|registradores~1817      ; Stuck at GND due to stuck port data_in      ;
; banco:banco_inst|registradores~1849      ; Stuck at GND due to stuck port data_in      ;
; banco:banco_inst|registradores~1881      ; Stuck at GND due to stuck port data_in      ;
; banco:banco_inst|registradores~1913      ; Stuck at GND due to stuck port data_in      ;
; banco:banco_inst|registradores~1945      ; Stuck at GND due to stuck port data_in      ;
; banco:banco_inst|registradores~1977      ; Stuck at GND due to stuck port data_in      ;
; banco:banco_inst|registradores~2009      ; Stuck at GND due to stuck port data_in      ;
; banco:banco_inst|registradores~2041      ; Stuck at GND due to stuck port data_in      ;
; banco:banco_inst|registradores~280       ; Stuck at GND due to stuck port data_in      ;
; banco:banco_inst|registradores~312       ; Stuck at GND due to stuck port data_in      ;
; banco:banco_inst|registradores~344       ; Stuck at GND due to stuck port data_in      ;
; banco:banco_inst|registradores~376       ; Stuck at GND due to stuck port data_in      ;
; banco:banco_inst|registradores~408       ; Stuck at GND due to stuck port data_in      ;
; banco:banco_inst|registradores~440       ; Stuck at GND due to stuck port data_in      ;
; banco:banco_inst|registradores~472       ; Stuck at GND due to stuck port data_in      ;
; banco:banco_inst|registradores~504       ; Stuck at GND due to stuck port data_in      ;
; banco:banco_inst|registradores~536       ; Stuck at GND due to stuck port data_in      ;
; banco:banco_inst|registradores~568       ; Stuck at GND due to stuck port data_in      ;
; banco:banco_inst|registradores~600       ; Stuck at GND due to stuck port data_in      ;
; banco:banco_inst|registradores~632       ; Stuck at GND due to stuck port data_in      ;
; banco:banco_inst|registradores~664       ; Stuck at GND due to stuck port data_in      ;
; banco:banco_inst|registradores~696       ; Stuck at GND due to stuck port data_in      ;
; banco:banco_inst|registradores~728       ; Stuck at GND due to stuck port data_in      ;
; banco:banco_inst|registradores~760       ; Stuck at GND due to stuck port data_in      ;
; banco:banco_inst|registradores~792       ; Stuck at GND due to stuck port data_in      ;
; banco:banco_inst|registradores~824       ; Stuck at GND due to stuck port data_in      ;
; banco:banco_inst|registradores~856       ; Stuck at GND due to stuck port data_in      ;
; banco:banco_inst|registradores~888       ; Stuck at GND due to stuck port data_in      ;
; banco:banco_inst|registradores~920       ; Stuck at GND due to stuck port data_in      ;
; banco:banco_inst|registradores~952       ; Stuck at GND due to stuck port data_in      ;
; banco:banco_inst|registradores~984       ; Stuck at GND due to stuck port data_in      ;
; banco:banco_inst|registradores~1016      ; Stuck at GND due to stuck port data_in      ;
; banco:banco_inst|registradores~1048      ; Stuck at GND due to stuck port data_in      ;
; banco:banco_inst|registradores~1080      ; Stuck at GND due to stuck port data_in      ;
; banco:banco_inst|registradores~1112      ; Stuck at GND due to stuck port data_in      ;
; banco:banco_inst|registradores~1144      ; Stuck at GND due to stuck port data_in      ;
; banco:banco_inst|registradores~1176      ; Stuck at GND due to stuck port data_in      ;
; banco:banco_inst|registradores~1208      ; Stuck at GND due to stuck port data_in      ;
; banco:banco_inst|registradores~1240      ; Stuck at GND due to stuck port data_in      ;
; banco:banco_inst|registradores~1272      ; Stuck at GND due to stuck port data_in      ;
; banco:banco_inst|registradores~1304      ; Stuck at GND due to stuck port data_in      ;
; banco:banco_inst|registradores~1336      ; Stuck at GND due to stuck port data_in      ;
; banco:banco_inst|registradores~1368      ; Stuck at GND due to stuck port data_in      ;
; banco:banco_inst|registradores~1400      ; Stuck at GND due to stuck port data_in      ;
; banco:banco_inst|registradores~1432      ; Stuck at GND due to stuck port data_in      ;
; banco:banco_inst|registradores~1464      ; Stuck at GND due to stuck port data_in      ;
; banco:banco_inst|registradores~1496      ; Stuck at GND due to stuck port data_in      ;
; banco:banco_inst|registradores~1528      ; Stuck at GND due to stuck port data_in      ;
; banco:banco_inst|registradores~1560      ; Stuck at GND due to stuck port data_in      ;
; banco:banco_inst|registradores~1592      ; Stuck at GND due to stuck port data_in      ;
; banco:banco_inst|registradores~1624      ; Stuck at GND due to stuck port data_in      ;
; banco:banco_inst|registradores~1656      ; Stuck at GND due to stuck port data_in      ;
; banco:banco_inst|registradores~1688      ; Stuck at GND due to stuck port data_in      ;
; banco:banco_inst|registradores~1720      ; Stuck at GND due to stuck port data_in      ;
; banco:banco_inst|registradores~1752      ; Stuck at GND due to stuck port data_in      ;
; banco:banco_inst|registradores~1784      ; Stuck at GND due to stuck port data_in      ;
; banco:banco_inst|registradores~1816      ; Stuck at GND due to stuck port data_in      ;
; banco:banco_inst|registradores~1848      ; Stuck at GND due to stuck port data_in      ;
; banco:banco_inst|registradores~1880      ; Stuck at GND due to stuck port data_in      ;
; banco:banco_inst|registradores~1912      ; Stuck at GND due to stuck port data_in      ;
; banco:banco_inst|registradores~1944      ; Stuck at GND due to stuck port data_in      ;
; banco:banco_inst|registradores~1976      ; Stuck at GND due to stuck port data_in      ;
; banco:banco_inst|registradores~2008      ; Stuck at GND due to stuck port data_in      ;
; banco:banco_inst|registradores~2040      ; Stuck at GND due to stuck port data_in      ;
; banco:banco_inst|registradores~279       ; Stuck at GND due to stuck port data_in      ;
; banco:banco_inst|registradores~311       ; Stuck at GND due to stuck port data_in      ;
; banco:banco_inst|registradores~343       ; Stuck at GND due to stuck port data_in      ;
; banco:banco_inst|registradores~375       ; Stuck at GND due to stuck port data_in      ;
; banco:banco_inst|registradores~407       ; Stuck at GND due to stuck port data_in      ;
; banco:banco_inst|registradores~439       ; Stuck at GND due to stuck port data_in      ;
; banco:banco_inst|registradores~471       ; Stuck at GND due to stuck port data_in      ;
; banco:banco_inst|registradores~503       ; Stuck at GND due to stuck port data_in      ;
; banco:banco_inst|registradores~535       ; Stuck at GND due to stuck port data_in      ;
; banco:banco_inst|registradores~567       ; Stuck at GND due to stuck port data_in      ;
; banco:banco_inst|registradores~599       ; Stuck at GND due to stuck port data_in      ;
; banco:banco_inst|registradores~631       ; Stuck at GND due to stuck port data_in      ;
; banco:banco_inst|registradores~663       ; Stuck at GND due to stuck port data_in      ;
; banco:banco_inst|registradores~695       ; Stuck at GND due to stuck port data_in      ;
; banco:banco_inst|registradores~727       ; Stuck at GND due to stuck port data_in      ;
; banco:banco_inst|registradores~759       ; Stuck at GND due to stuck port data_in      ;
; banco:banco_inst|registradores~791       ; Stuck at GND due to stuck port data_in      ;
; banco:banco_inst|registradores~823       ; Stuck at GND due to stuck port data_in      ;
; banco:banco_inst|registradores~855       ; Stuck at GND due to stuck port data_in      ;
; banco:banco_inst|registradores~887       ; Stuck at GND due to stuck port data_in      ;
; banco:banco_inst|registradores~919       ; Stuck at GND due to stuck port data_in      ;
; banco:banco_inst|registradores~951       ; Stuck at GND due to stuck port data_in      ;
; banco:banco_inst|registradores~983       ; Stuck at GND due to stuck port data_in      ;
; banco:banco_inst|registradores~1015      ; Stuck at GND due to stuck port data_in      ;
; banco:banco_inst|registradores~1047      ; Stuck at GND due to stuck port data_in      ;
; banco:banco_inst|registradores~1079      ; Stuck at GND due to stuck port data_in      ;
; banco:banco_inst|registradores~1111      ; Stuck at GND due to stuck port data_in      ;
; banco:banco_inst|registradores~1143      ; Stuck at GND due to stuck port data_in      ;
; banco:banco_inst|registradores~1175      ; Stuck at GND due to stuck port data_in      ;
; banco:banco_inst|registradores~1207      ; Stuck at GND due to stuck port data_in      ;
; banco:banco_inst|registradores~1239      ; Stuck at GND due to stuck port data_in      ;
; banco:banco_inst|registradores~1271      ; Stuck at GND due to stuck port data_in      ;
; banco:banco_inst|registradores~1303      ; Stuck at GND due to stuck port data_in      ;
; banco:banco_inst|registradores~1335      ; Stuck at GND due to stuck port data_in      ;
; banco:banco_inst|registradores~1367      ; Stuck at GND due to stuck port data_in      ;
; banco:banco_inst|registradores~1399      ; Stuck at GND due to stuck port data_in      ;
; banco:banco_inst|registradores~1431      ; Stuck at GND due to stuck port data_in      ;
; banco:banco_inst|registradores~1463      ; Stuck at GND due to stuck port data_in      ;
; banco:banco_inst|registradores~1495      ; Stuck at GND due to stuck port data_in      ;
; banco:banco_inst|registradores~1527      ; Stuck at GND due to stuck port data_in      ;
; banco:banco_inst|registradores~1559      ; Stuck at GND due to stuck port data_in      ;
; banco:banco_inst|registradores~1591      ; Stuck at GND due to stuck port data_in      ;
; banco:banco_inst|registradores~1623      ; Stuck at GND due to stuck port data_in      ;
; banco:banco_inst|registradores~1655      ; Stuck at GND due to stuck port data_in      ;
; banco:banco_inst|registradores~1687      ; Stuck at GND due to stuck port data_in      ;
; banco:banco_inst|registradores~1719      ; Stuck at GND due to stuck port data_in      ;
; banco:banco_inst|registradores~1751      ; Stuck at GND due to stuck port data_in      ;
; banco:banco_inst|registradores~1783      ; Stuck at GND due to stuck port data_in      ;
; banco:banco_inst|registradores~1815      ; Stuck at GND due to stuck port data_in      ;
; banco:banco_inst|registradores~1847      ; Stuck at GND due to stuck port data_in      ;
; banco:banco_inst|registradores~1879      ; Stuck at GND due to stuck port data_in      ;
; banco:banco_inst|registradores~1911      ; Stuck at GND due to stuck port data_in      ;
; banco:banco_inst|registradores~1943      ; Stuck at GND due to stuck port data_in      ;
; banco:banco_inst|registradores~1975      ; Stuck at GND due to stuck port data_in      ;
; banco:banco_inst|registradores~2007      ; Stuck at GND due to stuck port data_in      ;
; banco:banco_inst|registradores~2039      ; Stuck at GND due to stuck port data_in      ;
; banco:banco_inst|registradores~278       ; Stuck at GND due to stuck port data_in      ;
; banco:banco_inst|registradores~310       ; Stuck at GND due to stuck port data_in      ;
; banco:banco_inst|registradores~342       ; Stuck at GND due to stuck port data_in      ;
; banco:banco_inst|registradores~374       ; Stuck at GND due to stuck port data_in      ;
; banco:banco_inst|registradores~406       ; Stuck at GND due to stuck port data_in      ;
; banco:banco_inst|registradores~438       ; Stuck at GND due to stuck port data_in      ;
; banco:banco_inst|registradores~470       ; Stuck at GND due to stuck port data_in      ;
; banco:banco_inst|registradores~502       ; Stuck at GND due to stuck port data_in      ;
; banco:banco_inst|registradores~534       ; Stuck at GND due to stuck port data_in      ;
; banco:banco_inst|registradores~566       ; Stuck at GND due to stuck port data_in      ;
; banco:banco_inst|registradores~598       ; Stuck at GND due to stuck port data_in      ;
; banco:banco_inst|registradores~630       ; Stuck at GND due to stuck port data_in      ;
; banco:banco_inst|registradores~662       ; Stuck at GND due to stuck port data_in      ;
; banco:banco_inst|registradores~694       ; Stuck at GND due to stuck port data_in      ;
; banco:banco_inst|registradores~726       ; Stuck at GND due to stuck port data_in      ;
; banco:banco_inst|registradores~758       ; Stuck at GND due to stuck port data_in      ;
; banco:banco_inst|registradores~790       ; Stuck at GND due to stuck port data_in      ;
; banco:banco_inst|registradores~822       ; Stuck at GND due to stuck port data_in      ;
; banco:banco_inst|registradores~854       ; Stuck at GND due to stuck port data_in      ;
; banco:banco_inst|registradores~886       ; Stuck at GND due to stuck port data_in      ;
; banco:banco_inst|registradores~918       ; Stuck at GND due to stuck port data_in      ;
; banco:banco_inst|registradores~950       ; Stuck at GND due to stuck port data_in      ;
; banco:banco_inst|registradores~982       ; Stuck at GND due to stuck port data_in      ;
; banco:banco_inst|registradores~1014      ; Stuck at GND due to stuck port data_in      ;
; banco:banco_inst|registradores~1046      ; Stuck at GND due to stuck port data_in      ;
; banco:banco_inst|registradores~1078      ; Stuck at GND due to stuck port data_in      ;
; banco:banco_inst|registradores~1110      ; Stuck at GND due to stuck port data_in      ;
; banco:banco_inst|registradores~1142      ; Stuck at GND due to stuck port data_in      ;
; banco:banco_inst|registradores~1174      ; Stuck at GND due to stuck port data_in      ;
; banco:banco_inst|registradores~1206      ; Stuck at GND due to stuck port data_in      ;
; banco:banco_inst|registradores~1238      ; Stuck at GND due to stuck port data_in      ;
; banco:banco_inst|registradores~1270      ; Stuck at GND due to stuck port data_in      ;
; banco:banco_inst|registradores~1302      ; Stuck at GND due to stuck port data_in      ;
; banco:banco_inst|registradores~1334      ; Stuck at GND due to stuck port data_in      ;
; banco:banco_inst|registradores~1366      ; Stuck at GND due to stuck port data_in      ;
; banco:banco_inst|registradores~1398      ; Stuck at GND due to stuck port data_in      ;
; banco:banco_inst|registradores~1430      ; Stuck at GND due to stuck port data_in      ;
; banco:banco_inst|registradores~1462      ; Stuck at GND due to stuck port data_in      ;
; banco:banco_inst|registradores~1494      ; Stuck at GND due to stuck port data_in      ;
; banco:banco_inst|registradores~1526      ; Stuck at GND due to stuck port data_in      ;
; banco:banco_inst|registradores~1558      ; Stuck at GND due to stuck port data_in      ;
; banco:banco_inst|registradores~1590      ; Stuck at GND due to stuck port data_in      ;
; banco:banco_inst|registradores~1622      ; Stuck at GND due to stuck port data_in      ;
; banco:banco_inst|registradores~1654      ; Stuck at GND due to stuck port data_in      ;
; banco:banco_inst|registradores~1686      ; Stuck at GND due to stuck port data_in      ;
; banco:banco_inst|registradores~1718      ; Stuck at GND due to stuck port data_in      ;
; banco:banco_inst|registradores~1750      ; Stuck at GND due to stuck port data_in      ;
; banco:banco_inst|registradores~1782      ; Stuck at GND due to stuck port data_in      ;
; banco:banco_inst|registradores~1814      ; Stuck at GND due to stuck port data_in      ;
; banco:banco_inst|registradores~1846      ; Stuck at GND due to stuck port data_in      ;
; banco:banco_inst|registradores~1878      ; Stuck at GND due to stuck port data_in      ;
; banco:banco_inst|registradores~1910      ; Stuck at GND due to stuck port data_in      ;
; banco:banco_inst|registradores~1942      ; Stuck at GND due to stuck port data_in      ;
; banco:banco_inst|registradores~1974      ; Stuck at GND due to stuck port data_in      ;
; banco:banco_inst|registradores~2006      ; Stuck at GND due to stuck port data_in      ;
; banco:banco_inst|registradores~2038      ; Stuck at GND due to stuck port data_in      ;
; banco:banco_inst|registradores~277       ; Stuck at GND due to stuck port data_in      ;
; banco:banco_inst|registradores~309       ; Stuck at GND due to stuck port data_in      ;
; banco:banco_inst|registradores~341       ; Stuck at GND due to stuck port data_in      ;
; banco:banco_inst|registradores~373       ; Stuck at GND due to stuck port data_in      ;
; banco:banco_inst|registradores~405       ; Stuck at GND due to stuck port data_in      ;
; banco:banco_inst|registradores~437       ; Stuck at GND due to stuck port data_in      ;
; banco:banco_inst|registradores~469       ; Stuck at GND due to stuck port data_in      ;
; banco:banco_inst|registradores~501       ; Stuck at GND due to stuck port data_in      ;
; banco:banco_inst|registradores~533       ; Stuck at GND due to stuck port data_in      ;
; banco:banco_inst|registradores~565       ; Stuck at GND due to stuck port data_in      ;
; banco:banco_inst|registradores~597       ; Stuck at GND due to stuck port data_in      ;
; banco:banco_inst|registradores~629       ; Stuck at GND due to stuck port data_in      ;
; banco:banco_inst|registradores~661       ; Stuck at GND due to stuck port data_in      ;
; banco:banco_inst|registradores~693       ; Stuck at GND due to stuck port data_in      ;
; banco:banco_inst|registradores~725       ; Stuck at GND due to stuck port data_in      ;
; banco:banco_inst|registradores~757       ; Stuck at GND due to stuck port data_in      ;
; banco:banco_inst|registradores~789       ; Stuck at GND due to stuck port data_in      ;
; banco:banco_inst|registradores~821       ; Stuck at GND due to stuck port data_in      ;
; banco:banco_inst|registradores~853       ; Stuck at GND due to stuck port data_in      ;
; banco:banco_inst|registradores~885       ; Stuck at GND due to stuck port data_in      ;
; banco:banco_inst|registradores~917       ; Stuck at GND due to stuck port data_in      ;
; banco:banco_inst|registradores~949       ; Stuck at GND due to stuck port data_in      ;
; banco:banco_inst|registradores~981       ; Stuck at GND due to stuck port data_in      ;
; banco:banco_inst|registradores~1013      ; Stuck at GND due to stuck port data_in      ;
; banco:banco_inst|registradores~1045      ; Stuck at GND due to stuck port data_in      ;
; banco:banco_inst|registradores~1077      ; Stuck at GND due to stuck port data_in      ;
; banco:banco_inst|registradores~1109      ; Stuck at GND due to stuck port data_in      ;
; banco:banco_inst|registradores~1141      ; Stuck at GND due to stuck port data_in      ;
; banco:banco_inst|registradores~1173      ; Stuck at GND due to stuck port data_in      ;
; banco:banco_inst|registradores~1205      ; Stuck at GND due to stuck port data_in      ;
; banco:banco_inst|registradores~1237      ; Stuck at GND due to stuck port data_in      ;
; banco:banco_inst|registradores~1269      ; Stuck at GND due to stuck port data_in      ;
; banco:banco_inst|registradores~1301      ; Stuck at GND due to stuck port data_in      ;
; banco:banco_inst|registradores~1333      ; Stuck at GND due to stuck port data_in      ;
; banco:banco_inst|registradores~1365      ; Stuck at GND due to stuck port data_in      ;
; banco:banco_inst|registradores~1397      ; Stuck at GND due to stuck port data_in      ;
; banco:banco_inst|registradores~1429      ; Stuck at GND due to stuck port data_in      ;
; banco:banco_inst|registradores~1461      ; Stuck at GND due to stuck port data_in      ;
; banco:banco_inst|registradores~1493      ; Stuck at GND due to stuck port data_in      ;
; banco:banco_inst|registradores~1525      ; Stuck at GND due to stuck port data_in      ;
; banco:banco_inst|registradores~1557      ; Stuck at GND due to stuck port data_in      ;
; banco:banco_inst|registradores~1589      ; Stuck at GND due to stuck port data_in      ;
; banco:banco_inst|registradores~1621      ; Stuck at GND due to stuck port data_in      ;
; banco:banco_inst|registradores~1653      ; Stuck at GND due to stuck port data_in      ;
; banco:banco_inst|registradores~1685      ; Stuck at GND due to stuck port data_in      ;
; banco:banco_inst|registradores~1717      ; Stuck at GND due to stuck port data_in      ;
; banco:banco_inst|registradores~1749      ; Stuck at GND due to stuck port data_in      ;
; banco:banco_inst|registradores~1781      ; Stuck at GND due to stuck port data_in      ;
; banco:banco_inst|registradores~1813      ; Stuck at GND due to stuck port data_in      ;
; banco:banco_inst|registradores~1845      ; Stuck at GND due to stuck port data_in      ;
; banco:banco_inst|registradores~1877      ; Stuck at GND due to stuck port data_in      ;
; banco:banco_inst|registradores~1909      ; Stuck at GND due to stuck port data_in      ;
; banco:banco_inst|registradores~1941      ; Stuck at GND due to stuck port data_in      ;
; banco:banco_inst|registradores~1973      ; Stuck at GND due to stuck port data_in      ;
; banco:banco_inst|registradores~2005      ; Stuck at GND due to stuck port data_in      ;
; banco:banco_inst|registradores~2037      ; Stuck at GND due to stuck port data_in      ;
; banco:banco_inst|registradores~276       ; Stuck at GND due to stuck port data_in      ;
; banco:banco_inst|registradores~308       ; Stuck at GND due to stuck port data_in      ;
; banco:banco_inst|registradores~340       ; Stuck at GND due to stuck port data_in      ;
; banco:banco_inst|registradores~372       ; Stuck at GND due to stuck port data_in      ;
; banco:banco_inst|registradores~404       ; Stuck at GND due to stuck port data_in      ;
; banco:banco_inst|registradores~436       ; Stuck at GND due to stuck port data_in      ;
; banco:banco_inst|registradores~468       ; Stuck at GND due to stuck port data_in      ;
; banco:banco_inst|registradores~500       ; Stuck at GND due to stuck port data_in      ;
; banco:banco_inst|registradores~532       ; Stuck at GND due to stuck port data_in      ;
; banco:banco_inst|registradores~564       ; Stuck at GND due to stuck port data_in      ;
; banco:banco_inst|registradores~596       ; Stuck at GND due to stuck port data_in      ;
; banco:banco_inst|registradores~628       ; Stuck at GND due to stuck port data_in      ;
; banco:banco_inst|registradores~660       ; Stuck at GND due to stuck port data_in      ;
; banco:banco_inst|registradores~692       ; Stuck at GND due to stuck port data_in      ;
; banco:banco_inst|registradores~724       ; Stuck at GND due to stuck port data_in      ;
; banco:banco_inst|registradores~756       ; Stuck at GND due to stuck port data_in      ;
; banco:banco_inst|registradores~788       ; Stuck at GND due to stuck port data_in      ;
; banco:banco_inst|registradores~820       ; Stuck at GND due to stuck port data_in      ;
; banco:banco_inst|registradores~852       ; Stuck at GND due to stuck port data_in      ;
; banco:banco_inst|registradores~884       ; Stuck at GND due to stuck port data_in      ;
; banco:banco_inst|registradores~916       ; Stuck at GND due to stuck port data_in      ;
; banco:banco_inst|registradores~948       ; Stuck at GND due to stuck port data_in      ;
; banco:banco_inst|registradores~980       ; Stuck at GND due to stuck port data_in      ;
; banco:banco_inst|registradores~1012      ; Stuck at GND due to stuck port data_in      ;
; banco:banco_inst|registradores~1044      ; Stuck at GND due to stuck port data_in      ;
; banco:banco_inst|registradores~1076      ; Stuck at GND due to stuck port data_in      ;
; banco:banco_inst|registradores~1108      ; Stuck at GND due to stuck port data_in      ;
; banco:banco_inst|registradores~1140      ; Stuck at GND due to stuck port data_in      ;
; banco:banco_inst|registradores~1172      ; Stuck at GND due to stuck port data_in      ;
; banco:banco_inst|registradores~1204      ; Stuck at GND due to stuck port data_in      ;
; banco:banco_inst|registradores~1236      ; Stuck at GND due to stuck port data_in      ;
; banco:banco_inst|registradores~1268      ; Stuck at GND due to stuck port data_in      ;
; banco:banco_inst|registradores~1300      ; Stuck at GND due to stuck port data_in      ;
; banco:banco_inst|registradores~1332      ; Stuck at GND due to stuck port data_in      ;
; banco:banco_inst|registradores~1364      ; Stuck at GND due to stuck port data_in      ;
; banco:banco_inst|registradores~1396      ; Stuck at GND due to stuck port data_in      ;
; banco:banco_inst|registradores~1428      ; Stuck at GND due to stuck port data_in      ;
; banco:banco_inst|registradores~1460      ; Stuck at GND due to stuck port data_in      ;
; banco:banco_inst|registradores~1492      ; Stuck at GND due to stuck port data_in      ;
; banco:banco_inst|registradores~1524      ; Stuck at GND due to stuck port data_in      ;
; banco:banco_inst|registradores~1556      ; Stuck at GND due to stuck port data_in      ;
; banco:banco_inst|registradores~1588      ; Stuck at GND due to stuck port data_in      ;
; banco:banco_inst|registradores~1620      ; Stuck at GND due to stuck port data_in      ;
; banco:banco_inst|registradores~1652      ; Stuck at GND due to stuck port data_in      ;
; banco:banco_inst|registradores~1684      ; Stuck at GND due to stuck port data_in      ;
; banco:banco_inst|registradores~1716      ; Stuck at GND due to stuck port data_in      ;
; banco:banco_inst|registradores~1748      ; Stuck at GND due to stuck port data_in      ;
; banco:banco_inst|registradores~1780      ; Stuck at GND due to stuck port data_in      ;
; banco:banco_inst|registradores~1812      ; Stuck at GND due to stuck port data_in      ;
; banco:banco_inst|registradores~1844      ; Stuck at GND due to stuck port data_in      ;
; banco:banco_inst|registradores~1876      ; Stuck at GND due to stuck port data_in      ;
; banco:banco_inst|registradores~1908      ; Stuck at GND due to stuck port data_in      ;
; banco:banco_inst|registradores~1940      ; Stuck at GND due to stuck port data_in      ;
; banco:banco_inst|registradores~1972      ; Stuck at GND due to stuck port data_in      ;
; banco:banco_inst|registradores~2004      ; Stuck at GND due to stuck port data_in      ;
; banco:banco_inst|registradores~2036      ; Stuck at GND due to stuck port data_in      ;
; banco:banco_inst|registradores~275       ; Stuck at GND due to stuck port data_in      ;
; banco:banco_inst|registradores~307       ; Stuck at GND due to stuck port data_in      ;
; banco:banco_inst|registradores~339       ; Stuck at GND due to stuck port data_in      ;
; banco:banco_inst|registradores~371       ; Stuck at GND due to stuck port data_in      ;
; banco:banco_inst|registradores~403       ; Stuck at GND due to stuck port data_in      ;
; banco:banco_inst|registradores~435       ; Stuck at GND due to stuck port data_in      ;
; banco:banco_inst|registradores~467       ; Stuck at GND due to stuck port data_in      ;
; banco:banco_inst|registradores~499       ; Stuck at GND due to stuck port data_in      ;
; banco:banco_inst|registradores~531       ; Stuck at GND due to stuck port data_in      ;
; banco:banco_inst|registradores~563       ; Stuck at GND due to stuck port data_in      ;
; banco:banco_inst|registradores~595       ; Stuck at GND due to stuck port data_in      ;
; banco:banco_inst|registradores~627       ; Stuck at GND due to stuck port data_in      ;
; banco:banco_inst|registradores~659       ; Stuck at GND due to stuck port data_in      ;
; banco:banco_inst|registradores~691       ; Stuck at GND due to stuck port data_in      ;
; banco:banco_inst|registradores~723       ; Stuck at GND due to stuck port data_in      ;
; banco:banco_inst|registradores~755       ; Stuck at GND due to stuck port data_in      ;
; banco:banco_inst|registradores~787       ; Stuck at GND due to stuck port data_in      ;
; banco:banco_inst|registradores~819       ; Stuck at GND due to stuck port data_in      ;
; banco:banco_inst|registradores~851       ; Stuck at GND due to stuck port data_in      ;
; banco:banco_inst|registradores~883       ; Stuck at GND due to stuck port data_in      ;
; banco:banco_inst|registradores~915       ; Stuck at GND due to stuck port data_in      ;
; banco:banco_inst|registradores~947       ; Stuck at GND due to stuck port data_in      ;
; banco:banco_inst|registradores~979       ; Stuck at GND due to stuck port data_in      ;
; banco:banco_inst|registradores~1011      ; Stuck at GND due to stuck port data_in      ;
; banco:banco_inst|registradores~1043      ; Stuck at GND due to stuck port data_in      ;
; banco:banco_inst|registradores~1075      ; Stuck at GND due to stuck port data_in      ;
; banco:banco_inst|registradores~1107      ; Stuck at GND due to stuck port data_in      ;
; banco:banco_inst|registradores~1139      ; Stuck at GND due to stuck port data_in      ;
; banco:banco_inst|registradores~1171      ; Stuck at GND due to stuck port data_in      ;
; banco:banco_inst|registradores~1203      ; Stuck at GND due to stuck port data_in      ;
; banco:banco_inst|registradores~1235      ; Stuck at GND due to stuck port data_in      ;
; banco:banco_inst|registradores~1267      ; Stuck at GND due to stuck port data_in      ;
; banco:banco_inst|registradores~1299      ; Stuck at GND due to stuck port data_in      ;
; banco:banco_inst|registradores~1331      ; Stuck at GND due to stuck port data_in      ;
; banco:banco_inst|registradores~1363      ; Stuck at GND due to stuck port data_in      ;
; banco:banco_inst|registradores~1395      ; Stuck at GND due to stuck port data_in      ;
; banco:banco_inst|registradores~1427      ; Stuck at GND due to stuck port data_in      ;
; banco:banco_inst|registradores~1459      ; Stuck at GND due to stuck port data_in      ;
; banco:banco_inst|registradores~1491      ; Stuck at GND due to stuck port data_in      ;
; banco:banco_inst|registradores~1523      ; Stuck at GND due to stuck port data_in      ;
; banco:banco_inst|registradores~1555      ; Stuck at GND due to stuck port data_in      ;
; banco:banco_inst|registradores~1587      ; Stuck at GND due to stuck port data_in      ;
; banco:banco_inst|registradores~1619      ; Stuck at GND due to stuck port data_in      ;
; banco:banco_inst|registradores~1651      ; Stuck at GND due to stuck port data_in      ;
; banco:banco_inst|registradores~1683      ; Stuck at GND due to stuck port data_in      ;
; banco:banco_inst|registradores~1715      ; Stuck at GND due to stuck port data_in      ;
; banco:banco_inst|registradores~1747      ; Stuck at GND due to stuck port data_in      ;
; banco:banco_inst|registradores~1779      ; Stuck at GND due to stuck port data_in      ;
; banco:banco_inst|registradores~1811      ; Stuck at GND due to stuck port data_in      ;
; banco:banco_inst|registradores~1843      ; Stuck at GND due to stuck port data_in      ;
; banco:banco_inst|registradores~1875      ; Stuck at GND due to stuck port data_in      ;
; banco:banco_inst|registradores~1907      ; Stuck at GND due to stuck port data_in      ;
; banco:banco_inst|registradores~1939      ; Stuck at GND due to stuck port data_in      ;
; banco:banco_inst|registradores~1971      ; Stuck at GND due to stuck port data_in      ;
; banco:banco_inst|registradores~2003      ; Stuck at GND due to stuck port data_in      ;
; banco:banco_inst|registradores~2035      ; Stuck at GND due to stuck port data_in      ;
; banco:banco_inst|registradores~274       ; Stuck at GND due to stuck port data_in      ;
; banco:banco_inst|registradores~306       ; Stuck at GND due to stuck port data_in      ;
; banco:banco_inst|registradores~338       ; Stuck at GND due to stuck port data_in      ;
; banco:banco_inst|registradores~370       ; Stuck at GND due to stuck port data_in      ;
; banco:banco_inst|registradores~402       ; Stuck at GND due to stuck port data_in      ;
; banco:banco_inst|registradores~434       ; Stuck at GND due to stuck port data_in      ;
; banco:banco_inst|registradores~466       ; Stuck at GND due to stuck port data_in      ;
; banco:banco_inst|registradores~498       ; Stuck at GND due to stuck port data_in      ;
; banco:banco_inst|registradores~530       ; Stuck at GND due to stuck port data_in      ;
; banco:banco_inst|registradores~562       ; Stuck at GND due to stuck port data_in      ;
; banco:banco_inst|registradores~594       ; Stuck at GND due to stuck port data_in      ;
; banco:banco_inst|registradores~626       ; Stuck at GND due to stuck port data_in      ;
; banco:banco_inst|registradores~658       ; Stuck at GND due to stuck port data_in      ;
; banco:banco_inst|registradores~690       ; Stuck at GND due to stuck port data_in      ;
; banco:banco_inst|registradores~722       ; Stuck at GND due to stuck port data_in      ;
; banco:banco_inst|registradores~754       ; Stuck at GND due to stuck port data_in      ;
; banco:banco_inst|registradores~786       ; Stuck at GND due to stuck port data_in      ;
; banco:banco_inst|registradores~818       ; Stuck at GND due to stuck port data_in      ;
; banco:banco_inst|registradores~850       ; Stuck at GND due to stuck port data_in      ;
; banco:banco_inst|registradores~882       ; Stuck at GND due to stuck port data_in      ;
; banco:banco_inst|registradores~914       ; Stuck at GND due to stuck port data_in      ;
; banco:banco_inst|registradores~946       ; Stuck at GND due to stuck port data_in      ;
; banco:banco_inst|registradores~978       ; Stuck at GND due to stuck port data_in      ;
; banco:banco_inst|registradores~1010      ; Stuck at GND due to stuck port data_in      ;
; banco:banco_inst|registradores~1042      ; Stuck at GND due to stuck port data_in      ;
; banco:banco_inst|registradores~1074      ; Stuck at GND due to stuck port data_in      ;
; banco:banco_inst|registradores~1106      ; Stuck at GND due to stuck port data_in      ;
; banco:banco_inst|registradores~1138      ; Stuck at GND due to stuck port data_in      ;
; banco:banco_inst|registradores~1170      ; Stuck at GND due to stuck port data_in      ;
; banco:banco_inst|registradores~1202      ; Stuck at GND due to stuck port data_in      ;
; banco:banco_inst|registradores~1234      ; Stuck at GND due to stuck port data_in      ;
; banco:banco_inst|registradores~1266      ; Stuck at GND due to stuck port data_in      ;
; banco:banco_inst|registradores~1298      ; Stuck at GND due to stuck port data_in      ;
; banco:banco_inst|registradores~1330      ; Stuck at GND due to stuck port data_in      ;
; banco:banco_inst|registradores~1362      ; Stuck at GND due to stuck port data_in      ;
; banco:banco_inst|registradores~1394      ; Stuck at GND due to stuck port data_in      ;
; banco:banco_inst|registradores~1426      ; Stuck at GND due to stuck port data_in      ;
; banco:banco_inst|registradores~1458      ; Stuck at GND due to stuck port data_in      ;
; banco:banco_inst|registradores~1490      ; Stuck at GND due to stuck port data_in      ;
; banco:banco_inst|registradores~1522      ; Stuck at GND due to stuck port data_in      ;
; banco:banco_inst|registradores~1554      ; Stuck at GND due to stuck port data_in      ;
; banco:banco_inst|registradores~1586      ; Stuck at GND due to stuck port data_in      ;
; banco:banco_inst|registradores~1618      ; Stuck at GND due to stuck port data_in      ;
; banco:banco_inst|registradores~1650      ; Stuck at GND due to stuck port data_in      ;
; banco:banco_inst|registradores~1682      ; Stuck at GND due to stuck port data_in      ;
; banco:banco_inst|registradores~1714      ; Stuck at GND due to stuck port data_in      ;
; banco:banco_inst|registradores~1746      ; Stuck at GND due to stuck port data_in      ;
; banco:banco_inst|registradores~1778      ; Stuck at GND due to stuck port data_in      ;
; banco:banco_inst|registradores~1810      ; Stuck at GND due to stuck port data_in      ;
; banco:banco_inst|registradores~1842      ; Stuck at GND due to stuck port data_in      ;
; banco:banco_inst|registradores~1874      ; Stuck at GND due to stuck port data_in      ;
; banco:banco_inst|registradores~1906      ; Stuck at GND due to stuck port data_in      ;
; banco:banco_inst|registradores~1938      ; Stuck at GND due to stuck port data_in      ;
; banco:banco_inst|registradores~1970      ; Stuck at GND due to stuck port data_in      ;
; banco:banco_inst|registradores~2002      ; Stuck at GND due to stuck port data_in      ;
; banco:banco_inst|registradores~2034      ; Stuck at GND due to stuck port data_in      ;
; banco:banco_inst|registradores~273       ; Stuck at GND due to stuck port data_in      ;
; banco:banco_inst|registradores~305       ; Stuck at GND due to stuck port data_in      ;
; banco:banco_inst|registradores~337       ; Stuck at GND due to stuck port data_in      ;
; banco:banco_inst|registradores~369       ; Stuck at GND due to stuck port data_in      ;
; banco:banco_inst|registradores~401       ; Stuck at GND due to stuck port data_in      ;
; banco:banco_inst|registradores~433       ; Stuck at GND due to stuck port data_in      ;
; banco:banco_inst|registradores~465       ; Stuck at GND due to stuck port data_in      ;
; banco:banco_inst|registradores~497       ; Stuck at GND due to stuck port data_in      ;
; banco:banco_inst|registradores~529       ; Stuck at GND due to stuck port data_in      ;
; banco:banco_inst|registradores~561       ; Stuck at GND due to stuck port data_in      ;
; banco:banco_inst|registradores~593       ; Stuck at GND due to stuck port data_in      ;
; banco:banco_inst|registradores~625       ; Stuck at GND due to stuck port data_in      ;
; banco:banco_inst|registradores~657       ; Stuck at GND due to stuck port data_in      ;
; banco:banco_inst|registradores~689       ; Stuck at GND due to stuck port data_in      ;
; banco:banco_inst|registradores~721       ; Stuck at GND due to stuck port data_in      ;
; banco:banco_inst|registradores~753       ; Stuck at GND due to stuck port data_in      ;
; banco:banco_inst|registradores~785       ; Stuck at GND due to stuck port data_in      ;
; banco:banco_inst|registradores~817       ; Stuck at GND due to stuck port data_in      ;
; banco:banco_inst|registradores~849       ; Stuck at GND due to stuck port data_in      ;
; banco:banco_inst|registradores~881       ; Stuck at GND due to stuck port data_in      ;
; banco:banco_inst|registradores~913       ; Stuck at GND due to stuck port data_in      ;
; banco:banco_inst|registradores~945       ; Stuck at GND due to stuck port data_in      ;
; banco:banco_inst|registradores~977       ; Stuck at GND due to stuck port data_in      ;
; banco:banco_inst|registradores~1009      ; Stuck at GND due to stuck port data_in      ;
; banco:banco_inst|registradores~1041      ; Stuck at GND due to stuck port data_in      ;
; banco:banco_inst|registradores~1073      ; Stuck at GND due to stuck port data_in      ;
; banco:banco_inst|registradores~1105      ; Stuck at GND due to stuck port data_in      ;
; banco:banco_inst|registradores~1137      ; Stuck at GND due to stuck port data_in      ;
; banco:banco_inst|registradores~1169      ; Stuck at GND due to stuck port data_in      ;
; banco:banco_inst|registradores~1201      ; Stuck at GND due to stuck port data_in      ;
; banco:banco_inst|registradores~1233      ; Stuck at GND due to stuck port data_in      ;
; banco:banco_inst|registradores~1265      ; Stuck at GND due to stuck port data_in      ;
; banco:banco_inst|registradores~1297      ; Stuck at GND due to stuck port data_in      ;
; banco:banco_inst|registradores~1329      ; Stuck at GND due to stuck port data_in      ;
; banco:banco_inst|registradores~1361      ; Stuck at GND due to stuck port data_in      ;
; banco:banco_inst|registradores~1393      ; Stuck at GND due to stuck port data_in      ;
; banco:banco_inst|registradores~1425      ; Stuck at GND due to stuck port data_in      ;
; banco:banco_inst|registradores~1457      ; Stuck at GND due to stuck port data_in      ;
; banco:banco_inst|registradores~1489      ; Stuck at GND due to stuck port data_in      ;
; banco:banco_inst|registradores~1521      ; Stuck at GND due to stuck port data_in      ;
; banco:banco_inst|registradores~1553      ; Stuck at GND due to stuck port data_in      ;
; banco:banco_inst|registradores~1585      ; Stuck at GND due to stuck port data_in      ;
; banco:banco_inst|registradores~1617      ; Stuck at GND due to stuck port data_in      ;
; banco:banco_inst|registradores~1649      ; Stuck at GND due to stuck port data_in      ;
; banco:banco_inst|registradores~1681      ; Stuck at GND due to stuck port data_in      ;
; banco:banco_inst|registradores~1713      ; Stuck at GND due to stuck port data_in      ;
; banco:banco_inst|registradores~1745      ; Stuck at GND due to stuck port data_in      ;
; banco:banco_inst|registradores~1777      ; Stuck at GND due to stuck port data_in      ;
; banco:banco_inst|registradores~1809      ; Stuck at GND due to stuck port data_in      ;
; banco:banco_inst|registradores~1841      ; Stuck at GND due to stuck port data_in      ;
; banco:banco_inst|registradores~1873      ; Stuck at GND due to stuck port data_in      ;
; banco:banco_inst|registradores~1905      ; Stuck at GND due to stuck port data_in      ;
; banco:banco_inst|registradores~1937      ; Stuck at GND due to stuck port data_in      ;
; banco:banco_inst|registradores~1969      ; Stuck at GND due to stuck port data_in      ;
; banco:banco_inst|registradores~2001      ; Stuck at GND due to stuck port data_in      ;
; banco:banco_inst|registradores~2033      ; Stuck at GND due to stuck port data_in      ;
; banco:banco_inst|registradores~272       ; Stuck at GND due to stuck port data_in      ;
; banco:banco_inst|registradores~304       ; Stuck at GND due to stuck port data_in      ;
; banco:banco_inst|registradores~336       ; Stuck at GND due to stuck port data_in      ;
; banco:banco_inst|registradores~368       ; Stuck at GND due to stuck port data_in      ;
; banco:banco_inst|registradores~400       ; Stuck at GND due to stuck port data_in      ;
; banco:banco_inst|registradores~432       ; Stuck at GND due to stuck port data_in      ;
; banco:banco_inst|registradores~464       ; Stuck at GND due to stuck port data_in      ;
; banco:banco_inst|registradores~496       ; Stuck at GND due to stuck port data_in      ;
; banco:banco_inst|registradores~528       ; Stuck at GND due to stuck port data_in      ;
; banco:banco_inst|registradores~560       ; Stuck at GND due to stuck port data_in      ;
; banco:banco_inst|registradores~592       ; Stuck at GND due to stuck port data_in      ;
; banco:banco_inst|registradores~624       ; Stuck at GND due to stuck port data_in      ;
; banco:banco_inst|registradores~656       ; Stuck at GND due to stuck port data_in      ;
; banco:banco_inst|registradores~688       ; Stuck at GND due to stuck port data_in      ;
; banco:banco_inst|registradores~720       ; Stuck at GND due to stuck port data_in      ;
; banco:banco_inst|registradores~752       ; Stuck at GND due to stuck port data_in      ;
; banco:banco_inst|registradores~784       ; Stuck at GND due to stuck port data_in      ;
; banco:banco_inst|registradores~816       ; Stuck at GND due to stuck port data_in      ;
; banco:banco_inst|registradores~848       ; Stuck at GND due to stuck port data_in      ;
; banco:banco_inst|registradores~880       ; Stuck at GND due to stuck port data_in      ;
; banco:banco_inst|registradores~912       ; Stuck at GND due to stuck port data_in      ;
; banco:banco_inst|registradores~944       ; Stuck at GND due to stuck port data_in      ;
; banco:banco_inst|registradores~976       ; Stuck at GND due to stuck port data_in      ;
; banco:banco_inst|registradores~1008      ; Stuck at GND due to stuck port data_in      ;
; banco:banco_inst|registradores~1040      ; Stuck at GND due to stuck port data_in      ;
; banco:banco_inst|registradores~1072      ; Stuck at GND due to stuck port data_in      ;
; banco:banco_inst|registradores~1104      ; Stuck at GND due to stuck port data_in      ;
; banco:banco_inst|registradores~1136      ; Stuck at GND due to stuck port data_in      ;
; banco:banco_inst|registradores~1168      ; Stuck at GND due to stuck port data_in      ;
; banco:banco_inst|registradores~1200      ; Stuck at GND due to stuck port data_in      ;
; banco:banco_inst|registradores~1232      ; Stuck at GND due to stuck port data_in      ;
; banco:banco_inst|registradores~1264      ; Stuck at GND due to stuck port data_in      ;
; banco:banco_inst|registradores~1296      ; Stuck at GND due to stuck port data_in      ;
; banco:banco_inst|registradores~1328      ; Stuck at GND due to stuck port data_in      ;
; banco:banco_inst|registradores~1360      ; Stuck at GND due to stuck port data_in      ;
; banco:banco_inst|registradores~1392      ; Stuck at GND due to stuck port data_in      ;
; banco:banco_inst|registradores~1424      ; Stuck at GND due to stuck port data_in      ;
; banco:banco_inst|registradores~1456      ; Stuck at GND due to stuck port data_in      ;
; banco:banco_inst|registradores~1488      ; Stuck at GND due to stuck port data_in      ;
; banco:banco_inst|registradores~1520      ; Stuck at GND due to stuck port data_in      ;
; banco:banco_inst|registradores~1552      ; Stuck at GND due to stuck port data_in      ;
; banco:banco_inst|registradores~1584      ; Stuck at GND due to stuck port data_in      ;
; banco:banco_inst|registradores~1616      ; Stuck at GND due to stuck port data_in      ;
; banco:banco_inst|registradores~1648      ; Stuck at GND due to stuck port data_in      ;
; banco:banco_inst|registradores~1680      ; Stuck at GND due to stuck port data_in      ;
; banco:banco_inst|registradores~1712      ; Stuck at GND due to stuck port data_in      ;
; banco:banco_inst|registradores~1744      ; Stuck at GND due to stuck port data_in      ;
; banco:banco_inst|registradores~1776      ; Stuck at GND due to stuck port data_in      ;
; banco:banco_inst|registradores~1808      ; Stuck at GND due to stuck port data_in      ;
; banco:banco_inst|registradores~1840      ; Stuck at GND due to stuck port data_in      ;
; banco:banco_inst|registradores~1872      ; Stuck at GND due to stuck port data_in      ;
; banco:banco_inst|registradores~1904      ; Stuck at GND due to stuck port data_in      ;
; banco:banco_inst|registradores~1936      ; Stuck at GND due to stuck port data_in      ;
; banco:banco_inst|registradores~1968      ; Stuck at GND due to stuck port data_in      ;
; banco:banco_inst|registradores~2000      ; Stuck at GND due to stuck port data_in      ;
; banco:banco_inst|registradores~2032      ; Stuck at GND due to stuck port data_in      ;
; banco:banco_inst|registradores~271       ; Stuck at GND due to stuck port data_in      ;
; banco:banco_inst|registradores~303       ; Stuck at GND due to stuck port data_in      ;
; banco:banco_inst|registradores~335       ; Stuck at GND due to stuck port data_in      ;
; banco:banco_inst|registradores~367       ; Stuck at GND due to stuck port data_in      ;
; banco:banco_inst|registradores~399       ; Stuck at GND due to stuck port data_in      ;
; banco:banco_inst|registradores~431       ; Stuck at GND due to stuck port data_in      ;
; banco:banco_inst|registradores~463       ; Stuck at GND due to stuck port data_in      ;
; banco:banco_inst|registradores~495       ; Stuck at GND due to stuck port data_in      ;
; banco:banco_inst|registradores~527       ; Stuck at GND due to stuck port data_in      ;
; banco:banco_inst|registradores~559       ; Stuck at GND due to stuck port data_in      ;
; banco:banco_inst|registradores~591       ; Stuck at GND due to stuck port data_in      ;
; banco:banco_inst|registradores~623       ; Stuck at GND due to stuck port data_in      ;
; banco:banco_inst|registradores~655       ; Stuck at GND due to stuck port data_in      ;
; banco:banco_inst|registradores~687       ; Stuck at GND due to stuck port data_in      ;
; banco:banco_inst|registradores~719       ; Stuck at GND due to stuck port data_in      ;
; banco:banco_inst|registradores~751       ; Stuck at GND due to stuck port data_in      ;
; banco:banco_inst|registradores~783       ; Stuck at GND due to stuck port data_in      ;
; banco:banco_inst|registradores~815       ; Stuck at GND due to stuck port data_in      ;
; banco:banco_inst|registradores~847       ; Stuck at GND due to stuck port data_in      ;
; banco:banco_inst|registradores~879       ; Stuck at GND due to stuck port data_in      ;
; banco:banco_inst|registradores~911       ; Stuck at GND due to stuck port data_in      ;
; banco:banco_inst|registradores~943       ; Stuck at GND due to stuck port data_in      ;
; banco:banco_inst|registradores~975       ; Stuck at GND due to stuck port data_in      ;
; banco:banco_inst|registradores~1007      ; Stuck at GND due to stuck port data_in      ;
; banco:banco_inst|registradores~1039      ; Stuck at GND due to stuck port data_in      ;
; banco:banco_inst|registradores~1071      ; Stuck at GND due to stuck port data_in      ;
; banco:banco_inst|registradores~1103      ; Stuck at GND due to stuck port data_in      ;
; banco:banco_inst|registradores~1135      ; Stuck at GND due to stuck port data_in      ;
; banco:banco_inst|registradores~1167      ; Stuck at GND due to stuck port data_in      ;
; banco:banco_inst|registradores~1199      ; Stuck at GND due to stuck port data_in      ;
; banco:banco_inst|registradores~1231      ; Stuck at GND due to stuck port data_in      ;
; banco:banco_inst|registradores~1263      ; Stuck at GND due to stuck port data_in      ;
; banco:banco_inst|registradores~1295      ; Stuck at GND due to stuck port data_in      ;
; banco:banco_inst|registradores~1327      ; Stuck at GND due to stuck port data_in      ;
; banco:banco_inst|registradores~1359      ; Stuck at GND due to stuck port data_in      ;
; banco:banco_inst|registradores~1391      ; Stuck at GND due to stuck port data_in      ;
; banco:banco_inst|registradores~1423      ; Stuck at GND due to stuck port data_in      ;
; banco:banco_inst|registradores~1455      ; Stuck at GND due to stuck port data_in      ;
; banco:banco_inst|registradores~1487      ; Stuck at GND due to stuck port data_in      ;
; banco:banco_inst|registradores~1519      ; Stuck at GND due to stuck port data_in      ;
; banco:banco_inst|registradores~1551      ; Stuck at GND due to stuck port data_in      ;
; banco:banco_inst|registradores~1583      ; Stuck at GND due to stuck port data_in      ;
; banco:banco_inst|registradores~1615      ; Stuck at GND due to stuck port data_in      ;
; banco:banco_inst|registradores~1647      ; Stuck at GND due to stuck port data_in      ;
; banco:banco_inst|registradores~1679      ; Stuck at GND due to stuck port data_in      ;
; banco:banco_inst|registradores~1711      ; Stuck at GND due to stuck port data_in      ;
; banco:banco_inst|registradores~1743      ; Stuck at GND due to stuck port data_in      ;
; banco:banco_inst|registradores~1775      ; Stuck at GND due to stuck port data_in      ;
; banco:banco_inst|registradores~1807      ; Stuck at GND due to stuck port data_in      ;
; banco:banco_inst|registradores~1839      ; Stuck at GND due to stuck port data_in      ;
; banco:banco_inst|registradores~1871      ; Stuck at GND due to stuck port data_in      ;
; banco:banco_inst|registradores~1903      ; Stuck at GND due to stuck port data_in      ;
; banco:banco_inst|registradores~1935      ; Stuck at GND due to stuck port data_in      ;
; banco:banco_inst|registradores~1967      ; Stuck at GND due to stuck port data_in      ;
; banco:banco_inst|registradores~1999      ; Stuck at GND due to stuck port data_in      ;
; banco:banco_inst|registradores~2031      ; Stuck at GND due to stuck port data_in      ;
; banco:banco_inst|registradores~270       ; Stuck at GND due to stuck port data_in      ;
; banco:banco_inst|registradores~302       ; Stuck at GND due to stuck port data_in      ;
; banco:banco_inst|registradores~334       ; Stuck at GND due to stuck port data_in      ;
; banco:banco_inst|registradores~366       ; Stuck at GND due to stuck port data_in      ;
; banco:banco_inst|registradores~398       ; Stuck at GND due to stuck port data_in      ;
; banco:banco_inst|registradores~430       ; Stuck at GND due to stuck port data_in      ;
; banco:banco_inst|registradores~462       ; Stuck at GND due to stuck port data_in      ;
; banco:banco_inst|registradores~494       ; Stuck at GND due to stuck port data_in      ;
; banco:banco_inst|registradores~526       ; Stuck at GND due to stuck port data_in      ;
; banco:banco_inst|registradores~558       ; Stuck at GND due to stuck port data_in      ;
; banco:banco_inst|registradores~590       ; Stuck at GND due to stuck port data_in      ;
; banco:banco_inst|registradores~622       ; Stuck at GND due to stuck port data_in      ;
; banco:banco_inst|registradores~654       ; Stuck at GND due to stuck port data_in      ;
; banco:banco_inst|registradores~686       ; Stuck at GND due to stuck port data_in      ;
; banco:banco_inst|registradores~718       ; Stuck at GND due to stuck port data_in      ;
; banco:banco_inst|registradores~750       ; Stuck at GND due to stuck port data_in      ;
; banco:banco_inst|registradores~782       ; Stuck at GND due to stuck port data_in      ;
; banco:banco_inst|registradores~814       ; Stuck at GND due to stuck port data_in      ;
; banco:banco_inst|registradores~846       ; Stuck at GND due to stuck port data_in      ;
; banco:banco_inst|registradores~878       ; Stuck at GND due to stuck port data_in      ;
; banco:banco_inst|registradores~910       ; Stuck at GND due to stuck port data_in      ;
; banco:banco_inst|registradores~942       ; Stuck at GND due to stuck port data_in      ;
; banco:banco_inst|registradores~974       ; Stuck at GND due to stuck port data_in      ;
; banco:banco_inst|registradores~1006      ; Stuck at GND due to stuck port data_in      ;
; banco:banco_inst|registradores~1038      ; Stuck at GND due to stuck port data_in      ;
; banco:banco_inst|registradores~1070      ; Stuck at GND due to stuck port data_in      ;
; banco:banco_inst|registradores~1102      ; Stuck at GND due to stuck port data_in      ;
; banco:banco_inst|registradores~1134      ; Stuck at GND due to stuck port data_in      ;
; banco:banco_inst|registradores~1166      ; Stuck at GND due to stuck port data_in      ;
; banco:banco_inst|registradores~1198      ; Stuck at GND due to stuck port data_in      ;
; banco:banco_inst|registradores~1230      ; Stuck at GND due to stuck port data_in      ;
; banco:banco_inst|registradores~1262      ; Stuck at GND due to stuck port data_in      ;
; banco:banco_inst|registradores~1294      ; Stuck at GND due to stuck port data_in      ;
; banco:banco_inst|registradores~1326      ; Stuck at GND due to stuck port data_in      ;
; banco:banco_inst|registradores~1358      ; Stuck at GND due to stuck port data_in      ;
; banco:banco_inst|registradores~1390      ; Stuck at GND due to stuck port data_in      ;
; banco:banco_inst|registradores~1422      ; Stuck at GND due to stuck port data_in      ;
; banco:banco_inst|registradores~1454      ; Stuck at GND due to stuck port data_in      ;
; banco:banco_inst|registradores~1486      ; Stuck at GND due to stuck port data_in      ;
; banco:banco_inst|registradores~1518      ; Stuck at GND due to stuck port data_in      ;
; banco:banco_inst|registradores~1550      ; Stuck at GND due to stuck port data_in      ;
; banco:banco_inst|registradores~1582      ; Stuck at GND due to stuck port data_in      ;
; banco:banco_inst|registradores~1614      ; Stuck at GND due to stuck port data_in      ;
; banco:banco_inst|registradores~1646      ; Stuck at GND due to stuck port data_in      ;
; banco:banco_inst|registradores~1678      ; Stuck at GND due to stuck port data_in      ;
; banco:banco_inst|registradores~1710      ; Stuck at GND due to stuck port data_in      ;
; banco:banco_inst|registradores~1742      ; Stuck at GND due to stuck port data_in      ;
; banco:banco_inst|registradores~1774      ; Stuck at GND due to stuck port data_in      ;
; banco:banco_inst|registradores~1806      ; Stuck at GND due to stuck port data_in      ;
; banco:banco_inst|registradores~1838      ; Stuck at GND due to stuck port data_in      ;
; banco:banco_inst|registradores~1870      ; Stuck at GND due to stuck port data_in      ;
; banco:banco_inst|registradores~1902      ; Stuck at GND due to stuck port data_in      ;
; banco:banco_inst|registradores~1934      ; Stuck at GND due to stuck port data_in      ;
; banco:banco_inst|registradores~1966      ; Stuck at GND due to stuck port data_in      ;
; banco:banco_inst|registradores~1998      ; Stuck at GND due to stuck port data_in      ;
; banco:banco_inst|registradores~2030      ; Stuck at GND due to stuck port data_in      ;
; banco:banco_inst|registradores~269       ; Stuck at GND due to stuck port data_in      ;
; banco:banco_inst|registradores~301       ; Stuck at GND due to stuck port data_in      ;
; banco:banco_inst|registradores~333       ; Stuck at GND due to stuck port data_in      ;
; banco:banco_inst|registradores~365       ; Stuck at GND due to stuck port data_in      ;
; banco:banco_inst|registradores~397       ; Stuck at GND due to stuck port data_in      ;
; banco:banco_inst|registradores~429       ; Stuck at GND due to stuck port data_in      ;
; banco:banco_inst|registradores~461       ; Stuck at GND due to stuck port data_in      ;
; banco:banco_inst|registradores~493       ; Stuck at GND due to stuck port data_in      ;
; banco:banco_inst|registradores~525       ; Stuck at GND due to stuck port data_in      ;
; banco:banco_inst|registradores~557       ; Stuck at GND due to stuck port data_in      ;
; banco:banco_inst|registradores~589       ; Stuck at GND due to stuck port data_in      ;
; banco:banco_inst|registradores~621       ; Stuck at GND due to stuck port data_in      ;
; banco:banco_inst|registradores~653       ; Stuck at GND due to stuck port data_in      ;
; banco:banco_inst|registradores~685       ; Stuck at GND due to stuck port data_in      ;
; banco:banco_inst|registradores~717       ; Stuck at GND due to stuck port data_in      ;
; banco:banco_inst|registradores~749       ; Stuck at GND due to stuck port data_in      ;
; banco:banco_inst|registradores~781       ; Stuck at GND due to stuck port data_in      ;
; banco:banco_inst|registradores~813       ; Stuck at GND due to stuck port data_in      ;
; banco:banco_inst|registradores~845       ; Stuck at GND due to stuck port data_in      ;
; banco:banco_inst|registradores~877       ; Stuck at GND due to stuck port data_in      ;
; banco:banco_inst|registradores~909       ; Stuck at GND due to stuck port data_in      ;
; banco:banco_inst|registradores~941       ; Stuck at GND due to stuck port data_in      ;
; banco:banco_inst|registradores~973       ; Stuck at GND due to stuck port data_in      ;
; banco:banco_inst|registradores~1005      ; Stuck at GND due to stuck port data_in      ;
; banco:banco_inst|registradores~1037      ; Stuck at GND due to stuck port data_in      ;
; banco:banco_inst|registradores~1069      ; Stuck at GND due to stuck port data_in      ;
; banco:banco_inst|registradores~1101      ; Stuck at GND due to stuck port data_in      ;
; banco:banco_inst|registradores~1133      ; Stuck at GND due to stuck port data_in      ;
; banco:banco_inst|registradores~1165      ; Stuck at GND due to stuck port data_in      ;
; banco:banco_inst|registradores~1197      ; Stuck at GND due to stuck port data_in      ;
; banco:banco_inst|registradores~1229      ; Stuck at GND due to stuck port data_in      ;
; banco:banco_inst|registradores~1261      ; Stuck at GND due to stuck port data_in      ;
; banco:banco_inst|registradores~1293      ; Stuck at GND due to stuck port data_in      ;
; banco:banco_inst|registradores~1325      ; Stuck at GND due to stuck port data_in      ;
; banco:banco_inst|registradores~1357      ; Stuck at GND due to stuck port data_in      ;
; banco:banco_inst|registradores~1389      ; Stuck at GND due to stuck port data_in      ;
; banco:banco_inst|registradores~1421      ; Stuck at GND due to stuck port data_in      ;
; banco:banco_inst|registradores~1453      ; Stuck at GND due to stuck port data_in      ;
; banco:banco_inst|registradores~1485      ; Stuck at GND due to stuck port data_in      ;
; banco:banco_inst|registradores~1517      ; Stuck at GND due to stuck port data_in      ;
; banco:banco_inst|registradores~1549      ; Stuck at GND due to stuck port data_in      ;
; banco:banco_inst|registradores~1581      ; Stuck at GND due to stuck port data_in      ;
; banco:banco_inst|registradores~1613      ; Stuck at GND due to stuck port data_in      ;
; banco:banco_inst|registradores~1645      ; Stuck at GND due to stuck port data_in      ;
; banco:banco_inst|registradores~1677      ; Stuck at GND due to stuck port data_in      ;
; banco:banco_inst|registradores~1709      ; Stuck at GND due to stuck port data_in      ;
; banco:banco_inst|registradores~1741      ; Stuck at GND due to stuck port data_in      ;
; banco:banco_inst|registradores~1773      ; Stuck at GND due to stuck port data_in      ;
; banco:banco_inst|registradores~1805      ; Stuck at GND due to stuck port data_in      ;
; banco:banco_inst|registradores~1837      ; Stuck at GND due to stuck port data_in      ;
; banco:banco_inst|registradores~1869      ; Stuck at GND due to stuck port data_in      ;
; banco:banco_inst|registradores~1901      ; Stuck at GND due to stuck port data_in      ;
; banco:banco_inst|registradores~1933      ; Stuck at GND due to stuck port data_in      ;
; banco:banco_inst|registradores~1965      ; Stuck at GND due to stuck port data_in      ;
; banco:banco_inst|registradores~1997      ; Stuck at GND due to stuck port data_in      ;
; banco:banco_inst|registradores~2029      ; Stuck at GND due to stuck port data_in      ;
; banco:banco_inst|registradores~268       ; Stuck at GND due to stuck port data_in      ;
; banco:banco_inst|registradores~300       ; Stuck at GND due to stuck port data_in      ;
; banco:banco_inst|registradores~332       ; Stuck at GND due to stuck port data_in      ;
; banco:banco_inst|registradores~364       ; Stuck at GND due to stuck port data_in      ;
; banco:banco_inst|registradores~396       ; Stuck at GND due to stuck port data_in      ;
; banco:banco_inst|registradores~428       ; Stuck at GND due to stuck port data_in      ;
; banco:banco_inst|registradores~460       ; Stuck at GND due to stuck port data_in      ;
; banco:banco_inst|registradores~492       ; Stuck at GND due to stuck port data_in      ;
; banco:banco_inst|registradores~524       ; Stuck at GND due to stuck port data_in      ;
; banco:banco_inst|registradores~556       ; Stuck at GND due to stuck port data_in      ;
; banco:banco_inst|registradores~588       ; Stuck at GND due to stuck port data_in      ;
; banco:banco_inst|registradores~620       ; Stuck at GND due to stuck port data_in      ;
; banco:banco_inst|registradores~652       ; Stuck at GND due to stuck port data_in      ;
; banco:banco_inst|registradores~684       ; Stuck at GND due to stuck port data_in      ;
; banco:banco_inst|registradores~716       ; Stuck at GND due to stuck port data_in      ;
; banco:banco_inst|registradores~748       ; Stuck at GND due to stuck port data_in      ;
; banco:banco_inst|registradores~780       ; Stuck at GND due to stuck port data_in      ;
; banco:banco_inst|registradores~812       ; Stuck at GND due to stuck port data_in      ;
; banco:banco_inst|registradores~844       ; Stuck at GND due to stuck port data_in      ;
; banco:banco_inst|registradores~876       ; Stuck at GND due to stuck port data_in      ;
; banco:banco_inst|registradores~908       ; Stuck at GND due to stuck port data_in      ;
; banco:banco_inst|registradores~940       ; Stuck at GND due to stuck port data_in      ;
; banco:banco_inst|registradores~972       ; Stuck at GND due to stuck port data_in      ;
; banco:banco_inst|registradores~1004      ; Stuck at GND due to stuck port data_in      ;
; banco:banco_inst|registradores~1036      ; Stuck at GND due to stuck port data_in      ;
; banco:banco_inst|registradores~1068      ; Stuck at GND due to stuck port data_in      ;
; banco:banco_inst|registradores~1100      ; Stuck at GND due to stuck port data_in      ;
; banco:banco_inst|registradores~1132      ; Stuck at GND due to stuck port data_in      ;
; banco:banco_inst|registradores~1164      ; Stuck at GND due to stuck port data_in      ;
; banco:banco_inst|registradores~1196      ; Stuck at GND due to stuck port data_in      ;
; banco:banco_inst|registradores~1228      ; Stuck at GND due to stuck port data_in      ;
; banco:banco_inst|registradores~1260      ; Stuck at GND due to stuck port data_in      ;
; banco:banco_inst|registradores~1292      ; Stuck at GND due to stuck port data_in      ;
; banco:banco_inst|registradores~1324      ; Stuck at GND due to stuck port data_in      ;
; banco:banco_inst|registradores~1356      ; Stuck at GND due to stuck port data_in      ;
; banco:banco_inst|registradores~1388      ; Stuck at GND due to stuck port data_in      ;
; banco:banco_inst|registradores~1420      ; Stuck at GND due to stuck port data_in      ;
; banco:banco_inst|registradores~1452      ; Stuck at GND due to stuck port data_in      ;
; banco:banco_inst|registradores~1484      ; Stuck at GND due to stuck port data_in      ;
; banco:banco_inst|registradores~1516      ; Stuck at GND due to stuck port data_in      ;
; banco:banco_inst|registradores~1548      ; Stuck at GND due to stuck port data_in      ;
; banco:banco_inst|registradores~1580      ; Stuck at GND due to stuck port data_in      ;
; banco:banco_inst|registradores~1612      ; Stuck at GND due to stuck port data_in      ;
; banco:banco_inst|registradores~1644      ; Stuck at GND due to stuck port data_in      ;
; banco:banco_inst|registradores~1676      ; Stuck at GND due to stuck port data_in      ;
; banco:banco_inst|registradores~1708      ; Stuck at GND due to stuck port data_in      ;
; banco:banco_inst|registradores~1740      ; Stuck at GND due to stuck port data_in      ;
; banco:banco_inst|registradores~1772      ; Stuck at GND due to stuck port data_in      ;
; banco:banco_inst|registradores~1804      ; Stuck at GND due to stuck port data_in      ;
; banco:banco_inst|registradores~1836      ; Stuck at GND due to stuck port data_in      ;
; banco:banco_inst|registradores~1868      ; Stuck at GND due to stuck port data_in      ;
; banco:banco_inst|registradores~1900      ; Stuck at GND due to stuck port data_in      ;
; banco:banco_inst|registradores~1932      ; Stuck at GND due to stuck port data_in      ;
; banco:banco_inst|registradores~1964      ; Stuck at GND due to stuck port data_in      ;
; banco:banco_inst|registradores~1996      ; Stuck at GND due to stuck port data_in      ;
; banco:banco_inst|registradores~2028      ; Stuck at GND due to stuck port data_in      ;
; banco:banco_inst|registradores~267       ; Stuck at GND due to stuck port data_in      ;
; banco:banco_inst|registradores~299       ; Stuck at GND due to stuck port data_in      ;
; banco:banco_inst|registradores~331       ; Stuck at GND due to stuck port data_in      ;
; banco:banco_inst|registradores~363       ; Stuck at GND due to stuck port data_in      ;
; banco:banco_inst|registradores~395       ; Stuck at GND due to stuck port data_in      ;
; banco:banco_inst|registradores~427       ; Stuck at GND due to stuck port data_in      ;
; banco:banco_inst|registradores~459       ; Stuck at GND due to stuck port data_in      ;
; banco:banco_inst|registradores~491       ; Stuck at GND due to stuck port data_in      ;
; banco:banco_inst|registradores~523       ; Stuck at GND due to stuck port data_in      ;
; banco:banco_inst|registradores~555       ; Stuck at GND due to stuck port data_in      ;
; banco:banco_inst|registradores~587       ; Stuck at GND due to stuck port data_in      ;
; banco:banco_inst|registradores~619       ; Stuck at GND due to stuck port data_in      ;
; banco:banco_inst|registradores~651       ; Stuck at GND due to stuck port data_in      ;
; banco:banco_inst|registradores~683       ; Stuck at GND due to stuck port data_in      ;
; banco:banco_inst|registradores~715       ; Stuck at GND due to stuck port data_in      ;
; banco:banco_inst|registradores~747       ; Stuck at GND due to stuck port data_in      ;
; banco:banco_inst|registradores~779       ; Stuck at GND due to stuck port data_in      ;
; banco:banco_inst|registradores~811       ; Stuck at GND due to stuck port data_in      ;
; banco:banco_inst|registradores~843       ; Stuck at GND due to stuck port data_in      ;
; banco:banco_inst|registradores~875       ; Stuck at GND due to stuck port data_in      ;
; banco:banco_inst|registradores~907       ; Stuck at GND due to stuck port data_in      ;
; banco:banco_inst|registradores~939       ; Stuck at GND due to stuck port data_in      ;
; banco:banco_inst|registradores~971       ; Stuck at GND due to stuck port data_in      ;
; banco:banco_inst|registradores~1003      ; Stuck at GND due to stuck port data_in      ;
; banco:banco_inst|registradores~1035      ; Stuck at GND due to stuck port data_in      ;
; banco:banco_inst|registradores~1067      ; Stuck at GND due to stuck port data_in      ;
; banco:banco_inst|registradores~1099      ; Stuck at GND due to stuck port data_in      ;
; banco:banco_inst|registradores~1131      ; Stuck at GND due to stuck port data_in      ;
; banco:banco_inst|registradores~1163      ; Stuck at GND due to stuck port data_in      ;
; banco:banco_inst|registradores~1195      ; Stuck at GND due to stuck port data_in      ;
; banco:banco_inst|registradores~1227      ; Stuck at GND due to stuck port data_in      ;
; banco:banco_inst|registradores~1259      ; Stuck at GND due to stuck port data_in      ;
; banco:banco_inst|registradores~1291      ; Stuck at GND due to stuck port data_in      ;
; banco:banco_inst|registradores~1323      ; Stuck at GND due to stuck port data_in      ;
; banco:banco_inst|registradores~1355      ; Stuck at GND due to stuck port data_in      ;
; banco:banco_inst|registradores~1387      ; Stuck at GND due to stuck port data_in      ;
; banco:banco_inst|registradores~1419      ; Stuck at GND due to stuck port data_in      ;
; banco:banco_inst|registradores~1451      ; Stuck at GND due to stuck port data_in      ;
; banco:banco_inst|registradores~1483      ; Stuck at GND due to stuck port data_in      ;
; banco:banco_inst|registradores~1515      ; Stuck at GND due to stuck port data_in      ;
; banco:banco_inst|registradores~1547      ; Stuck at GND due to stuck port data_in      ;
; banco:banco_inst|registradores~1579      ; Stuck at GND due to stuck port data_in      ;
; banco:banco_inst|registradores~1611      ; Stuck at GND due to stuck port data_in      ;
; banco:banco_inst|registradores~1643      ; Stuck at GND due to stuck port data_in      ;
; banco:banco_inst|registradores~1675      ; Stuck at GND due to stuck port data_in      ;
; banco:banco_inst|registradores~1707      ; Stuck at GND due to stuck port data_in      ;
; banco:banco_inst|registradores~1739      ; Stuck at GND due to stuck port data_in      ;
; banco:banco_inst|registradores~1771      ; Stuck at GND due to stuck port data_in      ;
; banco:banco_inst|registradores~1803      ; Stuck at GND due to stuck port data_in      ;
; banco:banco_inst|registradores~1835      ; Stuck at GND due to stuck port data_in      ;
; banco:banco_inst|registradores~1867      ; Stuck at GND due to stuck port data_in      ;
; banco:banco_inst|registradores~1899      ; Stuck at GND due to stuck port data_in      ;
; banco:banco_inst|registradores~1931      ; Stuck at GND due to stuck port data_in      ;
; banco:banco_inst|registradores~1963      ; Stuck at GND due to stuck port data_in      ;
; banco:banco_inst|registradores~1995      ; Stuck at GND due to stuck port data_in      ;
; banco:banco_inst|registradores~2027      ; Stuck at GND due to stuck port data_in      ;
; banco:banco_inst|registradores~266       ; Stuck at GND due to stuck port data_in      ;
; banco:banco_inst|registradores~298       ; Stuck at GND due to stuck port data_in      ;
; banco:banco_inst|registradores~330       ; Stuck at GND due to stuck port data_in      ;
; banco:banco_inst|registradores~362       ; Stuck at GND due to stuck port data_in      ;
; banco:banco_inst|registradores~394       ; Stuck at GND due to stuck port data_in      ;
; banco:banco_inst|registradores~426       ; Stuck at GND due to stuck port data_in      ;
; banco:banco_inst|registradores~458       ; Stuck at GND due to stuck port data_in      ;
; banco:banco_inst|registradores~490       ; Stuck at GND due to stuck port data_in      ;
; banco:banco_inst|registradores~522       ; Stuck at GND due to stuck port data_in      ;
; banco:banco_inst|registradores~554       ; Stuck at GND due to stuck port data_in      ;
; banco:banco_inst|registradores~586       ; Stuck at GND due to stuck port data_in      ;
; banco:banco_inst|registradores~618       ; Stuck at GND due to stuck port data_in      ;
; banco:banco_inst|registradores~650       ; Stuck at GND due to stuck port data_in      ;
; banco:banco_inst|registradores~682       ; Stuck at GND due to stuck port data_in      ;
; banco:banco_inst|registradores~714       ; Stuck at GND due to stuck port data_in      ;
; banco:banco_inst|registradores~746       ; Stuck at GND due to stuck port data_in      ;
; banco:banco_inst|registradores~778       ; Stuck at GND due to stuck port data_in      ;
; banco:banco_inst|registradores~810       ; Stuck at GND due to stuck port data_in      ;
; banco:banco_inst|registradores~842       ; Stuck at GND due to stuck port data_in      ;
; banco:banco_inst|registradores~874       ; Stuck at GND due to stuck port data_in      ;
; banco:banco_inst|registradores~906       ; Stuck at GND due to stuck port data_in      ;
; banco:banco_inst|registradores~938       ; Stuck at GND due to stuck port data_in      ;
; banco:banco_inst|registradores~970       ; Stuck at GND due to stuck port data_in      ;
; banco:banco_inst|registradores~1002      ; Stuck at GND due to stuck port data_in      ;
; banco:banco_inst|registradores~1034      ; Stuck at GND due to stuck port data_in      ;
; banco:banco_inst|registradores~1066      ; Stuck at GND due to stuck port data_in      ;
; banco:banco_inst|registradores~1098      ; Stuck at GND due to stuck port data_in      ;
; banco:banco_inst|registradores~1130      ; Stuck at GND due to stuck port data_in      ;
; banco:banco_inst|registradores~1162      ; Stuck at GND due to stuck port data_in      ;
; banco:banco_inst|registradores~1194      ; Stuck at GND due to stuck port data_in      ;
; banco:banco_inst|registradores~1226      ; Stuck at GND due to stuck port data_in      ;
; banco:banco_inst|registradores~1258      ; Stuck at GND due to stuck port data_in      ;
; banco:banco_inst|registradores~1290      ; Stuck at GND due to stuck port data_in      ;
; banco:banco_inst|registradores~1322      ; Stuck at GND due to stuck port data_in      ;
; banco:banco_inst|registradores~1354      ; Stuck at GND due to stuck port data_in      ;
; banco:banco_inst|registradores~1386      ; Stuck at GND due to stuck port data_in      ;
; banco:banco_inst|registradores~1418      ; Stuck at GND due to stuck port data_in      ;
; banco:banco_inst|registradores~1450      ; Stuck at GND due to stuck port data_in      ;
; banco:banco_inst|registradores~1482      ; Stuck at GND due to stuck port data_in      ;
; banco:banco_inst|registradores~1514      ; Stuck at GND due to stuck port data_in      ;
; banco:banco_inst|registradores~1546      ; Stuck at GND due to stuck port data_in      ;
; banco:banco_inst|registradores~1578      ; Stuck at GND due to stuck port data_in      ;
; banco:banco_inst|registradores~1610      ; Stuck at GND due to stuck port data_in      ;
; banco:banco_inst|registradores~1642      ; Stuck at GND due to stuck port data_in      ;
; banco:banco_inst|registradores~1674      ; Stuck at GND due to stuck port data_in      ;
; banco:banco_inst|registradores~1706      ; Stuck at GND due to stuck port data_in      ;
; banco:banco_inst|registradores~1738      ; Stuck at GND due to stuck port data_in      ;
; banco:banco_inst|registradores~1770      ; Stuck at GND due to stuck port data_in      ;
; banco:banco_inst|registradores~1802      ; Stuck at GND due to stuck port data_in      ;
; banco:banco_inst|registradores~1834      ; Stuck at GND due to stuck port data_in      ;
; banco:banco_inst|registradores~1866      ; Stuck at GND due to stuck port data_in      ;
; banco:banco_inst|registradores~1898      ; Stuck at GND due to stuck port data_in      ;
; banco:banco_inst|registradores~1930      ; Stuck at GND due to stuck port data_in      ;
; banco:banco_inst|registradores~1962      ; Stuck at GND due to stuck port data_in      ;
; banco:banco_inst|registradores~1994      ; Stuck at GND due to stuck port data_in      ;
; banco:banco_inst|registradores~2026      ; Stuck at GND due to stuck port data_in      ;
; banco:banco_inst|registradores~265       ; Stuck at GND due to stuck port data_in      ;
; banco:banco_inst|registradores~297       ; Stuck at GND due to stuck port data_in      ;
; banco:banco_inst|registradores~329       ; Stuck at GND due to stuck port data_in      ;
; banco:banco_inst|registradores~361       ; Stuck at GND due to stuck port data_in      ;
; banco:banco_inst|registradores~393       ; Stuck at GND due to stuck port data_in      ;
; banco:banco_inst|registradores~425       ; Stuck at GND due to stuck port data_in      ;
; banco:banco_inst|registradores~457       ; Stuck at GND due to stuck port data_in      ;
; banco:banco_inst|registradores~489       ; Stuck at GND due to stuck port data_in      ;
; banco:banco_inst|registradores~521       ; Stuck at GND due to stuck port data_in      ;
; banco:banco_inst|registradores~553       ; Stuck at GND due to stuck port data_in      ;
; banco:banco_inst|registradores~585       ; Stuck at GND due to stuck port data_in      ;
; banco:banco_inst|registradores~617       ; Stuck at GND due to stuck port data_in      ;
; banco:banco_inst|registradores~649       ; Stuck at GND due to stuck port data_in      ;
; banco:banco_inst|registradores~681       ; Stuck at GND due to stuck port data_in      ;
; banco:banco_inst|registradores~713       ; Stuck at GND due to stuck port data_in      ;
; banco:banco_inst|registradores~745       ; Stuck at GND due to stuck port data_in      ;
; banco:banco_inst|registradores~777       ; Stuck at GND due to stuck port data_in      ;
; banco:banco_inst|registradores~809       ; Stuck at GND due to stuck port data_in      ;
; banco:banco_inst|registradores~841       ; Stuck at GND due to stuck port data_in      ;
; banco:banco_inst|registradores~873       ; Stuck at GND due to stuck port data_in      ;
; banco:banco_inst|registradores~905       ; Stuck at GND due to stuck port data_in      ;
; banco:banco_inst|registradores~937       ; Stuck at GND due to stuck port data_in      ;
; banco:banco_inst|registradores~969       ; Stuck at GND due to stuck port data_in      ;
; banco:banco_inst|registradores~1001      ; Stuck at GND due to stuck port data_in      ;
; banco:banco_inst|registradores~1033      ; Stuck at GND due to stuck port data_in      ;
; banco:banco_inst|registradores~1065      ; Stuck at GND due to stuck port data_in      ;
; banco:banco_inst|registradores~1097      ; Stuck at GND due to stuck port data_in      ;
; banco:banco_inst|registradores~1129      ; Stuck at GND due to stuck port data_in      ;
; banco:banco_inst|registradores~1161      ; Stuck at GND due to stuck port data_in      ;
; banco:banco_inst|registradores~1193      ; Stuck at GND due to stuck port data_in      ;
; banco:banco_inst|registradores~1225      ; Stuck at GND due to stuck port data_in      ;
; banco:banco_inst|registradores~1257      ; Stuck at GND due to stuck port data_in      ;
; banco:banco_inst|registradores~1289      ; Stuck at GND due to stuck port data_in      ;
; banco:banco_inst|registradores~1321      ; Stuck at GND due to stuck port data_in      ;
; banco:banco_inst|registradores~1353      ; Stuck at GND due to stuck port data_in      ;
; banco:banco_inst|registradores~1385      ; Stuck at GND due to stuck port data_in      ;
; banco:banco_inst|registradores~1417      ; Stuck at GND due to stuck port data_in      ;
; banco:banco_inst|registradores~1449      ; Stuck at GND due to stuck port data_in      ;
; banco:banco_inst|registradores~1481      ; Stuck at GND due to stuck port data_in      ;
; banco:banco_inst|registradores~1513      ; Stuck at GND due to stuck port data_in      ;
; banco:banco_inst|registradores~1545      ; Stuck at GND due to stuck port data_in      ;
; banco:banco_inst|registradores~1577      ; Stuck at GND due to stuck port data_in      ;
; banco:banco_inst|registradores~1609      ; Stuck at GND due to stuck port data_in      ;
; banco:banco_inst|registradores~1641      ; Stuck at GND due to stuck port data_in      ;
; banco:banco_inst|registradores~1673      ; Stuck at GND due to stuck port data_in      ;
; banco:banco_inst|registradores~1705      ; Stuck at GND due to stuck port data_in      ;
; banco:banco_inst|registradores~1737      ; Stuck at GND due to stuck port data_in      ;
; banco:banco_inst|registradores~1769      ; Stuck at GND due to stuck port data_in      ;
; banco:banco_inst|registradores~1801      ; Stuck at GND due to stuck port data_in      ;
; banco:banco_inst|registradores~1833      ; Stuck at GND due to stuck port data_in      ;
; banco:banco_inst|registradores~1865      ; Stuck at GND due to stuck port data_in      ;
; banco:banco_inst|registradores~1897      ; Stuck at GND due to stuck port data_in      ;
; banco:banco_inst|registradores~1929      ; Stuck at GND due to stuck port data_in      ;
; banco:banco_inst|registradores~1961      ; Stuck at GND due to stuck port data_in      ;
; banco:banco_inst|registradores~1993      ; Stuck at GND due to stuck port data_in      ;
; banco:banco_inst|registradores~2025      ; Stuck at GND due to stuck port data_in      ;
; banco:banco_inst|registradores~264       ; Stuck at GND due to stuck port data_in      ;
; banco:banco_inst|registradores~296       ; Stuck at GND due to stuck port data_in      ;
; banco:banco_inst|registradores~328       ; Stuck at GND due to stuck port data_in      ;
; banco:banco_inst|registradores~360       ; Stuck at GND due to stuck port data_in      ;
; banco:banco_inst|registradores~392       ; Stuck at GND due to stuck port data_in      ;
; banco:banco_inst|registradores~424       ; Stuck at GND due to stuck port data_in      ;
; banco:banco_inst|registradores~456       ; Stuck at GND due to stuck port data_in      ;
; banco:banco_inst|registradores~488       ; Stuck at GND due to stuck port data_in      ;
; banco:banco_inst|registradores~520       ; Stuck at GND due to stuck port data_in      ;
; banco:banco_inst|registradores~552       ; Stuck at GND due to stuck port data_in      ;
; banco:banco_inst|registradores~584       ; Stuck at GND due to stuck port data_in      ;
; banco:banco_inst|registradores~616       ; Stuck at GND due to stuck port data_in      ;
; banco:banco_inst|registradores~648       ; Stuck at GND due to stuck port data_in      ;
; banco:banco_inst|registradores~680       ; Stuck at GND due to stuck port data_in      ;
; banco:banco_inst|registradores~712       ; Stuck at GND due to stuck port data_in      ;
; banco:banco_inst|registradores~744       ; Stuck at GND due to stuck port data_in      ;
; banco:banco_inst|registradores~776       ; Stuck at GND due to stuck port data_in      ;
; banco:banco_inst|registradores~808       ; Stuck at GND due to stuck port data_in      ;
; banco:banco_inst|registradores~840       ; Stuck at GND due to stuck port data_in      ;
; banco:banco_inst|registradores~872       ; Stuck at GND due to stuck port data_in      ;
; banco:banco_inst|registradores~904       ; Stuck at GND due to stuck port data_in      ;
; banco:banco_inst|registradores~936       ; Stuck at GND due to stuck port data_in      ;
; banco:banco_inst|registradores~968       ; Stuck at GND due to stuck port data_in      ;
; banco:banco_inst|registradores~1000      ; Stuck at GND due to stuck port data_in      ;
; banco:banco_inst|registradores~1032      ; Stuck at GND due to stuck port data_in      ;
; banco:banco_inst|registradores~1064      ; Stuck at GND due to stuck port data_in      ;
; banco:banco_inst|registradores~1096      ; Stuck at GND due to stuck port data_in      ;
; banco:banco_inst|registradores~1128      ; Stuck at GND due to stuck port data_in      ;
; banco:banco_inst|registradores~1160      ; Stuck at GND due to stuck port data_in      ;
; banco:banco_inst|registradores~1192      ; Stuck at GND due to stuck port data_in      ;
; banco:banco_inst|registradores~1224      ; Stuck at GND due to stuck port data_in      ;
; banco:banco_inst|registradores~1256      ; Stuck at GND due to stuck port data_in      ;
; banco:banco_inst|registradores~1288      ; Stuck at GND due to stuck port data_in      ;
; banco:banco_inst|registradores~1320      ; Stuck at GND due to stuck port data_in      ;
; banco:banco_inst|registradores~1352      ; Stuck at GND due to stuck port data_in      ;
; banco:banco_inst|registradores~1384      ; Stuck at GND due to stuck port data_in      ;
; banco:banco_inst|registradores~1416      ; Stuck at GND due to stuck port data_in      ;
; banco:banco_inst|registradores~1448      ; Stuck at GND due to stuck port data_in      ;
; banco:banco_inst|registradores~1480      ; Stuck at GND due to stuck port data_in      ;
; banco:banco_inst|registradores~1512      ; Stuck at GND due to stuck port data_in      ;
; banco:banco_inst|registradores~1544      ; Stuck at GND due to stuck port data_in      ;
; banco:banco_inst|registradores~1576      ; Stuck at GND due to stuck port data_in      ;
; banco:banco_inst|registradores~1608      ; Stuck at GND due to stuck port data_in      ;
; banco:banco_inst|registradores~1640      ; Stuck at GND due to stuck port data_in      ;
; banco:banco_inst|registradores~1672      ; Stuck at GND due to stuck port data_in      ;
; banco:banco_inst|registradores~1704      ; Stuck at GND due to stuck port data_in      ;
; banco:banco_inst|registradores~1736      ; Stuck at GND due to stuck port data_in      ;
; banco:banco_inst|registradores~1768      ; Stuck at GND due to stuck port data_in      ;
; banco:banco_inst|registradores~1800      ; Stuck at GND due to stuck port data_in      ;
; banco:banco_inst|registradores~1832      ; Stuck at GND due to stuck port data_in      ;
; banco:banco_inst|registradores~1864      ; Stuck at GND due to stuck port data_in      ;
; banco:banco_inst|registradores~1896      ; Stuck at GND due to stuck port data_in      ;
; banco:banco_inst|registradores~1928      ; Stuck at GND due to stuck port data_in      ;
; banco:banco_inst|registradores~1960      ; Stuck at GND due to stuck port data_in      ;
; banco:banco_inst|registradores~1992      ; Stuck at GND due to stuck port data_in      ;
; banco:banco_inst|registradores~2024      ; Stuck at GND due to stuck port data_in      ;
; banco:banco_inst|registradores~263       ; Stuck at GND due to stuck port data_in      ;
; banco:banco_inst|registradores~295       ; Stuck at GND due to stuck port data_in      ;
; banco:banco_inst|registradores~327       ; Stuck at GND due to stuck port data_in      ;
; banco:banco_inst|registradores~359       ; Stuck at GND due to stuck port data_in      ;
; banco:banco_inst|registradores~391       ; Stuck at GND due to stuck port data_in      ;
; banco:banco_inst|registradores~423       ; Stuck at GND due to stuck port data_in      ;
; banco:banco_inst|registradores~455       ; Stuck at GND due to stuck port data_in      ;
; banco:banco_inst|registradores~487       ; Stuck at GND due to stuck port data_in      ;
; banco:banco_inst|registradores~519       ; Stuck at GND due to stuck port data_in      ;
; banco:banco_inst|registradores~551       ; Stuck at GND due to stuck port data_in      ;
; banco:banco_inst|registradores~583       ; Stuck at GND due to stuck port data_in      ;
; banco:banco_inst|registradores~615       ; Stuck at GND due to stuck port data_in      ;
; banco:banco_inst|registradores~647       ; Stuck at GND due to stuck port data_in      ;
; banco:banco_inst|registradores~679       ; Stuck at GND due to stuck port data_in      ;
; banco:banco_inst|registradores~711       ; Stuck at GND due to stuck port data_in      ;
; banco:banco_inst|registradores~743       ; Stuck at GND due to stuck port data_in      ;
; banco:banco_inst|registradores~775       ; Stuck at GND due to stuck port data_in      ;
; banco:banco_inst|registradores~807       ; Stuck at GND due to stuck port data_in      ;
; banco:banco_inst|registradores~839       ; Stuck at GND due to stuck port data_in      ;
; banco:banco_inst|registradores~871       ; Stuck at GND due to stuck port data_in      ;
; banco:banco_inst|registradores~903       ; Stuck at GND due to stuck port data_in      ;
; banco:banco_inst|registradores~935       ; Stuck at GND due to stuck port data_in      ;
; banco:banco_inst|registradores~967       ; Stuck at GND due to stuck port data_in      ;
; banco:banco_inst|registradores~999       ; Stuck at GND due to stuck port data_in      ;
; banco:banco_inst|registradores~1031      ; Stuck at GND due to stuck port data_in      ;
; banco:banco_inst|registradores~1063      ; Stuck at GND due to stuck port data_in      ;
; banco:banco_inst|registradores~1095      ; Stuck at GND due to stuck port data_in      ;
; banco:banco_inst|registradores~1127      ; Stuck at GND due to stuck port data_in      ;
; banco:banco_inst|registradores~1159      ; Stuck at GND due to stuck port data_in      ;
; banco:banco_inst|registradores~1191      ; Stuck at GND due to stuck port data_in      ;
; banco:banco_inst|registradores~1223      ; Stuck at GND due to stuck port data_in      ;
; banco:banco_inst|registradores~1255      ; Stuck at GND due to stuck port data_in      ;
; banco:banco_inst|registradores~1287      ; Stuck at GND due to stuck port data_in      ;
; banco:banco_inst|registradores~1319      ; Stuck at GND due to stuck port data_in      ;
; banco:banco_inst|registradores~1351      ; Stuck at GND due to stuck port data_in      ;
; banco:banco_inst|registradores~1383      ; Stuck at GND due to stuck port data_in      ;
; banco:banco_inst|registradores~1415      ; Stuck at GND due to stuck port data_in      ;
; banco:banco_inst|registradores~1447      ; Stuck at GND due to stuck port data_in      ;
; banco:banco_inst|registradores~1479      ; Stuck at GND due to stuck port data_in      ;
; banco:banco_inst|registradores~1511      ; Stuck at GND due to stuck port data_in      ;
; banco:banco_inst|registradores~1543      ; Stuck at GND due to stuck port data_in      ;
; banco:banco_inst|registradores~1575      ; Stuck at GND due to stuck port data_in      ;
; banco:banco_inst|registradores~1607      ; Stuck at GND due to stuck port data_in      ;
; banco:banco_inst|registradores~1639      ; Stuck at GND due to stuck port data_in      ;
; banco:banco_inst|registradores~1671      ; Stuck at GND due to stuck port data_in      ;
; banco:banco_inst|registradores~1703      ; Stuck at GND due to stuck port data_in      ;
; banco:banco_inst|registradores~1735      ; Stuck at GND due to stuck port data_in      ;
; banco:banco_inst|registradores~1767      ; Stuck at GND due to stuck port data_in      ;
; banco:banco_inst|registradores~1799      ; Stuck at GND due to stuck port data_in      ;
; banco:banco_inst|registradores~1831      ; Stuck at GND due to stuck port data_in      ;
; banco:banco_inst|registradores~1863      ; Stuck at GND due to stuck port data_in      ;
; banco:banco_inst|registradores~1895      ; Stuck at GND due to stuck port data_in      ;
; banco:banco_inst|registradores~1927      ; Stuck at GND due to stuck port data_in      ;
; banco:banco_inst|registradores~1959      ; Stuck at GND due to stuck port data_in      ;
; banco:banco_inst|registradores~1991      ; Stuck at GND due to stuck port data_in      ;
; banco:banco_inst|registradores~2023      ; Stuck at GND due to stuck port data_in      ;
; banco:banco_inst|registradores~262       ; Stuck at GND due to stuck port data_in      ;
; banco:banco_inst|registradores~294       ; Stuck at GND due to stuck port data_in      ;
; banco:banco_inst|registradores~326       ; Stuck at GND due to stuck port data_in      ;
; banco:banco_inst|registradores~358       ; Stuck at GND due to stuck port data_in      ;
; banco:banco_inst|registradores~390       ; Stuck at GND due to stuck port data_in      ;
; banco:banco_inst|registradores~422       ; Stuck at GND due to stuck port data_in      ;
; banco:banco_inst|registradores~454       ; Stuck at GND due to stuck port data_in      ;
; banco:banco_inst|registradores~486       ; Stuck at GND due to stuck port data_in      ;
; banco:banco_inst|registradores~518       ; Stuck at GND due to stuck port data_in      ;
; banco:banco_inst|registradores~550       ; Stuck at GND due to stuck port data_in      ;
; banco:banco_inst|registradores~582       ; Stuck at GND due to stuck port data_in      ;
; banco:banco_inst|registradores~614       ; Stuck at GND due to stuck port data_in      ;
; banco:banco_inst|registradores~646       ; Stuck at GND due to stuck port data_in      ;
; banco:banco_inst|registradores~678       ; Stuck at GND due to stuck port data_in      ;
; banco:banco_inst|registradores~710       ; Stuck at GND due to stuck port data_in      ;
; banco:banco_inst|registradores~742       ; Stuck at GND due to stuck port data_in      ;
; banco:banco_inst|registradores~774       ; Stuck at GND due to stuck port data_in      ;
; banco:banco_inst|registradores~806       ; Stuck at GND due to stuck port data_in      ;
; banco:banco_inst|registradores~838       ; Stuck at GND due to stuck port data_in      ;
; banco:banco_inst|registradores~870       ; Stuck at GND due to stuck port data_in      ;
; banco:banco_inst|registradores~902       ; Stuck at GND due to stuck port data_in      ;
; banco:banco_inst|registradores~934       ; Stuck at GND due to stuck port data_in      ;
; banco:banco_inst|registradores~966       ; Stuck at GND due to stuck port data_in      ;
; banco:banco_inst|registradores~998       ; Stuck at GND due to stuck port data_in      ;
; banco:banco_inst|registradores~1030      ; Stuck at GND due to stuck port data_in      ;
; banco:banco_inst|registradores~1062      ; Stuck at GND due to stuck port data_in      ;
; banco:banco_inst|registradores~1094      ; Stuck at GND due to stuck port data_in      ;
; banco:banco_inst|registradores~1126      ; Stuck at GND due to stuck port data_in      ;
; banco:banco_inst|registradores~1158      ; Stuck at GND due to stuck port data_in      ;
; banco:banco_inst|registradores~1190      ; Stuck at GND due to stuck port data_in      ;
; banco:banco_inst|registradores~1222      ; Stuck at GND due to stuck port data_in      ;
; banco:banco_inst|registradores~1254      ; Stuck at GND due to stuck port data_in      ;
; banco:banco_inst|registradores~1286      ; Stuck at GND due to stuck port data_in      ;
; banco:banco_inst|registradores~1318      ; Stuck at GND due to stuck port data_in      ;
; banco:banco_inst|registradores~1350      ; Stuck at GND due to stuck port data_in      ;
; banco:banco_inst|registradores~1382      ; Stuck at GND due to stuck port data_in      ;
; banco:banco_inst|registradores~1414      ; Stuck at GND due to stuck port data_in      ;
; banco:banco_inst|registradores~1446      ; Stuck at GND due to stuck port data_in      ;
; banco:banco_inst|registradores~1478      ; Stuck at GND due to stuck port data_in      ;
; banco:banco_inst|registradores~1510      ; Stuck at GND due to stuck port data_in      ;
; banco:banco_inst|registradores~1542      ; Stuck at GND due to stuck port data_in      ;
; banco:banco_inst|registradores~1574      ; Stuck at GND due to stuck port data_in      ;
; banco:banco_inst|registradores~1606      ; Stuck at GND due to stuck port data_in      ;
; banco:banco_inst|registradores~1638      ; Stuck at GND due to stuck port data_in      ;
; banco:banco_inst|registradores~1670      ; Stuck at GND due to stuck port data_in      ;
; banco:banco_inst|registradores~1702      ; Stuck at GND due to stuck port data_in      ;
; banco:banco_inst|registradores~1734      ; Stuck at GND due to stuck port data_in      ;
; banco:banco_inst|registradores~1766      ; Stuck at GND due to stuck port data_in      ;
; banco:banco_inst|registradores~1798      ; Stuck at GND due to stuck port data_in      ;
; banco:banco_inst|registradores~1830      ; Stuck at GND due to stuck port data_in      ;
; banco:banco_inst|registradores~1862      ; Stuck at GND due to stuck port data_in      ;
; banco:banco_inst|registradores~1894      ; Stuck at GND due to stuck port data_in      ;
; banco:banco_inst|registradores~1926      ; Stuck at GND due to stuck port data_in      ;
; banco:banco_inst|registradores~1958      ; Stuck at GND due to stuck port data_in      ;
; banco:banco_inst|registradores~1990      ; Stuck at GND due to stuck port data_in      ;
; banco:banco_inst|registradores~2022      ; Stuck at GND due to stuck port data_in      ;
; banco:banco_inst|registradores~261       ; Stuck at GND due to stuck port data_in      ;
; banco:banco_inst|registradores~293       ; Stuck at GND due to stuck port data_in      ;
; banco:banco_inst|registradores~325       ; Stuck at GND due to stuck port data_in      ;
; banco:banco_inst|registradores~357       ; Stuck at GND due to stuck port data_in      ;
; banco:banco_inst|registradores~389       ; Stuck at GND due to stuck port data_in      ;
; banco:banco_inst|registradores~421       ; Stuck at GND due to stuck port data_in      ;
; banco:banco_inst|registradores~453       ; Stuck at GND due to stuck port data_in      ;
; banco:banco_inst|registradores~485       ; Stuck at GND due to stuck port data_in      ;
; banco:banco_inst|registradores~517       ; Stuck at GND due to stuck port data_in      ;
; banco:banco_inst|registradores~549       ; Stuck at GND due to stuck port data_in      ;
; banco:banco_inst|registradores~581       ; Stuck at GND due to stuck port data_in      ;
; banco:banco_inst|registradores~613       ; Stuck at GND due to stuck port data_in      ;
; banco:banco_inst|registradores~645       ; Stuck at GND due to stuck port data_in      ;
; banco:banco_inst|registradores~677       ; Stuck at GND due to stuck port data_in      ;
; banco:banco_inst|registradores~709       ; Stuck at GND due to stuck port data_in      ;
; banco:banco_inst|registradores~741       ; Stuck at GND due to stuck port data_in      ;
; banco:banco_inst|registradores~773       ; Stuck at GND due to stuck port data_in      ;
; banco:banco_inst|registradores~805       ; Stuck at GND due to stuck port data_in      ;
; banco:banco_inst|registradores~837       ; Stuck at GND due to stuck port data_in      ;
; banco:banco_inst|registradores~869       ; Stuck at GND due to stuck port data_in      ;
; banco:banco_inst|registradores~901       ; Stuck at GND due to stuck port data_in      ;
; banco:banco_inst|registradores~933       ; Stuck at GND due to stuck port data_in      ;
; banco:banco_inst|registradores~965       ; Stuck at GND due to stuck port data_in      ;
; banco:banco_inst|registradores~997       ; Stuck at GND due to stuck port data_in      ;
; banco:banco_inst|registradores~1029      ; Stuck at GND due to stuck port data_in      ;
; banco:banco_inst|registradores~1061      ; Stuck at GND due to stuck port data_in      ;
; banco:banco_inst|registradores~1093      ; Stuck at GND due to stuck port data_in      ;
; banco:banco_inst|registradores~1125      ; Stuck at GND due to stuck port data_in      ;
; banco:banco_inst|registradores~1157      ; Stuck at GND due to stuck port data_in      ;
; banco:banco_inst|registradores~1189      ; Stuck at GND due to stuck port data_in      ;
; banco:banco_inst|registradores~1221      ; Stuck at GND due to stuck port data_in      ;
; banco:banco_inst|registradores~1253      ; Stuck at GND due to stuck port data_in      ;
; banco:banco_inst|registradores~1285      ; Stuck at GND due to stuck port data_in      ;
; banco:banco_inst|registradores~1317      ; Stuck at GND due to stuck port data_in      ;
; banco:banco_inst|registradores~1349      ; Stuck at GND due to stuck port data_in      ;
; banco:banco_inst|registradores~1381      ; Stuck at GND due to stuck port data_in      ;
; banco:banco_inst|registradores~1413      ; Stuck at GND due to stuck port data_in      ;
; banco:banco_inst|registradores~1445      ; Stuck at GND due to stuck port data_in      ;
; banco:banco_inst|registradores~1477      ; Stuck at GND due to stuck port data_in      ;
; banco:banco_inst|registradores~1509      ; Stuck at GND due to stuck port data_in      ;
; banco:banco_inst|registradores~1541      ; Stuck at GND due to stuck port data_in      ;
; banco:banco_inst|registradores~1573      ; Stuck at GND due to stuck port data_in      ;
; banco:banco_inst|registradores~1605      ; Stuck at GND due to stuck port data_in      ;
; banco:banco_inst|registradores~1637      ; Stuck at GND due to stuck port data_in      ;
; banco:banco_inst|registradores~1669      ; Stuck at GND due to stuck port data_in      ;
; banco:banco_inst|registradores~1701      ; Stuck at GND due to stuck port data_in      ;
; banco:banco_inst|registradores~1733      ; Stuck at GND due to stuck port data_in      ;
; banco:banco_inst|registradores~1765      ; Stuck at GND due to stuck port data_in      ;
; banco:banco_inst|registradores~1797      ; Stuck at GND due to stuck port data_in      ;
; banco:banco_inst|registradores~1829      ; Stuck at GND due to stuck port data_in      ;
; banco:banco_inst|registradores~1861      ; Stuck at GND due to stuck port data_in      ;
; banco:banco_inst|registradores~1893      ; Stuck at GND due to stuck port data_in      ;
; banco:banco_inst|registradores~1925      ; Stuck at GND due to stuck port data_in      ;
; banco:banco_inst|registradores~1957      ; Stuck at GND due to stuck port data_in      ;
; banco:banco_inst|registradores~1989      ; Stuck at GND due to stuck port data_in      ;
; banco:banco_inst|registradores~2021      ; Stuck at GND due to stuck port data_in      ;
; banco:banco_inst|registradores~260       ; Stuck at GND due to stuck port data_in      ;
; banco:banco_inst|registradores~292       ; Stuck at GND due to stuck port data_in      ;
; banco:banco_inst|registradores~324       ; Stuck at GND due to stuck port data_in      ;
; banco:banco_inst|registradores~356       ; Stuck at GND due to stuck port data_in      ;
; banco:banco_inst|registradores~388       ; Stuck at GND due to stuck port data_in      ;
; banco:banco_inst|registradores~420       ; Stuck at GND due to stuck port data_in      ;
; banco:banco_inst|registradores~452       ; Stuck at GND due to stuck port data_in      ;
; banco:banco_inst|registradores~484       ; Stuck at GND due to stuck port data_in      ;
; banco:banco_inst|registradores~516       ; Stuck at GND due to stuck port data_in      ;
; banco:banco_inst|registradores~548       ; Stuck at GND due to stuck port data_in      ;
; banco:banco_inst|registradores~580       ; Stuck at GND due to stuck port data_in      ;
; banco:banco_inst|registradores~612       ; Stuck at GND due to stuck port data_in      ;
; banco:banco_inst|registradores~644       ; Stuck at GND due to stuck port data_in      ;
; banco:banco_inst|registradores~676       ; Stuck at GND due to stuck port data_in      ;
; banco:banco_inst|registradores~708       ; Stuck at GND due to stuck port data_in      ;
; banco:banco_inst|registradores~740       ; Stuck at GND due to stuck port data_in      ;
; banco:banco_inst|registradores~772       ; Stuck at GND due to stuck port data_in      ;
; banco:banco_inst|registradores~804       ; Stuck at GND due to stuck port data_in      ;
; banco:banco_inst|registradores~836       ; Stuck at GND due to stuck port data_in      ;
; banco:banco_inst|registradores~868       ; Stuck at GND due to stuck port data_in      ;
; banco:banco_inst|registradores~900       ; Stuck at GND due to stuck port data_in      ;
; banco:banco_inst|registradores~932       ; Stuck at GND due to stuck port data_in      ;
; banco:banco_inst|registradores~964       ; Stuck at GND due to stuck port data_in      ;
; banco:banco_inst|registradores~996       ; Stuck at GND due to stuck port data_in      ;
; banco:banco_inst|registradores~1028      ; Stuck at GND due to stuck port data_in      ;
; banco:banco_inst|registradores~1060      ; Stuck at GND due to stuck port data_in      ;
; banco:banco_inst|registradores~1092      ; Stuck at GND due to stuck port data_in      ;
; banco:banco_inst|registradores~1124      ; Stuck at GND due to stuck port data_in      ;
; banco:banco_inst|registradores~1156      ; Stuck at GND due to stuck port data_in      ;
; banco:banco_inst|registradores~1188      ; Stuck at GND due to stuck port data_in      ;
; banco:banco_inst|registradores~1220      ; Stuck at GND due to stuck port data_in      ;
; banco:banco_inst|registradores~1252      ; Stuck at GND due to stuck port data_in      ;
; banco:banco_inst|registradores~1284      ; Stuck at GND due to stuck port data_in      ;
; banco:banco_inst|registradores~1316      ; Stuck at GND due to stuck port data_in      ;
; banco:banco_inst|registradores~1348      ; Stuck at GND due to stuck port data_in      ;
; banco:banco_inst|registradores~1380      ; Stuck at GND due to stuck port data_in      ;
; banco:banco_inst|registradores~1412      ; Stuck at GND due to stuck port data_in      ;
; banco:banco_inst|registradores~1444      ; Stuck at GND due to stuck port data_in      ;
; banco:banco_inst|registradores~1476      ; Stuck at GND due to stuck port data_in      ;
; banco:banco_inst|registradores~1508      ; Stuck at GND due to stuck port data_in      ;
; banco:banco_inst|registradores~1540      ; Stuck at GND due to stuck port data_in      ;
; banco:banco_inst|registradores~1572      ; Stuck at GND due to stuck port data_in      ;
; banco:banco_inst|registradores~1604      ; Stuck at GND due to stuck port data_in      ;
; banco:banco_inst|registradores~1636      ; Stuck at GND due to stuck port data_in      ;
; banco:banco_inst|registradores~1668      ; Stuck at GND due to stuck port data_in      ;
; banco:banco_inst|registradores~1700      ; Stuck at GND due to stuck port data_in      ;
; banco:banco_inst|registradores~1732      ; Stuck at GND due to stuck port data_in      ;
; banco:banco_inst|registradores~1764      ; Stuck at GND due to stuck port data_in      ;
; banco:banco_inst|registradores~1796      ; Stuck at GND due to stuck port data_in      ;
; banco:banco_inst|registradores~1828      ; Stuck at GND due to stuck port data_in      ;
; banco:banco_inst|registradores~1860      ; Stuck at GND due to stuck port data_in      ;
; banco:banco_inst|registradores~1892      ; Stuck at GND due to stuck port data_in      ;
; banco:banco_inst|registradores~1924      ; Stuck at GND due to stuck port data_in      ;
; banco:banco_inst|registradores~1956      ; Stuck at GND due to stuck port data_in      ;
; banco:banco_inst|registradores~1988      ; Stuck at GND due to stuck port data_in      ;
; banco:banco_inst|registradores~2020      ; Stuck at GND due to stuck port data_in      ;
; banco:banco_inst|registradores~259       ; Stuck at GND due to stuck port data_in      ;
; banco:banco_inst|registradores~291       ; Stuck at GND due to stuck port data_in      ;
; banco:banco_inst|registradores~323       ; Stuck at GND due to stuck port data_in      ;
; banco:banco_inst|registradores~355       ; Stuck at GND due to stuck port data_in      ;
; banco:banco_inst|registradores~387       ; Stuck at GND due to stuck port data_in      ;
; banco:banco_inst|registradores~419       ; Stuck at GND due to stuck port data_in      ;
; banco:banco_inst|registradores~451       ; Stuck at GND due to stuck port data_in      ;
; banco:banco_inst|registradores~483       ; Stuck at GND due to stuck port data_in      ;
; banco:banco_inst|registradores~515       ; Stuck at GND due to stuck port data_in      ;
; banco:banco_inst|registradores~547       ; Stuck at GND due to stuck port data_in      ;
; banco:banco_inst|registradores~579       ; Stuck at GND due to stuck port data_in      ;
; banco:banco_inst|registradores~611       ; Stuck at GND due to stuck port data_in      ;
; banco:banco_inst|registradores~643       ; Stuck at GND due to stuck port data_in      ;
; banco:banco_inst|registradores~675       ; Stuck at GND due to stuck port data_in      ;
; banco:banco_inst|registradores~707       ; Stuck at GND due to stuck port data_in      ;
; banco:banco_inst|registradores~739       ; Stuck at GND due to stuck port data_in      ;
; banco:banco_inst|registradores~771       ; Stuck at GND due to stuck port data_in      ;
; banco:banco_inst|registradores~803       ; Stuck at GND due to stuck port data_in      ;
; banco:banco_inst|registradores~835       ; Stuck at GND due to stuck port data_in      ;
; banco:banco_inst|registradores~867       ; Stuck at GND due to stuck port data_in      ;
; banco:banco_inst|registradores~899       ; Stuck at GND due to stuck port data_in      ;
; banco:banco_inst|registradores~931       ; Stuck at GND due to stuck port data_in      ;
; banco:banco_inst|registradores~963       ; Stuck at GND due to stuck port data_in      ;
; banco:banco_inst|registradores~995       ; Stuck at GND due to stuck port data_in      ;
; banco:banco_inst|registradores~1027      ; Stuck at GND due to stuck port data_in      ;
; banco:banco_inst|registradores~1059      ; Stuck at GND due to stuck port data_in      ;
; banco:banco_inst|registradores~1091      ; Stuck at GND due to stuck port data_in      ;
; banco:banco_inst|registradores~1123      ; Stuck at GND due to stuck port data_in      ;
; banco:banco_inst|registradores~1155      ; Stuck at GND due to stuck port data_in      ;
; banco:banco_inst|registradores~1187      ; Stuck at GND due to stuck port data_in      ;
; banco:banco_inst|registradores~1219      ; Stuck at GND due to stuck port data_in      ;
; banco:banco_inst|registradores~1251      ; Stuck at GND due to stuck port data_in      ;
; banco:banco_inst|registradores~1283      ; Stuck at GND due to stuck port data_in      ;
; banco:banco_inst|registradores~1315      ; Stuck at GND due to stuck port data_in      ;
; banco:banco_inst|registradores~1347      ; Stuck at GND due to stuck port data_in      ;
; banco:banco_inst|registradores~1379      ; Stuck at GND due to stuck port data_in      ;
; banco:banco_inst|registradores~1411      ; Stuck at GND due to stuck port data_in      ;
; banco:banco_inst|registradores~1443      ; Stuck at GND due to stuck port data_in      ;
; banco:banco_inst|registradores~1475      ; Stuck at GND due to stuck port data_in      ;
; banco:banco_inst|registradores~1507      ; Stuck at GND due to stuck port data_in      ;
; banco:banco_inst|registradores~1539      ; Stuck at GND due to stuck port data_in      ;
; banco:banco_inst|registradores~1571      ; Stuck at GND due to stuck port data_in      ;
; banco:banco_inst|registradores~1603      ; Stuck at GND due to stuck port data_in      ;
; banco:banco_inst|registradores~1635      ; Stuck at GND due to stuck port data_in      ;
; banco:banco_inst|registradores~1667      ; Stuck at GND due to stuck port data_in      ;
; banco:banco_inst|registradores~1699      ; Stuck at GND due to stuck port data_in      ;
; banco:banco_inst|registradores~1731      ; Stuck at GND due to stuck port data_in      ;
; banco:banco_inst|registradores~1763      ; Stuck at GND due to stuck port data_in      ;
; banco:banco_inst|registradores~1795      ; Stuck at GND due to stuck port data_in      ;
; banco:banco_inst|registradores~1827      ; Stuck at GND due to stuck port data_in      ;
; banco:banco_inst|registradores~1859      ; Stuck at GND due to stuck port data_in      ;
; banco:banco_inst|registradores~1891      ; Stuck at GND due to stuck port data_in      ;
; banco:banco_inst|registradores~1923      ; Stuck at GND due to stuck port data_in      ;
; banco:banco_inst|registradores~1955      ; Stuck at GND due to stuck port data_in      ;
; banco:banco_inst|registradores~1987      ; Stuck at GND due to stuck port data_in      ;
; banco:banco_inst|registradores~2019      ; Stuck at GND due to stuck port data_in      ;
; banco:banco_inst|registradores~258       ; Stuck at GND due to stuck port data_in      ;
; banco:banco_inst|registradores~290       ; Stuck at GND due to stuck port data_in      ;
; banco:banco_inst|registradores~322       ; Stuck at GND due to stuck port data_in      ;
; banco:banco_inst|registradores~354       ; Stuck at GND due to stuck port data_in      ;
; banco:banco_inst|registradores~386       ; Stuck at GND due to stuck port data_in      ;
; banco:banco_inst|registradores~418       ; Stuck at GND due to stuck port data_in      ;
; banco:banco_inst|registradores~450       ; Stuck at GND due to stuck port data_in      ;
; banco:banco_inst|registradores~482       ; Stuck at GND due to stuck port data_in      ;
; banco:banco_inst|registradores~514       ; Stuck at GND due to stuck port data_in      ;
; banco:banco_inst|registradores~546       ; Stuck at GND due to stuck port data_in      ;
; banco:banco_inst|registradores~578       ; Stuck at GND due to stuck port data_in      ;
; banco:banco_inst|registradores~610       ; Stuck at GND due to stuck port data_in      ;
; banco:banco_inst|registradores~642       ; Stuck at GND due to stuck port data_in      ;
; banco:banco_inst|registradores~674       ; Stuck at GND due to stuck port data_in      ;
; banco:banco_inst|registradores~706       ; Stuck at GND due to stuck port data_in      ;
; banco:banco_inst|registradores~738       ; Stuck at GND due to stuck port data_in      ;
; banco:banco_inst|registradores~770       ; Stuck at GND due to stuck port data_in      ;
; banco:banco_inst|registradores~802       ; Stuck at GND due to stuck port data_in      ;
; banco:banco_inst|registradores~834       ; Stuck at GND due to stuck port data_in      ;
; banco:banco_inst|registradores~866       ; Stuck at GND due to stuck port data_in      ;
; banco:banco_inst|registradores~898       ; Stuck at GND due to stuck port data_in      ;
; banco:banco_inst|registradores~930       ; Stuck at GND due to stuck port data_in      ;
; banco:banco_inst|registradores~962       ; Stuck at GND due to stuck port data_in      ;
; banco:banco_inst|registradores~994       ; Stuck at GND due to stuck port data_in      ;
; banco:banco_inst|registradores~1026      ; Stuck at GND due to stuck port data_in      ;
; banco:banco_inst|registradores~1058      ; Stuck at GND due to stuck port data_in      ;
; banco:banco_inst|registradores~1090      ; Stuck at GND due to stuck port data_in      ;
; banco:banco_inst|registradores~1122      ; Stuck at GND due to stuck port data_in      ;
; banco:banco_inst|registradores~1154      ; Stuck at GND due to stuck port data_in      ;
; banco:banco_inst|registradores~1186      ; Stuck at GND due to stuck port data_in      ;
; banco:banco_inst|registradores~1218      ; Stuck at GND due to stuck port data_in      ;
; banco:banco_inst|registradores~1250      ; Stuck at GND due to stuck port data_in      ;
; banco:banco_inst|registradores~1282      ; Stuck at GND due to stuck port data_in      ;
; banco:banco_inst|registradores~1314      ; Stuck at GND due to stuck port data_in      ;
; banco:banco_inst|registradores~1346      ; Stuck at GND due to stuck port data_in      ;
; banco:banco_inst|registradores~1378      ; Stuck at GND due to stuck port data_in      ;
; banco:banco_inst|registradores~1410      ; Stuck at GND due to stuck port data_in      ;
; banco:banco_inst|registradores~1442      ; Stuck at GND due to stuck port data_in      ;
; banco:banco_inst|registradores~1474      ; Stuck at GND due to stuck port data_in      ;
; banco:banco_inst|registradores~1506      ; Stuck at GND due to stuck port data_in      ;
; banco:banco_inst|registradores~1538      ; Stuck at GND due to stuck port data_in      ;
; banco:banco_inst|registradores~1570      ; Stuck at GND due to stuck port data_in      ;
; banco:banco_inst|registradores~1602      ; Stuck at GND due to stuck port data_in      ;
; banco:banco_inst|registradores~1634      ; Stuck at GND due to stuck port data_in      ;
; banco:banco_inst|registradores~1666      ; Stuck at GND due to stuck port data_in      ;
; banco:banco_inst|registradores~1698      ; Stuck at GND due to stuck port data_in      ;
; banco:banco_inst|registradores~1730      ; Stuck at GND due to stuck port data_in      ;
; banco:banco_inst|registradores~1762      ; Stuck at GND due to stuck port data_in      ;
; banco:banco_inst|registradores~1794      ; Stuck at GND due to stuck port data_in      ;
; banco:banco_inst|registradores~1826      ; Stuck at GND due to stuck port data_in      ;
; banco:banco_inst|registradores~1858      ; Stuck at GND due to stuck port data_in      ;
; banco:banco_inst|registradores~1890      ; Stuck at GND due to stuck port data_in      ;
; banco:banco_inst|registradores~1922      ; Stuck at GND due to stuck port data_in      ;
; banco:banco_inst|registradores~1954      ; Stuck at GND due to stuck port data_in      ;
; banco:banco_inst|registradores~1986      ; Stuck at GND due to stuck port data_in      ;
; banco:banco_inst|registradores~2018      ; Stuck at GND due to stuck port data_in      ;
; banco:banco_inst|registradores~257       ; Stuck at GND due to stuck port data_in      ;
; banco:banco_inst|registradores~289       ; Stuck at GND due to stuck port data_in      ;
; banco:banco_inst|registradores~321       ; Stuck at GND due to stuck port data_in      ;
; banco:banco_inst|registradores~353       ; Stuck at GND due to stuck port data_in      ;
; banco:banco_inst|registradores~385       ; Stuck at GND due to stuck port data_in      ;
; banco:banco_inst|registradores~417       ; Stuck at GND due to stuck port data_in      ;
; banco:banco_inst|registradores~449       ; Stuck at GND due to stuck port data_in      ;
; banco:banco_inst|registradores~481       ; Stuck at GND due to stuck port data_in      ;
; banco:banco_inst|registradores~513       ; Stuck at GND due to stuck port data_in      ;
; banco:banco_inst|registradores~545       ; Stuck at GND due to stuck port data_in      ;
; banco:banco_inst|registradores~577       ; Stuck at GND due to stuck port data_in      ;
; banco:banco_inst|registradores~609       ; Stuck at GND due to stuck port data_in      ;
; banco:banco_inst|registradores~641       ; Stuck at GND due to stuck port data_in      ;
; banco:banco_inst|registradores~673       ; Stuck at GND due to stuck port data_in      ;
; banco:banco_inst|registradores~705       ; Stuck at GND due to stuck port data_in      ;
; banco:banco_inst|registradores~737       ; Stuck at GND due to stuck port data_in      ;
; banco:banco_inst|registradores~769       ; Stuck at GND due to stuck port data_in      ;
; banco:banco_inst|registradores~801       ; Stuck at GND due to stuck port data_in      ;
; banco:banco_inst|registradores~833       ; Stuck at GND due to stuck port data_in      ;
; banco:banco_inst|registradores~865       ; Stuck at GND due to stuck port data_in      ;
; banco:banco_inst|registradores~897       ; Stuck at GND due to stuck port data_in      ;
; banco:banco_inst|registradores~929       ; Stuck at GND due to stuck port data_in      ;
; banco:banco_inst|registradores~961       ; Stuck at GND due to stuck port data_in      ;
; banco:banco_inst|registradores~993       ; Stuck at GND due to stuck port data_in      ;
; banco:banco_inst|registradores~1025      ; Stuck at GND due to stuck port data_in      ;
; banco:banco_inst|registradores~1057      ; Stuck at GND due to stuck port data_in      ;
; banco:banco_inst|registradores~1089      ; Stuck at GND due to stuck port data_in      ;
; banco:banco_inst|registradores~1121      ; Stuck at GND due to stuck port data_in      ;
; banco:banco_inst|registradores~1153      ; Stuck at GND due to stuck port data_in      ;
; banco:banco_inst|registradores~1185      ; Stuck at GND due to stuck port data_in      ;
; banco:banco_inst|registradores~1217      ; Stuck at GND due to stuck port data_in      ;
; banco:banco_inst|registradores~1249      ; Stuck at GND due to stuck port data_in      ;
; banco:banco_inst|registradores~1281      ; Stuck at GND due to stuck port data_in      ;
; banco:banco_inst|registradores~1313      ; Stuck at GND due to stuck port data_in      ;
; banco:banco_inst|registradores~1345      ; Stuck at GND due to stuck port data_in      ;
; banco:banco_inst|registradores~1377      ; Stuck at GND due to stuck port data_in      ;
; banco:banco_inst|registradores~1409      ; Stuck at GND due to stuck port data_in      ;
; banco:banco_inst|registradores~1441      ; Stuck at GND due to stuck port data_in      ;
; banco:banco_inst|registradores~1473      ; Stuck at GND due to stuck port data_in      ;
; banco:banco_inst|registradores~1505      ; Stuck at GND due to stuck port data_in      ;
; banco:banco_inst|registradores~1537      ; Stuck at GND due to stuck port data_in      ;
; banco:banco_inst|registradores~1569      ; Stuck at GND due to stuck port data_in      ;
; banco:banco_inst|registradores~1601      ; Stuck at GND due to stuck port data_in      ;
; banco:banco_inst|registradores~1633      ; Stuck at GND due to stuck port data_in      ;
; banco:banco_inst|registradores~1665      ; Stuck at GND due to stuck port data_in      ;
; banco:banco_inst|registradores~1697      ; Stuck at GND due to stuck port data_in      ;
; banco:banco_inst|registradores~1729      ; Stuck at GND due to stuck port data_in      ;
; banco:banco_inst|registradores~1761      ; Stuck at GND due to stuck port data_in      ;
; banco:banco_inst|registradores~1793      ; Stuck at GND due to stuck port data_in      ;
; banco:banco_inst|registradores~1825      ; Stuck at GND due to stuck port data_in      ;
; banco:banco_inst|registradores~1857      ; Stuck at GND due to stuck port data_in      ;
; banco:banco_inst|registradores~1889      ; Stuck at GND due to stuck port data_in      ;
; banco:banco_inst|registradores~1921      ; Stuck at GND due to stuck port data_in      ;
; banco:banco_inst|registradores~1953      ; Stuck at GND due to stuck port data_in      ;
; banco:banco_inst|registradores~1985      ; Stuck at GND due to stuck port data_in      ;
; banco:banco_inst|registradores~2017      ; Stuck at GND due to stuck port data_in      ;
; banco:banco_inst|registradores~256       ; Stuck at GND due to stuck port data_in      ;
; banco:banco_inst|registradores~288       ; Stuck at GND due to stuck port data_in      ;
; banco:banco_inst|registradores~320       ; Stuck at GND due to stuck port data_in      ;
; banco:banco_inst|registradores~352       ; Stuck at GND due to stuck port data_in      ;
; banco:banco_inst|registradores~384       ; Stuck at GND due to stuck port data_in      ;
; banco:banco_inst|registradores~416       ; Stuck at GND due to stuck port data_in      ;
; banco:banco_inst|registradores~448       ; Stuck at GND due to stuck port data_in      ;
; banco:banco_inst|registradores~480       ; Stuck at GND due to stuck port data_in      ;
; banco:banco_inst|registradores~512       ; Stuck at GND due to stuck port data_in      ;
; banco:banco_inst|registradores~544       ; Stuck at GND due to stuck port data_in      ;
; banco:banco_inst|registradores~576       ; Stuck at GND due to stuck port data_in      ;
; banco:banco_inst|registradores~608       ; Stuck at GND due to stuck port data_in      ;
; banco:banco_inst|registradores~640       ; Stuck at GND due to stuck port data_in      ;
; banco:banco_inst|registradores~672       ; Stuck at GND due to stuck port data_in      ;
; banco:banco_inst|registradores~704       ; Stuck at GND due to stuck port data_in      ;
; banco:banco_inst|registradores~736       ; Stuck at GND due to stuck port data_in      ;
; banco:banco_inst|registradores~768       ; Stuck at GND due to stuck port data_in      ;
; banco:banco_inst|registradores~800       ; Stuck at GND due to stuck port data_in      ;
; banco:banco_inst|registradores~832       ; Stuck at GND due to stuck port data_in      ;
; banco:banco_inst|registradores~864       ; Stuck at GND due to stuck port data_in      ;
; banco:banco_inst|registradores~896       ; Stuck at GND due to stuck port data_in      ;
; banco:banco_inst|registradores~928       ; Stuck at GND due to stuck port data_in      ;
; banco:banco_inst|registradores~960       ; Stuck at GND due to stuck port data_in      ;
; banco:banco_inst|registradores~992       ; Stuck at GND due to stuck port data_in      ;
; banco:banco_inst|registradores~1024      ; Stuck at GND due to stuck port data_in      ;
; banco:banco_inst|registradores~1056      ; Stuck at GND due to stuck port data_in      ;
; banco:banco_inst|registradores~1088      ; Stuck at GND due to stuck port data_in      ;
; banco:banco_inst|registradores~1120      ; Stuck at GND due to stuck port data_in      ;
; banco:banco_inst|registradores~1152      ; Stuck at GND due to stuck port data_in      ;
; banco:banco_inst|registradores~1184      ; Stuck at GND due to stuck port data_in      ;
; banco:banco_inst|registradores~1216      ; Stuck at GND due to stuck port data_in      ;
; banco:banco_inst|registradores~1248      ; Stuck at GND due to stuck port data_in      ;
; banco:banco_inst|registradores~1280      ; Stuck at GND due to stuck port data_in      ;
; banco:banco_inst|registradores~1312      ; Stuck at GND due to stuck port data_in      ;
; banco:banco_inst|registradores~1344      ; Stuck at GND due to stuck port data_in      ;
; banco:banco_inst|registradores~1376      ; Stuck at GND due to stuck port data_in      ;
; banco:banco_inst|registradores~1408      ; Stuck at GND due to stuck port data_in      ;
; banco:banco_inst|registradores~1440      ; Stuck at GND due to stuck port data_in      ;
; banco:banco_inst|registradores~1472      ; Stuck at GND due to stuck port data_in      ;
; banco:banco_inst|registradores~1504      ; Stuck at GND due to stuck port data_in      ;
; banco:banco_inst|registradores~1536      ; Stuck at GND due to stuck port data_in      ;
; banco:banco_inst|registradores~1568      ; Stuck at GND due to stuck port data_in      ;
; banco:banco_inst|registradores~1600      ; Stuck at GND due to stuck port data_in      ;
; banco:banco_inst|registradores~1632      ; Stuck at GND due to stuck port data_in      ;
; banco:banco_inst|registradores~1664      ; Stuck at GND due to stuck port data_in      ;
; banco:banco_inst|registradores~1696      ; Stuck at GND due to stuck port data_in      ;
; banco:banco_inst|registradores~1728      ; Stuck at GND due to stuck port data_in      ;
; banco:banco_inst|registradores~1760      ; Stuck at GND due to stuck port data_in      ;
; banco:banco_inst|registradores~1792      ; Stuck at GND due to stuck port data_in      ;
; banco:banco_inst|registradores~1824      ; Stuck at GND due to stuck port data_in      ;
; banco:banco_inst|registradores~1856      ; Stuck at GND due to stuck port data_in      ;
; banco:banco_inst|registradores~1888      ; Stuck at GND due to stuck port data_in      ;
; banco:banco_inst|registradores~1920      ; Stuck at GND due to stuck port data_in      ;
; banco:banco_inst|registradores~1952      ; Stuck at GND due to stuck port data_in      ;
; banco:banco_inst|registradores~1984      ; Stuck at GND due to stuck port data_in      ;
; banco:banco_inst|registradores~2016      ; Stuck at GND due to stuck port data_in      ;
; banco:banco_inst|registradores~0         ; Stuck at GND due to stuck port clock_enable ;
; banco:banco_inst|registradores~1         ; Stuck at GND due to stuck port clock_enable ;
; banco:banco_inst|registradores~31        ; Stuck at GND due to stuck port clock_enable ;
; banco:banco_inst|registradores~30        ; Stuck at GND due to stuck port clock_enable ;
; banco:banco_inst|registradores~29        ; Stuck at GND due to stuck port clock_enable ;
; banco:banco_inst|registradores~28        ; Stuck at GND due to stuck port clock_enable ;
; banco:banco_inst|registradores~27        ; Stuck at GND due to stuck port clock_enable ;
; banco:banco_inst|registradores~26        ; Stuck at GND due to stuck port clock_enable ;
; banco:banco_inst|registradores~25        ; Stuck at GND due to stuck port clock_enable ;
; banco:banco_inst|registradores~24        ; Stuck at GND due to stuck port clock_enable ;
; banco:banco_inst|registradores~23        ; Stuck at GND due to stuck port clock_enable ;
; banco:banco_inst|registradores~22        ; Stuck at GND due to stuck port clock_enable ;
; banco:banco_inst|registradores~21        ; Stuck at GND due to stuck port clock_enable ;
; banco:banco_inst|registradores~20        ; Stuck at GND due to stuck port clock_enable ;
; banco:banco_inst|registradores~19        ; Stuck at GND due to stuck port clock_enable ;
; banco:banco_inst|registradores~18        ; Stuck at GND due to stuck port clock_enable ;
; banco:banco_inst|registradores~17        ; Stuck at GND due to stuck port clock_enable ;
; banco:banco_inst|registradores~16        ; Stuck at GND due to stuck port clock_enable ;
; banco:banco_inst|registradores~15        ; Stuck at GND due to stuck port clock_enable ;
; banco:banco_inst|registradores~14        ; Stuck at GND due to stuck port clock_enable ;
; banco:banco_inst|registradores~13        ; Stuck at GND due to stuck port clock_enable ;
; banco:banco_inst|registradores~12        ; Stuck at GND due to stuck port clock_enable ;
; banco:banco_inst|registradores~11        ; Stuck at GND due to stuck port clock_enable ;
; banco:banco_inst|registradores~10        ; Stuck at GND due to stuck port clock_enable ;
; banco:banco_inst|registradores~9         ; Stuck at GND due to stuck port clock_enable ;
; banco:banco_inst|registradores~8         ; Stuck at GND due to stuck port clock_enable ;
; banco:banco_inst|registradores~7         ; Stuck at GND due to stuck port clock_enable ;
; banco:banco_inst|registradores~6         ; Stuck at GND due to stuck port clock_enable ;
; banco:banco_inst|registradores~5         ; Stuck at GND due to stuck port clock_enable ;
; banco:banco_inst|registradores~4         ; Stuck at GND due to stuck port clock_enable ;
; banco:banco_inst|registradores~3         ; Stuck at GND due to stuck port clock_enable ;
; banco:banco_inst|registradores~2         ; Stuck at GND due to stuck port clock_enable ;
; Total Number of Removed Registers = 1824 ;                                             ;
+------------------------------------------+---------------------------------------------+


+---------------------------------------------------------------------------------------------------------------------------------------+
; Removed Registers Triggering Further Register Optimizations                                                                           ;
+------------------------------------+---------------------------+----------------------------------------------------------------------+
; Register name                      ; Reason for Removal        ; Registers Removed due to This Register                               ;
+------------------------------------+---------------------------+----------------------------------------------------------------------+
; banco:banco_inst|registradores~287 ; Stuck at GND              ; banco:banco_inst|registradores~31, banco:banco_inst|registradores~30 ;
;                                    ; due to stuck port data_in ;                                                                      ;
; banco:banco_inst|registradores~283 ; Stuck at GND              ; banco:banco_inst|registradores~27                                    ;
;                                    ; due to stuck port data_in ;                                                                      ;
; banco:banco_inst|registradores~282 ; Stuck at GND              ; banco:banco_inst|registradores~26                                    ;
;                                    ; due to stuck port data_in ;                                                                      ;
; banco:banco_inst|registradores~281 ; Stuck at GND              ; banco:banco_inst|registradores~25                                    ;
;                                    ; due to stuck port data_in ;                                                                      ;
; banco:banco_inst|registradores~280 ; Stuck at GND              ; banco:banco_inst|registradores~24                                    ;
;                                    ; due to stuck port data_in ;                                                                      ;
; banco:banco_inst|registradores~279 ; Stuck at GND              ; banco:banco_inst|registradores~23                                    ;
;                                    ; due to stuck port data_in ;                                                                      ;
; banco:banco_inst|registradores~278 ; Stuck at GND              ; banco:banco_inst|registradores~22                                    ;
;                                    ; due to stuck port data_in ;                                                                      ;
; banco:banco_inst|registradores~277 ; Stuck at GND              ; banco:banco_inst|registradores~21                                    ;
;                                    ; due to stuck port data_in ;                                                                      ;
; banco:banco_inst|registradores~276 ; Stuck at GND              ; banco:banco_inst|registradores~20                                    ;
;                                    ; due to stuck port data_in ;                                                                      ;
; banco:banco_inst|registradores~275 ; Stuck at GND              ; banco:banco_inst|registradores~19                                    ;
;                                    ; due to stuck port data_in ;                                                                      ;
; banco:banco_inst|registradores~274 ; Stuck at GND              ; banco:banco_inst|registradores~18                                    ;
;                                    ; due to stuck port data_in ;                                                                      ;
; banco:banco_inst|registradores~273 ; Stuck at GND              ; banco:banco_inst|registradores~17                                    ;
;                                    ; due to stuck port data_in ;                                                                      ;
; banco:banco_inst|registradores~272 ; Stuck at GND              ; banco:banco_inst|registradores~16                                    ;
;                                    ; due to stuck port data_in ;                                                                      ;
; banco:banco_inst|registradores~271 ; Stuck at GND              ; banco:banco_inst|registradores~15                                    ;
;                                    ; due to stuck port data_in ;                                                                      ;
; banco:banco_inst|registradores~270 ; Stuck at GND              ; banco:banco_inst|registradores~14                                    ;
;                                    ; due to stuck port data_in ;                                                                      ;
; banco:banco_inst|registradores~269 ; Stuck at GND              ; banco:banco_inst|registradores~13                                    ;
;                                    ; due to stuck port data_in ;                                                                      ;
; banco:banco_inst|registradores~268 ; Stuck at GND              ; banco:banco_inst|registradores~12                                    ;
;                                    ; due to stuck port data_in ;                                                                      ;
; banco:banco_inst|registradores~267 ; Stuck at GND              ; banco:banco_inst|registradores~11                                    ;
;                                    ; due to stuck port data_in ;                                                                      ;
; banco:banco_inst|registradores~266 ; Stuck at GND              ; banco:banco_inst|registradores~10                                    ;
;                                    ; due to stuck port data_in ;                                                                      ;
; banco:banco_inst|registradores~265 ; Stuck at GND              ; banco:banco_inst|registradores~9                                     ;
;                                    ; due to stuck port data_in ;                                                                      ;
; banco:banco_inst|registradores~264 ; Stuck at GND              ; banco:banco_inst|registradores~8                                     ;
;                                    ; due to stuck port data_in ;                                                                      ;
; banco:banco_inst|registradores~261 ; Stuck at GND              ; banco:banco_inst|registradores~5                                     ;
;                                    ; due to stuck port data_in ;                                                                      ;
; banco:banco_inst|registradores~260 ; Stuck at GND              ; banco:banco_inst|registradores~4                                     ;
;                                    ; due to stuck port data_in ;                                                                      ;
; banco:banco_inst|registradores~259 ; Stuck at GND              ; banco:banco_inst|registradores~3                                     ;
;                                    ; due to stuck port data_in ;                                                                      ;
; banco:banco_inst|registradores~258 ; Stuck at GND              ; banco:banco_inst|registradores~2                                     ;
;                                    ; due to stuck port data_in ;                                                                      ;
; banco:banco_inst|registradores~257 ; Stuck at GND              ; banco:banco_inst|registradores~1                                     ;
;                                    ; due to stuck port data_in ;                                                                      ;
+------------------------------------+---------------------------+----------------------------------------------------------------------+


+------------------------------------------------------+
; General Register Statistics                          ;
+----------------------------------------------+-------+
; Statistic                                    ; Value ;
+----------------------------------------------+-------+
; Total registers                              ; 2369  ;
; Number of registers using Synchronous Clear  ; 0     ;
; Number of registers using Synchronous Load   ; 6     ;
; Number of registers using Asynchronous Clear ; 1     ;
; Number of registers using Asynchronous Load  ; 0     ;
; Number of registers using Clock Enable       ; 2342  ;
; Number of registers using Preset             ; 0     ;
+----------------------------------------------+-------+


+----------------------------------------------------------------------------------------------------------------------------------------------------+
; Multiplexer Restructuring Statistics (Restructuring Performed)                                                                                     ;
+--------------------+-----------+---------------+----------------------+------------------------+------------+--------------------------------------+
; Multiplexer Inputs ; Bus Width ; Baseline Area ; Area if Restructured ; Saving if Restructured ; Registered ; Example Multiplexer Output           ;
+--------------------+-----------+---------------+----------------------+------------------------+------------+--------------------------------------+
; 3:1                ; 6 bits    ; 12 LEs        ; 6 LEs                ; 6 LEs                  ; Yes        ; |cpu|SP[5]                           ;
; 4:1                ; 32 bits   ; 64 LEs        ; 64 LEs               ; 0 LEs                  ; Yes        ; |cpu|PC:PC_inst|PC_reg[2]            ;
; 4:1                ; 6 bits    ; 12 LEs        ; 12 LEs               ; 0 LEs                  ; No         ; |cpu|mux_memoria:mux_mem_inst|Mux26  ;
; 3:1                ; 2 bits    ; 4 LEs         ; 2 LEs                ; 2 LEs                  ; No         ; |cpu|rs1_real[5]                     ;
; 4:1                ; 2 bits    ; 4 LEs         ; 4 LEs                ; 0 LEs                  ; No         ; |cpu|decoder_instrucao:decoder|Mux14 ;
; 16:1               ; 6 bits    ; 60 LEs        ; 36 LEs               ; 24 LEs                 ; No         ; |cpu|ula:ula_inst|Mux27              ;
; 7:1                ; 3 bits    ; 12 LEs        ; 12 LEs               ; 0 LEs                  ; No         ; |cpu|decoder_instrucao:decoder|Mux15 ;
; 10:1               ; 2 bits    ; 12 LEs        ; 8 LEs                ; 4 LEs                  ; No         ; |cpu|Unidade_Controle:UC|Mux6        ;
; 7:1                ; 3 bits    ; 12 LEs        ; 6 LEs                ; 6 LEs                  ; No         ; |cpu|rs1_real[2]                     ;
; 8:1                ; 3 bits    ; 15 LEs        ; 6 LEs                ; 9 LEs                  ; No         ; |cpu|decoder_instrucao:decoder|Mux5  ;
; 19:1               ; 14 bits   ; 168 LEs       ; 98 LEs               ; 70 LEs                 ; No         ; |cpu|mux_memoria:mux_mem_inst|Mux13  ;
; 19:1               ; 11 bits   ; 132 LEs       ; 88 LEs               ; 44 LEs                 ; No         ; |cpu|mux_memoria:mux_mem_inst|Mux30  ;
+--------------------+-----------+---------------+----------------------+------------------------+------------+--------------------------------------+


+------------------------------------------------------+
; Parameter Settings for User Entity Instance: rom:ROM ;
+----------------+-------+-----------------------------+
; Parameter Name ; Value ; Type                        ;
+----------------+-------+-----------------------------+
; DATA_WIDTH     ; 32    ; Signed Integer              ;
; ADDR_WIDTH     ; 6     ; Signed Integer              ;
+----------------+-------+-----------------------------+
Note: In order to hide this table in the UI and the text report file, please set the "Show Parameter Settings in Synthesis Report" option in "Analysis and Synthesis Settings -> More Settings" to "Off".


+-----------------------------------------------------------+
; Parameter Settings for User Entity Instance: ram:ram_inst ;
+----------------+-------+----------------------------------+
; Parameter Name ; Value ; Type                             ;
+----------------+-------+----------------------------------+
; DATA_WIDTH     ; 32    ; Signed Integer                   ;
; ADDR_WIDTH     ; 6     ; Signed Integer                   ;
+----------------+-------+----------------------------------+
Note: In order to hide this table in the UI and the text report file, please set the "Show Parameter Settings in Synthesis Report" option in "Analysis and Synthesis Settings -> More Settings" to "Off".


+---------------------------------------------------------------------------------------------------+
; Parameter Settings for Inferred Entity Instance: ControleSaida:display_controller|lpm_divide:Mod0 ;
+------------------------+----------------+---------------------------------------------------------+
; Parameter Name         ; Value          ; Type                                                    ;
+------------------------+----------------+---------------------------------------------------------+
; LPM_WIDTHN             ; 32             ; Untyped                                                 ;
; LPM_WIDTHD             ; 4              ; Untyped                                                 ;
; LPM_NREPRESENTATION    ; UNSIGNED       ; Untyped                                                 ;
; LPM_DREPRESENTATION    ; UNSIGNED       ; Untyped                                                 ;
; LPM_PIPELINE           ; 0              ; Untyped                                                 ;
; LPM_REMAINDERPOSITIVE  ; TRUE           ; Untyped                                                 ;
; MAXIMIZE_SPEED         ; 5              ; Untyped                                                 ;
; CBXI_PARAMETER         ; lpm_divide_3bm ; Untyped                                                 ;
; CARRY_CHAIN            ; MANUAL         ; Untyped                                                 ;
; OPTIMIZE_FOR_SPEED     ; 5              ; Untyped                                                 ;
; AUTO_CARRY_CHAINS      ; ON             ; AUTO_CARRY                                              ;
; IGNORE_CARRY_BUFFERS   ; OFF            ; IGNORE_CARRY                                            ;
; AUTO_CASCADE_CHAINS    ; ON             ; AUTO_CASCADE                                            ;
; IGNORE_CASCADE_BUFFERS ; OFF            ; IGNORE_CASCADE                                          ;
+------------------------+----------------+---------------------------------------------------------+
Note: In order to hide this table in the UI and the text report file, please set the "Show Parameter Settings in Synthesis Report" option in "Analysis and Synthesis Settings -> More Settings" to "Off".


+---------------------------------------------------------------------------------------------------+
; Parameter Settings for Inferred Entity Instance: ControleSaida:display_controller|lpm_divide:Div0 ;
+------------------------+----------------+---------------------------------------------------------+
; Parameter Name         ; Value          ; Type                                                    ;
+------------------------+----------------+---------------------------------------------------------+
; LPM_WIDTHN             ; 32             ; Untyped                                                 ;
; LPM_WIDTHD             ; 4              ; Untyped                                                 ;
; LPM_NREPRESENTATION    ; UNSIGNED       ; Untyped                                                 ;
; LPM_DREPRESENTATION    ; UNSIGNED       ; Untyped                                                 ;
; LPM_PIPELINE           ; 0              ; Untyped                                                 ;
; LPM_REMAINDERPOSITIVE  ; TRUE           ; Untyped                                                 ;
; MAXIMIZE_SPEED         ; 5              ; Untyped                                                 ;
; CBXI_PARAMETER         ; lpm_divide_0jm ; Untyped                                                 ;
; CARRY_CHAIN            ; MANUAL         ; Untyped                                                 ;
; OPTIMIZE_FOR_SPEED     ; 5              ; Untyped                                                 ;
; AUTO_CARRY_CHAINS      ; ON             ; AUTO_CARRY                                              ;
; IGNORE_CARRY_BUFFERS   ; OFF            ; IGNORE_CARRY                                            ;
; AUTO_CASCADE_CHAINS    ; ON             ; AUTO_CASCADE                                            ;
; IGNORE_CASCADE_BUFFERS ; OFF            ; IGNORE_CASCADE                                          ;
+------------------------+----------------+---------------------------------------------------------+
Note: In order to hide this table in the UI and the text report file, please set the "Show Parameter Settings in Synthesis Report" option in "Analysis and Synthesis Settings -> More Settings" to "Off".


+---------------------------------------------------------------------------------------------------+
; Parameter Settings for Inferred Entity Instance: ControleSaida:display_controller|lpm_divide:Mod1 ;
+------------------------+----------------+---------------------------------------------------------+
; Parameter Name         ; Value          ; Type                                                    ;
+------------------------+----------------+---------------------------------------------------------+
; LPM_WIDTHN             ; 32             ; Untyped                                                 ;
; LPM_WIDTHD             ; 4              ; Untyped                                                 ;
; LPM_NREPRESENTATION    ; UNSIGNED       ; Untyped                                                 ;
; LPM_DREPRESENTATION    ; UNSIGNED       ; Untyped                                                 ;
; LPM_PIPELINE           ; 0              ; Untyped                                                 ;
; LPM_REMAINDERPOSITIVE  ; TRUE           ; Untyped                                                 ;
; MAXIMIZE_SPEED         ; 5              ; Untyped                                                 ;
; CBXI_PARAMETER         ; lpm_divide_3bm ; Untyped                                                 ;
; CARRY_CHAIN            ; MANUAL         ; Untyped                                                 ;
; OPTIMIZE_FOR_SPEED     ; 5              ; Untyped                                                 ;
; AUTO_CARRY_CHAINS      ; ON             ; AUTO_CARRY                                              ;
; IGNORE_CARRY_BUFFERS   ; OFF            ; IGNORE_CARRY                                            ;
; AUTO_CASCADE_CHAINS    ; ON             ; AUTO_CASCADE                                            ;
; IGNORE_CASCADE_BUFFERS ; OFF            ; IGNORE_CASCADE                                          ;
+------------------------+----------------+---------------------------------------------------------+
Note: In order to hide this table in the UI and the text report file, please set the "Show Parameter Settings in Synthesis Report" option in "Analysis and Synthesis Settings -> More Settings" to "Off".


+---------------------------------------------------------------------------------------------------+
; Parameter Settings for Inferred Entity Instance: ControleSaida:display_controller|lpm_divide:Div1 ;
+------------------------+----------------+---------------------------------------------------------+
; Parameter Name         ; Value          ; Type                                                    ;
+------------------------+----------------+---------------------------------------------------------+
; LPM_WIDTHN             ; 32             ; Untyped                                                 ;
; LPM_WIDTHD             ; 7              ; Untyped                                                 ;
; LPM_NREPRESENTATION    ; UNSIGNED       ; Untyped                                                 ;
; LPM_DREPRESENTATION    ; UNSIGNED       ; Untyped                                                 ;
; LPM_PIPELINE           ; 0              ; Untyped                                                 ;
; LPM_REMAINDERPOSITIVE  ; TRUE           ; Untyped                                                 ;
; MAXIMIZE_SPEED         ; 5              ; Untyped                                                 ;
; CBXI_PARAMETER         ; lpm_divide_3jm ; Untyped                                                 ;
; CARRY_CHAIN            ; MANUAL         ; Untyped                                                 ;
; OPTIMIZE_FOR_SPEED     ; 5              ; Untyped                                                 ;
; AUTO_CARRY_CHAINS      ; ON             ; AUTO_CARRY                                              ;
; IGNORE_CARRY_BUFFERS   ; OFF            ; IGNORE_CARRY                                            ;
; AUTO_CASCADE_CHAINS    ; ON             ; AUTO_CASCADE                                            ;
; IGNORE_CASCADE_BUFFERS ; OFF            ; IGNORE_CASCADE                                          ;
+------------------------+----------------+---------------------------------------------------------+
Note: In order to hide this table in the UI and the text report file, please set the "Show Parameter Settings in Synthesis Report" option in "Analysis and Synthesis Settings -> More Settings" to "Off".


+---------------------------------------------------------------------------------------------------+
; Parameter Settings for Inferred Entity Instance: ControleSaida:display_controller|lpm_divide:Mod2 ;
+------------------------+----------------+---------------------------------------------------------+
; Parameter Name         ; Value          ; Type                                                    ;
+------------------------+----------------+---------------------------------------------------------+
; LPM_WIDTHN             ; 32             ; Untyped                                                 ;
; LPM_WIDTHD             ; 4              ; Untyped                                                 ;
; LPM_NREPRESENTATION    ; UNSIGNED       ; Untyped                                                 ;
; LPM_DREPRESENTATION    ; UNSIGNED       ; Untyped                                                 ;
; LPM_PIPELINE           ; 0              ; Untyped                                                 ;
; LPM_REMAINDERPOSITIVE  ; TRUE           ; Untyped                                                 ;
; MAXIMIZE_SPEED         ; 5              ; Untyped                                                 ;
; CBXI_PARAMETER         ; lpm_divide_3bm ; Untyped                                                 ;
; CARRY_CHAIN            ; MANUAL         ; Untyped                                                 ;
; OPTIMIZE_FOR_SPEED     ; 5              ; Untyped                                                 ;
; AUTO_CARRY_CHAINS      ; ON             ; AUTO_CARRY                                              ;
; IGNORE_CARRY_BUFFERS   ; OFF            ; IGNORE_CARRY                                            ;
; AUTO_CASCADE_CHAINS    ; ON             ; AUTO_CASCADE                                            ;
; IGNORE_CASCADE_BUFFERS ; OFF            ; IGNORE_CASCADE                                          ;
+------------------------+----------------+---------------------------------------------------------+
Note: In order to hide this table in the UI and the text report file, please set the "Show Parameter Settings in Synthesis Report" option in "Analysis and Synthesis Settings -> More Settings" to "Off".


+---------------------------------------------------------------------------------------------------+
; Parameter Settings for Inferred Entity Instance: ControleSaida:display_controller|lpm_divide:Div2 ;
+------------------------+----------------+---------------------------------------------------------+
; Parameter Name         ; Value          ; Type                                                    ;
+------------------------+----------------+---------------------------------------------------------+
; LPM_WIDTHN             ; 32             ; Untyped                                                 ;
; LPM_WIDTHD             ; 10             ; Untyped                                                 ;
; LPM_NREPRESENTATION    ; UNSIGNED       ; Untyped                                                 ;
; LPM_DREPRESENTATION    ; UNSIGNED       ; Untyped                                                 ;
; LPM_PIPELINE           ; 0              ; Untyped                                                 ;
; LPM_REMAINDERPOSITIVE  ; TRUE           ; Untyped                                                 ;
; MAXIMIZE_SPEED         ; 5              ; Untyped                                                 ;
; CBXI_PARAMETER         ; lpm_divide_dkm ; Untyped                                                 ;
; CARRY_CHAIN            ; MANUAL         ; Untyped                                                 ;
; OPTIMIZE_FOR_SPEED     ; 5              ; Untyped                                                 ;
; AUTO_CARRY_CHAINS      ; ON             ; AUTO_CARRY                                              ;
; IGNORE_CARRY_BUFFERS   ; OFF            ; IGNORE_CARRY                                            ;
; AUTO_CASCADE_CHAINS    ; ON             ; AUTO_CASCADE                                            ;
; IGNORE_CASCADE_BUFFERS ; OFF            ; IGNORE_CASCADE                                          ;
+------------------------+----------------+---------------------------------------------------------+
Note: In order to hide this table in the UI and the text report file, please set the "Show Parameter Settings in Synthesis Report" option in "Analysis and Synthesis Settings -> More Settings" to "Off".


+---------------------------------------------------------------------------------------------------+
; Parameter Settings for Inferred Entity Instance: ControleSaida:display_controller|lpm_divide:Mod3 ;
+------------------------+----------------+---------------------------------------------------------+
; Parameter Name         ; Value          ; Type                                                    ;
+------------------------+----------------+---------------------------------------------------------+
; LPM_WIDTHN             ; 32             ; Untyped                                                 ;
; LPM_WIDTHD             ; 4              ; Untyped                                                 ;
; LPM_NREPRESENTATION    ; UNSIGNED       ; Untyped                                                 ;
; LPM_DREPRESENTATION    ; UNSIGNED       ; Untyped                                                 ;
; LPM_PIPELINE           ; 0              ; Untyped                                                 ;
; LPM_REMAINDERPOSITIVE  ; TRUE           ; Untyped                                                 ;
; MAXIMIZE_SPEED         ; 5              ; Untyped                                                 ;
; CBXI_PARAMETER         ; lpm_divide_3bm ; Untyped                                                 ;
; CARRY_CHAIN            ; MANUAL         ; Untyped                                                 ;
; OPTIMIZE_FOR_SPEED     ; 5              ; Untyped                                                 ;
; AUTO_CARRY_CHAINS      ; ON             ; AUTO_CARRY                                              ;
; IGNORE_CARRY_BUFFERS   ; OFF            ; IGNORE_CARRY                                            ;
; AUTO_CASCADE_CHAINS    ; ON             ; AUTO_CASCADE                                            ;
; IGNORE_CASCADE_BUFFERS ; OFF            ; IGNORE_CASCADE                                          ;
+------------------------+----------------+---------------------------------------------------------+
Note: In order to hide this table in the UI and the text report file, please set the "Show Parameter Settings in Synthesis Report" option in "Analysis and Synthesis Settings -> More Settings" to "Off".


+---------------------------------------------------------------------------------------------------+
; Parameter Settings for Inferred Entity Instance: ControleSaida:display_controller|lpm_divide:Div3 ;
+------------------------+----------------+---------------------------------------------------------+
; Parameter Name         ; Value          ; Type                                                    ;
+------------------------+----------------+---------------------------------------------------------+
; LPM_WIDTHN             ; 32             ; Untyped                                                 ;
; LPM_WIDTHD             ; 14             ; Untyped                                                 ;
; LPM_NREPRESENTATION    ; UNSIGNED       ; Untyped                                                 ;
; LPM_DREPRESENTATION    ; UNSIGNED       ; Untyped                                                 ;
; LPM_PIPELINE           ; 0              ; Untyped                                                 ;
; LPM_REMAINDERPOSITIVE  ; TRUE           ; Untyped                                                 ;
; MAXIMIZE_SPEED         ; 5              ; Untyped                                                 ;
; CBXI_PARAMETER         ; lpm_divide_hkm ; Untyped                                                 ;
; CARRY_CHAIN            ; MANUAL         ; Untyped                                                 ;
; OPTIMIZE_FOR_SPEED     ; 5              ; Untyped                                                 ;
; AUTO_CARRY_CHAINS      ; ON             ; AUTO_CARRY                                              ;
; IGNORE_CARRY_BUFFERS   ; OFF            ; IGNORE_CARRY                                            ;
; AUTO_CASCADE_CHAINS    ; ON             ; AUTO_CASCADE                                            ;
; IGNORE_CASCADE_BUFFERS ; OFF            ; IGNORE_CASCADE                                          ;
+------------------------+----------------+---------------------------------------------------------+
Note: In order to hide this table in the UI and the text report file, please set the "Show Parameter Settings in Synthesis Report" option in "Analysis and Synthesis Settings -> More Settings" to "Off".


+---------------------------------------------------------------------------------------------------+
; Parameter Settings for Inferred Entity Instance: ControleSaida:display_controller|lpm_divide:Mod4 ;
+------------------------+----------------+---------------------------------------------------------+
; Parameter Name         ; Value          ; Type                                                    ;
+------------------------+----------------+---------------------------------------------------------+
; LPM_WIDTHN             ; 32             ; Untyped                                                 ;
; LPM_WIDTHD             ; 4              ; Untyped                                                 ;
; LPM_NREPRESENTATION    ; UNSIGNED       ; Untyped                                                 ;
; LPM_DREPRESENTATION    ; UNSIGNED       ; Untyped                                                 ;
; LPM_PIPELINE           ; 0              ; Untyped                                                 ;
; LPM_REMAINDERPOSITIVE  ; TRUE           ; Untyped                                                 ;
; MAXIMIZE_SPEED         ; 5              ; Untyped                                                 ;
; CBXI_PARAMETER         ; lpm_divide_3bm ; Untyped                                                 ;
; CARRY_CHAIN            ; MANUAL         ; Untyped                                                 ;
; OPTIMIZE_FOR_SPEED     ; 5              ; Untyped                                                 ;
; AUTO_CARRY_CHAINS      ; ON             ; AUTO_CARRY                                              ;
; IGNORE_CARRY_BUFFERS   ; OFF            ; IGNORE_CARRY                                            ;
; AUTO_CASCADE_CHAINS    ; ON             ; AUTO_CASCADE                                            ;
; IGNORE_CASCADE_BUFFERS ; OFF            ; IGNORE_CASCADE                                          ;
+------------------------+----------------+---------------------------------------------------------+
Note: In order to hide this table in the UI and the text report file, please set the "Show Parameter Settings in Synthesis Report" option in "Analysis and Synthesis Settings -> More Settings" to "Off".


+---------------------------------------------------------------------------------------------------+
; Parameter Settings for Inferred Entity Instance: ControleSaida:display_controller|lpm_divide:Div4 ;
+------------------------+----------------+---------------------------------------------------------+
; Parameter Name         ; Value          ; Type                                                    ;
+------------------------+----------------+---------------------------------------------------------+
; LPM_WIDTHN             ; 32             ; Untyped                                                 ;
; LPM_WIDTHD             ; 17             ; Untyped                                                 ;
; LPM_NREPRESENTATION    ; UNSIGNED       ; Untyped                                                 ;
; LPM_DREPRESENTATION    ; UNSIGNED       ; Untyped                                                 ;
; LPM_PIPELINE           ; 0              ; Untyped                                                 ;
; LPM_REMAINDERPOSITIVE  ; TRUE           ; Untyped                                                 ;
; MAXIMIZE_SPEED         ; 5              ; Untyped                                                 ;
; CBXI_PARAMETER         ; lpm_divide_kkm ; Untyped                                                 ;
; CARRY_CHAIN            ; MANUAL         ; Untyped                                                 ;
; OPTIMIZE_FOR_SPEED     ; 5              ; Untyped                                                 ;
; AUTO_CARRY_CHAINS      ; ON             ; AUTO_CARRY                                              ;
; IGNORE_CARRY_BUFFERS   ; OFF            ; IGNORE_CARRY                                            ;
; AUTO_CASCADE_CHAINS    ; ON             ; AUTO_CASCADE                                            ;
; IGNORE_CASCADE_BUFFERS ; OFF            ; IGNORE_CASCADE                                          ;
+------------------------+----------------+---------------------------------------------------------+
Note: In order to hide this table in the UI and the text report file, please set the "Show Parameter Settings in Synthesis Report" option in "Analysis and Synthesis Settings -> More Settings" to "Off".


+---------------------------------------------------------------------------------------------------+
; Parameter Settings for Inferred Entity Instance: ControleSaida:display_controller|lpm_divide:Mod5 ;
+------------------------+----------------+---------------------------------------------------------+
; Parameter Name         ; Value          ; Type                                                    ;
+------------------------+----------------+---------------------------------------------------------+
; LPM_WIDTHN             ; 32             ; Untyped                                                 ;
; LPM_WIDTHD             ; 4              ; Untyped                                                 ;
; LPM_NREPRESENTATION    ; UNSIGNED       ; Untyped                                                 ;
; LPM_DREPRESENTATION    ; UNSIGNED       ; Untyped                                                 ;
; LPM_PIPELINE           ; 0              ; Untyped                                                 ;
; LPM_REMAINDERPOSITIVE  ; TRUE           ; Untyped                                                 ;
; MAXIMIZE_SPEED         ; 5              ; Untyped                                                 ;
; CBXI_PARAMETER         ; lpm_divide_3bm ; Untyped                                                 ;
; CARRY_CHAIN            ; MANUAL         ; Untyped                                                 ;
; OPTIMIZE_FOR_SPEED     ; 5              ; Untyped                                                 ;
; AUTO_CARRY_CHAINS      ; ON             ; AUTO_CARRY                                              ;
; IGNORE_CARRY_BUFFERS   ; OFF            ; IGNORE_CARRY                                            ;
; AUTO_CASCADE_CHAINS    ; ON             ; AUTO_CASCADE                                            ;
; IGNORE_CASCADE_BUFFERS ; OFF            ; IGNORE_CASCADE                                          ;
+------------------------+----------------+---------------------------------------------------------+
Note: In order to hide this table in the UI and the text report file, please set the "Show Parameter Settings in Synthesis Report" option in "Analysis and Synthesis Settings -> More Settings" to "Off".


+---------------------------------------------------------------------------------------------------+
; Parameter Settings for Inferred Entity Instance: ControleSaida:display_controller|lpm_divide:Div5 ;
+------------------------+----------------+---------------------------------------------------------+
; Parameter Name         ; Value          ; Type                                                    ;
+------------------------+----------------+---------------------------------------------------------+
; LPM_WIDTHN             ; 32             ; Untyped                                                 ;
; LPM_WIDTHD             ; 20             ; Untyped                                                 ;
; LPM_NREPRESENTATION    ; UNSIGNED       ; Untyped                                                 ;
; LPM_DREPRESENTATION    ; UNSIGNED       ; Untyped                                                 ;
; LPM_PIPELINE           ; 0              ; Untyped                                                 ;
; LPM_REMAINDERPOSITIVE  ; TRUE           ; Untyped                                                 ;
; MAXIMIZE_SPEED         ; 5              ; Untyped                                                 ;
; CBXI_PARAMETER         ; lpm_divide_ekm ; Untyped                                                 ;
; CARRY_CHAIN            ; MANUAL         ; Untyped                                                 ;
; OPTIMIZE_FOR_SPEED     ; 5              ; Untyped                                                 ;
; AUTO_CARRY_CHAINS      ; ON             ; AUTO_CARRY                                              ;
; IGNORE_CARRY_BUFFERS   ; OFF            ; IGNORE_CARRY                                            ;
; AUTO_CASCADE_CHAINS    ; ON             ; AUTO_CASCADE                                            ;
; IGNORE_CASCADE_BUFFERS ; OFF            ; IGNORE_CASCADE                                          ;
+------------------------+----------------+---------------------------------------------------------+
Note: In order to hide this table in the UI and the text report file, please set the "Show Parameter Settings in Synthesis Report" option in "Analysis and Synthesis Settings -> More Settings" to "Off".


+---------------------------------------------------------------------------------------------------+
; Parameter Settings for Inferred Entity Instance: ControleSaida:display_controller|lpm_divide:Mod6 ;
+------------------------+----------------+---------------------------------------------------------+
; Parameter Name         ; Value          ; Type                                                    ;
+------------------------+----------------+---------------------------------------------------------+
; LPM_WIDTHN             ; 32             ; Untyped                                                 ;
; LPM_WIDTHD             ; 4              ; Untyped                                                 ;
; LPM_NREPRESENTATION    ; UNSIGNED       ; Untyped                                                 ;
; LPM_DREPRESENTATION    ; UNSIGNED       ; Untyped                                                 ;
; LPM_PIPELINE           ; 0              ; Untyped                                                 ;
; LPM_REMAINDERPOSITIVE  ; TRUE           ; Untyped                                                 ;
; MAXIMIZE_SPEED         ; 5              ; Untyped                                                 ;
; CBXI_PARAMETER         ; lpm_divide_3bm ; Untyped                                                 ;
; CARRY_CHAIN            ; MANUAL         ; Untyped                                                 ;
; OPTIMIZE_FOR_SPEED     ; 5              ; Untyped                                                 ;
; AUTO_CARRY_CHAINS      ; ON             ; AUTO_CARRY                                              ;
; IGNORE_CARRY_BUFFERS   ; OFF            ; IGNORE_CARRY                                            ;
; AUTO_CASCADE_CHAINS    ; ON             ; AUTO_CASCADE                                            ;
; IGNORE_CASCADE_BUFFERS ; OFF            ; IGNORE_CASCADE                                          ;
+------------------------+----------------+---------------------------------------------------------+
Note: In order to hide this table in the UI and the text report file, please set the "Show Parameter Settings in Synthesis Report" option in "Analysis and Synthesis Settings -> More Settings" to "Off".


+---------------------------------------------------------------------------------------------------+
; Parameter Settings for Inferred Entity Instance: ControleSaida:display_controller|lpm_divide:Div6 ;
+------------------------+----------------+---------------------------------------------------------+
; Parameter Name         ; Value          ; Type                                                    ;
+------------------------+----------------+---------------------------------------------------------+
; LPM_WIDTHN             ; 32             ; Untyped                                                 ;
; LPM_WIDTHD             ; 24             ; Untyped                                                 ;
; LPM_NREPRESENTATION    ; UNSIGNED       ; Untyped                                                 ;
; LPM_DREPRESENTATION    ; UNSIGNED       ; Untyped                                                 ;
; LPM_PIPELINE           ; 0              ; Untyped                                                 ;
; LPM_REMAINDERPOSITIVE  ; TRUE           ; Untyped                                                 ;
; MAXIMIZE_SPEED         ; 5              ; Untyped                                                 ;
; CBXI_PARAMETER         ; lpm_divide_ikm ; Untyped                                                 ;
; CARRY_CHAIN            ; MANUAL         ; Untyped                                                 ;
; OPTIMIZE_FOR_SPEED     ; 5              ; Untyped                                                 ;
; AUTO_CARRY_CHAINS      ; ON             ; AUTO_CARRY                                              ;
; IGNORE_CARRY_BUFFERS   ; OFF            ; IGNORE_CARRY                                            ;
; AUTO_CASCADE_CHAINS    ; ON             ; AUTO_CASCADE                                            ;
; IGNORE_CASCADE_BUFFERS ; OFF            ; IGNORE_CASCADE                                          ;
+------------------------+----------------+---------------------------------------------------------+
Note: In order to hide this table in the UI and the text report file, please set the "Show Parameter Settings in Synthesis Report" option in "Analysis and Synthesis Settings -> More Settings" to "Off".


+---------------------------------------------------------------------------------------------------+
; Parameter Settings for Inferred Entity Instance: ControleSaida:display_controller|lpm_divide:Mod7 ;
+------------------------+----------------+---------------------------------------------------------+
; Parameter Name         ; Value          ; Type                                                    ;
+------------------------+----------------+---------------------------------------------------------+
; LPM_WIDTHN             ; 32             ; Untyped                                                 ;
; LPM_WIDTHD             ; 4              ; Untyped                                                 ;
; LPM_NREPRESENTATION    ; UNSIGNED       ; Untyped                                                 ;
; LPM_DREPRESENTATION    ; UNSIGNED       ; Untyped                                                 ;
; LPM_PIPELINE           ; 0              ; Untyped                                                 ;
; LPM_REMAINDERPOSITIVE  ; TRUE           ; Untyped                                                 ;
; MAXIMIZE_SPEED         ; 5              ; Untyped                                                 ;
; CBXI_PARAMETER         ; lpm_divide_3bm ; Untyped                                                 ;
; CARRY_CHAIN            ; MANUAL         ; Untyped                                                 ;
; OPTIMIZE_FOR_SPEED     ; 5              ; Untyped                                                 ;
; AUTO_CARRY_CHAINS      ; ON             ; AUTO_CARRY                                              ;
; IGNORE_CARRY_BUFFERS   ; OFF            ; IGNORE_CARRY                                            ;
; AUTO_CASCADE_CHAINS    ; ON             ; AUTO_CASCADE                                            ;
; IGNORE_CASCADE_BUFFERS ; OFF            ; IGNORE_CASCADE                                          ;
+------------------------+----------------+---------------------------------------------------------+
Note: In order to hide this table in the UI and the text report file, please set the "Show Parameter Settings in Synthesis Report" option in "Analysis and Synthesis Settings -> More Settings" to "Off".


+-------------------------------------------------------------------------------------+
; Parameter Settings for Inferred Entity Instance: ula:ula_inst|lpm_mult:Mult0        ;
+------------------------------------------------+--------------+---------------------+
; Parameter Name                                 ; Value        ; Type                ;
+------------------------------------------------+--------------+---------------------+
; AUTO_CARRY_CHAINS                              ; ON           ; AUTO_CARRY          ;
; IGNORE_CARRY_BUFFERS                           ; OFF          ; IGNORE_CARRY        ;
; AUTO_CASCADE_CHAINS                            ; ON           ; AUTO_CASCADE        ;
; IGNORE_CASCADE_BUFFERS                         ; OFF          ; IGNORE_CASCADE      ;
; LPM_WIDTHA                                     ; 32           ; Untyped             ;
; LPM_WIDTHB                                     ; 32           ; Untyped             ;
; LPM_WIDTHP                                     ; 64           ; Untyped             ;
; LPM_WIDTHR                                     ; 64           ; Untyped             ;
; LPM_WIDTHS                                     ; 1            ; Untyped             ;
; LPM_REPRESENTATION                             ; SIGNED       ; Untyped             ;
; LPM_PIPELINE                                   ; 0            ; Untyped             ;
; LATENCY                                        ; 0            ; Untyped             ;
; INPUT_A_IS_CONSTANT                            ; NO           ; Untyped             ;
; INPUT_B_IS_CONSTANT                            ; NO           ; Untyped             ;
; USE_EAB                                        ; OFF          ; Untyped             ;
; MAXIMIZE_SPEED                                 ; 5            ; Untyped             ;
; DEVICE_FAMILY                                  ; Cyclone IV E ; Untyped             ;
; CARRY_CHAIN                                    ; MANUAL       ; Untyped             ;
; APEX20K_TECHNOLOGY_MAPPER                      ; LUT          ; TECH_MAPPER_APEX20K ;
; DEDICATED_MULTIPLIER_CIRCUITRY                 ; AUTO         ; Untyped             ;
; DEDICATED_MULTIPLIER_MIN_INPUT_WIDTH_FOR_AUTO  ; 0            ; Untyped             ;
; DEDICATED_MULTIPLIER_MIN_OUTPUT_WIDTH_FOR_AUTO ; 0            ; Untyped             ;
; CBXI_PARAMETER                                 ; mult_46t     ; Untyped             ;
; INPUT_A_FIXED_VALUE                            ; Bx           ; Untyped             ;
; INPUT_B_FIXED_VALUE                            ; Bx           ; Untyped             ;
; USE_AHDL_IMPLEMENTATION                        ; OFF          ; Untyped             ;
+------------------------------------------------+--------------+---------------------+
Note: In order to hide this table in the UI and the text report file, please set the "Show Parameter Settings in Synthesis Report" option in "Analysis and Synthesis Settings -> More Settings" to "Off".


+-------------------------------------------------------------------------------+
; Parameter Settings for Inferred Entity Instance: ula:ula_inst|lpm_divide:Div0 ;
+------------------------+----------------+-------------------------------------+
; Parameter Name         ; Value          ; Type                                ;
+------------------------+----------------+-------------------------------------+
; LPM_WIDTHN             ; 32             ; Untyped                             ;
; LPM_WIDTHD             ; 32             ; Untyped                             ;
; LPM_NREPRESENTATION    ; SIGNED         ; Untyped                             ;
; LPM_DREPRESENTATION    ; SIGNED         ; Untyped                             ;
; LPM_PIPELINE           ; 0              ; Untyped                             ;
; LPM_REMAINDERPOSITIVE  ; FALSE          ; Untyped                             ;
; MAXIMIZE_SPEED         ; 5              ; Untyped                             ;
; CBXI_PARAMETER         ; lpm_divide_92p ; Untyped                             ;
; CARRY_CHAIN            ; MANUAL         ; Untyped                             ;
; OPTIMIZE_FOR_SPEED     ; 5              ; Untyped                             ;
; AUTO_CARRY_CHAINS      ; ON             ; AUTO_CARRY                          ;
; IGNORE_CARRY_BUFFERS   ; OFF            ; IGNORE_CARRY                        ;
; AUTO_CASCADE_CHAINS    ; ON             ; AUTO_CASCADE                        ;
; IGNORE_CASCADE_BUFFERS ; OFF            ; IGNORE_CASCADE                      ;
+------------------------+----------------+-------------------------------------+
Note: In order to hide this table in the UI and the text report file, please set the "Show Parameter Settings in Synthesis Report" option in "Analysis and Synthesis Settings -> More Settings" to "Off".


+---------------------------------------------------------------------+
; lpm_mult Parameter Settings by Entity Instance                      ;
+---------------------------------------+-----------------------------+
; Name                                  ; Value                       ;
+---------------------------------------+-----------------------------+
; Number of entity instances            ; 1                           ;
; Entity Instance                       ; ula:ula_inst|lpm_mult:Mult0 ;
;     -- LPM_WIDTHA                     ; 32                          ;
;     -- LPM_WIDTHB                     ; 32                          ;
;     -- LPM_WIDTHP                     ; 64                          ;
;     -- LPM_REPRESENTATION             ; SIGNED                      ;
;     -- INPUT_A_IS_CONSTANT            ; NO                          ;
;     -- INPUT_B_IS_CONSTANT            ; NO                          ;
;     -- USE_EAB                        ; OFF                         ;
;     -- DEDICATED_MULTIPLIER_CIRCUITRY ; AUTO                        ;
;     -- INPUT_A_FIXED_VALUE            ; Bx                          ;
;     -- INPUT_B_FIXED_VALUE            ; Bx                          ;
+---------------------------------------+-----------------------------+


+---------------------------------------------------------+
; Port Connectivity Checks: "mux_memoria:mux_mem_inst"    ;
+-----------------------+-------+----------+--------------+
; Port                  ; Type  ; Severity ; Details      ;
+-----------------------+-------+----------+--------------+
; io_input_data[31..18] ; Input ; Info     ; Stuck at GND ;
+-----------------------+-------+----------+--------------+


+-------------------------------------------------------------------------------------------------------------------+
; Port Connectivity Checks: "Unidade_Controle:UC"                                                                   ;
+---------+--------+----------+-------------------------------------------------------------------------------------+
; Port    ; Type   ; Severity ; Details                                                                             ;
+---------+--------+----------+-------------------------------------------------------------------------------------+
; MemRead ; Output ; Info     ; Connected to dangling logic. Logic that only feeds a dangling port will be removed. ;
+---------+--------+----------+-------------------------------------------------------------------------------------+


+--------------------------------------------------------------------------------------------------------------------------------------------------------------------------------------------------------------+
; Port Connectivity Checks: "rom:ROM"                                                                                                                                                                          ;
+------+-------+----------+------------------------------------------------------------------------------------------------------------------------------------------------------------------------------------+
; Port ; Type  ; Severity ; Details                                                                                                                                                                            ;
+------+-------+----------+------------------------------------------------------------------------------------------------------------------------------------------------------------------------------------+
; addr ; Input ; Warning  ; Input port expression (32 bits) is wider than the input port (6 bits) it drives.  The 26 most-significant bit(s) in the expression will be dangling if they have no other fanouts. ;
+------+-------+----------+------------------------------------------------------------------------------------------------------------------------------------------------------------------------------------+


+-----------------------------------------------------+
; Post-Synthesis Netlist Statistics for Top Partition ;
+-----------------------+-----------------------------+
; Type                  ; Count                       ;
+-----------------------+-----------------------------+
; boundary_port         ; 86                          ;
; cycloneiii_ff         ; 2369                        ;
;     CLR               ; 1                           ;
;     ENA               ; 2336                        ;
;     ENA SLD           ; 6                           ;
;     plain             ; 26                          ;
; cycloneiii_lcell_comb ; 10367                       ;
;     arith             ; 2596                        ;
;         1 data inputs ; 7                           ;
;         2 data inputs ; 154                         ;
;         3 data inputs ; 2435                        ;
;     normal            ; 7771                        ;
;         0 data inputs ; 308                         ;
;         1 data inputs ; 120                         ;
;         2 data inputs ; 2806                        ;
;         3 data inputs ; 177                         ;
;         4 data inputs ; 4360                        ;
; cycloneiii_mac_mult   ; 3                           ;
; cycloneiii_mac_out    ; 3                           ;
;                       ;                             ;
; Max LUT depth         ; 156.20                      ;
; Average LUT depth     ; 73.40                       ;
+-----------------------+-----------------------------+


+-------------------------------+
; Elapsed Time Per Partition    ;
+----------------+--------------+
; Partition Name ; Elapsed Time ;
+----------------+--------------+
; Top            ; 00:00:18     ;
+----------------+--------------+


+-------------------------------+
; Analysis & Synthesis Messages ;
+-------------------------------+
Info: *******************************************************************
Info: Running Quartus Prime Analysis & Synthesis
    Info: Version 21.1.0 Build 842 10/21/2021 SJ Lite Edition
    Info: Processing started: Mon Jun 22 22:42:05 2026
Info: Command: quartus_map --read_settings_files=on --write_settings_files=off cpu -c cpu
Warning (18236): Number of processors has not been specified which may cause overloading on shared machines.  Set the global assignment NUM_PARALLEL_PROCESSORS in your QSF to an appropriate value for best performance.
Info (20030): Parallel compilation is enabled and will use 8 of the 8 processors detected
Info (12021): Found 1 design units, including 1 entities, in source file rom.v
    Info (12023): Found entity 1: rom File: C:/Users/felip/Documents/GitHub/Compiladores/src/processor/cpu/rom.v Line: 1
Info (12021): Found 1 design units, including 1 entities, in source file ula.v
    Info (12023): Found entity 1: ula File: C:/Users/felip/Documents/GitHub/Compiladores/src/processor/cpu/ula.v Line: 1
Info (12021): Found 1 design units, including 1 entities, in source file unidade_controle.v
    Info (12023): Found entity 1: Unidade_Controle File: C:/Users/felip/Documents/GitHub/Compiladores/src/processor/cpu/Unidade_Controle.v Line: 2
Info (12021): Found 1 design units, including 1 entities, in source file ram.v
    Info (12023): Found entity 1: ram File: C:/Users/felip/Documents/GitHub/Compiladores/src/processor/cpu/ram.v Line: 1
Info (12021): Found 1 design units, including 1 entities, in source file pc.v
    Info (12023): Found entity 1: PC File: C:/Users/felip/Documents/GitHub/Compiladores/src/processor/cpu/PC.v Line: 2
Info (12021): Found 1 design units, including 1 entities, in source file mux_ula.v
    Info (12023): Found entity 1: mux_ula File: C:/Users/felip/Documents/GitHub/Compiladores/src/processor/cpu/mux_ula.v Line: 1
Info (12021): Found 1 design units, including 1 entities, in source file mux_pc.v
    Info (12023): Found entity 1: mux_pc File: C:/Users/felip/Documents/GitHub/Compiladores/src/processor/cpu/mux_pc.v Line: 1
Info (12021): Found 1 design units, including 1 entities, in source file mux_memoria.v
    Info (12023): Found entity 1: mux_memoria File: C:/Users/felip/Documents/GitHub/Compiladores/src/processor/cpu/mux_memoria.v Line: 2
Info (12021): Found 1 design units, including 1 entities, in source file mux_jump.v
    Info (12023): Found entity 1: mux_jump File: C:/Users/felip/Documents/GitHub/Compiladores/src/processor/cpu/mux_jump.v Line: 1
Info (12021): Found 1 design units, including 1 entities, in source file decoder_instrucao.v
    Info (12023): Found entity 1: decoder_instrucao File: C:/Users/felip/Documents/GitHub/Compiladores/src/processor/cpu/decoder_instrucao.v Line: 2
Info (12021): Found 1 design units, including 1 entities, in source file cpu.v
    Info (12023): Found entity 1: cpu File: C:/Users/felip/Documents/GitHub/Compiladores/src/processor/cpu/cpu.v Line: 2
Info (12021): Found 1 design units, including 1 entities, in source file banco.v
    Info (12023): Found entity 1: banco File: C:/Users/felip/Documents/GitHub/Compiladores/src/processor/cpu/banco.v Line: 1
Info (12021): Found 1 design units, including 1 entities, in source file controlesinal.v
    Info (12023): Found entity 1: ControleSinal File: C:/Users/felip/Documents/GitHub/Compiladores/src/processor/cpu/ControleSinal.v Line: 2
Info (12021): Found 1 design units, including 1 entities, in source file decode7seg.v
    Info (12023): Found entity 1: Decode7seg File: C:/Users/felip/Documents/GitHub/Compiladores/src/processor/cpu/Decode7seg.v Line: 3
Info (12021): Found 1 design units, including 1 entities, in source file controlesaida.v
    Info (12023): Found entity 1: ControleSaida File: C:/Users/felip/Documents/GitHub/Compiladores/src/processor/cpu/ControleSaida.v Line: 2
Info (12021): Found 1 design units, including 1 entities, in source file cpu_2.v
    Info (12023): Found entity 1: cpu2 File: C:/Users/felip/Documents/GitHub/Compiladores/src/processor/cpu/cpu_2.v Line: 3
Info (12021): Found 1 design units, including 1 entities, in source file divisorfrequencia.v
    Info (12023): Found entity 1: DivisorFrequencia File: C:/Users/felip/Documents/GitHub/Compiladores/src/processor/cpu/DivisorFrequencia.v Line: 2
Info (12127): Elaborating entity "cpu" for the top level hierarchy
Info (12128): Elaborating entity "DivisorFrequencia" for hierarchy "DivisorFrequencia:Divisor_inst" File: C:/Users/felip/Documents/GitHub/Compiladores/src/processor/cpu/cpu.v Line: 79
Warning (10230): Verilog HDL assignment warning at DivisorFrequencia.v(14): truncated value with size 32 to match size of target (25) File: C:/Users/felip/Documents/GitHub/Compiladores/src/processor/cpu/DivisorFrequencia.v Line: 14
Info (12128): Elaborating entity "PC" for hierarchy "PC:PC_inst" File: C:/Users/felip/Documents/GitHub/Compiladores/src/processor/cpu/cpu.v Line: 90
Info (12128): Elaborating entity "rom" for hierarchy "rom:ROM" File: C:/Users/felip/Documents/GitHub/Compiladores/src/processor/cpu/cpu.v Line: 96
Warning (10850): Verilog HDL warning at rom.v(14): number of words (168) in memory file does not match the number of elements in the address range [0:63] File: C:/Users/felip/Documents/GitHub/Compiladores/src/processor/cpu/rom.v Line: 14
Warning (10030): Net "rom.data_a" at rom.v(9) has no driver or initial value, using a default initial value '0' File: C:/Users/felip/Documents/GitHub/Compiladores/src/processor/cpu/rom.v Line: 9
Warning (10030): Net "rom.waddr_a" at rom.v(9) has no driver or initial value, using a default initial value '0' File: C:/Users/felip/Documents/GitHub/Compiladores/src/processor/cpu/rom.v Line: 9
Warning (10030): Net "rom.we_a" at rom.v(9) has no driver or initial value, using a default initial value '0' File: C:/Users/felip/Documents/GitHub/Compiladores/src/processor/cpu/rom.v Line: 9
Info (12128): Elaborating entity "decoder_instrucao" for hierarchy "decoder_instrucao:decoder" File: C:/Users/felip/Documents/GitHub/Compiladores/src/processor/cpu/cpu.v Line: 103
Warning (10270): Verilog HDL Case Statement warning at decoder_instrucao.v(85): incomplete case statement has no default case item File: C:/Users/felip/Documents/GitHub/Compiladores/src/processor/cpu/decoder_instrucao.v Line: 85
Warning (10270): Verilog HDL Case Statement warning at decoder_instrucao.v(32): incomplete case statement has no default case item File: C:/Users/felip/Documents/GitHub/Compiladores/src/processor/cpu/decoder_instrucao.v Line: 32
Info (12128): Elaborating entity "Unidade_Controle" for hierarchy "Unidade_Controle:UC" File: C:/Users/felip/Documents/GitHub/Compiladores/src/processor/cpu/cpu.v Line: 117
Warning (10270): Verilog HDL Case Statement warning at Unidade_Controle.v(62): incomplete case statement has no default case item File: C:/Users/felip/Documents/GitHub/Compiladores/src/processor/cpu/Unidade_Controle.v Line: 62
Warning (10270): Verilog HDL Case Statement warning at Unidade_Controle.v(102): incomplete case statement has no default case item File: C:/Users/felip/Documents/GitHub/Compiladores/src/processor/cpu/Unidade_Controle.v Line: 102
Warning (10270): Verilog HDL Case Statement warning at Unidade_Controle.v(142): incomplete case statement has no default case item File: C:/Users/felip/Documents/GitHub/Compiladores/src/processor/cpu/Unidade_Controle.v Line: 142
Warning (10270): Verilog HDL Case Statement warning at Unidade_Controle.v(160): incomplete case statement has no default case item File: C:/Users/felip/Documents/GitHub/Compiladores/src/processor/cpu/Unidade_Controle.v Line: 160
Warning (10270): Verilog HDL Case Statement warning at Unidade_Controle.v(46): incomplete case statement has no default case item File: C:/Users/felip/Documents/GitHub/Compiladores/src/processor/cpu/Unidade_Controle.v Line: 46
Warning (10034): Output port "MemRead" at Unidade_Controle.v(15) has no driver File: C:/Users/felip/Documents/GitHub/Compiladores/src/processor/cpu/Unidade_Controle.v Line: 15
Info (12128): Elaborating entity "ControleSinal" for hierarchy "ControleSinal:io_signal_control" File: C:/Users/felip/Documents/GitHub/Compiladores/src/processor/cpu/cpu.v Line: 128
Info (12128): Elaborating entity "banco" for hierarchy "banco:banco_inst" File: C:/Users/felip/Documents/GitHub/Compiladores/src/processor/cpu/cpu.v Line: 140
Info (12128): Elaborating entity "mux_ula" for hierarchy "mux_ula:mux_ula_inst" File: C:/Users/felip/Documents/GitHub/Compiladores/src/processor/cpu/cpu.v Line: 144
Info (12128): Elaborating entity "ula" for hierarchy "ula:ula_inst" File: C:/Users/felip/Documents/GitHub/Compiladores/src/processor/cpu/cpu.v Line: 149
Info (12128): Elaborating entity "ram" for hierarchy "ram:ram_inst" File: C:/Users/felip/Documents/GitHub/Compiladores/src/processor/cpu/cpu.v Line: 178
Info (12128): Elaborating entity "mux_memoria" for hierarchy "mux_memoria:mux_mem_inst" File: C:/Users/felip/Documents/GitHub/Compiladores/src/processor/cpu/cpu.v Line: 187
Info (12128): Elaborating entity "mux_jump" for hierarchy "mux_jump:mux_jump_inst" File: C:/Users/felip/Documents/GitHub/Compiladores/src/processor/cpu/cpu.v Line: 191
Info (12128): Elaborating entity "mux_pc" for hierarchy "mux_pc:mux_pc_inst" File: C:/Users/felip/Documents/GitHub/Compiladores/src/processor/cpu/cpu.v Line: 200
Info (12128): Elaborating entity "ControleSaida" for hierarchy "ControleSaida:display_controller" File: C:/Users/felip/Documents/GitHub/Compiladores/src/processor/cpu/cpu.v Line: 226
Warning (10230): Verilog HDL assignment warning at ControleSaida.v(33): truncated value with size 32 to match size of target (4) File: C:/Users/felip/Documents/GitHub/Compiladores/src/processor/cpu/ControleSaida.v Line: 33
Warning (10230): Verilog HDL assignment warning at ControleSaida.v(34): truncated value with size 32 to match size of target (4) File: C:/Users/felip/Documents/GitHub/Compiladores/src/processor/cpu/ControleSaida.v Line: 34
Warning (10230): Verilog HDL assignment warning at ControleSaida.v(35): truncated value with size 32 to match size of target (4) File: C:/Users/felip/Documents/GitHub/Compiladores/src/processor/cpu/ControleSaida.v Line: 35
Warning (10230): Verilog HDL assignment warning at ControleSaida.v(36): truncated value with size 32 to match size of target (4) File: C:/Users/felip/Documents/GitHub/Compiladores/src/processor/cpu/ControleSaida.v Line: 36
Warning (10230): Verilog HDL assignment warning at ControleSaida.v(37): truncated value with size 32 to match size of target (4) File: C:/Users/felip/Documents/GitHub/Compiladores/src/processor/cpu/ControleSaida.v Line: 37
Warning (10230): Verilog HDL assignment warning at ControleSaida.v(38): truncated value with size 32 to match size of target (4) File: C:/Users/felip/Documents/GitHub/Compiladores/src/processor/cpu/ControleSaida.v Line: 38
Warning (10230): Verilog HDL assignment warning at ControleSaida.v(39): truncated value with size 32 to match size of target (4) File: C:/Users/felip/Documents/GitHub/Compiladores/src/processor/cpu/ControleSaida.v Line: 39
Warning (10230): Verilog HDL assignment warning at ControleSaida.v(40): truncated value with size 32 to match size of target (4) File: C:/Users/felip/Documents/GitHub/Compiladores/src/processor/cpu/ControleSaida.v Line: 40
Info (12128): Elaborating entity "Decode7seg" for hierarchy "ControleSaida:display_controller|Decode7seg:D0" File: C:/Users/felip/Documents/GitHub/Compiladores/src/processor/cpu/ControleSaida.v Line: 46
Info (276014): Found 3 instances of uninferred RAM logic
    Info (276007): RAM logic "rom:ROM|rom" is uninferred due to asynchronous read logic File: C:/Users/felip/Documents/GitHub/Compiladores/src/processor/cpu/rom.v Line: 9
    Info (276007): RAM logic "banco:banco_inst|registradores" is uninferred due to asynchronous read logic File: C:/Users/felip/Documents/GitHub/Compiladores/src/processor/cpu/banco.v Line: 13
    Info (276007): RAM logic "ram:ram_inst|ram" is uninferred due to asynchronous read logic File: C:/Users/felip/Documents/GitHub/Compiladores/src/processor/cpu/ram.v Line: 11
Info (278001): Inferred 17 megafunctions from design logic
    Info (278004): Inferred divider/modulo megafunction ("lpm_divide") from the following logic: "ControleSaida:display_controller|Mod0" File: C:/Users/felip/Documents/GitHub/Compiladores/src/processor/cpu/ControleSaida.v Line: 33
    Info (278004): Inferred divider/modulo megafunction ("lpm_divide") from the following logic: "ControleSaida:display_controller|Div0" File: C:/Users/felip/Documents/GitHub/Compiladores/src/processor/cpu/ControleSaida.v Line: 34
    Info (278004): Inferred divider/modulo megafunction ("lpm_divide") from the following logic: "ControleSaida:display_controller|Mod1" File: C:/Users/felip/Documents/GitHub/Compiladores/src/processor/cpu/ControleSaida.v Line: 34
    Info (278004): Inferred divider/modulo megafunction ("lpm_divide") from the following logic: "ControleSaida:display_controller|Div1" File: C:/Users/felip/Documents/GitHub/Compiladores/src/processor/cpu/ControleSaida.v Line: 35
    Info (278004): Inferred divider/modulo megafunction ("lpm_divide") from the following logic: "ControleSaida:display_controller|Mod2" File: C:/Users/felip/Documents/GitHub/Compiladores/src/processor/cpu/ControleSaida.v Line: 35
    Info (278004): Inferred divider/modulo megafunction ("lpm_divide") from the following logic: "ControleSaida:display_controller|Div2" File: C:/Users/felip/Documents/GitHub/Compiladores/src/processor/cpu/ControleSaida.v Line: 36
    Info (278004): Inferred divider/modulo megafunction ("lpm_divide") from the following logic: "ControleSaida:display_controller|Mod3" File: C:/Users/felip/Documents/GitHub/Compiladores/src/processor/cpu/ControleSaida.v Line: 36
    Info (278004): Inferred divider/modulo megafunction ("lpm_divide") from the following logic: "ControleSaida:display_controller|Div3" File: C:/Users/felip/Documents/GitHub/Compiladores/src/processor/cpu/ControleSaida.v Line: 37
    Info (278004): Inferred divider/modulo megafunction ("lpm_divide") from the following logic: "ControleSaida:display_controller|Mod4" File: C:/Users/felip/Documents/GitHub/Compiladores/src/processor/cpu/ControleSaida.v Line: 37
    Info (278004): Inferred divider/modulo megafunction ("lpm_divide") from the following logic: "ControleSaida:display_controller|Div4" File: C:/Users/felip/Documents/GitHub/Compiladores/src/processor/cpu/ControleSaida.v Line: 38
    Info (278004): Inferred divider/modulo megafunction ("lpm_divide") from the following logic: "ControleSaida:display_controller|Mod5" File: C:/Users/felip/Documents/GitHub/Compiladores/src/processor/cpu/ControleSaida.v Line: 38
    Info (278004): Inferred divider/modulo megafunction ("lpm_divide") from the following logic: "ControleSaida:display_controller|Div5" File: C:/Users/felip/Documents/GitHub/Compiladores/src/processor/cpu/ControleSaida.v Line: 39
    Info (278004): Inferred divider/modulo megafunction ("lpm_divide") from the following logic: "ControleSaida:display_controller|Mod6" File: C:/Users/felip/Documents/GitHub/Compiladores/src/processor/cpu/ControleSaida.v Line: 39
    Info (278004): Inferred divider/modulo megafunction ("lpm_divide") from the following logic: "ControleSaida:display_controller|Div6" File: C:/Users/felip/Documents/GitHub/Compiladores/src/processor/cpu/ControleSaida.v Line: 40
    Info (278004): Inferred divider/modulo megafunction ("lpm_divide") from the following logic: "ControleSaida:display_controller|Mod7" File: C:/Users/felip/Documents/GitHub/Compiladores/src/processor/cpu/ControleSaida.v Line: 40
    Info (278003): Inferred multiplier megafunction ("lpm_mult") from the following logic: "ula:ula_inst|Mult0" File: C:/Users/felip/Documents/GitHub/Compiladores/src/processor/cpu/ula.v Line: 17
    Info (278004): Inferred divider/modulo megafunction ("lpm_divide") from the following logic: "ula:ula_inst|Div0" File: C:/Users/felip/Documents/GitHub/Compiladores/src/processor/cpu/ula.v Line: 18
Info (12130): Elaborated megafunction instantiation "ControleSaida:display_controller|lpm_divide:Mod0" File: C:/Users/felip/Documents/GitHub/Compiladores/src/processor/cpu/ControleSaida.v Line: 33
Info (12133): Instantiated megafunction "ControleSaida:display_controller|lpm_divide:Mod0" with the following parameter: File: C:/Users/felip/Documents/GitHub/Compiladores/src/processor/cpu/ControleSaida.v Line: 33
    Info (12134): Parameter "LPM_WIDTHN" = "32"
    Info (12134): Parameter "LPM_WIDTHD" = "4"
    Info (12134): Parameter "LPM_NREPRESENTATION" = "UNSIGNED"
    Info (12134): Parameter "LPM_DREPRESENTATION" = "UNSIGNED"
Info (12021): Found 1 design units, including 1 entities, in source file db/lpm_divide_3bm.tdf
    Info (12023): Found entity 1: lpm_divide_3bm File: C:/Users/felip/Documents/GitHub/Compiladores/src/processor/cpu/db/lpm_divide_3bm.tdf Line: 25
Info (12021): Found 1 design units, including 1 entities, in source file db/sign_div_unsign_olh.tdf
    Info (12023): Found entity 1: sign_div_unsign_olh File: C:/Users/felip/Documents/GitHub/Compiladores/src/processor/cpu/db/sign_div_unsign_olh.tdf Line: 25
Info (12021): Found 1 design units, including 1 entities, in source file db/alt_u_div_47f.tdf
    Info (12023): Found entity 1: alt_u_div_47f File: C:/Users/felip/Documents/GitHub/Compiladores/src/processor/cpu/db/alt_u_div_47f.tdf Line: 27
Info (12021): Found 1 design units, including 1 entities, in source file db/add_sub_7pc.tdf
    Info (12023): Found entity 1: add_sub_7pc File: C:/Users/felip/Documents/GitHub/Compiladores/src/processor/cpu/db/add_sub_7pc.tdf Line: 23
Info (12021): Found 1 design units, including 1 entities, in source file db/add_sub_8pc.tdf
    Info (12023): Found entity 1: add_sub_8pc File: C:/Users/felip/Documents/GitHub/Compiladores/src/processor/cpu/db/add_sub_8pc.tdf Line: 23
Info (12130): Elaborated megafunction instantiation "ControleSaida:display_controller|lpm_divide:Div0" File: C:/Users/felip/Documents/GitHub/Compiladores/src/processor/cpu/ControleSaida.v Line: 34
Info (12133): Instantiated megafunction "ControleSaida:display_controller|lpm_divide:Div0" with the following parameter: File: C:/Users/felip/Documents/GitHub/Compiladores/src/processor/cpu/ControleSaida.v Line: 34
    Info (12134): Parameter "LPM_WIDTHN" = "32"
    Info (12134): Parameter "LPM_WIDTHD" = "4"
    Info (12134): Parameter "LPM_NREPRESENTATION" = "UNSIGNED"
    Info (12134): Parameter "LPM_DREPRESENTATION" = "UNSIGNED"
Info (12021): Found 1 design units, including 1 entities, in source file db/lpm_divide_0jm.tdf
    Info (12023): Found entity 1: lpm_divide_0jm File: C:/Users/felip/Documents/GitHub/Compiladores/src/processor/cpu/db/lpm_divide_0jm.tdf Line: 25
Info (12130): Elaborated megafunction instantiation "ControleSaida:display_controller|lpm_divide:Div1" File: C:/Users/felip/Documents/GitHub/Compiladores/src/processor/cpu/ControleSaida.v Line: 35
Info (12133): Instantiated megafunction "ControleSaida:display_controller|lpm_divide:Div1" with the following parameter: File: C:/Users/felip/Documents/GitHub/Compiladores/src/processor/cpu/ControleSaida.v Line: 35
    Info (12134): Parameter "LPM_WIDTHN" = "32"
    Info (12134): Parameter "LPM_WIDTHD" = "7"
    Info (12134): Parameter "LPM_NREPRESENTATION" = "UNSIGNED"
    Info (12134): Parameter "LPM_DREPRESENTATION" = "UNSIGNED"
Info (12021): Found 1 design units, including 1 entities, in source file db/lpm_divide_3jm.tdf
    Info (12023): Found entity 1: lpm_divide_3jm File: C:/Users/felip/Documents/GitHub/Compiladores/src/processor/cpu/db/lpm_divide_3jm.tdf Line: 25
Info (12021): Found 1 design units, including 1 entities, in source file db/sign_div_unsign_rlh.tdf
    Info (12023): Found entity 1: sign_div_unsign_rlh File: C:/Users/felip/Documents/GitHub/Compiladores/src/processor/cpu/db/sign_div_unsign_rlh.tdf Line: 25
Info (12021): Found 1 design units, including 1 entities, in source file db/alt_u_div_a7f.tdf
    Info (12023): Found entity 1: alt_u_div_a7f File: C:/Users/felip/Documents/GitHub/Compiladores/src/processor/cpu/db/alt_u_div_a7f.tdf Line: 27
Info (12130): Elaborated megafunction instantiation "ControleSaida:display_controller|lpm_divide:Div2" File: C:/Users/felip/Documents/GitHub/Compiladores/src/processor/cpu/ControleSaida.v Line: 36
Info (12133): Instantiated megafunction "ControleSaida:display_controller|lpm_divide:Div2" with the following parameter: File: C:/Users/felip/Documents/GitHub/Compiladores/src/processor/cpu/ControleSaida.v Line: 36
    Info (12134): Parameter "LPM_WIDTHN" = "32"
    Info (12134): Parameter "LPM_WIDTHD" = "10"
    Info (12134): Parameter "LPM_NREPRESENTATION" = "UNSIGNED"
    Info (12134): Parameter "LPM_DREPRESENTATION" = "UNSIGNED"
Info (12021): Found 1 design units, including 1 entities, in source file db/lpm_divide_dkm.tdf
    Info (12023): Found entity 1: lpm_divide_dkm File: C:/Users/felip/Documents/GitHub/Compiladores/src/processor/cpu/db/lpm_divide_dkm.tdf Line: 25
Info (12021): Found 1 design units, including 1 entities, in source file db/sign_div_unsign_5nh.tdf
    Info (12023): Found entity 1: sign_div_unsign_5nh File: C:/Users/felip/Documents/GitHub/Compiladores/src/processor/cpu/db/sign_div_unsign_5nh.tdf Line: 25
Info (12021): Found 1 design units, including 1 entities, in source file db/alt_u_div_u9f.tdf
    Info (12023): Found entity 1: alt_u_div_u9f File: C:/Users/felip/Documents/GitHub/Compiladores/src/processor/cpu/db/alt_u_div_u9f.tdf Line: 27
Info (12130): Elaborated megafunction instantiation "ControleSaida:display_controller|lpm_divide:Div3" File: C:/Users/felip/Documents/GitHub/Compiladores/src/processor/cpu/ControleSaida.v Line: 37
Info (12133): Instantiated megafunction "ControleSaida:display_controller|lpm_divide:Div3" with the following parameter: File: C:/Users/felip/Documents/GitHub/Compiladores/src/processor/cpu/ControleSaida.v Line: 37
    Info (12134): Parameter "LPM_WIDTHN" = "32"
    Info (12134): Parameter "LPM_WIDTHD" = "14"
    Info (12134): Parameter "LPM_NREPRESENTATION" = "UNSIGNED"
    Info (12134): Parameter "LPM_DREPRESENTATION" = "UNSIGNED"
Info (12021): Found 1 design units, including 1 entities, in source file db/lpm_divide_hkm.tdf
    Info (12023): Found entity 1: lpm_divide_hkm File: C:/Users/felip/Documents/GitHub/Compiladores/src/processor/cpu/db/lpm_divide_hkm.tdf Line: 25
Info (12021): Found 1 design units, including 1 entities, in source file db/sign_div_unsign_9nh.tdf
    Info (12023): Found entity 1: sign_div_unsign_9nh File: C:/Users/felip/Documents/GitHub/Compiladores/src/processor/cpu/db/sign_div_unsign_9nh.tdf Line: 25
Info (12021): Found 1 design units, including 1 entities, in source file db/alt_u_div_7af.tdf
    Info (12023): Found entity 1: alt_u_div_7af File: C:/Users/felip/Documents/GitHub/Compiladores/src/processor/cpu/db/alt_u_div_7af.tdf Line: 27
Info (12130): Elaborated megafunction instantiation "ControleSaida:display_controller|lpm_divide:Div4" File: C:/Users/felip/Documents/GitHub/Compiladores/src/processor/cpu/ControleSaida.v Line: 38
Info (12133): Instantiated megafunction "ControleSaida:display_controller|lpm_divide:Div4" with the following parameter: File: C:/Users/felip/Documents/GitHub/Compiladores/src/processor/cpu/ControleSaida.v Line: 38
    Info (12134): Parameter "LPM_WIDTHN" = "32"
    Info (12134): Parameter "LPM_WIDTHD" = "17"
    Info (12134): Parameter "LPM_NREPRESENTATION" = "UNSIGNED"
    Info (12134): Parameter "LPM_DREPRESENTATION" = "UNSIGNED"
Info (12021): Found 1 design units, including 1 entities, in source file db/lpm_divide_kkm.tdf
    Info (12023): Found entity 1: lpm_divide_kkm File: C:/Users/felip/Documents/GitHub/Compiladores/src/processor/cpu/db/lpm_divide_kkm.tdf Line: 25
Info (12021): Found 1 design units, including 1 entities, in source file db/sign_div_unsign_cnh.tdf
    Info (12023): Found entity 1: sign_div_unsign_cnh File: C:/Users/felip/Documents/GitHub/Compiladores/src/processor/cpu/db/sign_div_unsign_cnh.tdf Line: 25
Info (12021): Found 1 design units, including 1 entities, in source file db/alt_u_div_caf.tdf
    Info (12023): Found entity 1: alt_u_div_caf File: C:/Users/felip/Documents/GitHub/Compiladores/src/processor/cpu/db/alt_u_div_caf.tdf Line: 27
Info (12130): Elaborated megafunction instantiation "ControleSaida:display_controller|lpm_divide:Div5" File: C:/Users/felip/Documents/GitHub/Compiladores/src/processor/cpu/ControleSaida.v Line: 39
Info (12133): Instantiated megafunction "ControleSaida:display_controller|lpm_divide:Div5" with the following parameter: File: C:/Users/felip/Documents/GitHub/Compiladores/src/processor/cpu/ControleSaida.v Line: 39
    Info (12134): Parameter "LPM_WIDTHN" = "32"
    Info (12134): Parameter "LPM_WIDTHD" = "20"
    Info (12134): Parameter "LPM_NREPRESENTATION" = "UNSIGNED"
    Info (12134): Parameter "LPM_DREPRESENTATION" = "UNSIGNED"
Info (12021): Found 1 design units, including 1 entities, in source file db/lpm_divide_ekm.tdf
    Info (12023): Found entity 1: lpm_divide_ekm File: C:/Users/felip/Documents/GitHub/Compiladores/src/processor/cpu/db/lpm_divide_ekm.tdf Line: 25
Info (12021): Found 1 design units, including 1 entities, in source file db/sign_div_unsign_6nh.tdf
    Info (12023): Found entity 1: sign_div_unsign_6nh File: C:/Users/felip/Documents/GitHub/Compiladores/src/processor/cpu/db/sign_div_unsign_6nh.tdf Line: 25
Info (12021): Found 1 design units, including 1 entities, in source file db/alt_u_div_0af.tdf
    Info (12023): Found entity 1: alt_u_div_0af File: C:/Users/felip/Documents/GitHub/Compiladores/src/processor/cpu/db/alt_u_div_0af.tdf Line: 27
Info (12130): Elaborated megafunction instantiation "ControleSaida:display_controller|lpm_divide:Div6" File: C:/Users/felip/Documents/GitHub/Compiladores/src/processor/cpu/ControleSaida.v Line: 40
Info (12133): Instantiated megafunction "ControleSaida:display_controller|lpm_divide:Div6" with the following parameter: File: C:/Users/felip/Documents/GitHub/Compiladores/src/processor/cpu/ControleSaida.v Line: 40
    Info (12134): Parameter "LPM_WIDTHN" = "32"
    Info (12134): Parameter "LPM_WIDTHD" = "24"
    Info (12134): Parameter "LPM_NREPRESENTATION" = "UNSIGNED"
    Info (12134): Parameter "LPM_DREPRESENTATION" = "UNSIGNED"
Info (12021): Found 1 design units, including 1 entities, in source file db/lpm_divide_ikm.tdf
    Info (12023): Found entity 1: lpm_divide_ikm File: C:/Users/felip/Documents/GitHub/Compiladores/src/processor/cpu/db/lpm_divide_ikm.tdf Line: 25
Info (12021): Found 1 design units, including 1 entities, in source file db/sign_div_unsign_anh.tdf
    Info (12023): Found entity 1: sign_div_unsign_anh File: C:/Users/felip/Documents/GitHub/Compiladores/src/processor/cpu/db/sign_div_unsign_anh.tdf Line: 25
Info (12021): Found 1 design units, including 1 entities, in source file db/alt_u_div_8af.tdf
    Info (12023): Found entity 1: alt_u_div_8af File: C:/Users/felip/Documents/GitHub/Compiladores/src/processor/cpu/db/alt_u_div_8af.tdf Line: 27
Info (12130): Elaborated megafunction instantiation "ula:ula_inst|lpm_mult:Mult0" File: C:/Users/felip/Documents/GitHub/Compiladores/src/processor/cpu/ula.v Line: 17
Info (12133): Instantiated megafunction "ula:ula_inst|lpm_mult:Mult0" with the following parameter: File: C:/Users/felip/Documents/GitHub/Compiladores/src/processor/cpu/ula.v Line: 17
    Info (12134): Parameter "LPM_WIDTHA" = "32"
    Info (12134): Parameter "LPM_WIDTHB" = "32"
    Info (12134): Parameter "LPM_WIDTHP" = "64"
    Info (12134): Parameter "LPM_WIDTHR" = "64"
    Info (12134): Parameter "LPM_WIDTHS" = "1"
    Info (12134): Parameter "LPM_REPRESENTATION" = "SIGNED"
    Info (12134): Parameter "INPUT_A_IS_CONSTANT" = "NO"
    Info (12134): Parameter "INPUT_B_IS_CONSTANT" = "NO"
    Info (12134): Parameter "MAXIMIZE_SPEED" = "5"
Info (12021): Found 1 design units, including 1 entities, in source file db/mult_46t.tdf
    Info (12023): Found entity 1: mult_46t File: C:/Users/felip/Documents/GitHub/Compiladores/src/processor/cpu/db/mult_46t.tdf Line: 31
Info (12130): Elaborated megafunction instantiation "ula:ula_inst|lpm_divide:Div0" File: C:/Users/felip/Documents/GitHub/Compiladores/src/processor/cpu/ula.v Line: 18
Info (12133): Instantiated megafunction "ula:ula_inst|lpm_divide:Div0" with the following parameter: File: C:/Users/felip/Documents/GitHub/Compiladores/src/processor/cpu/ula.v Line: 18
    Info (12134): Parameter "LPM_WIDTHN" = "32"
    Info (12134): Parameter "LPM_WIDTHD" = "32"
    Info (12134): Parameter "LPM_NREPRESENTATION" = "SIGNED"
    Info (12134): Parameter "LPM_DREPRESENTATION" = "SIGNED"
    Info (12134): Parameter "LPM_HINT" = "LPM_REMAINDERPOSITIVE=FALSE"
Info (12021): Found 1 design units, including 1 entities, in source file db/lpm_divide_92p.tdf
    Info (12023): Found entity 1: lpm_divide_92p File: C:/Users/felip/Documents/GitHub/Compiladores/src/processor/cpu/db/lpm_divide_92p.tdf Line: 25
Info (12021): Found 1 design units, including 1 entities, in source file db/abs_divider_4dg.tdf
    Info (12023): Found entity 1: abs_divider_4dg File: C:/Users/felip/Documents/GitHub/Compiladores/src/processor/cpu/db/abs_divider_4dg.tdf Line: 27
Info (12021): Found 1 design units, including 1 entities, in source file db/alt_u_div_6af.tdf
    Info (12023): Found entity 1: alt_u_div_6af File: C:/Users/felip/Documents/GitHub/Compiladores/src/processor/cpu/db/alt_u_div_6af.tdf Line: 27
Info (12021): Found 1 design units, including 1 entities, in source file db/lpm_abs_i0a.tdf
    Info (12023): Found entity 1: lpm_abs_i0a File: C:/Users/felip/Documents/GitHub/Compiladores/src/processor/cpu/db/lpm_abs_i0a.tdf Line: 25
Warning (14284): Synthesized away the following node(s):
    Warning (14285): Synthesized away the following DSP element node(s):
        Warning (14320): Synthesized away node "ula:ula_inst|lpm_mult:Mult0|mult_46t:auto_generated|mac_mult7" File: C:/Users/felip/Documents/GitHub/Compiladores/src/processor/cpu/db/mult_46t.tdf Line: 67
        Warning (14320): Synthesized away node "ula:ula_inst|lpm_mult:Mult0|mult_46t:auto_generated|mac_out8" File: C:/Users/felip/Documents/GitHub/Compiladores/src/processor/cpu/db/mult_46t.tdf Line: 91
Warning (12241): 1 hierarchies have connectivity warnings - see the Connectivity Checks report folder
Info (13014): Ignored 146 buffer(s)
    Info (13016): Ignored 62 CARRY_SUM buffer(s)
    Info (13019): Ignored 84 SOFT buffer(s)
Info (286030): Timing-Driven Synthesis is running
Info (17016): Found the following redundant logic cells in design
    Info (17048): Logic cell "ControleSaida:display_controller|lpm_divide:Mod1|lpm_divide_3bm:auto_generated|sign_div_unsign_olh:divider|alt_u_div_47f:divider|add_sub_31_result_int[0]~0" File: C:/Users/felip/Documents/GitHub/Compiladores/src/processor/cpu/db/alt_u_div_47f.tdf Line: 152
    Info (17048): Logic cell "ControleSaida:display_controller|lpm_divide:Mod1|lpm_divide_3bm:auto_generated|sign_div_unsign_olh:divider|alt_u_div_47f:divider|add_sub_6_result_int[0]~10" File: C:/Users/felip/Documents/GitHub/Compiladores/src/processor/cpu/db/alt_u_div_47f.tdf Line: 167
    Info (17048): Logic cell "ControleSaida:display_controller|lpm_divide:Mod1|lpm_divide_3bm:auto_generated|sign_div_unsign_olh:divider|alt_u_div_47f:divider|add_sub_7_result_int[0]~10" File: C:/Users/felip/Documents/GitHub/Compiladores/src/processor/cpu/db/alt_u_div_47f.tdf Line: 172
    Info (17048): Logic cell "ControleSaida:display_controller|lpm_divide:Mod1|lpm_divide_3bm:auto_generated|sign_div_unsign_olh:divider|alt_u_div_47f:divider|add_sub_8_result_int[0]~10" File: C:/Users/felip/Documents/GitHub/Compiladores/src/processor/cpu/db/alt_u_div_47f.tdf Line: 177
    Info (17048): Logic cell "ControleSaida:display_controller|lpm_divide:Mod1|lpm_divide_3bm:auto_generated|sign_div_unsign_olh:divider|alt_u_div_47f:divider|add_sub_9_result_int[0]~10" File: C:/Users/felip/Documents/GitHub/Compiladores/src/processor/cpu/db/alt_u_div_47f.tdf Line: 182
    Info (17048): Logic cell "ControleSaida:display_controller|lpm_divide:Mod1|lpm_divide_3bm:auto_generated|sign_div_unsign_olh:divider|alt_u_div_47f:divider|add_sub_10_result_int[0]~10" File: C:/Users/felip/Documents/GitHub/Compiladores/src/processor/cpu/db/alt_u_div_47f.tdf Line: 37
    Info (17048): Logic cell "ControleSaida:display_controller|lpm_divide:Mod1|lpm_divide_3bm:auto_generated|sign_div_unsign_olh:divider|alt_u_div_47f:divider|add_sub_11_result_int[0]~10" File: C:/Users/felip/Documents/GitHub/Compiladores/src/processor/cpu/db/alt_u_div_47f.tdf Line: 42
    Info (17048): Logic cell "ControleSaida:display_controller|lpm_divide:Mod1|lpm_divide_3bm:auto_generated|sign_div_unsign_olh:divider|alt_u_div_47f:divider|add_sub_12_result_int[0]~10" File: C:/Users/felip/Documents/GitHub/Compiladores/src/processor/cpu/db/alt_u_div_47f.tdf Line: 47
    Info (17048): Logic cell "ControleSaida:display_controller|lpm_divide:Mod1|lpm_divide_3bm:auto_generated|sign_div_unsign_olh:divider|alt_u_div_47f:divider|add_sub_13_result_int[0]~10" File: C:/Users/felip/Documents/GitHub/Compiladores/src/processor/cpu/db/alt_u_div_47f.tdf Line: 52
    Info (17048): Logic cell "ControleSaida:display_controller|lpm_divide:Mod1|lpm_divide_3bm:auto_generated|sign_div_unsign_olh:divider|alt_u_div_47f:divider|add_sub_14_result_int[0]~10" File: C:/Users/felip/Documents/GitHub/Compiladores/src/processor/cpu/db/alt_u_div_47f.tdf Line: 57
    Info (17048): Logic cell "ControleSaida:display_controller|lpm_divide:Mod1|lpm_divide_3bm:auto_generated|sign_div_unsign_olh:divider|alt_u_div_47f:divider|add_sub_15_result_int[0]~10" File: C:/Users/felip/Documents/GitHub/Compiladores/src/processor/cpu/db/alt_u_div_47f.tdf Line: 62
    Info (17048): Logic cell "ControleSaida:display_controller|lpm_divide:Mod1|lpm_divide_3bm:auto_generated|sign_div_unsign_olh:divider|alt_u_div_47f:divider|add_sub_16_result_int[0]~10" File: C:/Users/felip/Documents/GitHub/Compiladores/src/processor/cpu/db/alt_u_div_47f.tdf Line: 67
    Info (17048): Logic cell "ControleSaida:display_controller|lpm_divide:Mod1|lpm_divide_3bm:auto_generated|sign_div_unsign_olh:divider|alt_u_div_47f:divider|add_sub_17_result_int[0]~10" File: C:/Users/felip/Documents/GitHub/Compiladores/src/processor/cpu/db/alt_u_div_47f.tdf Line: 72
    Info (17048): Logic cell "ControleSaida:display_controller|lpm_divide:Mod1|lpm_divide_3bm:auto_generated|sign_div_unsign_olh:divider|alt_u_div_47f:divider|add_sub_18_result_int[0]~10" File: C:/Users/felip/Documents/GitHub/Compiladores/src/processor/cpu/db/alt_u_div_47f.tdf Line: 77
    Info (17048): Logic cell "ControleSaida:display_controller|lpm_divide:Mod1|lpm_divide_3bm:auto_generated|sign_div_unsign_olh:divider|alt_u_div_47f:divider|add_sub_19_result_int[0]~10" File: C:/Users/felip/Documents/GitHub/Compiladores/src/processor/cpu/db/alt_u_div_47f.tdf Line: 82
    Info (17048): Logic cell "ControleSaida:display_controller|lpm_divide:Mod1|lpm_divide_3bm:auto_generated|sign_div_unsign_olh:divider|alt_u_div_47f:divider|add_sub_20_result_int[0]~10" File: C:/Users/felip/Documents/GitHub/Compiladores/src/processor/cpu/db/alt_u_div_47f.tdf Line: 92
    Info (17048): Logic cell "ControleSaida:display_controller|lpm_divide:Mod1|lpm_divide_3bm:auto_generated|sign_div_unsign_olh:divider|alt_u_div_47f:divider|add_sub_21_result_int[0]~10" File: C:/Users/felip/Documents/GitHub/Compiladores/src/processor/cpu/db/alt_u_div_47f.tdf Line: 97
    Info (17048): Logic cell "ControleSaida:display_controller|lpm_divide:Mod1|lpm_divide_3bm:auto_generated|sign_div_unsign_olh:divider|alt_u_div_47f:divider|add_sub_22_result_int[0]~10" File: C:/Users/felip/Documents/GitHub/Compiladores/src/processor/cpu/db/alt_u_div_47f.tdf Line: 102
    Info (17048): Logic cell "ControleSaida:display_controller|lpm_divide:Mod1|lpm_divide_3bm:auto_generated|sign_div_unsign_olh:divider|alt_u_div_47f:divider|add_sub_23_result_int[0]~10" File: C:/Users/felip/Documents/GitHub/Compiladores/src/processor/cpu/db/alt_u_div_47f.tdf Line: 107
    Info (17048): Logic cell "ControleSaida:display_controller|lpm_divide:Mod1|lpm_divide_3bm:auto_generated|sign_div_unsign_olh:divider|alt_u_div_47f:divider|add_sub_24_result_int[0]~10" File: C:/Users/felip/Documents/GitHub/Compiladores/src/processor/cpu/db/alt_u_div_47f.tdf Line: 112
    Info (17048): Logic cell "ControleSaida:display_controller|lpm_divide:Mod1|lpm_divide_3bm:auto_generated|sign_div_unsign_olh:divider|alt_u_div_47f:divider|add_sub_25_result_int[0]~10" File: C:/Users/felip/Documents/GitHub/Compiladores/src/processor/cpu/db/alt_u_div_47f.tdf Line: 117
    Info (17048): Logic cell "ControleSaida:display_controller|lpm_divide:Mod1|lpm_divide_3bm:auto_generated|sign_div_unsign_olh:divider|alt_u_div_47f:divider|add_sub_26_result_int[0]~10" File: C:/Users/felip/Documents/GitHub/Compiladores/src/processor/cpu/db/alt_u_div_47f.tdf Line: 122
    Info (17048): Logic cell "ControleSaida:display_controller|lpm_divide:Mod1|lpm_divide_3bm:auto_generated|sign_div_unsign_olh:divider|alt_u_div_47f:divider|add_sub_27_result_int[0]~10" File: C:/Users/felip/Documents/GitHub/Compiladores/src/processor/cpu/db/alt_u_div_47f.tdf Line: 127
    Info (17048): Logic cell "ControleSaida:display_controller|lpm_divide:Mod1|lpm_divide_3bm:auto_generated|sign_div_unsign_olh:divider|alt_u_div_47f:divider|add_sub_28_result_int[0]~10" File: C:/Users/felip/Documents/GitHub/Compiladores/src/processor/cpu/db/alt_u_div_47f.tdf Line: 132
    Info (17048): Logic cell "ControleSaida:display_controller|lpm_divide:Mod1|lpm_divide_3bm:auto_generated|sign_div_unsign_olh:divider|alt_u_div_47f:divider|add_sub_29_result_int[0]~10" File: C:/Users/felip/Documents/GitHub/Compiladores/src/processor/cpu/db/alt_u_div_47f.tdf Line: 137
    Info (17048): Logic cell "ControleSaida:display_controller|lpm_divide:Mod1|lpm_divide_3bm:auto_generated|sign_div_unsign_olh:divider|alt_u_div_47f:divider|add_sub_30_result_int[0]~10" File: C:/Users/felip/Documents/GitHub/Compiladores/src/processor/cpu/db/alt_u_div_47f.tdf Line: 147
    Info (17048): Logic cell "ControleSaida:display_controller|lpm_divide:Mod2|lpm_divide_3bm:auto_generated|sign_div_unsign_olh:divider|alt_u_div_47f:divider|add_sub_31_result_int[0]~0" File: C:/Users/felip/Documents/GitHub/Compiladores/src/processor/cpu/db/alt_u_div_47f.tdf Line: 152
    Info (17048): Logic cell "ControleSaida:display_controller|lpm_divide:Mod2|lpm_divide_3bm:auto_generated|sign_div_unsign_olh:divider|alt_u_div_47f:divider|add_sub_9_result_int[0]~10" File: C:/Users/felip/Documents/GitHub/Compiladores/src/processor/cpu/db/alt_u_div_47f.tdf Line: 182
    Info (17048): Logic cell "ControleSaida:display_controller|lpm_divide:Mod2|lpm_divide_3bm:auto_generated|sign_div_unsign_olh:divider|alt_u_div_47f:divider|add_sub_10_result_int[0]~10" File: C:/Users/felip/Documents/GitHub/Compiladores/src/processor/cpu/db/alt_u_div_47f.tdf Line: 37
    Info (17048): Logic cell "ControleSaida:display_controller|lpm_divide:Mod2|lpm_divide_3bm:auto_generated|sign_div_unsign_olh:divider|alt_u_div_47f:divider|add_sub_11_result_int[0]~10" File: C:/Users/felip/Documents/GitHub/Compiladores/src/processor/cpu/db/alt_u_div_47f.tdf Line: 42
    Info (17048): Logic cell "ControleSaida:display_controller|lpm_divide:Mod2|lpm_divide_3bm:auto_generated|sign_div_unsign_olh:divider|alt_u_div_47f:divider|add_sub_12_result_int[0]~10" File: C:/Users/felip/Documents/GitHub/Compiladores/src/processor/cpu/db/alt_u_div_47f.tdf Line: 47
    Info (17048): Logic cell "ControleSaida:display_controller|lpm_divide:Mod2|lpm_divide_3bm:auto_generated|sign_div_unsign_olh:divider|alt_u_div_47f:divider|add_sub_13_result_int[0]~10" File: C:/Users/felip/Documents/GitHub/Compiladores/src/processor/cpu/db/alt_u_div_47f.tdf Line: 52
    Info (17048): Logic cell "ControleSaida:display_controller|lpm_divide:Mod2|lpm_divide_3bm:auto_generated|sign_div_unsign_olh:divider|alt_u_div_47f:divider|add_sub_14_result_int[0]~10" File: C:/Users/felip/Documents/GitHub/Compiladores/src/processor/cpu/db/alt_u_div_47f.tdf Line: 57
    Info (17048): Logic cell "ControleSaida:display_controller|lpm_divide:Mod2|lpm_divide_3bm:auto_generated|sign_div_unsign_olh:divider|alt_u_div_47f:divider|add_sub_15_result_int[0]~10" File: C:/Users/felip/Documents/GitHub/Compiladores/src/processor/cpu/db/alt_u_div_47f.tdf Line: 62
    Info (17048): Logic cell "ControleSaida:display_controller|lpm_divide:Mod2|lpm_divide_3bm:auto_generated|sign_div_unsign_olh:divider|alt_u_div_47f:divider|add_sub_16_result_int[0]~10" File: C:/Users/felip/Documents/GitHub/Compiladores/src/processor/cpu/db/alt_u_div_47f.tdf Line: 67
    Info (17048): Logic cell "ControleSaida:display_controller|lpm_divide:Mod2|lpm_divide_3bm:auto_generated|sign_div_unsign_olh:divider|alt_u_div_47f:divider|add_sub_17_result_int[0]~10" File: C:/Users/felip/Documents/GitHub/Compiladores/src/processor/cpu/db/alt_u_div_47f.tdf Line: 72
    Info (17048): Logic cell "ControleSaida:display_controller|lpm_divide:Mod2|lpm_divide_3bm:auto_generated|sign_div_unsign_olh:divider|alt_u_div_47f:divider|add_sub_18_result_int[0]~10" File: C:/Users/felip/Documents/GitHub/Compiladores/src/processor/cpu/db/alt_u_div_47f.tdf Line: 77
    Info (17048): Logic cell "ControleSaida:display_controller|lpm_divide:Mod2|lpm_divide_3bm:auto_generated|sign_div_unsign_olh:divider|alt_u_div_47f:divider|add_sub_19_result_int[0]~10" File: C:/Users/felip/Documents/GitHub/Compiladores/src/processor/cpu/db/alt_u_div_47f.tdf Line: 82
    Info (17048): Logic cell "ControleSaida:display_controller|lpm_divide:Mod2|lpm_divide_3bm:auto_generated|sign_div_unsign_olh:divider|alt_u_div_47f:divider|add_sub_20_result_int[0]~10" File: C:/Users/felip/Documents/GitHub/Compiladores/src/processor/cpu/db/alt_u_div_47f.tdf Line: 92
    Info (17048): Logic cell "ControleSaida:display_controller|lpm_divide:Mod2|lpm_divide_3bm:auto_generated|sign_div_unsign_olh:divider|alt_u_div_47f:divider|add_sub_21_result_int[0]~10" File: C:/Users/felip/Documents/GitHub/Compiladores/src/processor/cpu/db/alt_u_div_47f.tdf Line: 97
    Info (17048): Logic cell "ControleSaida:display_controller|lpm_divide:Mod2|lpm_divide_3bm:auto_generated|sign_div_unsign_olh:divider|alt_u_div_47f:divider|add_sub_22_result_int[0]~10" File: C:/Users/felip/Documents/GitHub/Compiladores/src/processor/cpu/db/alt_u_div_47f.tdf Line: 102
    Info (17048): Logic cell "ControleSaida:display_controller|lpm_divide:Mod2|lpm_divide_3bm:auto_generated|sign_div_unsign_olh:divider|alt_u_div_47f:divider|add_sub_23_result_int[0]~10" File: C:/Users/felip/Documents/GitHub/Compiladores/src/processor/cpu/db/alt_u_div_47f.tdf Line: 107
    Info (17048): Logic cell "ControleSaida:display_controller|lpm_divide:Mod2|lpm_divide_3bm:auto_generated|sign_div_unsign_olh:divider|alt_u_div_47f:divider|add_sub_24_result_int[0]~10" File: C:/Users/felip/Documents/GitHub/Compiladores/src/processor/cpu/db/alt_u_div_47f.tdf Line: 112
    Info (17048): Logic cell "ControleSaida:display_controller|lpm_divide:Mod2|lpm_divide_3bm:auto_generated|sign_div_unsign_olh:divider|alt_u_div_47f:divider|add_sub_25_result_int[0]~10" File: C:/Users/felip/Documents/GitHub/Compiladores/src/processor/cpu/db/alt_u_div_47f.tdf Line: 117
    Info (17048): Logic cell "ControleSaida:display_controller|lpm_divide:Mod2|lpm_divide_3bm:auto_generated|sign_div_unsign_olh:divider|alt_u_div_47f:divider|add_sub_26_result_int[0]~10" File: C:/Users/felip/Documents/GitHub/Compiladores/src/processor/cpu/db/alt_u_div_47f.tdf Line: 122
    Info (17048): Logic cell "ControleSaida:display_controller|lpm_divide:Mod2|lpm_divide_3bm:auto_generated|sign_div_unsign_olh:divider|alt_u_div_47f:divider|add_sub_27_result_int[0]~10" File: C:/Users/felip/Documents/GitHub/Compiladores/src/processor/cpu/db/alt_u_div_47f.tdf Line: 127
    Info (17048): Logic cell "ControleSaida:display_controller|lpm_divide:Mod2|lpm_divide_3bm:auto_generated|sign_div_unsign_olh:divider|alt_u_div_47f:divider|add_sub_28_result_int[0]~10" File: C:/Users/felip/Documents/GitHub/Compiladores/src/processor/cpu/db/alt_u_div_47f.tdf Line: 132
    Info (17048): Logic cell "ControleSaida:display_controller|lpm_divide:Mod2|lpm_divide_3bm:auto_generated|sign_div_unsign_olh:divider|alt_u_div_47f:divider|add_sub_29_result_int[0]~10" File: C:/Users/felip/Documents/GitHub/Compiladores/src/processor/cpu/db/alt_u_div_47f.tdf Line: 137
    Info (17048): Logic cell "ControleSaida:display_controller|lpm_divide:Mod2|lpm_divide_3bm:auto_generated|sign_div_unsign_olh:divider|alt_u_div_47f:divider|add_sub_30_result_int[0]~10" File: C:/Users/felip/Documents/GitHub/Compiladores/src/processor/cpu/db/alt_u_div_47f.tdf Line: 147
    Info (17048): Logic cell "ControleSaida:display_controller|lpm_divide:Mod3|lpm_divide_3bm:auto_generated|sign_div_unsign_olh:divider|alt_u_div_47f:divider|add_sub_31_result_int[0]~0" File: C:/Users/felip/Documents/GitHub/Compiladores/src/processor/cpu/db/alt_u_div_47f.tdf Line: 152
    Info (17048): Logic cell "ControleSaida:display_controller|lpm_divide:Mod3|lpm_divide_3bm:auto_generated|sign_div_unsign_olh:divider|alt_u_div_47f:divider|add_sub_12_result_int[0]~10" File: C:/Users/felip/Documents/GitHub/Compiladores/src/processor/cpu/db/alt_u_div_47f.tdf Line: 47
    Info (17048): Logic cell "ControleSaida:display_controller|lpm_divide:Mod3|lpm_divide_3bm:auto_generated|sign_div_unsign_olh:divider|alt_u_div_47f:divider|add_sub_13_result_int[0]~10" File: C:/Users/felip/Documents/GitHub/Compiladores/src/processor/cpu/db/alt_u_div_47f.tdf Line: 52
    Info (17048): Logic cell "ControleSaida:display_controller|lpm_divide:Mod3|lpm_divide_3bm:auto_generated|sign_div_unsign_olh:divider|alt_u_div_47f:divider|add_sub_14_result_int[0]~10" File: C:/Users/felip/Documents/GitHub/Compiladores/src/processor/cpu/db/alt_u_div_47f.tdf Line: 57
    Info (17048): Logic cell "ControleSaida:display_controller|lpm_divide:Mod3|lpm_divide_3bm:auto_generated|sign_div_unsign_olh:divider|alt_u_div_47f:divider|add_sub_15_result_int[0]~10" File: C:/Users/felip/Documents/GitHub/Compiladores/src/processor/cpu/db/alt_u_div_47f.tdf Line: 62
    Info (17048): Logic cell "ControleSaida:display_controller|lpm_divide:Mod3|lpm_divide_3bm:auto_generated|sign_div_unsign_olh:divider|alt_u_div_47f:divider|add_sub_16_result_int[0]~10" File: C:/Users/felip/Documents/GitHub/Compiladores/src/processor/cpu/db/alt_u_div_47f.tdf Line: 67
    Info (17048): Logic cell "ControleSaida:display_controller|lpm_divide:Mod3|lpm_divide_3bm:auto_generated|sign_div_unsign_olh:divider|alt_u_div_47f:divider|add_sub_17_result_int[0]~10" File: C:/Users/felip/Documents/GitHub/Compiladores/src/processor/cpu/db/alt_u_div_47f.tdf Line: 72
    Info (17048): Logic cell "ControleSaida:display_controller|lpm_divide:Mod3|lpm_divide_3bm:auto_generated|sign_div_unsign_olh:divider|alt_u_div_47f:divider|add_sub_18_result_int[0]~10" File: C:/Users/felip/Documents/GitHub/Compiladores/src/processor/cpu/db/alt_u_div_47f.tdf Line: 77
    Info (17048): Logic cell "ControleSaida:display_controller|lpm_divide:Mod3|lpm_divide_3bm:auto_generated|sign_div_unsign_olh:divider|alt_u_div_47f:divider|add_sub_19_result_int[0]~10" File: C:/Users/felip/Documents/GitHub/Compiladores/src/processor/cpu/db/alt_u_div_47f.tdf Line: 82
    Info (17048): Logic cell "ControleSaida:display_controller|lpm_divide:Mod3|lpm_divide_3bm:auto_generated|sign_div_unsign_olh:divider|alt_u_div_47f:divider|add_sub_20_result_int[0]~10" File: C:/Users/felip/Documents/GitHub/Compiladores/src/processor/cpu/db/alt_u_div_47f.tdf Line: 92
    Info (17048): Logic cell "ControleSaida:display_controller|lpm_divide:Mod3|lpm_divide_3bm:auto_generated|sign_div_unsign_olh:divider|alt_u_div_47f:divider|add_sub_21_result_int[0]~10" File: C:/Users/felip/Documents/GitHub/Compiladores/src/processor/cpu/db/alt_u_div_47f.tdf Line: 97
    Info (17048): Logic cell "ControleSaida:display_controller|lpm_divide:Mod3|lpm_divide_3bm:auto_generated|sign_div_unsign_olh:divider|alt_u_div_47f:divider|add_sub_22_result_int[0]~10" File: C:/Users/felip/Documents/GitHub/Compiladores/src/processor/cpu/db/alt_u_div_47f.tdf Line: 102
    Info (17048): Logic cell "ControleSaida:display_controller|lpm_divide:Mod3|lpm_divide_3bm:auto_generated|sign_div_unsign_olh:divider|alt_u_div_47f:divider|add_sub_23_result_int[0]~10" File: C:/Users/felip/Documents/GitHub/Compiladores/src/processor/cpu/db/alt_u_div_47f.tdf Line: 107
    Info (17048): Logic cell "ControleSaida:display_controller|lpm_divide:Mod3|lpm_divide_3bm:auto_generated|sign_div_unsign_olh:divider|alt_u_div_47f:divider|add_sub_24_result_int[0]~10" File: C:/Users/felip/Documents/GitHub/Compiladores/src/processor/cpu/db/alt_u_div_47f.tdf Line: 112
    Info (17048): Logic cell "ControleSaida:display_controller|lpm_divide:Mod3|lpm_divide_3bm:auto_generated|sign_div_unsign_olh:divider|alt_u_div_47f:divider|add_sub_25_result_int[0]~10" File: C:/Users/felip/Documents/GitHub/Compiladores/src/processor/cpu/db/alt_u_div_47f.tdf Line: 117
    Info (17048): Logic cell "ControleSaida:display_controller|lpm_divide:Mod3|lpm_divide_3bm:auto_generated|sign_div_unsign_olh:divider|alt_u_div_47f:divider|add_sub_26_result_int[0]~10" File: C:/Users/felip/Documents/GitHub/Compiladores/src/processor/cpu/db/alt_u_div_47f.tdf Line: 122
    Info (17048): Logic cell "ControleSaida:display_controller|lpm_divide:Mod3|lpm_divide_3bm:auto_generated|sign_div_unsign_olh:divider|alt_u_div_47f:divider|add_sub_27_result_int[0]~10" File: C:/Users/felip/Documents/GitHub/Compiladores/src/processor/cpu/db/alt_u_div_47f.tdf Line: 127
    Info (17048): Logic cell "ControleSaida:display_controller|lpm_divide:Mod3|lpm_divide_3bm:auto_generated|sign_div_unsign_olh:divider|alt_u_div_47f:divider|add_sub_28_result_int[0]~10" File: C:/Users/felip/Documents/GitHub/Compiladores/src/processor/cpu/db/alt_u_div_47f.tdf Line: 132
    Info (17048): Logic cell "ControleSaida:display_controller|lpm_divide:Mod3|lpm_divide_3bm:auto_generated|sign_div_unsign_olh:divider|alt_u_div_47f:divider|add_sub_29_result_int[0]~10" File: C:/Users/felip/Documents/GitHub/Compiladores/src/processor/cpu/db/alt_u_div_47f.tdf Line: 137
    Info (17048): Logic cell "ControleSaida:display_controller|lpm_divide:Mod3|lpm_divide_3bm:auto_generated|sign_div_unsign_olh:divider|alt_u_div_47f:divider|add_sub_30_result_int[0]~10" File: C:/Users/felip/Documents/GitHub/Compiladores/src/processor/cpu/db/alt_u_div_47f.tdf Line: 147
    Info (17048): Logic cell "ControleSaida:display_controller|lpm_divide:Mod4|lpm_divide_3bm:auto_generated|sign_div_unsign_olh:divider|alt_u_div_47f:divider|add_sub_31_result_int[0]~0" File: C:/Users/felip/Documents/GitHub/Compiladores/src/processor/cpu/db/alt_u_div_47f.tdf Line: 152
    Info (17048): Logic cell "ControleSaida:display_controller|lpm_divide:Mod4|lpm_divide_3bm:auto_generated|sign_div_unsign_olh:divider|alt_u_div_47f:divider|add_sub_16_result_int[0]~10" File: C:/Users/felip/Documents/GitHub/Compiladores/src/processor/cpu/db/alt_u_div_47f.tdf Line: 67
    Info (17048): Logic cell "ControleSaida:display_controller|lpm_divide:Mod4|lpm_divide_3bm:auto_generated|sign_div_unsign_olh:divider|alt_u_div_47f:divider|add_sub_17_result_int[0]~10" File: C:/Users/felip/Documents/GitHub/Compiladores/src/processor/cpu/db/alt_u_div_47f.tdf Line: 72
    Info (17048): Logic cell "ControleSaida:display_controller|lpm_divide:Mod4|lpm_divide_3bm:auto_generated|sign_div_unsign_olh:divider|alt_u_div_47f:divider|add_sub_18_result_int[0]~10" File: C:/Users/felip/Documents/GitHub/Compiladores/src/processor/cpu/db/alt_u_div_47f.tdf Line: 77
    Info (17048): Logic cell "ControleSaida:display_controller|lpm_divide:Mod4|lpm_divide_3bm:auto_generated|sign_div_unsign_olh:divider|alt_u_div_47f:divider|add_sub_19_result_int[0]~10" File: C:/Users/felip/Documents/GitHub/Compiladores/src/processor/cpu/db/alt_u_div_47f.tdf Line: 82
    Info (17048): Logic cell "ControleSaida:display_controller|lpm_divide:Mod4|lpm_divide_3bm:auto_generated|sign_div_unsign_olh:divider|alt_u_div_47f:divider|add_sub_20_result_int[0]~10" File: C:/Users/felip/Documents/GitHub/Compiladores/src/processor/cpu/db/alt_u_div_47f.tdf Line: 92
    Info (17048): Logic cell "ControleSaida:display_controller|lpm_divide:Mod4|lpm_divide_3bm:auto_generated|sign_div_unsign_olh:divider|alt_u_div_47f:divider|add_sub_21_result_int[0]~10" File: C:/Users/felip/Documents/GitHub/Compiladores/src/processor/cpu/db/alt_u_div_47f.tdf Line: 97
    Info (17048): Logic cell "ControleSaida:display_controller|lpm_divide:Mod4|lpm_divide_3bm:auto_generated|sign_div_unsign_olh:divider|alt_u_div_47f:divider|add_sub_22_result_int[0]~10" File: C:/Users/felip/Documents/GitHub/Compiladores/src/processor/cpu/db/alt_u_div_47f.tdf Line: 102
    Info (17048): Logic cell "ControleSaida:display_controller|lpm_divide:Mod4|lpm_divide_3bm:auto_generated|sign_div_unsign_olh:divider|alt_u_div_47f:divider|add_sub_23_result_int[0]~10" File: C:/Users/felip/Documents/GitHub/Compiladores/src/processor/cpu/db/alt_u_div_47f.tdf Line: 107
    Info (17048): Logic cell "ControleSaida:display_controller|lpm_divide:Mod4|lpm_divide_3bm:auto_generated|sign_div_unsign_olh:divider|alt_u_div_47f:divider|add_sub_24_result_int[0]~10" File: C:/Users/felip/Documents/GitHub/Compiladores/src/processor/cpu/db/alt_u_div_47f.tdf Line: 112
    Info (17048): Logic cell "ControleSaida:display_controller|lpm_divide:Mod4|lpm_divide_3bm:auto_generated|sign_div_unsign_olh:divider|alt_u_div_47f:divider|add_sub_25_result_int[0]~10" File: C:/Users/felip/Documents/GitHub/Compiladores/src/processor/cpu/db/alt_u_div_47f.tdf Line: 117
    Info (17048): Logic cell "ControleSaida:display_controller|lpm_divide:Mod4|lpm_divide_3bm:auto_generated|sign_div_unsign_olh:divider|alt_u_div_47f:divider|add_sub_26_result_int[0]~10" File: C:/Users/felip/Documents/GitHub/Compiladores/src/processor/cpu/db/alt_u_div_47f.tdf Line: 122
    Info (17048): Logic cell "ControleSaida:display_controller|lpm_divide:Mod4|lpm_divide_3bm:auto_generated|sign_div_unsign_olh:divider|alt_u_div_47f:divider|add_sub_27_result_int[0]~10" File: C:/Users/felip/Documents/GitHub/Compiladores/src/processor/cpu/db/alt_u_div_47f.tdf Line: 127
    Info (17048): Logic cell "ControleSaida:display_controller|lpm_divide:Mod4|lpm_divide_3bm:auto_generated|sign_div_unsign_olh:divider|alt_u_div_47f:divider|add_sub_28_result_int[0]~10" File: C:/Users/felip/Documents/GitHub/Compiladores/src/processor/cpu/db/alt_u_div_47f.tdf Line: 132
    Info (17048): Logic cell "ControleSaida:display_controller|lpm_divide:Mod4|lpm_divide_3bm:auto_generated|sign_div_unsign_olh:divider|alt_u_div_47f:divider|add_sub_29_result_int[0]~10" File: C:/Users/felip/Documents/GitHub/Compiladores/src/processor/cpu/db/alt_u_div_47f.tdf Line: 137
    Info (17048): Logic cell "ControleSaida:display_controller|lpm_divide:Mod4|lpm_divide_3bm:auto_generated|sign_div_unsign_olh:divider|alt_u_div_47f:divider|add_sub_30_result_int[0]~10" File: C:/Users/felip/Documents/GitHub/Compiladores/src/processor/cpu/db/alt_u_div_47f.tdf Line: 147
    Info (17048): Logic cell "ControleSaida:display_controller|lpm_divide:Mod5|lpm_divide_3bm:auto_generated|sign_div_unsign_olh:divider|alt_u_div_47f:divider|add_sub_31_result_int[0]~0" File: C:/Users/felip/Documents/GitHub/Compiladores/src/processor/cpu/db/alt_u_div_47f.tdf Line: 152
    Info (17048): Logic cell "ControleSaida:display_controller|lpm_divide:Mod5|lpm_divide_3bm:auto_generated|sign_div_unsign_olh:divider|alt_u_div_47f:divider|add_sub_19_result_int[0]~10" File: C:/Users/felip/Documents/GitHub/Compiladores/src/processor/cpu/db/alt_u_div_47f.tdf Line: 82
    Info (17048): Logic cell "ControleSaida:display_controller|lpm_divide:Mod5|lpm_divide_3bm:auto_generated|sign_div_unsign_olh:divider|alt_u_div_47f:divider|add_sub_20_result_int[0]~10" File: C:/Users/felip/Documents/GitHub/Compiladores/src/processor/cpu/db/alt_u_div_47f.tdf Line: 92
    Info (17048): Logic cell "ControleSaida:display_controller|lpm_divide:Mod5|lpm_divide_3bm:auto_generated|sign_div_unsign_olh:divider|alt_u_div_47f:divider|add_sub_21_result_int[0]~10" File: C:/Users/felip/Documents/GitHub/Compiladores/src/processor/cpu/db/alt_u_div_47f.tdf Line: 97
    Info (17048): Logic cell "ControleSaida:display_controller|lpm_divide:Mod5|lpm_divide_3bm:auto_generated|sign_div_unsign_olh:divider|alt_u_div_47f:divider|add_sub_22_result_int[0]~10" File: C:/Users/felip/Documents/GitHub/Compiladores/src/processor/cpu/db/alt_u_div_47f.tdf Line: 102
    Info (17048): Logic cell "ControleSaida:display_controller|lpm_divide:Mod5|lpm_divide_3bm:auto_generated|sign_div_unsign_olh:divider|alt_u_div_47f:divider|add_sub_23_result_int[0]~10" File: C:/Users/felip/Documents/GitHub/Compiladores/src/processor/cpu/db/alt_u_div_47f.tdf Line: 107
    Info (17048): Logic cell "ControleSaida:display_controller|lpm_divide:Mod5|lpm_divide_3bm:auto_generated|sign_div_unsign_olh:divider|alt_u_div_47f:divider|add_sub_24_result_int[0]~10" File: C:/Users/felip/Documents/GitHub/Compiladores/src/processor/cpu/db/alt_u_div_47f.tdf Line: 112
    Info (17048): Logic cell "ControleSaida:display_controller|lpm_divide:Mod5|lpm_divide_3bm:auto_generated|sign_div_unsign_olh:divider|alt_u_div_47f:divider|add_sub_25_result_int[0]~10" File: C:/Users/felip/Documents/GitHub/Compiladores/src/processor/cpu/db/alt_u_div_47f.tdf Line: 117
    Info (17048): Logic cell "ControleSaida:display_controller|lpm_divide:Mod5|lpm_divide_3bm:auto_generated|sign_div_unsign_olh:divider|alt_u_div_47f:divider|add_sub_26_result_int[0]~10" File: C:/Users/felip/Documents/GitHub/Compiladores/src/processor/cpu/db/alt_u_div_47f.tdf Line: 122
    Info (17048): Logic cell "ControleSaida:display_controller|lpm_divide:Mod5|lpm_divide_3bm:auto_generated|sign_div_unsign_olh:divider|alt_u_div_47f:divider|add_sub_27_result_int[0]~10" File: C:/Users/felip/Documents/GitHub/Compiladores/src/processor/cpu/db/alt_u_div_47f.tdf Line: 127
    Info (17048): Logic cell "ControleSaida:display_controller|lpm_divide:Mod5|lpm_divide_3bm:auto_generated|sign_div_unsign_olh:divider|alt_u_div_47f:divider|add_sub_28_result_int[0]~10" File: C:/Users/felip/Documents/GitHub/Compiladores/src/processor/cpu/db/alt_u_div_47f.tdf Line: 132
    Info (17048): Logic cell "ControleSaida:display_controller|lpm_divide:Mod5|lpm_divide_3bm:auto_generated|sign_div_unsign_olh:divider|alt_u_div_47f:divider|add_sub_29_result_int[0]~10" File: C:/Users/felip/Documents/GitHub/Compiladores/src/processor/cpu/db/alt_u_div_47f.tdf Line: 137
    Info (17048): Logic cell "ControleSaida:display_controller|lpm_divide:Mod5|lpm_divide_3bm:auto_generated|sign_div_unsign_olh:divider|alt_u_div_47f:divider|add_sub_30_result_int[0]~10" File: C:/Users/felip/Documents/GitHub/Compiladores/src/processor/cpu/db/alt_u_div_47f.tdf Line: 147
    Info (17048): Logic cell "ControleSaida:display_controller|lpm_divide:Mod6|lpm_divide_3bm:auto_generated|sign_div_unsign_olh:divider|alt_u_div_47f:divider|add_sub_31_result_int[0]~0" File: C:/Users/felip/Documents/GitHub/Compiladores/src/processor/cpu/db/alt_u_div_47f.tdf Line: 152
    Info (17048): Logic cell "ControleSaida:display_controller|lpm_divide:Mod6|lpm_divide_3bm:auto_generated|sign_div_unsign_olh:divider|alt_u_div_47f:divider|add_sub_22_result_int[0]~10" File: C:/Users/felip/Documents/GitHub/Compiladores/src/processor/cpu/db/alt_u_div_47f.tdf Line: 102
    Info (17048): Logic cell "ControleSaida:display_controller|lpm_divide:Mod6|lpm_divide_3bm:auto_generated|sign_div_unsign_olh:divider|alt_u_div_47f:divider|add_sub_23_result_int[0]~10" File: C:/Users/felip/Documents/GitHub/Compiladores/src/processor/cpu/db/alt_u_div_47f.tdf Line: 107
    Info (17048): Logic cell "ControleSaida:display_controller|lpm_divide:Mod6|lpm_divide_3bm:auto_generated|sign_div_unsign_olh:divider|alt_u_div_47f:divider|add_sub_24_result_int[0]~10" File: C:/Users/felip/Documents/GitHub/Compiladores/src/processor/cpu/db/alt_u_div_47f.tdf Line: 112
    Info (17048): Logic cell "ControleSaida:display_controller|lpm_divide:Mod6|lpm_divide_3bm:auto_generated|sign_div_unsign_olh:divider|alt_u_div_47f:divider|add_sub_25_result_int[0]~10" File: C:/Users/felip/Documents/GitHub/Compiladores/src/processor/cpu/db/alt_u_div_47f.tdf Line: 117
    Info (17048): Logic cell "ControleSaida:display_controller|lpm_divide:Mod6|lpm_divide_3bm:auto_generated|sign_div_unsign_olh:divider|alt_u_div_47f:divider|add_sub_26_result_int[0]~10" File: C:/Users/felip/Documents/GitHub/Compiladores/src/processor/cpu/db/alt_u_div_47f.tdf Line: 122
    Info (17048): Logic cell "ControleSaida:display_controller|lpm_divide:Mod6|lpm_divide_3bm:auto_generated|sign_div_unsign_olh:divider|alt_u_div_47f:divider|add_sub_27_result_int[0]~10" File: C:/Users/felip/Documents/GitHub/Compiladores/src/processor/cpu/db/alt_u_div_47f.tdf Line: 127
    Info (17048): Logic cell "ControleSaida:display_controller|lpm_divide:Mod6|lpm_divide_3bm:auto_generated|sign_div_unsign_olh:divider|alt_u_div_47f:divider|add_sub_28_result_int[0]~10" File: C:/Users/felip/Documents/GitHub/Compiladores/src/processor/cpu/db/alt_u_div_47f.tdf Line: 132
    Info (17048): Logic cell "ControleSaida:display_controller|lpm_divide:Mod6|lpm_divide_3bm:auto_generated|sign_div_unsign_olh:divider|alt_u_div_47f:divider|add_sub_29_result_int[0]~10" File: C:/Users/felip/Documents/GitHub/Compiladores/src/processor/cpu/db/alt_u_div_47f.tdf Line: 137
    Info (17048): Logic cell "ControleSaida:display_controller|lpm_divide:Mod6|lpm_divide_3bm:auto_generated|sign_div_unsign_olh:divider|alt_u_div_47f:divider|add_sub_30_result_int[0]~10" File: C:/Users/felip/Documents/GitHub/Compiladores/src/processor/cpu/db/alt_u_div_47f.tdf Line: 147
    Info (17048): Logic cell "ControleSaida:display_controller|lpm_divide:Mod7|lpm_divide_3bm:auto_generated|sign_div_unsign_olh:divider|alt_u_div_47f:divider|add_sub_31_result_int[0]~0" File: C:/Users/felip/Documents/GitHub/Compiladores/src/processor/cpu/db/alt_u_div_47f.tdf Line: 152
    Info (17048): Logic cell "ControleSaida:display_controller|lpm_divide:Mod7|lpm_divide_3bm:auto_generated|sign_div_unsign_olh:divider|alt_u_div_47f:divider|add_sub_26_result_int[0]~10" File: C:/Users/felip/Documents/GitHub/Compiladores/src/processor/cpu/db/alt_u_div_47f.tdf Line: 122
    Info (17048): Logic cell "ControleSaida:display_controller|lpm_divide:Mod7|lpm_divide_3bm:auto_generated|sign_div_unsign_olh:divider|alt_u_div_47f:divider|add_sub_27_result_int[0]~10" File: C:/Users/felip/Documents/GitHub/Compiladores/src/processor/cpu/db/alt_u_div_47f.tdf Line: 127
    Info (17048): Logic cell "ControleSaida:display_controller|lpm_divide:Mod7|lpm_divide_3bm:auto_generated|sign_div_unsign_olh:divider|alt_u_div_47f:divider|add_sub_28_result_int[0]~10" File: C:/Users/felip/Documents/GitHub/Compiladores/src/processor/cpu/db/alt_u_div_47f.tdf Line: 132
    Info (17048): Logic cell "ControleSaida:display_controller|lpm_divide:Mod7|lpm_divide_3bm:auto_generated|sign_div_unsign_olh:divider|alt_u_div_47f:divider|add_sub_29_result_int[0]~10" File: C:/Users/felip/Documents/GitHub/Compiladores/src/processor/cpu/db/alt_u_div_47f.tdf Line: 137
    Info (17048): Logic cell "ControleSaida:display_controller|lpm_divide:Mod7|lpm_divide_3bm:auto_generated|sign_div_unsign_olh:divider|alt_u_div_47f:divider|add_sub_30_result_int[0]~10" File: C:/Users/felip/Documents/GitHub/Compiladores/src/processor/cpu/db/alt_u_div_47f.tdf Line: 147
Info (144001): Generated suppressed messages file C:/Users/felip/Documents/GitHub/Compiladores/src/processor/cpu/output_files/cpu.map.smsg
Info (16010): Generating hard_block partition "hard_block:auto_generated_inst"
    Info (16011): Adding 0 node(s), including 0 DDIO, 0 PLL, 0 transceiver and 0 LCELL
Info (21057): Implemented 12729 device resources after synthesis - the final resource count might be different
    Info (21058): Implemented 21 input pins
    Info (21059): Implemented 65 output pins
    Info (21061): Implemented 12637 logic cells
    Info (21062): Implemented 6 DSP elements
Info: Quartus Prime Analysis & Synthesis was successful. 0 errors, 27 warnings
    Info: Peak virtual memory: 4946 megabytes
    Info: Processing ended: Mon Jun 22 22:42:34 2026
    Info: Elapsed time: 00:00:29
    Info: Total CPU time (on all processors): 00:00:33


+------------------------------------------+
; Analysis & Synthesis Suppressed Messages ;
+------------------------------------------+
The suppressed messages can be found in C:/Users/felip/Documents/GitHub/Compiladores/src/processor/cpu/output_files/cpu.map.smsg.


