Timing Analyzer report for cpu
Mon Jun 22 22:56:05 2026
Quartus Prime Version 21.1.0 Build 842 10/21/2021 SJ Lite Edition


---------------------
; Table of Contents ;
---------------------
  1. Legal Notice
  2. Timing Analyzer Summary
  3. Parallel Compilation
  4. Clocks
  5. Slow 1200mV 85C Model Fmax Summary
  6. Timing Closure Recommendations
  7. Slow 1200mV 85C Model Setup Summary
  8. Slow 1200mV 85C Model Hold Summary
  9. Slow 1200mV 85C Model Recovery Summary
 10. Slow 1200mV 85C Model Removal Summary
 11. Slow 1200mV 85C Model Minimum Pulse Width Summary
 12. Slow 1200mV 85C Model Setup: 'DivisorFrequencia:Divisor_inst|clkSaida'
 13. Slow 1200mV 85C Model Setup: 'clk_50'
 14. Slow 1200mV 85C Model Hold: 'clk_50'
 15. Slow 1200mV 85C Model Hold: 'DivisorFrequencia:Divisor_inst|clkSaida'
 16. Slow 1200mV 85C Model Recovery: 'btn_in'
 17. Slow 1200mV 85C Model Removal: 'btn_in'
 18. Slow 1200mV 85C Model Metastability Summary
 19. Slow 1200mV 0C Model Fmax Summary
 20. Slow 1200mV 0C Model Setup Summary
 21. Slow 1200mV 0C Model Hold Summary
 22. Slow 1200mV 0C Model Recovery Summary
 23. Slow 1200mV 0C Model Removal Summary
 24. Slow 1200mV 0C Model Minimum Pulse Width Summary
 25. Slow 1200mV 0C Model Setup: 'DivisorFrequencia:Divisor_inst|clkSaida'
 26. Slow 1200mV 0C Model Setup: 'clk_50'
 27. Slow 1200mV 0C Model Hold: 'clk_50'
 28. Slow 1200mV 0C Model Hold: 'DivisorFrequencia:Divisor_inst|clkSaida'
 29. Slow 1200mV 0C Model Recovery: 'btn_in'
 30. Slow 1200mV 0C Model Removal: 'btn_in'
 31. Slow 1200mV 0C Model Metastability Summary
 32. Fast 1200mV 0C Model Setup Summary
 33. Fast 1200mV 0C Model Hold Summary
 34. Fast 1200mV 0C Model Recovery Summary
 35. Fast 1200mV 0C Model Removal Summary
 36. Fast 1200mV 0C Model Minimum Pulse Width Summary
 37. Fast 1200mV 0C Model Setup: 'DivisorFrequencia:Divisor_inst|clkSaida'
 38. Fast 1200mV 0C Model Setup: 'clk_50'
 39. Fast 1200mV 0C Model Hold: 'clk_50'
 40. Fast 1200mV 0C Model Hold: 'DivisorFrequencia:Divisor_inst|clkSaida'
 41. Fast 1200mV 0C Model Recovery: 'btn_in'
 42. Fast 1200mV 0C Model Removal: 'btn_in'
 43. Fast 1200mV 0C Model Metastability Summary
 44. Multicorner Timing Analysis Summary
 45. Board Trace Model Assignments
 46. Input Transition Times
 47. Signal Integrity Metrics (Slow 1200mv 0c Model)
 48. Signal Integrity Metrics (Slow 1200mv 85c Model)
 49. Signal Integrity Metrics (Fast 1200mv 0c Model)
 50. Setup Transfers
 51. Hold Transfers
 52. Recovery Transfers
 53. Removal Transfers
 54. Report TCCS
 55. Report RSKM
 56. Unconstrained Paths Summary
 57. Clock Status Summary
 58. Unconstrained Input Ports
 59. Unconstrained Output Ports
 60. Unconstrained Input Ports
 61. Unconstrained Output Ports
 62. Timing Analyzer Messages



----------------
; Legal Notice ;
----------------
Copyright (C) 2021  Intel Corporation. All rights reserved.
Your use of Intel Corporation's design tools, logic functions 
and other software and tools, and any partner logic 
functions, and any output files from any of the foregoing 
(including device programming or simulation files), and any 
associated documentation or information are expressly subject 
to the terms and conditions of the Intel Program License 
Subscription Agreement, the Intel Quartus Prime License Agreement,
the Intel FPGA IP License Agreement, or other applicable license
agreement, including, without limitation, that your use is for
the sole purpose of programming logic devices manufactured by
Intel and sold by Intel or its authorized distributors.  Please
refer to the applicable agreement for further details, at
https://fpgasoftware.intel.com/eula.



+-----------------------------------------------------------------------------+
; Timing Analyzer Summary                                                     ;
+-----------------------+-----------------------------------------------------+
; Quartus Prime Version ; Version 21.1.0 Build 842 10/21/2021 SJ Lite Edition ;
; Timing Analyzer       ; Legacy Timing Analyzer                              ;
; Revision Name         ; cpu                                                 ;
; Device Family         ; Cyclone IV E                                        ;
; Device Name           ; EP4CE115F29C7                                       ;
; Timing Models         ; Final                                               ;
; Delay Model           ; Combined                                            ;
; Rise/Fall Delays      ; Enabled                                             ;
+-----------------------+-----------------------------------------------------+


+------------------------------------------+
; Parallel Compilation                     ;
+----------------------------+-------------+
; Processors                 ; Number      ;
+----------------------------+-------------+
; Number detected on machine ; 8           ;
; Maximum allowed            ; 8           ;
;                            ;             ;
; Average used               ; 2.18        ;
; Maximum used               ; 8           ;
;                            ;             ;
; Usage by Processor         ; % Time Used ;
;     Processor 1            ; 100.0%      ;
;     Processor 2            ;  67.1%      ;
;     Processor 3            ;  49.6%      ;
;     Processor 4            ;   0.3%      ;
;     Processors 5-8         ;   0.3%      ;
+----------------------------+-------------+


+--------------------------------------------------------------------------------------------------------------------------------------------------------------------------------------------------------------------------------------------------+
; Clocks                                                                                                                                                                                                                                           ;
+-----------------------------------------+------+--------+------------+-------+-------+------------+-----------+-------------+-------+--------+-----------+------------+----------+--------+--------+---------------------------------------------+
; Clock Name                              ; Type ; Period ; Frequency  ; Rise  ; Fall  ; Duty Cycle ; Divide by ; Multiply by ; Phase ; Offset ; Edge List ; Edge Shift ; Inverted ; Master ; Source ; Targets                                     ;
+-----------------------------------------+------+--------+------------+-------+-------+------------+-----------+-------------+-------+--------+-----------+------------+----------+--------+--------+---------------------------------------------+
; btn_in                                  ; Base ; 1.000  ; 1000.0 MHz ; 0.000 ; 0.500 ;            ;           ;             ;       ;        ;           ;            ;          ;        ;        ; { btn_in }                                  ;
; clk_50                                  ; Base ; 1.000  ; 1000.0 MHz ; 0.000 ; 0.500 ;            ;           ;             ;       ;        ;           ;            ;          ;        ;        ; { clk_50 }                                  ;
; DivisorFrequencia:Divisor_inst|clkSaida ; Base ; 1.000  ; 1000.0 MHz ; 0.000 ; 0.500 ;            ;           ;             ;       ;        ;           ;            ;          ;        ;        ; { DivisorFrequencia:Divisor_inst|clkSaida } ;
+-----------------------------------------+------+--------+------------+-------+-------+------------+-----------+-------------+-------+--------+-----------+------------+----------+--------+--------+---------------------------------------------+


+-------------------------------------------------------------------------------+
; Slow 1200mV 85C Model Fmax Summary                                            ;
+------------+-----------------+-----------------------------------------+------+
; Fmax       ; Restricted Fmax ; Clock Name                              ; Note ;
+------------+-----------------+-----------------------------------------+------+
; 3.31 MHz   ; 3.31 MHz        ; DivisorFrequencia:Divisor_inst|clkSaida ;      ;
; 222.67 MHz ; 222.67 MHz      ; clk_50                                  ;      ;
+------------+-----------------+-----------------------------------------+------+
This panel reports FMAX for every clock in the design, regardless of the user-specified clock periods.  FMAX is only computed for paths where the source and destination registers or ports are driven by the same clock.  Paths of different clocks, including generated clocks, are ignored.  For paths between a clock and its inversion, FMAX is computed as if the rising and falling edges are scaled along with FMAX, such that the duty cycle (in terms of a percentage) is maintained. Altera recommends that you always use clock constraints and other slack reports for sign-off analysis.


----------------------------------
; Timing Closure Recommendations ;
----------------------------------
HTML report is unavailable in plain text report export.


+--------------------------------------------------------------------+
; Slow 1200mV 85C Model Setup Summary                                ;
+-----------------------------------------+----------+---------------+
; Clock                                   ; Slack    ; End Point TNS ;
+-----------------------------------------+----------+---------------+
; DivisorFrequencia:Divisor_inst|clkSaida ; -150.348 ; -329237.567   ;
; clk_50                                  ; -3.491   ; -45.303       ;
+-----------------------------------------+----------+---------------+


+-----------------------------------------------------------------+
; Slow 1200mV 85C Model Hold Summary                              ;
+-----------------------------------------+-------+---------------+
; Clock                                   ; Slack ; End Point TNS ;
+-----------------------------------------+-------+---------------+
; clk_50                                  ; 0.442 ; 0.000         ;
; DivisorFrequencia:Divisor_inst|clkSaida ; 0.450 ; 0.000         ;
+-----------------------------------------+-------+---------------+


+----------------------------------------+
; Slow 1200mV 85C Model Recovery Summary ;
+--------+--------+----------------------+
; Clock  ; Slack  ; End Point TNS        ;
+--------+--------+----------------------+
; btn_in ; -4.177 ; -4.177               ;
+--------+--------+----------------------+


+---------------------------------------+
; Slow 1200mV 85C Model Removal Summary ;
+--------+-------+----------------------+
; Clock  ; Slack ; End Point TNS        ;
+--------+-------+----------------------+
; btn_in ; 2.092 ; 0.000                ;
+--------+-------+----------------------+


+------------------------------------------------------------------+
; Slow 1200mV 85C Model Minimum Pulse Width Summary                ;
+-----------------------------------------+--------+---------------+
; Clock                                   ; Slack  ; End Point TNS ;
+-----------------------------------------+--------+---------------+
; clk_50                                  ; -3.000 ; -36.410       ;
; btn_in                                  ; -3.000 ; -4.285        ;
; DivisorFrequencia:Divisor_inst|clkSaida ; -1.285 ; -3009.470     ;
+-----------------------------------------+--------+---------------+


+---------------------------------------------------------------------------------------------------------------------------------------------------------------------------------------------------+
; Slow 1200mV 85C Model Setup: 'DivisorFrequencia:Divisor_inst|clkSaida'                                                                                                                            ;
+----------+----------------------+------------------------------------+-----------------------------------------+-----------------------------------------+--------------+------------+------------+
; Slack    ; From Node            ; To Node                            ; Launch Clock                            ; Latch Clock                             ; Relationship ; Clock Skew ; Data Delay ;
+----------+----------------------+------------------------------------+-----------------------------------------+-----------------------------------------+--------------+------------+------------+
; -150.348 ; PC:PC_inst|PC_reg[2] ; banco:banco_inst|registradores~73  ; DivisorFrequencia:Divisor_inst|clkSaida ; DivisorFrequencia:Divisor_inst|clkSaida ; 0.500        ; -0.125     ; 150.721    ;
; -150.348 ; PC:PC_inst|PC_reg[2] ; banco:banco_inst|registradores~233 ; DivisorFrequencia:Divisor_inst|clkSaida ; DivisorFrequencia:Divisor_inst|clkSaida ; 0.500        ; -0.125     ; 150.721    ;
; -150.279 ; PC:PC_inst|PC_reg[0] ; banco:banco_inst|registradores~73  ; DivisorFrequencia:Divisor_inst|clkSaida ; DivisorFrequencia:Divisor_inst|clkSaida ; 0.500        ; -0.125     ; 150.652    ;
; -150.279 ; PC:PC_inst|PC_reg[0] ; banco:banco_inst|registradores~233 ; DivisorFrequencia:Divisor_inst|clkSaida ; DivisorFrequencia:Divisor_inst|clkSaida ; 0.500        ; -0.125     ; 150.652    ;
; -150.184 ; PC:PC_inst|PC_reg[5] ; banco:banco_inst|registradores~73  ; DivisorFrequencia:Divisor_inst|clkSaida ; DivisorFrequencia:Divisor_inst|clkSaida ; 0.500        ; -0.125     ; 150.557    ;
; -150.184 ; PC:PC_inst|PC_reg[5] ; banco:banco_inst|registradores~233 ; DivisorFrequencia:Divisor_inst|clkSaida ; DivisorFrequencia:Divisor_inst|clkSaida ; 0.500        ; -0.125     ; 150.557    ;
; -150.061 ; PC:PC_inst|PC_reg[2] ; banco:banco_inst|registradores~82  ; DivisorFrequencia:Divisor_inst|clkSaida ; DivisorFrequencia:Divisor_inst|clkSaida ; 0.500        ; -0.125     ; 150.434    ;
; -149.994 ; PC:PC_inst|PC_reg[1] ; banco:banco_inst|registradores~73  ; DivisorFrequencia:Divisor_inst|clkSaida ; DivisorFrequencia:Divisor_inst|clkSaida ; 0.500        ; -0.125     ; 150.367    ;
; -149.994 ; PC:PC_inst|PC_reg[1] ; banco:banco_inst|registradores~233 ; DivisorFrequencia:Divisor_inst|clkSaida ; DivisorFrequencia:Divisor_inst|clkSaida ; 0.500        ; -0.125     ; 150.367    ;
; -149.992 ; PC:PC_inst|PC_reg[0] ; banco:banco_inst|registradores~82  ; DivisorFrequencia:Divisor_inst|clkSaida ; DivisorFrequencia:Divisor_inst|clkSaida ; 0.500        ; -0.125     ; 150.365    ;
; -149.953 ; PC:PC_inst|PC_reg[4] ; banco:banco_inst|registradores~73  ; DivisorFrequencia:Divisor_inst|clkSaida ; DivisorFrequencia:Divisor_inst|clkSaida ; 0.500        ; -0.125     ; 150.326    ;
; -149.953 ; PC:PC_inst|PC_reg[4] ; banco:banco_inst|registradores~233 ; DivisorFrequencia:Divisor_inst|clkSaida ; DivisorFrequencia:Divisor_inst|clkSaida ; 0.500        ; -0.125     ; 150.326    ;
; -149.897 ; PC:PC_inst|PC_reg[5] ; banco:banco_inst|registradores~82  ; DivisorFrequencia:Divisor_inst|clkSaida ; DivisorFrequencia:Divisor_inst|clkSaida ; 0.500        ; -0.125     ; 150.270    ;
; -149.799 ; PC:PC_inst|PC_reg[2] ; banco:banco_inst|registradores~50  ; DivisorFrequencia:Divisor_inst|clkSaida ; DivisorFrequencia:Divisor_inst|clkSaida ; 0.500        ; 0.286      ; 150.583    ;
; -149.730 ; PC:PC_inst|PC_reg[0] ; banco:banco_inst|registradores~50  ; DivisorFrequencia:Divisor_inst|clkSaida ; DivisorFrequencia:Divisor_inst|clkSaida ; 0.500        ; 0.286      ; 150.514    ;
; -149.707 ; PC:PC_inst|PC_reg[1] ; banco:banco_inst|registradores~82  ; DivisorFrequencia:Divisor_inst|clkSaida ; DivisorFrequencia:Divisor_inst|clkSaida ; 0.500        ; -0.125     ; 150.080    ;
; -149.699 ; PC:PC_inst|PC_reg[2] ; banco:banco_inst|registradores~146 ; DivisorFrequencia:Divisor_inst|clkSaida ; DivisorFrequencia:Divisor_inst|clkSaida ; 0.500        ; -0.116     ; 150.081    ;
; -149.666 ; PC:PC_inst|PC_reg[4] ; banco:banco_inst|registradores~82  ; DivisorFrequencia:Divisor_inst|clkSaida ; DivisorFrequencia:Divisor_inst|clkSaida ; 0.500        ; -0.125     ; 150.039    ;
; -149.659 ; PC:PC_inst|PC_reg[3] ; banco:banco_inst|registradores~73  ; DivisorFrequencia:Divisor_inst|clkSaida ; DivisorFrequencia:Divisor_inst|clkSaida ; 0.500        ; -0.125     ; 150.032    ;
; -149.659 ; PC:PC_inst|PC_reg[3] ; banco:banco_inst|registradores~233 ; DivisorFrequencia:Divisor_inst|clkSaida ; DivisorFrequencia:Divisor_inst|clkSaida ; 0.500        ; -0.125     ; 150.032    ;
; -149.635 ; PC:PC_inst|PC_reg[5] ; banco:banco_inst|registradores~50  ; DivisorFrequencia:Divisor_inst|clkSaida ; DivisorFrequencia:Divisor_inst|clkSaida ; 0.500        ; 0.286      ; 150.419    ;
; -149.630 ; PC:PC_inst|PC_reg[0] ; banco:banco_inst|registradores~146 ; DivisorFrequencia:Divisor_inst|clkSaida ; DivisorFrequencia:Divisor_inst|clkSaida ; 0.500        ; -0.116     ; 150.012    ;
; -149.535 ; PC:PC_inst|PC_reg[5] ; banco:banco_inst|registradores~146 ; DivisorFrequencia:Divisor_inst|clkSaida ; DivisorFrequencia:Divisor_inst|clkSaida ; 0.500        ; -0.116     ; 149.917    ;
; -149.461 ; PC:PC_inst|PC_reg[2] ; banco:banco_inst|registradores~210 ; DivisorFrequencia:Divisor_inst|clkSaida ; DivisorFrequencia:Divisor_inst|clkSaida ; 0.500        ; 0.301      ; 150.260    ;
; -149.445 ; PC:PC_inst|PC_reg[1] ; banco:banco_inst|registradores~50  ; DivisorFrequencia:Divisor_inst|clkSaida ; DivisorFrequencia:Divisor_inst|clkSaida ; 0.500        ; 0.286      ; 150.229    ;
; -149.404 ; PC:PC_inst|PC_reg[4] ; banco:banco_inst|registradores~50  ; DivisorFrequencia:Divisor_inst|clkSaida ; DivisorFrequencia:Divisor_inst|clkSaida ; 0.500        ; 0.286      ; 150.188    ;
; -149.392 ; PC:PC_inst|PC_reg[0] ; banco:banco_inst|registradores~210 ; DivisorFrequencia:Divisor_inst|clkSaida ; DivisorFrequencia:Divisor_inst|clkSaida ; 0.500        ; 0.301      ; 150.191    ;
; -149.372 ; PC:PC_inst|PC_reg[3] ; banco:banco_inst|registradores~82  ; DivisorFrequencia:Divisor_inst|clkSaida ; DivisorFrequencia:Divisor_inst|clkSaida ; 0.500        ; -0.125     ; 149.745    ;
; -149.345 ; PC:PC_inst|PC_reg[1] ; banco:banco_inst|registradores~146 ; DivisorFrequencia:Divisor_inst|clkSaida ; DivisorFrequencia:Divisor_inst|clkSaida ; 0.500        ; -0.116     ; 149.727    ;
; -149.304 ; PC:PC_inst|PC_reg[4] ; banco:banco_inst|registradores~146 ; DivisorFrequencia:Divisor_inst|clkSaida ; DivisorFrequencia:Divisor_inst|clkSaida ; 0.500        ; -0.116     ; 149.686    ;
; -149.297 ; PC:PC_inst|PC_reg[5] ; banco:banco_inst|registradores~210 ; DivisorFrequencia:Divisor_inst|clkSaida ; DivisorFrequencia:Divisor_inst|clkSaida ; 0.500        ; 0.301      ; 150.096    ;
; -149.292 ; PC:PC_inst|PC_reg[2] ; banco:banco_inst|registradores~242 ; DivisorFrequencia:Divisor_inst|clkSaida ; DivisorFrequencia:Divisor_inst|clkSaida ; 0.500        ; 0.293      ; 150.083    ;
; -149.245 ; PC:PC_inst|PC_reg[2] ; banco:banco_inst|registradores~178 ; DivisorFrequencia:Divisor_inst|clkSaida ; DivisorFrequencia:Divisor_inst|clkSaida ; 0.500        ; 0.295      ; 150.038    ;
; -149.223 ; PC:PC_inst|PC_reg[0] ; banco:banco_inst|registradores~242 ; DivisorFrequencia:Divisor_inst|clkSaida ; DivisorFrequencia:Divisor_inst|clkSaida ; 0.500        ; 0.293      ; 150.014    ;
; -149.176 ; PC:PC_inst|PC_reg[0] ; banco:banco_inst|registradores~178 ; DivisorFrequencia:Divisor_inst|clkSaida ; DivisorFrequencia:Divisor_inst|clkSaida ; 0.500        ; 0.295      ; 149.969    ;
; -149.171 ; PC:PC_inst|PC_reg[2] ; banco:banco_inst|registradores~237 ; DivisorFrequencia:Divisor_inst|clkSaida ; DivisorFrequencia:Divisor_inst|clkSaida ; 0.500        ; 0.289      ; 149.958    ;
; -149.136 ; PC:PC_inst|PC_reg[2] ; banco:banco_inst|registradores~77  ; DivisorFrequencia:Divisor_inst|clkSaida ; DivisorFrequencia:Divisor_inst|clkSaida ; 0.500        ; 0.323      ; 149.957    ;
; -149.132 ; PC:PC_inst|PC_reg[2] ; banco:banco_inst|registradores~141 ; DivisorFrequencia:Divisor_inst|clkSaida ; DivisorFrequencia:Divisor_inst|clkSaida ; 0.500        ; 0.299      ; 149.929    ;
; -149.128 ; PC:PC_inst|PC_reg[5] ; banco:banco_inst|registradores~242 ; DivisorFrequencia:Divisor_inst|clkSaida ; DivisorFrequencia:Divisor_inst|clkSaida ; 0.500        ; 0.293      ; 149.919    ;
; -149.110 ; PC:PC_inst|PC_reg[3] ; banco:banco_inst|registradores~50  ; DivisorFrequencia:Divisor_inst|clkSaida ; DivisorFrequencia:Divisor_inst|clkSaida ; 0.500        ; 0.286      ; 149.894    ;
; -149.107 ; PC:PC_inst|PC_reg[1] ; banco:banco_inst|registradores~210 ; DivisorFrequencia:Divisor_inst|clkSaida ; DivisorFrequencia:Divisor_inst|clkSaida ; 0.500        ; 0.301      ; 149.906    ;
; -149.102 ; PC:PC_inst|PC_reg[0] ; banco:banco_inst|registradores~237 ; DivisorFrequencia:Divisor_inst|clkSaida ; DivisorFrequencia:Divisor_inst|clkSaida ; 0.500        ; 0.289      ; 149.889    ;
; -149.081 ; PC:PC_inst|PC_reg[5] ; banco:banco_inst|registradores~178 ; DivisorFrequencia:Divisor_inst|clkSaida ; DivisorFrequencia:Divisor_inst|clkSaida ; 0.500        ; 0.295      ; 149.874    ;
; -149.067 ; PC:PC_inst|PC_reg[0] ; banco:banco_inst|registradores~77  ; DivisorFrequencia:Divisor_inst|clkSaida ; DivisorFrequencia:Divisor_inst|clkSaida ; 0.500        ; 0.323      ; 149.888    ;
; -149.066 ; PC:PC_inst|PC_reg[4] ; banco:banco_inst|registradores~210 ; DivisorFrequencia:Divisor_inst|clkSaida ; DivisorFrequencia:Divisor_inst|clkSaida ; 0.500        ; 0.301      ; 149.865    ;
; -149.063 ; PC:PC_inst|PC_reg[0] ; banco:banco_inst|registradores~141 ; DivisorFrequencia:Divisor_inst|clkSaida ; DivisorFrequencia:Divisor_inst|clkSaida ; 0.500        ; 0.299      ; 149.860    ;
; -149.010 ; PC:PC_inst|PC_reg[3] ; banco:banco_inst|registradores~146 ; DivisorFrequencia:Divisor_inst|clkSaida ; DivisorFrequencia:Divisor_inst|clkSaida ; 0.500        ; -0.116     ; 149.392    ;
; -149.007 ; PC:PC_inst|PC_reg[5] ; banco:banco_inst|registradores~237 ; DivisorFrequencia:Divisor_inst|clkSaida ; DivisorFrequencia:Divisor_inst|clkSaida ; 0.500        ; 0.289      ; 149.794    ;
; -148.972 ; PC:PC_inst|PC_reg[5] ; banco:banco_inst|registradores~77  ; DivisorFrequencia:Divisor_inst|clkSaida ; DivisorFrequencia:Divisor_inst|clkSaida ; 0.500        ; 0.323      ; 149.793    ;
; -148.968 ; PC:PC_inst|PC_reg[5] ; banco:banco_inst|registradores~141 ; DivisorFrequencia:Divisor_inst|clkSaida ; DivisorFrequencia:Divisor_inst|clkSaida ; 0.500        ; 0.299      ; 149.765    ;
; -148.953 ; PC:PC_inst|PC_reg[2] ; banco:banco_inst|registradores~205 ; DivisorFrequencia:Divisor_inst|clkSaida ; DivisorFrequencia:Divisor_inst|clkSaida ; 0.500        ; 0.292      ; 149.743    ;
; -148.938 ; PC:PC_inst|PC_reg[1] ; banco:banco_inst|registradores~242 ; DivisorFrequencia:Divisor_inst|clkSaida ; DivisorFrequencia:Divisor_inst|clkSaida ; 0.500        ; 0.293      ; 149.729    ;
; -148.920 ; PC:PC_inst|PC_reg[2] ; banco:banco_inst|registradores~173 ; DivisorFrequencia:Divisor_inst|clkSaida ; DivisorFrequencia:Divisor_inst|clkSaida ; 0.500        ; 0.325      ; 149.743    ;
; -148.901 ; PC:PC_inst|PC_reg[2] ; banco:banco_inst|registradores~72  ; DivisorFrequencia:Divisor_inst|clkSaida ; DivisorFrequencia:Divisor_inst|clkSaida ; 0.500        ; -0.125     ; 149.274    ;
; -148.901 ; PC:PC_inst|PC_reg[2] ; banco:banco_inst|registradores~232 ; DivisorFrequencia:Divisor_inst|clkSaida ; DivisorFrequencia:Divisor_inst|clkSaida ; 0.500        ; -0.125     ; 149.274    ;
; -148.897 ; PC:PC_inst|PC_reg[4] ; banco:banco_inst|registradores~242 ; DivisorFrequencia:Divisor_inst|clkSaida ; DivisorFrequencia:Divisor_inst|clkSaida ; 0.500        ; 0.293      ; 149.688    ;
; -148.891 ; PC:PC_inst|PC_reg[1] ; banco:banco_inst|registradores~178 ; DivisorFrequencia:Divisor_inst|clkSaida ; DivisorFrequencia:Divisor_inst|clkSaida ; 0.500        ; 0.295      ; 149.684    ;
; -148.884 ; PC:PC_inst|PC_reg[0] ; banco:banco_inst|registradores~205 ; DivisorFrequencia:Divisor_inst|clkSaida ; DivisorFrequencia:Divisor_inst|clkSaida ; 0.500        ; 0.292      ; 149.674    ;
; -148.875 ; PC:PC_inst|PC_reg[2] ; banco:banco_inst|registradores~209 ; DivisorFrequencia:Divisor_inst|clkSaida ; DivisorFrequencia:Divisor_inst|clkSaida ; 0.500        ; -0.117     ; 149.256    ;
; -148.851 ; PC:PC_inst|PC_reg[0] ; banco:banco_inst|registradores~173 ; DivisorFrequencia:Divisor_inst|clkSaida ; DivisorFrequencia:Divisor_inst|clkSaida ; 0.500        ; 0.325      ; 149.674    ;
; -148.850 ; PC:PC_inst|PC_reg[4] ; banco:banco_inst|registradores~178 ; DivisorFrequencia:Divisor_inst|clkSaida ; DivisorFrequencia:Divisor_inst|clkSaida ; 0.500        ; 0.295      ; 149.643    ;
; -148.832 ; PC:PC_inst|PC_reg[0] ; banco:banco_inst|registradores~72  ; DivisorFrequencia:Divisor_inst|clkSaida ; DivisorFrequencia:Divisor_inst|clkSaida ; 0.500        ; -0.125     ; 149.205    ;
; -148.832 ; PC:PC_inst|PC_reg[0] ; banco:banco_inst|registradores~232 ; DivisorFrequencia:Divisor_inst|clkSaida ; DivisorFrequencia:Divisor_inst|clkSaida ; 0.500        ; -0.125     ; 149.205    ;
; -148.817 ; PC:PC_inst|PC_reg[1] ; banco:banco_inst|registradores~237 ; DivisorFrequencia:Divisor_inst|clkSaida ; DivisorFrequencia:Divisor_inst|clkSaida ; 0.500        ; 0.289      ; 149.604    ;
; -148.815 ; PC:PC_inst|PC_reg[2] ; banco:banco_inst|registradores~43  ; DivisorFrequencia:Divisor_inst|clkSaida ; DivisorFrequencia:Divisor_inst|clkSaida ; 0.500        ; 0.295      ; 149.608    ;
; -148.806 ; PC:PC_inst|PC_reg[0] ; banco:banco_inst|registradores~209 ; DivisorFrequencia:Divisor_inst|clkSaida ; DivisorFrequencia:Divisor_inst|clkSaida ; 0.500        ; -0.117     ; 149.187    ;
; -148.789 ; PC:PC_inst|PC_reg[5] ; banco:banco_inst|registradores~205 ; DivisorFrequencia:Divisor_inst|clkSaida ; DivisorFrequencia:Divisor_inst|clkSaida ; 0.500        ; 0.292      ; 149.579    ;
; -148.782 ; PC:PC_inst|PC_reg[1] ; banco:banco_inst|registradores~77  ; DivisorFrequencia:Divisor_inst|clkSaida ; DivisorFrequencia:Divisor_inst|clkSaida ; 0.500        ; 0.323      ; 149.603    ;
; -148.778 ; PC:PC_inst|PC_reg[1] ; banco:banco_inst|registradores~141 ; DivisorFrequencia:Divisor_inst|clkSaida ; DivisorFrequencia:Divisor_inst|clkSaida ; 0.500        ; 0.299      ; 149.575    ;
; -148.776 ; PC:PC_inst|PC_reg[4] ; banco:banco_inst|registradores~237 ; DivisorFrequencia:Divisor_inst|clkSaida ; DivisorFrequencia:Divisor_inst|clkSaida ; 0.500        ; 0.289      ; 149.563    ;
; -148.772 ; PC:PC_inst|PC_reg[3] ; banco:banco_inst|registradores~210 ; DivisorFrequencia:Divisor_inst|clkSaida ; DivisorFrequencia:Divisor_inst|clkSaida ; 0.500        ; 0.301      ; 149.571    ;
; -148.770 ; PC:PC_inst|PC_reg[2] ; banco:banco_inst|registradores~171 ; DivisorFrequencia:Divisor_inst|clkSaida ; DivisorFrequencia:Divisor_inst|clkSaida ; 0.500        ; 0.295      ; 149.563    ;
; -148.756 ; PC:PC_inst|PC_reg[5] ; banco:banco_inst|registradores~173 ; DivisorFrequencia:Divisor_inst|clkSaida ; DivisorFrequencia:Divisor_inst|clkSaida ; 0.500        ; 0.325      ; 149.579    ;
; -148.746 ; PC:PC_inst|PC_reg[0] ; banco:banco_inst|registradores~43  ; DivisorFrequencia:Divisor_inst|clkSaida ; DivisorFrequencia:Divisor_inst|clkSaida ; 0.500        ; 0.295      ; 149.539    ;
; -148.741 ; PC:PC_inst|PC_reg[4] ; banco:banco_inst|registradores~77  ; DivisorFrequencia:Divisor_inst|clkSaida ; DivisorFrequencia:Divisor_inst|clkSaida ; 0.500        ; 0.323      ; 149.562    ;
; -148.737 ; PC:PC_inst|PC_reg[4] ; banco:banco_inst|registradores~141 ; DivisorFrequencia:Divisor_inst|clkSaida ; DivisorFrequencia:Divisor_inst|clkSaida ; 0.500        ; 0.299      ; 149.534    ;
; -148.737 ; PC:PC_inst|PC_reg[5] ; banco:banco_inst|registradores~72  ; DivisorFrequencia:Divisor_inst|clkSaida ; DivisorFrequencia:Divisor_inst|clkSaida ; 0.500        ; -0.125     ; 149.110    ;
; -148.737 ; PC:PC_inst|PC_reg[5] ; banco:banco_inst|registradores~232 ; DivisorFrequencia:Divisor_inst|clkSaida ; DivisorFrequencia:Divisor_inst|clkSaida ; 0.500        ; -0.125     ; 149.110    ;
; -148.715 ; PC:PC_inst|PC_reg[2] ; banco:banco_inst|registradores~217 ; DivisorFrequencia:Divisor_inst|clkSaida ; DivisorFrequencia:Divisor_inst|clkSaida ; 0.500        ; -0.129     ; 149.084    ;
; -148.711 ; PC:PC_inst|PC_reg[5] ; banco:banco_inst|registradores~209 ; DivisorFrequencia:Divisor_inst|clkSaida ; DivisorFrequencia:Divisor_inst|clkSaida ; 0.500        ; -0.117     ; 149.092    ;
; -148.701 ; PC:PC_inst|PC_reg[0] ; banco:banco_inst|registradores~171 ; DivisorFrequencia:Divisor_inst|clkSaida ; DivisorFrequencia:Divisor_inst|clkSaida ; 0.500        ; 0.295      ; 149.494    ;
; -148.694 ; PC:PC_inst|PC_reg[2] ; banco:banco_inst|registradores~225 ; DivisorFrequencia:Divisor_inst|clkSaida ; DivisorFrequencia:Divisor_inst|clkSaida ; 0.500        ; -0.119     ; 149.073    ;
; -148.651 ; PC:PC_inst|PC_reg[5] ; banco:banco_inst|registradores~43  ; DivisorFrequencia:Divisor_inst|clkSaida ; DivisorFrequencia:Divisor_inst|clkSaida ; 0.500        ; 0.295      ; 149.444    ;
; -148.646 ; PC:PC_inst|PC_reg[0] ; banco:banco_inst|registradores~217 ; DivisorFrequencia:Divisor_inst|clkSaida ; DivisorFrequencia:Divisor_inst|clkSaida ; 0.500        ; -0.129     ; 149.015    ;
; -148.625 ; PC:PC_inst|PC_reg[0] ; banco:banco_inst|registradores~225 ; DivisorFrequencia:Divisor_inst|clkSaida ; DivisorFrequencia:Divisor_inst|clkSaida ; 0.500        ; -0.119     ; 149.004    ;
; -148.617 ; PC:PC_inst|PC_reg[2] ; banco:banco_inst|registradores~81  ; DivisorFrequencia:Divisor_inst|clkSaida ; DivisorFrequencia:Divisor_inst|clkSaida ; 0.500        ; 0.323      ; 149.438    ;
; -148.609 ; PC:PC_inst|PC_reg[2] ; banco:banco_inst|registradores~114 ; DivisorFrequencia:Divisor_inst|clkSaida ; DivisorFrequencia:Divisor_inst|clkSaida ; 0.500        ; -0.123     ; 148.984    ;
; -148.606 ; PC:PC_inst|PC_reg[5] ; banco:banco_inst|registradores~171 ; DivisorFrequencia:Divisor_inst|clkSaida ; DivisorFrequencia:Divisor_inst|clkSaida ; 0.500        ; 0.295      ; 149.399    ;
; -148.603 ; PC:PC_inst|PC_reg[3] ; banco:banco_inst|registradores~242 ; DivisorFrequencia:Divisor_inst|clkSaida ; DivisorFrequencia:Divisor_inst|clkSaida ; 0.500        ; 0.293      ; 149.394    ;
; -148.599 ; PC:PC_inst|PC_reg[1] ; banco:banco_inst|registradores~205 ; DivisorFrequencia:Divisor_inst|clkSaida ; DivisorFrequencia:Divisor_inst|clkSaida ; 0.500        ; 0.292      ; 149.389    ;
; -148.586 ; PC:PC_inst|PC_reg[2] ; banco:banco_inst|registradores~208 ; DivisorFrequencia:Divisor_inst|clkSaida ; DivisorFrequencia:Divisor_inst|clkSaida ; 0.500        ; 0.291      ; 149.375    ;
; -148.567 ; PC:PC_inst|PC_reg[2] ; banco:banco_inst|registradores~153 ; DivisorFrequencia:Divisor_inst|clkSaida ; DivisorFrequencia:Divisor_inst|clkSaida ; 0.500        ; -0.123     ; 148.942    ;
; -148.567 ; PC:PC_inst|PC_reg[2] ; banco:banco_inst|registradores~249 ; DivisorFrequencia:Divisor_inst|clkSaida ; DivisorFrequencia:Divisor_inst|clkSaida ; 0.500        ; -0.123     ; 148.942    ;
; -148.566 ; PC:PC_inst|PC_reg[1] ; banco:banco_inst|registradores~173 ; DivisorFrequencia:Divisor_inst|clkSaida ; DivisorFrequencia:Divisor_inst|clkSaida ; 0.500        ; 0.325      ; 149.389    ;
; -148.558 ; PC:PC_inst|PC_reg[4] ; banco:banco_inst|registradores~205 ; DivisorFrequencia:Divisor_inst|clkSaida ; DivisorFrequencia:Divisor_inst|clkSaida ; 0.500        ; 0.292      ; 149.348    ;
; -148.556 ; PC:PC_inst|PC_reg[3] ; banco:banco_inst|registradores~178 ; DivisorFrequencia:Divisor_inst|clkSaida ; DivisorFrequencia:Divisor_inst|clkSaida ; 0.500        ; 0.295      ; 149.349    ;
; -148.552 ; PC:PC_inst|PC_reg[2] ; banco:banco_inst|registradores~176 ; DivisorFrequencia:Divisor_inst|clkSaida ; DivisorFrequencia:Divisor_inst|clkSaida ; 0.500        ; 0.324      ; 149.374    ;
; -148.551 ; PC:PC_inst|PC_reg[5] ; banco:banco_inst|registradores~217 ; DivisorFrequencia:Divisor_inst|clkSaida ; DivisorFrequencia:Divisor_inst|clkSaida ; 0.500        ; -0.129     ; 148.920    ;
; -148.548 ; PC:PC_inst|PC_reg[0] ; banco:banco_inst|registradores~81  ; DivisorFrequencia:Divisor_inst|clkSaida ; DivisorFrequencia:Divisor_inst|clkSaida ; 0.500        ; 0.323      ; 149.369    ;
; -148.547 ; PC:PC_inst|PC_reg[1] ; banco:banco_inst|registradores~72  ; DivisorFrequencia:Divisor_inst|clkSaida ; DivisorFrequencia:Divisor_inst|clkSaida ; 0.500        ; -0.125     ; 148.920    ;
+----------+----------------------+------------------------------------+-----------------------------------------+-----------------------------------------+--------------+------------+------------+


+--------------------------------------------------------------------------------------------------------------------------------------------------------------------------+
; Slow 1200mV 85C Model Setup: 'clk_50'                                                                                                                                    ;
+--------+---------------------------------------------+---------------------------------------------+--------------+-------------+--------------+------------+------------+
; Slack  ; From Node                                   ; To Node                                     ; Launch Clock ; Latch Clock ; Relationship ; Clock Skew ; Data Delay ;
+--------+---------------------------------------------+---------------------------------------------+--------------+-------------+--------------+------------+------------+
; -3.491 ; DivisorFrequencia:Divisor_inst|contador[15] ; DivisorFrequencia:Divisor_inst|clkSaida     ; clk_50       ; clk_50      ; 1.000        ; -0.078     ; 4.411      ;
; -3.484 ; DivisorFrequencia:Divisor_inst|contador[12] ; DivisorFrequencia:Divisor_inst|clkSaida     ; clk_50       ; clk_50      ; 1.000        ; -0.078     ; 4.404      ;
; -3.398 ; DivisorFrequencia:Divisor_inst|contador[23] ; DivisorFrequencia:Divisor_inst|clkSaida     ; clk_50       ; clk_50      ; 1.000        ; -0.078     ; 4.318      ;
; -3.390 ; DivisorFrequencia:Divisor_inst|contador[21] ; DivisorFrequencia:Divisor_inst|clkSaida     ; clk_50       ; clk_50      ; 1.000        ; -0.078     ; 4.310      ;
; -3.389 ; DivisorFrequencia:Divisor_inst|contador[2]  ; DivisorFrequencia:Divisor_inst|clkSaida     ; clk_50       ; clk_50      ; 1.000        ; -0.080     ; 4.307      ;
; -3.363 ; DivisorFrequencia:Divisor_inst|contador[4]  ; DivisorFrequencia:Divisor_inst|clkSaida     ; clk_50       ; clk_50      ; 1.000        ; -0.080     ; 4.281      ;
; -3.352 ; DivisorFrequencia:Divisor_inst|contador[22] ; DivisorFrequencia:Divisor_inst|clkSaida     ; clk_50       ; clk_50      ; 1.000        ; -0.078     ; 4.272      ;
; -3.345 ; DivisorFrequencia:Divisor_inst|contador[6]  ; DivisorFrequencia:Divisor_inst|clkSaida     ; clk_50       ; clk_50      ; 1.000        ; -0.080     ; 4.263      ;
; -3.341 ; DivisorFrequencia:Divisor_inst|contador[5]  ; DivisorFrequencia:Divisor_inst|clkSaida     ; clk_50       ; clk_50      ; 1.000        ; -0.080     ; 4.259      ;
; -3.302 ; DivisorFrequencia:Divisor_inst|contador[14] ; DivisorFrequencia:Divisor_inst|clkSaida     ; clk_50       ; clk_50      ; 1.000        ; -0.078     ; 4.222      ;
; -3.279 ; DivisorFrequencia:Divisor_inst|contador[18] ; DivisorFrequencia:Divisor_inst|clkSaida     ; clk_50       ; clk_50      ; 1.000        ; -0.078     ; 4.199      ;
; -3.270 ; DivisorFrequencia:Divisor_inst|contador[19] ; DivisorFrequencia:Divisor_inst|clkSaida     ; clk_50       ; clk_50      ; 1.000        ; -0.078     ; 4.190      ;
; -3.266 ; DivisorFrequencia:Divisor_inst|contador[3]  ; DivisorFrequencia:Divisor_inst|clkSaida     ; clk_50       ; clk_50      ; 1.000        ; -0.080     ; 4.184      ;
; -3.228 ; DivisorFrequencia:Divisor_inst|contador[7]  ; DivisorFrequencia:Divisor_inst|clkSaida     ; clk_50       ; clk_50      ; 1.000        ; -0.080     ; 4.146      ;
; -3.224 ; DivisorFrequencia:Divisor_inst|contador[0]  ; DivisorFrequencia:Divisor_inst|clkSaida     ; clk_50       ; clk_50      ; 1.000        ; -0.080     ; 4.142      ;
; -3.185 ; DivisorFrequencia:Divisor_inst|contador[13] ; DivisorFrequencia:Divisor_inst|clkSaida     ; clk_50       ; clk_50      ; 1.000        ; -0.078     ; 4.105      ;
; -3.104 ; DivisorFrequencia:Divisor_inst|contador[8]  ; DivisorFrequencia:Divisor_inst|clkSaida     ; clk_50       ; clk_50      ; 1.000        ; -0.080     ; 4.022      ;
; -3.092 ; DivisorFrequencia:Divisor_inst|contador[20] ; DivisorFrequencia:Divisor_inst|clkSaida     ; clk_50       ; clk_50      ; 1.000        ; -0.078     ; 4.012      ;
; -3.089 ; DivisorFrequencia:Divisor_inst|contador[16] ; DivisorFrequencia:Divisor_inst|clkSaida     ; clk_50       ; clk_50      ; 1.000        ; -0.078     ; 4.009      ;
; -3.088 ; DivisorFrequencia:Divisor_inst|contador[11] ; DivisorFrequencia:Divisor_inst|clkSaida     ; clk_50       ; clk_50      ; 1.000        ; -0.080     ; 4.006      ;
; -3.048 ; DivisorFrequencia:Divisor_inst|contador[10] ; DivisorFrequencia:Divisor_inst|clkSaida     ; clk_50       ; clk_50      ; 1.000        ; -0.080     ; 3.966      ;
; -3.031 ; DivisorFrequencia:Divisor_inst|contador[1]  ; DivisorFrequencia:Divisor_inst|clkSaida     ; clk_50       ; clk_50      ; 1.000        ; -0.080     ; 3.949      ;
; -3.010 ; DivisorFrequencia:Divisor_inst|contador[9]  ; DivisorFrequencia:Divisor_inst|clkSaida     ; clk_50       ; clk_50      ; 1.000        ; -0.080     ; 3.928      ;
; -2.973 ; DivisorFrequencia:Divisor_inst|contador[17] ; DivisorFrequencia:Divisor_inst|clkSaida     ; clk_50       ; clk_50      ; 1.000        ; -0.078     ; 3.893      ;
; -2.898 ; DivisorFrequencia:Divisor_inst|contador[24] ; DivisorFrequencia:Divisor_inst|clkSaida     ; clk_50       ; clk_50      ; 1.000        ; -0.078     ; 3.818      ;
; -2.290 ; DivisorFrequencia:Divisor_inst|contador[1]  ; DivisorFrequencia:Divisor_inst|contador[24] ; clk_50       ; clk_50      ; 1.000        ; -0.082     ; 3.206      ;
; -2.205 ; DivisorFrequencia:Divisor_inst|contador[0]  ; DivisorFrequencia:Divisor_inst|contador[24] ; clk_50       ; clk_50      ; 1.000        ; -0.082     ; 3.121      ;
; -2.165 ; DivisorFrequencia:Divisor_inst|contador[0]  ; DivisorFrequencia:Divisor_inst|contador[23] ; clk_50       ; clk_50      ; 1.000        ; -0.082     ; 3.081      ;
; -2.159 ; DivisorFrequencia:Divisor_inst|contador[3]  ; DivisorFrequencia:Divisor_inst|contador[24] ; clk_50       ; clk_50      ; 1.000        ; -0.082     ; 3.075      ;
; -2.158 ; DivisorFrequencia:Divisor_inst|contador[1]  ; DivisorFrequencia:Divisor_inst|contador[22] ; clk_50       ; clk_50      ; 1.000        ; -0.082     ; 3.074      ;
; -2.139 ; DivisorFrequencia:Divisor_inst|contador[1]  ; DivisorFrequencia:Divisor_inst|contador[23] ; clk_50       ; clk_50      ; 1.000        ; -0.082     ; 3.055      ;
; -2.111 ; DivisorFrequencia:Divisor_inst|contador[15] ; DivisorFrequencia:Divisor_inst|contador[0]  ; clk_50       ; clk_50      ; 1.000        ; -0.079     ; 3.030      ;
; -2.111 ; DivisorFrequencia:Divisor_inst|contador[15] ; DivisorFrequencia:Divisor_inst|contador[1]  ; clk_50       ; clk_50      ; 1.000        ; -0.079     ; 3.030      ;
; -2.111 ; DivisorFrequencia:Divisor_inst|contador[15] ; DivisorFrequencia:Divisor_inst|contador[4]  ; clk_50       ; clk_50      ; 1.000        ; -0.079     ; 3.030      ;
; -2.111 ; DivisorFrequencia:Divisor_inst|contador[15] ; DivisorFrequencia:Divisor_inst|contador[5]  ; clk_50       ; clk_50      ; 1.000        ; -0.079     ; 3.030      ;
; -2.104 ; DivisorFrequencia:Divisor_inst|contador[12] ; DivisorFrequencia:Divisor_inst|contador[0]  ; clk_50       ; clk_50      ; 1.000        ; -0.079     ; 3.023      ;
; -2.104 ; DivisorFrequencia:Divisor_inst|contador[12] ; DivisorFrequencia:Divisor_inst|contador[1]  ; clk_50       ; clk_50      ; 1.000        ; -0.079     ; 3.023      ;
; -2.104 ; DivisorFrequencia:Divisor_inst|contador[12] ; DivisorFrequencia:Divisor_inst|contador[4]  ; clk_50       ; clk_50      ; 1.000        ; -0.079     ; 3.023      ;
; -2.104 ; DivisorFrequencia:Divisor_inst|contador[12] ; DivisorFrequencia:Divisor_inst|contador[5]  ; clk_50       ; clk_50      ; 1.000        ; -0.079     ; 3.023      ;
; -2.074 ; DivisorFrequencia:Divisor_inst|contador[2]  ; DivisorFrequencia:Divisor_inst|contador[24] ; clk_50       ; clk_50      ; 1.000        ; -0.082     ; 2.990      ;
; -2.073 ; DivisorFrequencia:Divisor_inst|contador[0]  ; DivisorFrequencia:Divisor_inst|contador[22] ; clk_50       ; clk_50      ; 1.000        ; -0.082     ; 2.989      ;
; -2.034 ; DivisorFrequencia:Divisor_inst|contador[2]  ; DivisorFrequencia:Divisor_inst|contador[23] ; clk_50       ; clk_50      ; 1.000        ; -0.082     ; 2.950      ;
; -2.033 ; DivisorFrequencia:Divisor_inst|contador[0]  ; DivisorFrequencia:Divisor_inst|contador[21] ; clk_50       ; clk_50      ; 1.000        ; -0.082     ; 2.949      ;
; -2.028 ; DivisorFrequencia:Divisor_inst|contador[5]  ; DivisorFrequencia:Divisor_inst|contador[24] ; clk_50       ; clk_50      ; 1.000        ; -0.082     ; 2.944      ;
; -2.027 ; DivisorFrequencia:Divisor_inst|contador[3]  ; DivisorFrequencia:Divisor_inst|contador[22] ; clk_50       ; clk_50      ; 1.000        ; -0.082     ; 2.943      ;
; -2.026 ; DivisorFrequencia:Divisor_inst|contador[1]  ; DivisorFrequencia:Divisor_inst|contador[20] ; clk_50       ; clk_50      ; 1.000        ; -0.082     ; 2.942      ;
; -2.018 ; DivisorFrequencia:Divisor_inst|contador[23] ; DivisorFrequencia:Divisor_inst|contador[0]  ; clk_50       ; clk_50      ; 1.000        ; -0.079     ; 2.937      ;
; -2.018 ; DivisorFrequencia:Divisor_inst|contador[23] ; DivisorFrequencia:Divisor_inst|contador[1]  ; clk_50       ; clk_50      ; 1.000        ; -0.079     ; 2.937      ;
; -2.018 ; DivisorFrequencia:Divisor_inst|contador[23] ; DivisorFrequencia:Divisor_inst|contador[4]  ; clk_50       ; clk_50      ; 1.000        ; -0.079     ; 2.937      ;
; -2.018 ; DivisorFrequencia:Divisor_inst|contador[23] ; DivisorFrequencia:Divisor_inst|contador[5]  ; clk_50       ; clk_50      ; 1.000        ; -0.079     ; 2.937      ;
; -2.010 ; DivisorFrequencia:Divisor_inst|contador[21] ; DivisorFrequencia:Divisor_inst|contador[0]  ; clk_50       ; clk_50      ; 1.000        ; -0.079     ; 2.929      ;
; -2.010 ; DivisorFrequencia:Divisor_inst|contador[21] ; DivisorFrequencia:Divisor_inst|contador[1]  ; clk_50       ; clk_50      ; 1.000        ; -0.079     ; 2.929      ;
; -2.010 ; DivisorFrequencia:Divisor_inst|contador[21] ; DivisorFrequencia:Divisor_inst|contador[4]  ; clk_50       ; clk_50      ; 1.000        ; -0.079     ; 2.929      ;
; -2.010 ; DivisorFrequencia:Divisor_inst|contador[21] ; DivisorFrequencia:Divisor_inst|contador[5]  ; clk_50       ; clk_50      ; 1.000        ; -0.079     ; 2.929      ;
; -2.008 ; DivisorFrequencia:Divisor_inst|contador[3]  ; DivisorFrequencia:Divisor_inst|contador[23] ; clk_50       ; clk_50      ; 1.000        ; -0.082     ; 2.924      ;
; -2.007 ; DivisorFrequencia:Divisor_inst|contador[1]  ; DivisorFrequencia:Divisor_inst|contador[21] ; clk_50       ; clk_50      ; 1.000        ; -0.082     ; 2.923      ;
; -1.993 ; DivisorFrequencia:Divisor_inst|contador[2]  ; DivisorFrequencia:Divisor_inst|contador[0]  ; clk_50       ; clk_50      ; 1.000        ; -0.081     ; 2.910      ;
; -1.993 ; DivisorFrequencia:Divisor_inst|contador[2]  ; DivisorFrequencia:Divisor_inst|contador[1]  ; clk_50       ; clk_50      ; 1.000        ; -0.081     ; 2.910      ;
; -1.993 ; DivisorFrequencia:Divisor_inst|contador[2]  ; DivisorFrequencia:Divisor_inst|contador[4]  ; clk_50       ; clk_50      ; 1.000        ; -0.081     ; 2.910      ;
; -1.993 ; DivisorFrequencia:Divisor_inst|contador[2]  ; DivisorFrequencia:Divisor_inst|contador[5]  ; clk_50       ; clk_50      ; 1.000        ; -0.081     ; 2.910      ;
; -1.972 ; DivisorFrequencia:Divisor_inst|contador[22] ; DivisorFrequencia:Divisor_inst|contador[0]  ; clk_50       ; clk_50      ; 1.000        ; -0.079     ; 2.891      ;
; -1.972 ; DivisorFrequencia:Divisor_inst|contador[22] ; DivisorFrequencia:Divisor_inst|contador[1]  ; clk_50       ; clk_50      ; 1.000        ; -0.079     ; 2.891      ;
; -1.972 ; DivisorFrequencia:Divisor_inst|contador[22] ; DivisorFrequencia:Divisor_inst|contador[4]  ; clk_50       ; clk_50      ; 1.000        ; -0.079     ; 2.891      ;
; -1.972 ; DivisorFrequencia:Divisor_inst|contador[22] ; DivisorFrequencia:Divisor_inst|contador[5]  ; clk_50       ; clk_50      ; 1.000        ; -0.079     ; 2.891      ;
; -1.967 ; DivisorFrequencia:Divisor_inst|contador[4]  ; DivisorFrequencia:Divisor_inst|contador[0]  ; clk_50       ; clk_50      ; 1.000        ; -0.081     ; 2.884      ;
; -1.967 ; DivisorFrequencia:Divisor_inst|contador[4]  ; DivisorFrequencia:Divisor_inst|contador[1]  ; clk_50       ; clk_50      ; 1.000        ; -0.081     ; 2.884      ;
; -1.967 ; DivisorFrequencia:Divisor_inst|contador[4]  ; DivisorFrequencia:Divisor_inst|contador[4]  ; clk_50       ; clk_50      ; 1.000        ; -0.081     ; 2.884      ;
; -1.967 ; DivisorFrequencia:Divisor_inst|contador[4]  ; DivisorFrequencia:Divisor_inst|contador[5]  ; clk_50       ; clk_50      ; 1.000        ; -0.081     ; 2.884      ;
; -1.949 ; DivisorFrequencia:Divisor_inst|contador[6]  ; DivisorFrequencia:Divisor_inst|contador[0]  ; clk_50       ; clk_50      ; 1.000        ; -0.081     ; 2.866      ;
; -1.949 ; DivisorFrequencia:Divisor_inst|contador[6]  ; DivisorFrequencia:Divisor_inst|contador[1]  ; clk_50       ; clk_50      ; 1.000        ; -0.081     ; 2.866      ;
; -1.949 ; DivisorFrequencia:Divisor_inst|contador[6]  ; DivisorFrequencia:Divisor_inst|contador[4]  ; clk_50       ; clk_50      ; 1.000        ; -0.081     ; 2.866      ;
; -1.949 ; DivisorFrequencia:Divisor_inst|contador[6]  ; DivisorFrequencia:Divisor_inst|contador[5]  ; clk_50       ; clk_50      ; 1.000        ; -0.081     ; 2.866      ;
; -1.945 ; DivisorFrequencia:Divisor_inst|contador[5]  ; DivisorFrequencia:Divisor_inst|contador[0]  ; clk_50       ; clk_50      ; 1.000        ; -0.081     ; 2.862      ;
; -1.945 ; DivisorFrequencia:Divisor_inst|contador[5]  ; DivisorFrequencia:Divisor_inst|contador[1]  ; clk_50       ; clk_50      ; 1.000        ; -0.081     ; 2.862      ;
; -1.945 ; DivisorFrequencia:Divisor_inst|contador[5]  ; DivisorFrequencia:Divisor_inst|contador[4]  ; clk_50       ; clk_50      ; 1.000        ; -0.081     ; 2.862      ;
; -1.945 ; DivisorFrequencia:Divisor_inst|contador[5]  ; DivisorFrequencia:Divisor_inst|contador[5]  ; clk_50       ; clk_50      ; 1.000        ; -0.081     ; 2.862      ;
; -1.942 ; DivisorFrequencia:Divisor_inst|contador[2]  ; DivisorFrequencia:Divisor_inst|contador[22] ; clk_50       ; clk_50      ; 1.000        ; -0.082     ; 2.858      ;
; -1.941 ; DivisorFrequencia:Divisor_inst|contador[0]  ; DivisorFrequencia:Divisor_inst|contador[20] ; clk_50       ; clk_50      ; 1.000        ; -0.082     ; 2.857      ;
; -1.938 ; DivisorFrequencia:Divisor_inst|contador[4]  ; DivisorFrequencia:Divisor_inst|contador[24] ; clk_50       ; clk_50      ; 1.000        ; -0.082     ; 2.854      ;
; -1.922 ; DivisorFrequencia:Divisor_inst|contador[14] ; DivisorFrequencia:Divisor_inst|contador[0]  ; clk_50       ; clk_50      ; 1.000        ; -0.079     ; 2.841      ;
; -1.922 ; DivisorFrequencia:Divisor_inst|contador[14] ; DivisorFrequencia:Divisor_inst|contador[1]  ; clk_50       ; clk_50      ; 1.000        ; -0.079     ; 2.841      ;
; -1.922 ; DivisorFrequencia:Divisor_inst|contador[14] ; DivisorFrequencia:Divisor_inst|contador[4]  ; clk_50       ; clk_50      ; 1.000        ; -0.079     ; 2.841      ;
; -1.922 ; DivisorFrequencia:Divisor_inst|contador[14] ; DivisorFrequencia:Divisor_inst|contador[5]  ; clk_50       ; clk_50      ; 1.000        ; -0.079     ; 2.841      ;
; -1.907 ; DivisorFrequencia:Divisor_inst|contador[4]  ; DivisorFrequencia:Divisor_inst|contador[23] ; clk_50       ; clk_50      ; 1.000        ; -0.082     ; 2.823      ;
; -1.902 ; DivisorFrequencia:Divisor_inst|contador[2]  ; DivisorFrequencia:Divisor_inst|contador[21] ; clk_50       ; clk_50      ; 1.000        ; -0.082     ; 2.818      ;
; -1.901 ; DivisorFrequencia:Divisor_inst|contador[0]  ; DivisorFrequencia:Divisor_inst|contador[19] ; clk_50       ; clk_50      ; 1.000        ; -0.082     ; 2.817      ;
; -1.899 ; DivisorFrequencia:Divisor_inst|contador[18] ; DivisorFrequencia:Divisor_inst|contador[0]  ; clk_50       ; clk_50      ; 1.000        ; -0.079     ; 2.818      ;
; -1.899 ; DivisorFrequencia:Divisor_inst|contador[18] ; DivisorFrequencia:Divisor_inst|contador[1]  ; clk_50       ; clk_50      ; 1.000        ; -0.079     ; 2.818      ;
; -1.899 ; DivisorFrequencia:Divisor_inst|contador[18] ; DivisorFrequencia:Divisor_inst|contador[4]  ; clk_50       ; clk_50      ; 1.000        ; -0.079     ; 2.818      ;
; -1.899 ; DivisorFrequencia:Divisor_inst|contador[18] ; DivisorFrequencia:Divisor_inst|contador[5]  ; clk_50       ; clk_50      ; 1.000        ; -0.079     ; 2.818      ;
; -1.896 ; DivisorFrequencia:Divisor_inst|contador[5]  ; DivisorFrequencia:Divisor_inst|contador[22] ; clk_50       ; clk_50      ; 1.000        ; -0.082     ; 2.812      ;
; -1.895 ; DivisorFrequencia:Divisor_inst|contador[3]  ; DivisorFrequencia:Divisor_inst|contador[20] ; clk_50       ; clk_50      ; 1.000        ; -0.082     ; 2.811      ;
; -1.894 ; DivisorFrequencia:Divisor_inst|contador[1]  ; DivisorFrequencia:Divisor_inst|contador[18] ; clk_50       ; clk_50      ; 1.000        ; -0.082     ; 2.810      ;
; -1.892 ; DivisorFrequencia:Divisor_inst|contador[7]  ; DivisorFrequencia:Divisor_inst|contador[24] ; clk_50       ; clk_50      ; 1.000        ; -0.082     ; 2.808      ;
; -1.890 ; DivisorFrequencia:Divisor_inst|contador[19] ; DivisorFrequencia:Divisor_inst|contador[0]  ; clk_50       ; clk_50      ; 1.000        ; -0.079     ; 2.809      ;
; -1.890 ; DivisorFrequencia:Divisor_inst|contador[19] ; DivisorFrequencia:Divisor_inst|contador[1]  ; clk_50       ; clk_50      ; 1.000        ; -0.079     ; 2.809      ;
; -1.890 ; DivisorFrequencia:Divisor_inst|contador[19] ; DivisorFrequencia:Divisor_inst|contador[4]  ; clk_50       ; clk_50      ; 1.000        ; -0.079     ; 2.809      ;
; -1.890 ; DivisorFrequencia:Divisor_inst|contador[19] ; DivisorFrequencia:Divisor_inst|contador[5]  ; clk_50       ; clk_50      ; 1.000        ; -0.079     ; 2.809      ;
; -1.877 ; DivisorFrequencia:Divisor_inst|contador[5]  ; DivisorFrequencia:Divisor_inst|contador[23] ; clk_50       ; clk_50      ; 1.000        ; -0.082     ; 2.793      ;
; -1.876 ; DivisorFrequencia:Divisor_inst|contador[3]  ; DivisorFrequencia:Divisor_inst|contador[21] ; clk_50       ; clk_50      ; 1.000        ; -0.082     ; 2.792      ;
+--------+---------------------------------------------+---------------------------------------------+--------------+-------------+--------------+------------+------------+


+-------------------------------------------------------------------------------------------------------------------------------------------------------------------------+
; Slow 1200mV 85C Model Hold: 'clk_50'                                                                                                                                    ;
+-------+---------------------------------------------+---------------------------------------------+--------------+-------------+--------------+------------+------------+
; Slack ; From Node                                   ; To Node                                     ; Launch Clock ; Latch Clock ; Relationship ; Clock Skew ; Data Delay ;
+-------+---------------------------------------------+---------------------------------------------+--------------+-------------+--------------+------------+------------+
; 0.442 ; DivisorFrequencia:Divisor_inst|contador[24] ; DivisorFrequencia:Divisor_inst|contador[24] ; clk_50       ; clk_50      ; 0.000        ; 0.080      ; 0.708      ;
; 0.641 ; DivisorFrequencia:Divisor_inst|contador[15] ; DivisorFrequencia:Divisor_inst|contador[15] ; clk_50       ; clk_50      ; 0.000        ; 0.080      ; 0.907      ;
; 0.642 ; DivisorFrequencia:Divisor_inst|contador[17] ; DivisorFrequencia:Divisor_inst|contador[17] ; clk_50       ; clk_50      ; 0.000        ; 0.080      ; 0.908      ;
; 0.642 ; DivisorFrequencia:Divisor_inst|contador[13] ; DivisorFrequencia:Divisor_inst|contador[13] ; clk_50       ; clk_50      ; 0.000        ; 0.080      ; 0.908      ;
; 0.643 ; DivisorFrequencia:Divisor_inst|contador[23] ; DivisorFrequencia:Divisor_inst|contador[23] ; clk_50       ; clk_50      ; 0.000        ; 0.080      ; 0.909      ;
; 0.645 ; DivisorFrequencia:Divisor_inst|contador[21] ; DivisorFrequencia:Divisor_inst|contador[21] ; clk_50       ; clk_50      ; 0.000        ; 0.080      ; 0.911      ;
; 0.645 ; DivisorFrequencia:Divisor_inst|contador[19] ; DivisorFrequencia:Divisor_inst|contador[19] ; clk_50       ; clk_50      ; 0.000        ; 0.080      ; 0.911      ;
; 0.645 ; DivisorFrequencia:Divisor_inst|contador[18] ; DivisorFrequencia:Divisor_inst|contador[18] ; clk_50       ; clk_50      ; 0.000        ; 0.080      ; 0.911      ;
; 0.645 ; DivisorFrequencia:Divisor_inst|contador[12] ; DivisorFrequencia:Divisor_inst|contador[12] ; clk_50       ; clk_50      ; 0.000        ; 0.080      ; 0.911      ;
; 0.646 ; DivisorFrequencia:Divisor_inst|contador[14] ; DivisorFrequencia:Divisor_inst|contador[14] ; clk_50       ; clk_50      ; 0.000        ; 0.080      ; 0.912      ;
; 0.647 ; DivisorFrequencia:Divisor_inst|contador[16] ; DivisorFrequencia:Divisor_inst|contador[16] ; clk_50       ; clk_50      ; 0.000        ; 0.080      ; 0.913      ;
; 0.648 ; DivisorFrequencia:Divisor_inst|contador[20] ; DivisorFrequencia:Divisor_inst|contador[20] ; clk_50       ; clk_50      ; 0.000        ; 0.080      ; 0.914      ;
; 0.654 ; DivisorFrequencia:Divisor_inst|contador[11] ; DivisorFrequencia:Divisor_inst|contador[11] ; clk_50       ; clk_50      ; 0.000        ; 0.081      ; 0.921      ;
; 0.654 ; DivisorFrequencia:Divisor_inst|contador[9]  ; DivisorFrequencia:Divisor_inst|contador[9]  ; clk_50       ; clk_50      ; 0.000        ; 0.081      ; 0.921      ;
; 0.655 ; DivisorFrequencia:Divisor_inst|contador[7]  ; DivisorFrequencia:Divisor_inst|contador[7]  ; clk_50       ; clk_50      ; 0.000        ; 0.081      ; 0.922      ;
; 0.657 ; DivisorFrequencia:Divisor_inst|contador[3]  ; DivisorFrequencia:Divisor_inst|contador[3]  ; clk_50       ; clk_50      ; 0.000        ; 0.081      ; 0.924      ;
; 0.657 ; DivisorFrequencia:Divisor_inst|contador[2]  ; DivisorFrequencia:Divisor_inst|contador[2]  ; clk_50       ; clk_50      ; 0.000        ; 0.081      ; 0.924      ;
; 0.659 ; DivisorFrequencia:Divisor_inst|contador[10] ; DivisorFrequencia:Divisor_inst|contador[10] ; clk_50       ; clk_50      ; 0.000        ; 0.081      ; 0.926      ;
; 0.660 ; DivisorFrequencia:Divisor_inst|contador[8]  ; DivisorFrequencia:Divisor_inst|contador[8]  ; clk_50       ; clk_50      ; 0.000        ; 0.081      ; 0.927      ;
; 0.660 ; DivisorFrequencia:Divisor_inst|contador[6]  ; DivisorFrequencia:Divisor_inst|contador[6]  ; clk_50       ; clk_50      ; 0.000        ; 0.081      ; 0.927      ;
; 0.811 ; DivisorFrequencia:Divisor_inst|contador[22] ; DivisorFrequencia:Divisor_inst|contador[22] ; clk_50       ; clk_50      ; 0.000        ; 0.080      ; 1.077      ;
; 0.959 ; DivisorFrequencia:Divisor_inst|contador[13] ; DivisorFrequencia:Divisor_inst|contador[14] ; clk_50       ; clk_50      ; 0.000        ; 0.080      ; 1.225      ;
; 0.959 ; DivisorFrequencia:Divisor_inst|contador[15] ; DivisorFrequencia:Divisor_inst|contador[16] ; clk_50       ; clk_50      ; 0.000        ; 0.080      ; 1.225      ;
; 0.960 ; DivisorFrequencia:Divisor_inst|contador[17] ; DivisorFrequencia:Divisor_inst|contador[18] ; clk_50       ; clk_50      ; 0.000        ; 0.080      ; 1.226      ;
; 0.961 ; DivisorFrequencia:Divisor_inst|contador[23] ; DivisorFrequencia:Divisor_inst|contador[24] ; clk_50       ; clk_50      ; 0.000        ; 0.080      ; 1.227      ;
; 0.962 ; DivisorFrequencia:Divisor_inst|contador[19] ; DivisorFrequencia:Divisor_inst|contador[20] ; clk_50       ; clk_50      ; 0.000        ; 0.080      ; 1.228      ;
; 0.962 ; DivisorFrequencia:Divisor_inst|contador[21] ; DivisorFrequencia:Divisor_inst|contador[22] ; clk_50       ; clk_50      ; 0.000        ; 0.080      ; 1.228      ;
; 0.972 ; DivisorFrequencia:Divisor_inst|contador[9]  ; DivisorFrequencia:Divisor_inst|contador[10] ; clk_50       ; clk_50      ; 0.000        ; 0.081      ; 1.239      ;
; 0.972 ; DivisorFrequencia:Divisor_inst|contador[12] ; DivisorFrequencia:Divisor_inst|contador[13] ; clk_50       ; clk_50      ; 0.000        ; 0.080      ; 1.238      ;
; 0.972 ; DivisorFrequencia:Divisor_inst|contador[18] ; DivisorFrequencia:Divisor_inst|contador[19] ; clk_50       ; clk_50      ; 0.000        ; 0.080      ; 1.238      ;
; 0.973 ; DivisorFrequencia:Divisor_inst|contador[7]  ; DivisorFrequencia:Divisor_inst|contador[8]  ; clk_50       ; clk_50      ; 0.000        ; 0.081      ; 1.240      ;
; 0.973 ; DivisorFrequencia:Divisor_inst|contador[14] ; DivisorFrequencia:Divisor_inst|contador[15] ; clk_50       ; clk_50      ; 0.000        ; 0.080      ; 1.239      ;
; 0.974 ; DivisorFrequencia:Divisor_inst|contador[11] ; DivisorFrequencia:Divisor_inst|contador[12] ; clk_50       ; clk_50      ; 0.000        ; 0.079      ; 1.239      ;
; 0.974 ; DivisorFrequencia:Divisor_inst|contador[1]  ; DivisorFrequencia:Divisor_inst|contador[2]  ; clk_50       ; clk_50      ; 0.000        ; 0.081      ; 1.241      ;
; 0.974 ; DivisorFrequencia:Divisor_inst|contador[16] ; DivisorFrequencia:Divisor_inst|contador[17] ; clk_50       ; clk_50      ; 0.000        ; 0.080      ; 1.240      ;
; 0.975 ; DivisorFrequencia:Divisor_inst|contador[5]  ; DivisorFrequencia:Divisor_inst|contador[6]  ; clk_50       ; clk_50      ; 0.000        ; 0.081      ; 1.242      ;
; 0.975 ; DivisorFrequencia:Divisor_inst|contador[20] ; DivisorFrequencia:Divisor_inst|contador[21] ; clk_50       ; clk_50      ; 0.000        ; 0.080      ; 1.241      ;
; 0.977 ; DivisorFrequencia:Divisor_inst|contador[12] ; DivisorFrequencia:Divisor_inst|contador[14] ; clk_50       ; clk_50      ; 0.000        ; 0.080      ; 1.243      ;
; 0.977 ; DivisorFrequencia:Divisor_inst|contador[18] ; DivisorFrequencia:Divisor_inst|contador[20] ; clk_50       ; clk_50      ; 0.000        ; 0.080      ; 1.243      ;
; 0.978 ; DivisorFrequencia:Divisor_inst|contador[14] ; DivisorFrequencia:Divisor_inst|contador[16] ; clk_50       ; clk_50      ; 0.000        ; 0.080      ; 1.244      ;
; 0.979 ; DivisorFrequencia:Divisor_inst|contador[16] ; DivisorFrequencia:Divisor_inst|contador[18] ; clk_50       ; clk_50      ; 0.000        ; 0.080      ; 1.245      ;
; 0.980 ; DivisorFrequencia:Divisor_inst|contador[20] ; DivisorFrequencia:Divisor_inst|contador[22] ; clk_50       ; clk_50      ; 0.000        ; 0.080      ; 1.246      ;
; 0.984 ; DivisorFrequencia:Divisor_inst|contador[2]  ; DivisorFrequencia:Divisor_inst|contador[3]  ; clk_50       ; clk_50      ; 0.000        ; 0.081      ; 1.251      ;
; 0.986 ; DivisorFrequencia:Divisor_inst|contador[10] ; DivisorFrequencia:Divisor_inst|contador[11] ; clk_50       ; clk_50      ; 0.000        ; 0.081      ; 1.253      ;
; 0.987 ; DivisorFrequencia:Divisor_inst|contador[8]  ; DivisorFrequencia:Divisor_inst|contador[9]  ; clk_50       ; clk_50      ; 0.000        ; 0.081      ; 1.254      ;
; 0.987 ; DivisorFrequencia:Divisor_inst|contador[6]  ; DivisorFrequencia:Divisor_inst|contador[7]  ; clk_50       ; clk_50      ; 0.000        ; 0.081      ; 1.254      ;
; 0.988 ; DivisorFrequencia:Divisor_inst|contador[0]  ; DivisorFrequencia:Divisor_inst|contador[2]  ; clk_50       ; clk_50      ; 0.000        ; 0.081      ; 1.255      ;
; 0.992 ; DivisorFrequencia:Divisor_inst|contador[8]  ; DivisorFrequencia:Divisor_inst|contador[10] ; clk_50       ; clk_50      ; 0.000        ; 0.081      ; 1.259      ;
; 0.992 ; DivisorFrequencia:Divisor_inst|contador[6]  ; DivisorFrequencia:Divisor_inst|contador[8]  ; clk_50       ; clk_50      ; 0.000        ; 0.081      ; 1.259      ;
; 0.993 ; DivisorFrequencia:Divisor_inst|contador[10] ; DivisorFrequencia:Divisor_inst|contador[12] ; clk_50       ; clk_50      ; 0.000        ; 0.079      ; 1.258      ;
; 0.993 ; DivisorFrequencia:Divisor_inst|contador[4]  ; DivisorFrequencia:Divisor_inst|contador[6]  ; clk_50       ; clk_50      ; 0.000        ; 0.081      ; 1.260      ;
; 1.080 ; DivisorFrequencia:Divisor_inst|contador[13] ; DivisorFrequencia:Divisor_inst|contador[15] ; clk_50       ; clk_50      ; 0.000        ; 0.080      ; 1.346      ;
; 1.080 ; DivisorFrequencia:Divisor_inst|contador[15] ; DivisorFrequencia:Divisor_inst|contador[17] ; clk_50       ; clk_50      ; 0.000        ; 0.080      ; 1.346      ;
; 1.081 ; DivisorFrequencia:Divisor_inst|contador[17] ; DivisorFrequencia:Divisor_inst|contador[19] ; clk_50       ; clk_50      ; 0.000        ; 0.080      ; 1.347      ;
; 1.083 ; DivisorFrequencia:Divisor_inst|contador[21] ; DivisorFrequencia:Divisor_inst|contador[23] ; clk_50       ; clk_50      ; 0.000        ; 0.080      ; 1.349      ;
; 1.083 ; DivisorFrequencia:Divisor_inst|contador[19] ; DivisorFrequencia:Divisor_inst|contador[21] ; clk_50       ; clk_50      ; 0.000        ; 0.080      ; 1.349      ;
; 1.085 ; DivisorFrequencia:Divisor_inst|contador[13] ; DivisorFrequencia:Divisor_inst|contador[16] ; clk_50       ; clk_50      ; 0.000        ; 0.080      ; 1.351      ;
; 1.085 ; DivisorFrequencia:Divisor_inst|contador[15] ; DivisorFrequencia:Divisor_inst|contador[18] ; clk_50       ; clk_50      ; 0.000        ; 0.080      ; 1.351      ;
; 1.086 ; DivisorFrequencia:Divisor_inst|contador[17] ; DivisorFrequencia:Divisor_inst|contador[20] ; clk_50       ; clk_50      ; 0.000        ; 0.080      ; 1.352      ;
; 1.088 ; DivisorFrequencia:Divisor_inst|contador[21] ; DivisorFrequencia:Divisor_inst|contador[24] ; clk_50       ; clk_50      ; 0.000        ; 0.080      ; 1.354      ;
; 1.088 ; DivisorFrequencia:Divisor_inst|contador[19] ; DivisorFrequencia:Divisor_inst|contador[22] ; clk_50       ; clk_50      ; 0.000        ; 0.080      ; 1.354      ;
; 1.093 ; DivisorFrequencia:Divisor_inst|contador[9]  ; DivisorFrequencia:Divisor_inst|contador[11] ; clk_50       ; clk_50      ; 0.000        ; 0.081      ; 1.360      ;
; 1.094 ; DivisorFrequencia:Divisor_inst|contador[7]  ; DivisorFrequencia:Divisor_inst|contador[9]  ; clk_50       ; clk_50      ; 0.000        ; 0.081      ; 1.361      ;
; 1.095 ; DivisorFrequencia:Divisor_inst|contador[11] ; DivisorFrequencia:Divisor_inst|contador[13] ; clk_50       ; clk_50      ; 0.000        ; 0.079      ; 1.360      ;
; 1.095 ; DivisorFrequencia:Divisor_inst|contador[1]  ; DivisorFrequencia:Divisor_inst|contador[3]  ; clk_50       ; clk_50      ; 0.000        ; 0.081      ; 1.362      ;
; 1.096 ; DivisorFrequencia:Divisor_inst|contador[5]  ; DivisorFrequencia:Divisor_inst|contador[7]  ; clk_50       ; clk_50      ; 0.000        ; 0.081      ; 1.363      ;
; 1.098 ; DivisorFrequencia:Divisor_inst|contador[12] ; DivisorFrequencia:Divisor_inst|contador[15] ; clk_50       ; clk_50      ; 0.000        ; 0.080      ; 1.364      ;
; 1.098 ; DivisorFrequencia:Divisor_inst|contador[18] ; DivisorFrequencia:Divisor_inst|contador[21] ; clk_50       ; clk_50      ; 0.000        ; 0.080      ; 1.364      ;
; 1.099 ; DivisorFrequencia:Divisor_inst|contador[7]  ; DivisorFrequencia:Divisor_inst|contador[10] ; clk_50       ; clk_50      ; 0.000        ; 0.081      ; 1.366      ;
; 1.099 ; DivisorFrequencia:Divisor_inst|contador[14] ; DivisorFrequencia:Divisor_inst|contador[17] ; clk_50       ; clk_50      ; 0.000        ; 0.080      ; 1.365      ;
; 1.100 ; DivisorFrequencia:Divisor_inst|contador[11] ; DivisorFrequencia:Divisor_inst|contador[14] ; clk_50       ; clk_50      ; 0.000        ; 0.079      ; 1.365      ;
; 1.100 ; DivisorFrequencia:Divisor_inst|contador[9]  ; DivisorFrequencia:Divisor_inst|contador[12] ; clk_50       ; clk_50      ; 0.000        ; 0.079      ; 1.365      ;
; 1.100 ; DivisorFrequencia:Divisor_inst|contador[3]  ; DivisorFrequencia:Divisor_inst|contador[6]  ; clk_50       ; clk_50      ; 0.000        ; 0.081      ; 1.367      ;
; 1.100 ; DivisorFrequencia:Divisor_inst|contador[16] ; DivisorFrequencia:Divisor_inst|contador[19] ; clk_50       ; clk_50      ; 0.000        ; 0.080      ; 1.366      ;
; 1.101 ; DivisorFrequencia:Divisor_inst|contador[5]  ; DivisorFrequencia:Divisor_inst|contador[8]  ; clk_50       ; clk_50      ; 0.000        ; 0.081      ; 1.368      ;
; 1.101 ; DivisorFrequencia:Divisor_inst|contador[20] ; DivisorFrequencia:Divisor_inst|contador[23] ; clk_50       ; clk_50      ; 0.000        ; 0.080      ; 1.367      ;
; 1.103 ; DivisorFrequencia:Divisor_inst|contador[12] ; DivisorFrequencia:Divisor_inst|contador[16] ; clk_50       ; clk_50      ; 0.000        ; 0.080      ; 1.369      ;
; 1.103 ; DivisorFrequencia:Divisor_inst|contador[18] ; DivisorFrequencia:Divisor_inst|contador[22] ; clk_50       ; clk_50      ; 0.000        ; 0.080      ; 1.369      ;
; 1.104 ; DivisorFrequencia:Divisor_inst|contador[14] ; DivisorFrequencia:Divisor_inst|contador[18] ; clk_50       ; clk_50      ; 0.000        ; 0.080      ; 1.370      ;
; 1.105 ; DivisorFrequencia:Divisor_inst|contador[16] ; DivisorFrequencia:Divisor_inst|contador[20] ; clk_50       ; clk_50      ; 0.000        ; 0.080      ; 1.371      ;
; 1.106 ; DivisorFrequencia:Divisor_inst|contador[20] ; DivisorFrequencia:Divisor_inst|contador[24] ; clk_50       ; clk_50      ; 0.000        ; 0.080      ; 1.372      ;
; 1.109 ; DivisorFrequencia:Divisor_inst|contador[0]  ; DivisorFrequencia:Divisor_inst|contador[3]  ; clk_50       ; clk_50      ; 0.000        ; 0.081      ; 1.376      ;
; 1.113 ; DivisorFrequencia:Divisor_inst|contador[8]  ; DivisorFrequencia:Divisor_inst|contador[11] ; clk_50       ; clk_50      ; 0.000        ; 0.081      ; 1.380      ;
; 1.113 ; DivisorFrequencia:Divisor_inst|contador[6]  ; DivisorFrequencia:Divisor_inst|contador[9]  ; clk_50       ; clk_50      ; 0.000        ; 0.081      ; 1.380      ;
; 1.114 ; DivisorFrequencia:Divisor_inst|contador[10] ; DivisorFrequencia:Divisor_inst|contador[13] ; clk_50       ; clk_50      ; 0.000        ; 0.079      ; 1.379      ;
; 1.114 ; DivisorFrequencia:Divisor_inst|contador[4]  ; DivisorFrequencia:Divisor_inst|contador[7]  ; clk_50       ; clk_50      ; 0.000        ; 0.081      ; 1.381      ;
; 1.115 ; DivisorFrequencia:Divisor_inst|contador[2]  ; DivisorFrequencia:Divisor_inst|contador[6]  ; clk_50       ; clk_50      ; 0.000        ; 0.081      ; 1.382      ;
; 1.118 ; DivisorFrequencia:Divisor_inst|contador[6]  ; DivisorFrequencia:Divisor_inst|contador[10] ; clk_50       ; clk_50      ; 0.000        ; 0.081      ; 1.385      ;
; 1.119 ; DivisorFrequencia:Divisor_inst|contador[10] ; DivisorFrequencia:Divisor_inst|contador[14] ; clk_50       ; clk_50      ; 0.000        ; 0.079      ; 1.384      ;
; 1.119 ; DivisorFrequencia:Divisor_inst|contador[4]  ; DivisorFrequencia:Divisor_inst|contador[8]  ; clk_50       ; clk_50      ; 0.000        ; 0.081      ; 1.386      ;
; 1.120 ; DivisorFrequencia:Divisor_inst|contador[8]  ; DivisorFrequencia:Divisor_inst|contador[12] ; clk_50       ; clk_50      ; 0.000        ; 0.079      ; 1.385      ;
; 1.138 ; DivisorFrequencia:Divisor_inst|contador[22] ; DivisorFrequencia:Divisor_inst|contador[23] ; clk_50       ; clk_50      ; 0.000        ; 0.080      ; 1.404      ;
; 1.143 ; DivisorFrequencia:Divisor_inst|contador[22] ; DivisorFrequencia:Divisor_inst|contador[24] ; clk_50       ; clk_50      ; 0.000        ; 0.080      ; 1.409      ;
; 1.170 ; DivisorFrequencia:Divisor_inst|contador[0]  ; DivisorFrequencia:Divisor_inst|contador[0]  ; clk_50       ; clk_50      ; 0.000        ; 0.081      ; 1.437      ;
; 1.206 ; DivisorFrequencia:Divisor_inst|contador[13] ; DivisorFrequencia:Divisor_inst|contador[17] ; clk_50       ; clk_50      ; 0.000        ; 0.080      ; 1.472      ;
; 1.206 ; DivisorFrequencia:Divisor_inst|contador[15] ; DivisorFrequencia:Divisor_inst|contador[19] ; clk_50       ; clk_50      ; 0.000        ; 0.080      ; 1.472      ;
; 1.207 ; DivisorFrequencia:Divisor_inst|contador[17] ; DivisorFrequencia:Divisor_inst|contador[21] ; clk_50       ; clk_50      ; 0.000        ; 0.080      ; 1.473      ;
; 1.209 ; DivisorFrequencia:Divisor_inst|contador[19] ; DivisorFrequencia:Divisor_inst|contador[23] ; clk_50       ; clk_50      ; 0.000        ; 0.080      ; 1.475      ;
; 1.211 ; DivisorFrequencia:Divisor_inst|contador[13] ; DivisorFrequencia:Divisor_inst|contador[18] ; clk_50       ; clk_50      ; 0.000        ; 0.080      ; 1.477      ;
; 1.211 ; DivisorFrequencia:Divisor_inst|contador[15] ; DivisorFrequencia:Divisor_inst|contador[20] ; clk_50       ; clk_50      ; 0.000        ; 0.080      ; 1.477      ;
+-------+---------------------------------------------+---------------------------------------------+--------------+-------------+--------------+------------+------------+


+---------------------------------------------------------------------------------------------------------------------------------------------------------------------------------------------------------------------------------+
; Slow 1200mV 85C Model Hold: 'DivisorFrequencia:Divisor_inst|clkSaida'                                                                                                                                                           ;
+-------+---------------------------------------+----------------------------------------------------+-----------------------------------------+-----------------------------------------+--------------+------------+------------+
; Slack ; From Node                             ; To Node                                            ; Launch Clock                            ; Latch Clock                             ; Relationship ; Clock Skew ; Data Delay ;
+-------+---------------------------------------+----------------------------------------------------+-----------------------------------------+-----------------------------------------+--------------+------------+------------+
; 0.450 ; SP[5]                                 ; SP[5]                                              ; DivisorFrequencia:Divisor_inst|clkSaida ; DivisorFrequencia:Divisor_inst|clkSaida ; 0.000        ; 0.079      ; 0.715      ;
; 0.666 ; SP[3]                                 ; SP[3]                                              ; DivisorFrequencia:Divisor_inst|clkSaida ; DivisorFrequencia:Divisor_inst|clkSaida ; 0.000        ; 0.079      ; 0.931      ;
; 0.692 ; SP[0]                                 ; SP[0]                                              ; DivisorFrequencia:Divisor_inst|clkSaida ; DivisorFrequencia:Divisor_inst|clkSaida ; 0.000        ; 0.079      ; 0.957      ;
; 0.811 ; SP[4]                                 ; SP[4]                                              ; DivisorFrequencia:Divisor_inst|clkSaida ; DivisorFrequencia:Divisor_inst|clkSaida ; 0.000        ; 0.079      ; 1.076      ;
; 0.826 ; SP[2]                                 ; SP[2]                                              ; DivisorFrequencia:Divisor_inst|clkSaida ; DivisorFrequencia:Divisor_inst|clkSaida ; 0.000        ; 0.079      ; 1.091      ;
; 0.889 ; SP[1]                                 ; SP[1]                                              ; DivisorFrequencia:Divisor_inst|clkSaida ; DivisorFrequencia:Divisor_inst|clkSaida ; 0.000        ; 0.079      ; 1.154      ;
; 0.982 ; SP[3]                                 ; SP[4]                                              ; DivisorFrequencia:Divisor_inst|clkSaida ; DivisorFrequencia:Divisor_inst|clkSaida ; 0.000        ; 0.079      ; 1.247      ;
; 0.996 ; SP[0]                                 ; SP[1]                                              ; DivisorFrequencia:Divisor_inst|clkSaida ; DivisorFrequencia:Divisor_inst|clkSaida ; 0.000        ; 0.079      ; 1.261      ;
; 1.001 ; SP[0]                                 ; SP[2]                                              ; DivisorFrequencia:Divisor_inst|clkSaida ; DivisorFrequencia:Divisor_inst|clkSaida ; 0.000        ; 0.079      ; 1.266      ;
; 1.103 ; SP[3]                                 ; SP[5]                                              ; DivisorFrequencia:Divisor_inst|clkSaida ; DivisorFrequencia:Divisor_inst|clkSaida ; 0.000        ; 0.079      ; 1.368      ;
; 1.122 ; SP[0]                                 ; SP[3]                                              ; DivisorFrequencia:Divisor_inst|clkSaida ; DivisorFrequencia:Divisor_inst|clkSaida ; 0.000        ; 0.079      ; 1.387      ;
; 1.127 ; SP[0]                                 ; SP[4]                                              ; DivisorFrequencia:Divisor_inst|clkSaida ; DivisorFrequencia:Divisor_inst|clkSaida ; 0.000        ; 0.079      ; 1.392      ;
; 1.140 ; SP[4]                                 ; SP[5]                                              ; DivisorFrequencia:Divisor_inst|clkSaida ; DivisorFrequencia:Divisor_inst|clkSaida ; 0.000        ; 0.079      ; 1.405      ;
; 1.155 ; SP[2]                                 ; SP[3]                                              ; DivisorFrequencia:Divisor_inst|clkSaida ; DivisorFrequencia:Divisor_inst|clkSaida ; 0.000        ; 0.079      ; 1.420      ;
; 1.160 ; SP[2]                                 ; SP[4]                                              ; DivisorFrequencia:Divisor_inst|clkSaida ; DivisorFrequencia:Divisor_inst|clkSaida ; 0.000        ; 0.079      ; 1.425      ;
; 1.205 ; SP[1]                                 ; SP[2]                                              ; DivisorFrequencia:Divisor_inst|clkSaida ; DivisorFrequencia:Divisor_inst|clkSaida ; 0.000        ; 0.079      ; 1.470      ;
; 1.248 ; SP[0]                                 ; SP[5]                                              ; DivisorFrequencia:Divisor_inst|clkSaida ; DivisorFrequencia:Divisor_inst|clkSaida ; 0.000        ; 0.079      ; 1.513      ;
; 1.281 ; SP[2]                                 ; SP[5]                                              ; DivisorFrequencia:Divisor_inst|clkSaida ; DivisorFrequencia:Divisor_inst|clkSaida ; 0.000        ; 0.079      ; 1.546      ;
; 1.298 ; SP[1]                                 ; SP[3]                                              ; DivisorFrequencia:Divisor_inst|clkSaida ; DivisorFrequencia:Divisor_inst|clkSaida ; 0.000        ; 0.079      ; 1.563      ;
; 1.331 ; SP[1]                                 ; SP[4]                                              ; DivisorFrequencia:Divisor_inst|clkSaida ; DivisorFrequencia:Divisor_inst|clkSaida ; 0.000        ; 0.079      ; 1.596      ;
; 1.424 ; SP[1]                                 ; SP[5]                                              ; DivisorFrequencia:Divisor_inst|clkSaida ; DivisorFrequencia:Divisor_inst|clkSaida ; 0.000        ; 0.079      ; 1.689      ;
; 1.516 ; ControleSinal:io_signal_control|saida ; PC:PC_inst|PC_reg[26]                              ; btn_in                                  ; DivisorFrequencia:Divisor_inst|clkSaida ; 0.000        ; 0.158      ; 1.890      ;
; 1.516 ; ControleSinal:io_signal_control|saida ; PC:PC_inst|PC_reg[13]                              ; btn_in                                  ; DivisorFrequencia:Divisor_inst|clkSaida ; 0.000        ; 0.158      ; 1.890      ;
; 1.542 ; ControleSinal:io_signal_control|saida ; ControleSaida:display_controller|valor_exibido[27] ; btn_in                                  ; DivisorFrequencia:Divisor_inst|clkSaida ; -0.500       ; 0.166      ; 1.424      ;
; 1.546 ; ControleSinal:io_signal_control|saida ; ControleSaida:display_controller|valor_exibido[31] ; btn_in                                  ; DivisorFrequencia:Divisor_inst|clkSaida ; -0.500       ; 0.166      ; 1.428      ;
; 1.546 ; PC:PC_inst|PC_reg[11]                 ; PC:PC_inst|PC_reg[11]                              ; DivisorFrequencia:Divisor_inst|clkSaida ; DivisorFrequencia:Divisor_inst|clkSaida ; 0.000        ; 0.098      ; 1.830      ;
; 1.564 ; ControleSinal:io_signal_control|saida ; PC:PC_inst|PC_reg[6]                               ; btn_in                                  ; DivisorFrequencia:Divisor_inst|clkSaida ; 0.000        ; 0.149      ; 1.929      ;
; 1.572 ; ControleSinal:io_signal_control|saida ; ControleSaida:display_controller|valor_exibido[10] ; btn_in                                  ; DivisorFrequencia:Divisor_inst|clkSaida ; -0.500       ; 0.193      ; 1.481      ;
; 1.572 ; ControleSinal:io_signal_control|saida ; ControleSaida:display_controller|valor_exibido[8]  ; btn_in                                  ; DivisorFrequencia:Divisor_inst|clkSaida ; -0.500       ; 0.193      ; 1.481      ;
; 1.576 ; ControleSinal:io_signal_control|saida ; ControleSaida:display_controller|valor_exibido[12] ; btn_in                                  ; DivisorFrequencia:Divisor_inst|clkSaida ; -0.500       ; 0.193      ; 1.485      ;
; 1.581 ; ControleSinal:io_signal_control|saida ; ControleSaida:display_controller|valor_exibido[20] ; btn_in                                  ; DivisorFrequencia:Divisor_inst|clkSaida ; -0.500       ; 0.193      ; 1.490      ;
; 1.585 ; ControleSinal:io_signal_control|saida ; ControleSaida:display_controller|valor_exibido[29] ; btn_in                                  ; DivisorFrequencia:Divisor_inst|clkSaida ; -0.500       ; 0.193      ; 1.494      ;
; 1.585 ; ControleSinal:io_signal_control|saida ; ControleSaida:display_controller|valor_exibido[5]  ; btn_in                                  ; DivisorFrequencia:Divisor_inst|clkSaida ; -0.500       ; 0.166      ; 1.467      ;
; 1.586 ; ControleSinal:io_signal_control|saida ; ControleSaida:display_controller|valor_exibido[6]  ; btn_in                                  ; DivisorFrequencia:Divisor_inst|clkSaida ; -0.500       ; 0.166      ; 1.468      ;
; 1.588 ; ControleSinal:io_signal_control|saida ; ControleSaida:display_controller|valor_exibido[9]  ; btn_in                                  ; DivisorFrequencia:Divisor_inst|clkSaida ; -0.500       ; 0.166      ; 1.470      ;
; 1.595 ; PC:PC_inst|PC_reg[27]                 ; PC:PC_inst|PC_reg[27]                              ; DivisorFrequencia:Divisor_inst|clkSaida ; DivisorFrequencia:Divisor_inst|clkSaida ; 0.000        ; 0.097      ; 1.878      ;
; 1.599 ; PC:PC_inst|PC_reg[29]                 ; PC:PC_inst|PC_reg[29]                              ; DivisorFrequencia:Divisor_inst|clkSaida ; DivisorFrequencia:Divisor_inst|clkSaida ; 0.000        ; 0.096      ; 1.881      ;
; 1.600 ; ControleSinal:io_signal_control|saida ; ControleSaida:display_controller|valor_exibido[19] ; btn_in                                  ; DivisorFrequencia:Divisor_inst|clkSaida ; -0.500       ; 0.166      ; 1.482      ;
; 1.649 ; ControleSinal:io_signal_control|saida ; ControleSaida:display_controller|valor_exibido[16] ; btn_in                                  ; DivisorFrequencia:Divisor_inst|clkSaida ; -0.500       ; 0.166      ; 1.531      ;
; 1.669 ; ControleSinal:io_signal_control|saida ; ControleSaida:display_controller|valor_exibido[21] ; btn_in                                  ; DivisorFrequencia:Divisor_inst|clkSaida ; -0.500       ; 0.166      ; 1.551      ;
; 1.670 ; ControleSinal:io_signal_control|saida ; ControleSaida:display_controller|valor_exibido[30] ; btn_in                                  ; DivisorFrequencia:Divisor_inst|clkSaida ; -0.500       ; 0.166      ; 1.552      ;
; 1.682 ; PC:PC_inst|PC_reg[31]                 ; PC:PC_inst|PC_reg[31]                              ; DivisorFrequencia:Divisor_inst|clkSaida ; DivisorFrequencia:Divisor_inst|clkSaida ; 0.000        ; 0.096      ; 1.964      ;
; 1.729 ; PC:PC_inst|PC_reg[23]                 ; PC:PC_inst|PC_reg[23]                              ; DivisorFrequencia:Divisor_inst|clkSaida ; DivisorFrequencia:Divisor_inst|clkSaida ; 0.000        ; 0.096      ; 2.011      ;
; 1.745 ; ControleSinal:io_signal_control|saida ; PC:PC_inst|PC_reg[7]                               ; btn_in                                  ; DivisorFrequencia:Divisor_inst|clkSaida ; 0.000        ; 0.205      ; 2.166      ;
; 1.745 ; ControleSinal:io_signal_control|saida ; PC:PC_inst|PC_reg[8]                               ; btn_in                                  ; DivisorFrequencia:Divisor_inst|clkSaida ; 0.000        ; 0.205      ; 2.166      ;
; 1.745 ; ControleSinal:io_signal_control|saida ; PC:PC_inst|PC_reg[9]                               ; btn_in                                  ; DivisorFrequencia:Divisor_inst|clkSaida ; 0.000        ; 0.205      ; 2.166      ;
; 1.745 ; ControleSinal:io_signal_control|saida ; PC:PC_inst|PC_reg[10]                              ; btn_in                                  ; DivisorFrequencia:Divisor_inst|clkSaida ; 0.000        ; 0.205      ; 2.166      ;
; 1.745 ; ControleSinal:io_signal_control|saida ; PC:PC_inst|PC_reg[15]                              ; btn_in                                  ; DivisorFrequencia:Divisor_inst|clkSaida ; 0.000        ; 0.205      ; 2.166      ;
; 1.745 ; ControleSinal:io_signal_control|saida ; PC:PC_inst|PC_reg[14]                              ; btn_in                                  ; DivisorFrequencia:Divisor_inst|clkSaida ; 0.000        ; 0.205      ; 2.166      ;
; 1.745 ; ControleSinal:io_signal_control|saida ; PC:PC_inst|PC_reg[12]                              ; btn_in                                  ; DivisorFrequencia:Divisor_inst|clkSaida ; 0.000        ; 0.205      ; 2.166      ;
; 1.745 ; ControleSinal:io_signal_control|saida ; PC:PC_inst|PC_reg[11]                              ; btn_in                                  ; DivisorFrequencia:Divisor_inst|clkSaida ; 0.000        ; 0.205      ; 2.166      ;
; 1.777 ; ControleSinal:io_signal_control|saida ; ControleSaida:display_controller|valor_exibido[2]  ; btn_in                                  ; DivisorFrequencia:Divisor_inst|clkSaida ; -0.500       ; 0.188      ; 1.681      ;
; 1.777 ; PC:PC_inst|PC_reg[7]                  ; PC:PC_inst|PC_reg[7]                               ; DivisorFrequencia:Divisor_inst|clkSaida ; DivisorFrequencia:Divisor_inst|clkSaida ; 0.000        ; 0.098      ; 2.061      ;
; 1.778 ; ControleSinal:io_signal_control|saida ; ControleSaida:display_controller|valor_exibido[14] ; btn_in                                  ; DivisorFrequencia:Divisor_inst|clkSaida ; -0.500       ; 0.188      ; 1.682      ;
; 1.783 ; ControleSinal:io_signal_control|saida ; ControleSaida:display_controller|valor_exibido[22] ; btn_in                                  ; DivisorFrequencia:Divisor_inst|clkSaida ; -0.500       ; 0.188      ; 1.687      ;
; 1.783 ; ControleSinal:io_signal_control|saida ; ControleSaida:display_controller|valor_exibido[3]  ; btn_in                                  ; DivisorFrequencia:Divisor_inst|clkSaida ; -0.500       ; 0.188      ; 1.687      ;
; 1.784 ; ControleSinal:io_signal_control|saida ; ControleSaida:display_controller|valor_exibido[13] ; btn_in                                  ; DivisorFrequencia:Divisor_inst|clkSaida ; -0.500       ; 0.188      ; 1.688      ;
; 1.785 ; ControleSinal:io_signal_control|saida ; ControleSaida:display_controller|valor_exibido[24] ; btn_in                                  ; DivisorFrequencia:Divisor_inst|clkSaida ; -0.500       ; 0.188      ; 1.689      ;
; 1.785 ; ControleSinal:io_signal_control|saida ; ControleSaida:display_controller|valor_exibido[4]  ; btn_in                                  ; DivisorFrequencia:Divisor_inst|clkSaida ; -0.500       ; 0.188      ; 1.689      ;
; 1.787 ; ControleSinal:io_signal_control|saida ; ControleSaida:display_controller|valor_exibido[18] ; btn_in                                  ; DivisorFrequencia:Divisor_inst|clkSaida ; -0.500       ; 0.188      ; 1.691      ;
; 1.788 ; ControleSinal:io_signal_control|saida ; ControleSaida:display_controller|valor_exibido[25] ; btn_in                                  ; DivisorFrequencia:Divisor_inst|clkSaida ; -0.500       ; 0.188      ; 1.692      ;
; 1.790 ; ControleSinal:io_signal_control|saida ; ControleSaida:display_controller|valor_exibido[28] ; btn_in                                  ; DivisorFrequencia:Divisor_inst|clkSaida ; -0.500       ; 0.188      ; 1.694      ;
; 1.791 ; ControleSinal:io_signal_control|saida ; PC:PC_inst|PC_reg[24]                              ; btn_in                                  ; DivisorFrequencia:Divisor_inst|clkSaida ; 0.000        ; 0.158      ; 2.165      ;
; 1.791 ; ControleSinal:io_signal_control|saida ; PC:PC_inst|PC_reg[19]                              ; btn_in                                  ; DivisorFrequencia:Divisor_inst|clkSaida ; 0.000        ; 0.158      ; 2.165      ;
; 1.791 ; ControleSinal:io_signal_control|saida ; PC:PC_inst|PC_reg[23]                              ; btn_in                                  ; DivisorFrequencia:Divisor_inst|clkSaida ; 0.000        ; 0.158      ; 2.165      ;
; 1.791 ; ControleSinal:io_signal_control|saida ; PC:PC_inst|PC_reg[25]                              ; btn_in                                  ; DivisorFrequencia:Divisor_inst|clkSaida ; 0.000        ; 0.158      ; 2.165      ;
; 1.791 ; ControleSinal:io_signal_control|saida ; PC:PC_inst|PC_reg[29]                              ; btn_in                                  ; DivisorFrequencia:Divisor_inst|clkSaida ; 0.000        ; 0.158      ; 2.165      ;
; 1.791 ; ControleSinal:io_signal_control|saida ; PC:PC_inst|PC_reg[28]                              ; btn_in                                  ; DivisorFrequencia:Divisor_inst|clkSaida ; 0.000        ; 0.158      ; 2.165      ;
; 1.791 ; ControleSinal:io_signal_control|saida ; PC:PC_inst|PC_reg[30]                              ; btn_in                                  ; DivisorFrequencia:Divisor_inst|clkSaida ; 0.000        ; 0.158      ; 2.165      ;
; 1.791 ; ControleSinal:io_signal_control|saida ; PC:PC_inst|PC_reg[17]                              ; btn_in                                  ; DivisorFrequencia:Divisor_inst|clkSaida ; 0.000        ; 0.158      ; 2.165      ;
; 1.791 ; ControleSinal:io_signal_control|saida ; PC:PC_inst|PC_reg[31]                              ; btn_in                                  ; DivisorFrequencia:Divisor_inst|clkSaida ; 0.000        ; 0.158      ; 2.165      ;
; 1.792 ; ControleSinal:io_signal_control|saida ; ControleSaida:display_controller|valor_exibido[26] ; btn_in                                  ; DivisorFrequencia:Divisor_inst|clkSaida ; -0.500       ; 0.188      ; 1.696      ;
; 1.792 ; ControleSinal:io_signal_control|saida ; ControleSaida:display_controller|valor_exibido[23] ; btn_in                                  ; DivisorFrequencia:Divisor_inst|clkSaida ; -0.500       ; 0.188      ; 1.696      ;
; 1.793 ; ControleSinal:io_signal_control|saida ; ControleSaida:display_controller|valor_exibido[11] ; btn_in                                  ; DivisorFrequencia:Divisor_inst|clkSaida ; -0.500       ; 0.166      ; 1.675      ;
; 1.798 ; PC:PC_inst|PC_reg[9]                  ; PC:PC_inst|PC_reg[9]                               ; DivisorFrequencia:Divisor_inst|clkSaida ; DivisorFrequencia:Divisor_inst|clkSaida ; 0.000        ; 0.098      ; 2.082      ;
; 1.802 ; ControleSinal:io_signal_control|saida ; ControleSaida:display_controller|valor_exibido[0]  ; btn_in                                  ; DivisorFrequencia:Divisor_inst|clkSaida ; -0.500       ; 0.165      ; 1.683      ;
; 1.803 ; ControleSinal:io_signal_control|saida ; ControleSaida:display_controller|valor_exibido[7]  ; btn_in                                  ; DivisorFrequencia:Divisor_inst|clkSaida ; -0.500       ; 0.165      ; 1.684      ;
; 1.804 ; ControleSinal:io_signal_control|saida ; ControleSaida:display_controller|valor_exibido[1]  ; btn_in                                  ; DivisorFrequencia:Divisor_inst|clkSaida ; -0.500       ; 0.165      ; 1.685      ;
; 1.805 ; ControleSinal:io_signal_control|saida ; ControleSaida:display_controller|valor_exibido[17] ; btn_in                                  ; DivisorFrequencia:Divisor_inst|clkSaida ; -0.500       ; 0.165      ; 1.686      ;
; 1.811 ; PC:PC_inst|PC_reg[17]                 ; PC:PC_inst|PC_reg[17]                              ; DivisorFrequencia:Divisor_inst|clkSaida ; DivisorFrequencia:Divisor_inst|clkSaida ; 0.000        ; 0.096      ; 2.093      ;
; 1.818 ; ControleSinal:io_signal_control|saida ; PC:PC_inst|PC_reg[21]                              ; btn_in                                  ; DivisorFrequencia:Divisor_inst|clkSaida ; 0.000        ; 0.171      ; 2.205      ;
; 1.818 ; ControleSinal:io_signal_control|saida ; PC:PC_inst|PC_reg[22]                              ; btn_in                                  ; DivisorFrequencia:Divisor_inst|clkSaida ; 0.000        ; 0.171      ; 2.205      ;
; 1.818 ; ControleSinal:io_signal_control|saida ; PC:PC_inst|PC_reg[18]                              ; btn_in                                  ; DivisorFrequencia:Divisor_inst|clkSaida ; 0.000        ; 0.171      ; 2.205      ;
; 1.818 ; ControleSinal:io_signal_control|saida ; PC:PC_inst|PC_reg[20]                              ; btn_in                                  ; DivisorFrequencia:Divisor_inst|clkSaida ; 0.000        ; 0.171      ; 2.205      ;
; 1.818 ; ControleSinal:io_signal_control|saida ; PC:PC_inst|PC_reg[16]                              ; btn_in                                  ; DivisorFrequencia:Divisor_inst|clkSaida ; 0.000        ; 0.171      ; 2.205      ;
; 1.818 ; ControleSinal:io_signal_control|saida ; PC:PC_inst|PC_reg[27]                              ; btn_in                                  ; DivisorFrequencia:Divisor_inst|clkSaida ; 0.000        ; 0.171      ; 2.205      ;
; 1.822 ; PC:PC_inst|PC_reg[15]                 ; PC:PC_inst|PC_reg[15]                              ; DivisorFrequencia:Divisor_inst|clkSaida ; DivisorFrequencia:Divisor_inst|clkSaida ; 0.000        ; 0.098      ; 2.106      ;
; 1.873 ; PC:PC_inst|PC_reg[10]                 ; PC:PC_inst|PC_reg[11]                              ; DivisorFrequencia:Divisor_inst|clkSaida ; DivisorFrequencia:Divisor_inst|clkSaida ; 0.000        ; 0.098      ; 2.157      ;
; 1.874 ; PC:PC_inst|PC_reg[21]                 ; PC:PC_inst|PC_reg[21]                              ; DivisorFrequencia:Divisor_inst|clkSaida ; DivisorFrequencia:Divisor_inst|clkSaida ; 0.000        ; 0.097      ; 2.157      ;
; 1.880 ; PC:PC_inst|PC_reg[8]                  ; PC:PC_inst|PC_reg[9]                               ; DivisorFrequencia:Divisor_inst|clkSaida ; DivisorFrequencia:Divisor_inst|clkSaida ; 0.000        ; 0.098      ; 2.164      ;
; 1.906 ; ControleSinal:io_signal_control|saida ; ControleSaida:display_controller|valor_exibido[15] ; btn_in                                  ; DivisorFrequencia:Divisor_inst|clkSaida ; -0.500       ; 0.188      ; 1.810      ;
; 1.932 ; PC:PC_inst|PC_reg[8]                  ; PC:PC_inst|PC_reg[8]                               ; DivisorFrequencia:Divisor_inst|clkSaida ; DivisorFrequencia:Divisor_inst|clkSaida ; 0.000        ; 0.098      ; 2.216      ;
; 1.947 ; PC:PC_inst|PC_reg[7]                  ; PC:PC_inst|PC_reg[9]                               ; DivisorFrequencia:Divisor_inst|clkSaida ; DivisorFrequencia:Divisor_inst|clkSaida ; 0.000        ; 0.098      ; 2.231      ;
; 1.965 ; PC:PC_inst|PC_reg[28]                 ; PC:PC_inst|PC_reg[29]                              ; DivisorFrequencia:Divisor_inst|clkSaida ; DivisorFrequencia:Divisor_inst|clkSaida ; 0.000        ; 0.096      ; 2.247      ;
; 1.983 ; PC:PC_inst|PC_reg[24]                 ; PC:PC_inst|PC_reg[27]                              ; DivisorFrequencia:Divisor_inst|clkSaida ; DivisorFrequencia:Divisor_inst|clkSaida ; 0.000        ; 0.109      ; 2.278      ;
; 1.998 ; PC:PC_inst|PC_reg[8]                  ; PC:PC_inst|PC_reg[11]                              ; DivisorFrequencia:Divisor_inst|clkSaida ; DivisorFrequencia:Divisor_inst|clkSaida ; 0.000        ; 0.098      ; 2.282      ;
; 2.004 ; PC:PC_inst|PC_reg[25]                 ; PC:PC_inst|PC_reg[27]                              ; DivisorFrequencia:Divisor_inst|clkSaida ; DivisorFrequencia:Divisor_inst|clkSaida ; 0.000        ; 0.109      ; 2.299      ;
; 2.008 ; PC:PC_inst|PC_reg[12]                 ; PC:PC_inst|PC_reg[12]                              ; DivisorFrequencia:Divisor_inst|clkSaida ; DivisorFrequencia:Divisor_inst|clkSaida ; 0.000        ; 0.098      ; 2.292      ;
; 2.011 ; PC:PC_inst|PC_reg[20]                 ; PC:PC_inst|PC_reg[20]                              ; DivisorFrequencia:Divisor_inst|clkSaida ; DivisorFrequencia:Divisor_inst|clkSaida ; 0.000        ; 0.097      ; 2.294      ;
; 2.012 ; PC:PC_inst|PC_reg[16]                 ; PC:PC_inst|PC_reg[16]                              ; DivisorFrequencia:Divisor_inst|clkSaida ; DivisorFrequencia:Divisor_inst|clkSaida ; 0.000        ; 0.097      ; 2.295      ;
+-------+---------------------------------------+----------------------------------------------------+-----------------------------------------+-----------------------------------------+--------------+------------+------------+


+------------------------------------------------------------------------------------------------------------------------------------------------------------------------+
; Slow 1200mV 85C Model Recovery: 'btn_in'                                                                                                                               ;
+--------+----------------------+---------------------------------------+-----------------------------------------+-------------+--------------+------------+------------+
; Slack  ; From Node            ; To Node                               ; Launch Clock                            ; Latch Clock ; Relationship ; Clock Skew ; Data Delay ;
+--------+----------------------+---------------------------------------+-----------------------------------------+-------------+--------------+------------+------------+
; -4.177 ; PC:PC_inst|PC_reg[0] ; ControleSinal:io_signal_control|saida ; DivisorFrequencia:Divisor_inst|clkSaida ; btn_in      ; 1.000        ; 0.249      ; 5.414      ;
; -4.134 ; PC:PC_inst|PC_reg[3] ; ControleSinal:io_signal_control|saida ; DivisorFrequencia:Divisor_inst|clkSaida ; btn_in      ; 1.000        ; 0.249      ; 5.371      ;
; -4.089 ; PC:PC_inst|PC_reg[2] ; ControleSinal:io_signal_control|saida ; DivisorFrequencia:Divisor_inst|clkSaida ; btn_in      ; 1.000        ; 0.249      ; 5.326      ;
; -4.047 ; PC:PC_inst|PC_reg[5] ; ControleSinal:io_signal_control|saida ; DivisorFrequencia:Divisor_inst|clkSaida ; btn_in      ; 1.000        ; 0.249      ; 5.284      ;
; -3.869 ; PC:PC_inst|PC_reg[1] ; ControleSinal:io_signal_control|saida ; DivisorFrequencia:Divisor_inst|clkSaida ; btn_in      ; 1.000        ; 0.249      ; 5.106      ;
; -3.819 ; PC:PC_inst|PC_reg[4] ; ControleSinal:io_signal_control|saida ; DivisorFrequencia:Divisor_inst|clkSaida ; btn_in      ; 1.000        ; 0.249      ; 5.056      ;
+--------+----------------------+---------------------------------------+-----------------------------------------+-------------+--------------+------------+------------+


+-----------------------------------------------------------------------------------------------------------------------------------------------------------------------+
; Slow 1200mV 85C Model Removal: 'btn_in'                                                                                                                               ;
+-------+----------------------+---------------------------------------+-----------------------------------------+-------------+--------------+------------+------------+
; Slack ; From Node            ; To Node                               ; Launch Clock                            ; Latch Clock ; Relationship ; Clock Skew ; Data Delay ;
+-------+----------------------+---------------------------------------+-----------------------------------------+-------------+--------------+------------+------------+
; 2.092 ; PC:PC_inst|PC_reg[3] ; ControleSinal:io_signal_control|saida ; DivisorFrequencia:Divisor_inst|clkSaida ; btn_in      ; 0.000        ; 0.600      ; 2.908      ;
; 2.657 ; PC:PC_inst|PC_reg[5] ; ControleSinal:io_signal_control|saida ; DivisorFrequencia:Divisor_inst|clkSaida ; btn_in      ; 0.000        ; 0.600      ; 3.473      ;
; 2.677 ; PC:PC_inst|PC_reg[4] ; ControleSinal:io_signal_control|saida ; DivisorFrequencia:Divisor_inst|clkSaida ; btn_in      ; 0.000        ; 0.600      ; 3.493      ;
; 2.997 ; PC:PC_inst|PC_reg[0] ; ControleSinal:io_signal_control|saida ; DivisorFrequencia:Divisor_inst|clkSaida ; btn_in      ; 0.000        ; 0.600      ; 3.813      ;
; 3.014 ; PC:PC_inst|PC_reg[2] ; ControleSinal:io_signal_control|saida ; DivisorFrequencia:Divisor_inst|clkSaida ; btn_in      ; 0.000        ; 0.600      ; 3.830      ;
; 3.060 ; PC:PC_inst|PC_reg[1] ; ControleSinal:io_signal_control|saida ; DivisorFrequencia:Divisor_inst|clkSaida ; btn_in      ; 0.000        ; 0.600      ; 3.876      ;
+-------+----------------------+---------------------------------------+-----------------------------------------+-------------+--------------+------------+------------+


-----------------------------------------------
; Slow 1200mV 85C Model Metastability Summary ;
-----------------------------------------------
No synchronizer chains to report.


+-------------------------------------------------------------------------------+
; Slow 1200mV 0C Model Fmax Summary                                             ;
+------------+-----------------+-----------------------------------------+------+
; Fmax       ; Restricted Fmax ; Clock Name                              ; Note ;
+------------+-----------------+-----------------------------------------+------+
; 3.67 MHz   ; 3.67 MHz        ; DivisorFrequencia:Divisor_inst|clkSaida ;      ;
; 240.73 MHz ; 240.73 MHz      ; clk_50                                  ;      ;
+------------+-----------------+-----------------------------------------+------+
This panel reports FMAX for every clock in the design, regardless of the user-specified clock periods.  FMAX is only computed for paths where the source and destination registers or ports are driven by the same clock.  Paths of different clocks, including generated clocks, are ignored.  For paths between a clock and its inversion, FMAX is computed as if the rising and falling edges are scaled along with FMAX, such that the duty cycle (in terms of a percentage) is maintained. Altera recommends that you always use clock constraints and other slack reports for sign-off analysis.


+--------------------------------------------------------------------+
; Slow 1200mV 0C Model Setup Summary                                 ;
+-----------------------------------------+----------+---------------+
; Clock                                   ; Slack    ; End Point TNS ;
+-----------------------------------------+----------+---------------+
; DivisorFrequencia:Divisor_inst|clkSaida ; -135.905 ; -297868.339   ;
; clk_50                                  ; -3.154   ; -38.140       ;
+-----------------------------------------+----------+---------------+


+-----------------------------------------------------------------+
; Slow 1200mV 0C Model Hold Summary                               ;
+-----------------------------------------+-------+---------------+
; Clock                                   ; Slack ; End Point TNS ;
+-----------------------------------------+-------+---------------+
; clk_50                                  ; 0.400 ; 0.000         ;
; DivisorFrequencia:Divisor_inst|clkSaida ; 0.406 ; 0.000         ;
+-----------------------------------------+-------+---------------+


+---------------------------------------+
; Slow 1200mV 0C Model Recovery Summary ;
+--------+--------+---------------------+
; Clock  ; Slack  ; End Point TNS       ;
+--------+--------+---------------------+
; btn_in ; -3.662 ; -3.662              ;
+--------+--------+---------------------+


+--------------------------------------+
; Slow 1200mV 0C Model Removal Summary ;
+--------+-------+---------------------+
; Clock  ; Slack ; End Point TNS       ;
+--------+-------+---------------------+
; btn_in ; 1.848 ; 0.000               ;
+--------+-------+---------------------+


+------------------------------------------------------------------+
; Slow 1200mV 0C Model Minimum Pulse Width Summary                 ;
+-----------------------------------------+--------+---------------+
; Clock                                   ; Slack  ; End Point TNS ;
+-----------------------------------------+--------+---------------+
; clk_50                                  ; -3.000 ; -36.410       ;
; btn_in                                  ; -3.000 ; -4.285        ;
; DivisorFrequencia:Divisor_inst|clkSaida ; -1.285 ; -3009.470     ;
+-----------------------------------------+--------+---------------+


+---------------------------------------------------------------------------------------------------------------------------------------------------------------------------------------------------+
; Slow 1200mV 0C Model Setup: 'DivisorFrequencia:Divisor_inst|clkSaida'                                                                                                                             ;
+----------+----------------------+------------------------------------+-----------------------------------------+-----------------------------------------+--------------+------------+------------+
; Slack    ; From Node            ; To Node                            ; Launch Clock                            ; Latch Clock                             ; Relationship ; Clock Skew ; Data Delay ;
+----------+----------------------+------------------------------------+-----------------------------------------+-----------------------------------------+--------------+------------+------------+
; -135.905 ; PC:PC_inst|PC_reg[2] ; banco:banco_inst|registradores~73  ; DivisorFrequencia:Divisor_inst|clkSaida ; DivisorFrequencia:Divisor_inst|clkSaida ; 0.500        ; -0.044     ; 136.360    ;
; -135.905 ; PC:PC_inst|PC_reg[2] ; banco:banco_inst|registradores~233 ; DivisorFrequencia:Divisor_inst|clkSaida ; DivisorFrequencia:Divisor_inst|clkSaida ; 0.500        ; -0.044     ; 136.360    ;
; -135.840 ; PC:PC_inst|PC_reg[0] ; banco:banco_inst|registradores~73  ; DivisorFrequencia:Divisor_inst|clkSaida ; DivisorFrequencia:Divisor_inst|clkSaida ; 0.500        ; -0.044     ; 136.295    ;
; -135.840 ; PC:PC_inst|PC_reg[0] ; banco:banco_inst|registradores~233 ; DivisorFrequencia:Divisor_inst|clkSaida ; DivisorFrequencia:Divisor_inst|clkSaida ; 0.500        ; -0.044     ; 136.295    ;
; -135.814 ; PC:PC_inst|PC_reg[2] ; banco:banco_inst|registradores~82  ; DivisorFrequencia:Divisor_inst|clkSaida ; DivisorFrequencia:Divisor_inst|clkSaida ; 0.500        ; -0.044     ; 136.269    ;
; -135.749 ; PC:PC_inst|PC_reg[0] ; banco:banco_inst|registradores~82  ; DivisorFrequencia:Divisor_inst|clkSaida ; DivisorFrequencia:Divisor_inst|clkSaida ; 0.500        ; -0.044     ; 136.204    ;
; -135.717 ; PC:PC_inst|PC_reg[5] ; banco:banco_inst|registradores~73  ; DivisorFrequencia:Divisor_inst|clkSaida ; DivisorFrequencia:Divisor_inst|clkSaida ; 0.500        ; -0.044     ; 136.172    ;
; -135.717 ; PC:PC_inst|PC_reg[5] ; banco:banco_inst|registradores~233 ; DivisorFrequencia:Divisor_inst|clkSaida ; DivisorFrequencia:Divisor_inst|clkSaida ; 0.500        ; -0.044     ; 136.172    ;
; -135.626 ; PC:PC_inst|PC_reg[5] ; banco:banco_inst|registradores~82  ; DivisorFrequencia:Divisor_inst|clkSaida ; DivisorFrequencia:Divisor_inst|clkSaida ; 0.500        ; -0.044     ; 136.081    ;
; -135.577 ; PC:PC_inst|PC_reg[2] ; banco:banco_inst|registradores~50  ; DivisorFrequencia:Divisor_inst|clkSaida ; DivisorFrequencia:Divisor_inst|clkSaida ; 0.500        ; 0.332      ; 136.408    ;
; -135.559 ; PC:PC_inst|PC_reg[4] ; banco:banco_inst|registradores~73  ; DivisorFrequencia:Divisor_inst|clkSaida ; DivisorFrequencia:Divisor_inst|clkSaida ; 0.500        ; -0.044     ; 136.014    ;
; -135.559 ; PC:PC_inst|PC_reg[4] ; banco:banco_inst|registradores~233 ; DivisorFrequencia:Divisor_inst|clkSaida ; DivisorFrequencia:Divisor_inst|clkSaida ; 0.500        ; -0.044     ; 136.014    ;
; -135.539 ; PC:PC_inst|PC_reg[1] ; banco:banco_inst|registradores~73  ; DivisorFrequencia:Divisor_inst|clkSaida ; DivisorFrequencia:Divisor_inst|clkSaida ; 0.500        ; -0.044     ; 135.994    ;
; -135.539 ; PC:PC_inst|PC_reg[1] ; banco:banco_inst|registradores~233 ; DivisorFrequencia:Divisor_inst|clkSaida ; DivisorFrequencia:Divisor_inst|clkSaida ; 0.500        ; -0.044     ; 135.994    ;
; -135.512 ; PC:PC_inst|PC_reg[0] ; banco:banco_inst|registradores~50  ; DivisorFrequencia:Divisor_inst|clkSaida ; DivisorFrequencia:Divisor_inst|clkSaida ; 0.500        ; 0.332      ; 136.343    ;
; -135.478 ; PC:PC_inst|PC_reg[2] ; banco:banco_inst|registradores~146 ; DivisorFrequencia:Divisor_inst|clkSaida ; DivisorFrequencia:Divisor_inst|clkSaida ; 0.500        ; -0.035     ; 135.942    ;
; -135.468 ; PC:PC_inst|PC_reg[4] ; banco:banco_inst|registradores~82  ; DivisorFrequencia:Divisor_inst|clkSaida ; DivisorFrequencia:Divisor_inst|clkSaida ; 0.500        ; -0.044     ; 135.923    ;
; -135.448 ; PC:PC_inst|PC_reg[1] ; banco:banco_inst|registradores~82  ; DivisorFrequencia:Divisor_inst|clkSaida ; DivisorFrequencia:Divisor_inst|clkSaida ; 0.500        ; -0.044     ; 135.903    ;
; -135.413 ; PC:PC_inst|PC_reg[0] ; banco:banco_inst|registradores~146 ; DivisorFrequencia:Divisor_inst|clkSaida ; DivisorFrequencia:Divisor_inst|clkSaida ; 0.500        ; -0.035     ; 135.877    ;
; -135.389 ; PC:PC_inst|PC_reg[5] ; banco:banco_inst|registradores~50  ; DivisorFrequencia:Divisor_inst|clkSaida ; DivisorFrequencia:Divisor_inst|clkSaida ; 0.500        ; 0.332      ; 136.220    ;
; -135.290 ; PC:PC_inst|PC_reg[5] ; banco:banco_inst|registradores~146 ; DivisorFrequencia:Divisor_inst|clkSaida ; DivisorFrequencia:Divisor_inst|clkSaida ; 0.500        ; -0.035     ; 135.754    ;
; -135.270 ; PC:PC_inst|PC_reg[3] ; banco:banco_inst|registradores~73  ; DivisorFrequencia:Divisor_inst|clkSaida ; DivisorFrequencia:Divisor_inst|clkSaida ; 0.500        ; -0.044     ; 135.725    ;
; -135.270 ; PC:PC_inst|PC_reg[3] ; banco:banco_inst|registradores~233 ; DivisorFrequencia:Divisor_inst|clkSaida ; DivisorFrequencia:Divisor_inst|clkSaida ; 0.500        ; -0.044     ; 135.725    ;
; -135.266 ; PC:PC_inst|PC_reg[2] ; banco:banco_inst|registradores~210 ; DivisorFrequencia:Divisor_inst|clkSaida ; DivisorFrequencia:Divisor_inst|clkSaida ; 0.500        ; 0.344      ; 136.109    ;
; -135.231 ; PC:PC_inst|PC_reg[4] ; banco:banco_inst|registradores~50  ; DivisorFrequencia:Divisor_inst|clkSaida ; DivisorFrequencia:Divisor_inst|clkSaida ; 0.500        ; 0.332      ; 136.062    ;
; -135.211 ; PC:PC_inst|PC_reg[1] ; banco:banco_inst|registradores~50  ; DivisorFrequencia:Divisor_inst|clkSaida ; DivisorFrequencia:Divisor_inst|clkSaida ; 0.500        ; 0.332      ; 136.042    ;
; -135.201 ; PC:PC_inst|PC_reg[0] ; banco:banco_inst|registradores~210 ; DivisorFrequencia:Divisor_inst|clkSaida ; DivisorFrequencia:Divisor_inst|clkSaida ; 0.500        ; 0.344      ; 136.044    ;
; -135.179 ; PC:PC_inst|PC_reg[3] ; banco:banco_inst|registradores~82  ; DivisorFrequencia:Divisor_inst|clkSaida ; DivisorFrequencia:Divisor_inst|clkSaida ; 0.500        ; -0.044     ; 135.634    ;
; -135.132 ; PC:PC_inst|PC_reg[4] ; banco:banco_inst|registradores~146 ; DivisorFrequencia:Divisor_inst|clkSaida ; DivisorFrequencia:Divisor_inst|clkSaida ; 0.500        ; -0.035     ; 135.596    ;
; -135.112 ; PC:PC_inst|PC_reg[1] ; banco:banco_inst|registradores~146 ; DivisorFrequencia:Divisor_inst|clkSaida ; DivisorFrequencia:Divisor_inst|clkSaida ; 0.500        ; -0.035     ; 135.576    ;
; -135.107 ; PC:PC_inst|PC_reg[2] ; banco:banco_inst|registradores~242 ; DivisorFrequencia:Divisor_inst|clkSaida ; DivisorFrequencia:Divisor_inst|clkSaida ; 0.500        ; 0.338      ; 135.944    ;
; -135.078 ; PC:PC_inst|PC_reg[5] ; banco:banco_inst|registradores~210 ; DivisorFrequencia:Divisor_inst|clkSaida ; DivisorFrequencia:Divisor_inst|clkSaida ; 0.500        ; 0.344      ; 135.921    ;
; -135.066 ; PC:PC_inst|PC_reg[2] ; banco:banco_inst|registradores~237 ; DivisorFrequencia:Divisor_inst|clkSaida ; DivisorFrequencia:Divisor_inst|clkSaida ; 0.500        ; 0.333      ; 135.898    ;
; -135.066 ; PC:PC_inst|PC_reg[2] ; banco:banco_inst|registradores~178 ; DivisorFrequencia:Divisor_inst|clkSaida ; DivisorFrequencia:Divisor_inst|clkSaida ; 0.500        ; 0.341      ; 135.906    ;
; -135.042 ; PC:PC_inst|PC_reg[0] ; banco:banco_inst|registradores~242 ; DivisorFrequencia:Divisor_inst|clkSaida ; DivisorFrequencia:Divisor_inst|clkSaida ; 0.500        ; 0.338      ; 135.879    ;
; -135.033 ; PC:PC_inst|PC_reg[2] ; banco:banco_inst|registradores~77  ; DivisorFrequencia:Divisor_inst|clkSaida ; DivisorFrequencia:Divisor_inst|clkSaida ; 0.500        ; 0.365      ; 135.897    ;
; -135.025 ; PC:PC_inst|PC_reg[2] ; banco:banco_inst|registradores~141 ; DivisorFrequencia:Divisor_inst|clkSaida ; DivisorFrequencia:Divisor_inst|clkSaida ; 0.500        ; 0.344      ; 135.868    ;
; -135.001 ; PC:PC_inst|PC_reg[0] ; banco:banco_inst|registradores~237 ; DivisorFrequencia:Divisor_inst|clkSaida ; DivisorFrequencia:Divisor_inst|clkSaida ; 0.500        ; 0.333      ; 135.833    ;
; -135.001 ; PC:PC_inst|PC_reg[0] ; banco:banco_inst|registradores~178 ; DivisorFrequencia:Divisor_inst|clkSaida ; DivisorFrequencia:Divisor_inst|clkSaida ; 0.500        ; 0.341      ; 135.841    ;
; -134.968 ; PC:PC_inst|PC_reg[0] ; banco:banco_inst|registradores~77  ; DivisorFrequencia:Divisor_inst|clkSaida ; DivisorFrequencia:Divisor_inst|clkSaida ; 0.500        ; 0.365      ; 135.832    ;
; -134.960 ; PC:PC_inst|PC_reg[0] ; banco:banco_inst|registradores~141 ; DivisorFrequencia:Divisor_inst|clkSaida ; DivisorFrequencia:Divisor_inst|clkSaida ; 0.500        ; 0.344      ; 135.803    ;
; -134.942 ; PC:PC_inst|PC_reg[3] ; banco:banco_inst|registradores~50  ; DivisorFrequencia:Divisor_inst|clkSaida ; DivisorFrequencia:Divisor_inst|clkSaida ; 0.500        ; 0.332      ; 135.773    ;
; -134.920 ; PC:PC_inst|PC_reg[4] ; banco:banco_inst|registradores~210 ; DivisorFrequencia:Divisor_inst|clkSaida ; DivisorFrequencia:Divisor_inst|clkSaida ; 0.500        ; 0.344      ; 135.763    ;
; -134.919 ; PC:PC_inst|PC_reg[5] ; banco:banco_inst|registradores~242 ; DivisorFrequencia:Divisor_inst|clkSaida ; DivisorFrequencia:Divisor_inst|clkSaida ; 0.500        ; 0.338      ; 135.756    ;
; -134.900 ; PC:PC_inst|PC_reg[1] ; banco:banco_inst|registradores~210 ; DivisorFrequencia:Divisor_inst|clkSaida ; DivisorFrequencia:Divisor_inst|clkSaida ; 0.500        ; 0.344      ; 135.743    ;
; -134.878 ; PC:PC_inst|PC_reg[5] ; banco:banco_inst|registradores~237 ; DivisorFrequencia:Divisor_inst|clkSaida ; DivisorFrequencia:Divisor_inst|clkSaida ; 0.500        ; 0.333      ; 135.710    ;
; -134.878 ; PC:PC_inst|PC_reg[5] ; banco:banco_inst|registradores~178 ; DivisorFrequencia:Divisor_inst|clkSaida ; DivisorFrequencia:Divisor_inst|clkSaida ; 0.500        ; 0.341      ; 135.718    ;
; -134.864 ; PC:PC_inst|PC_reg[2] ; banco:banco_inst|registradores~209 ; DivisorFrequencia:Divisor_inst|clkSaida ; DivisorFrequencia:Divisor_inst|clkSaida ; 0.500        ; -0.036     ; 135.327    ;
; -134.849 ; PC:PC_inst|PC_reg[2] ; banco:banco_inst|registradores~205 ; DivisorFrequencia:Divisor_inst|clkSaida ; DivisorFrequencia:Divisor_inst|clkSaida ; 0.500        ; 0.335      ; 135.683    ;
; -134.845 ; PC:PC_inst|PC_reg[5] ; banco:banco_inst|registradores~77  ; DivisorFrequencia:Divisor_inst|clkSaida ; DivisorFrequencia:Divisor_inst|clkSaida ; 0.500        ; 0.365      ; 135.709    ;
; -134.843 ; PC:PC_inst|PC_reg[3] ; banco:banco_inst|registradores~146 ; DivisorFrequencia:Divisor_inst|clkSaida ; DivisorFrequencia:Divisor_inst|clkSaida ; 0.500        ; -0.035     ; 135.307    ;
; -134.837 ; PC:PC_inst|PC_reg[5] ; banco:banco_inst|registradores~141 ; DivisorFrequencia:Divisor_inst|clkSaida ; DivisorFrequencia:Divisor_inst|clkSaida ; 0.500        ; 0.344      ; 135.680    ;
; -134.816 ; PC:PC_inst|PC_reg[2] ; banco:banco_inst|registradores~173 ; DivisorFrequencia:Divisor_inst|clkSaida ; DivisorFrequencia:Divisor_inst|clkSaida ; 0.500        ; 0.368      ; 135.683    ;
; -134.799 ; PC:PC_inst|PC_reg[0] ; banco:banco_inst|registradores~209 ; DivisorFrequencia:Divisor_inst|clkSaida ; DivisorFrequencia:Divisor_inst|clkSaida ; 0.500        ; -0.036     ; 135.262    ;
; -134.784 ; PC:PC_inst|PC_reg[0] ; banco:banco_inst|registradores~205 ; DivisorFrequencia:Divisor_inst|clkSaida ; DivisorFrequencia:Divisor_inst|clkSaida ; 0.500        ; 0.335      ; 135.618    ;
; -134.761 ; PC:PC_inst|PC_reg[4] ; banco:banco_inst|registradores~242 ; DivisorFrequencia:Divisor_inst|clkSaida ; DivisorFrequencia:Divisor_inst|clkSaida ; 0.500        ; 0.338      ; 135.598    ;
; -134.751 ; PC:PC_inst|PC_reg[0] ; banco:banco_inst|registradores~173 ; DivisorFrequencia:Divisor_inst|clkSaida ; DivisorFrequencia:Divisor_inst|clkSaida ; 0.500        ; 0.368      ; 135.618    ;
; -134.741 ; PC:PC_inst|PC_reg[1] ; banco:banco_inst|registradores~242 ; DivisorFrequencia:Divisor_inst|clkSaida ; DivisorFrequencia:Divisor_inst|clkSaida ; 0.500        ; 0.338      ; 135.578    ;
; -134.735 ; PC:PC_inst|PC_reg[2] ; banco:banco_inst|registradores~232 ; DivisorFrequencia:Divisor_inst|clkSaida ; DivisorFrequencia:Divisor_inst|clkSaida ; 0.500        ; -0.044     ; 135.190    ;
; -134.734 ; PC:PC_inst|PC_reg[2] ; banco:banco_inst|registradores~72  ; DivisorFrequencia:Divisor_inst|clkSaida ; DivisorFrequencia:Divisor_inst|clkSaida ; 0.500        ; -0.044     ; 135.189    ;
; -134.720 ; PC:PC_inst|PC_reg[2] ; banco:banco_inst|registradores~43  ; DivisorFrequencia:Divisor_inst|clkSaida ; DivisorFrequencia:Divisor_inst|clkSaida ; 0.500        ; 0.343      ; 135.562    ;
; -134.720 ; PC:PC_inst|PC_reg[4] ; banco:banco_inst|registradores~237 ; DivisorFrequencia:Divisor_inst|clkSaida ; DivisorFrequencia:Divisor_inst|clkSaida ; 0.500        ; 0.333      ; 135.552    ;
; -134.720 ; PC:PC_inst|PC_reg[4] ; banco:banco_inst|registradores~178 ; DivisorFrequencia:Divisor_inst|clkSaida ; DivisorFrequencia:Divisor_inst|clkSaida ; 0.500        ; 0.341      ; 135.560    ;
; -134.700 ; PC:PC_inst|PC_reg[1] ; banco:banco_inst|registradores~237 ; DivisorFrequencia:Divisor_inst|clkSaida ; DivisorFrequencia:Divisor_inst|clkSaida ; 0.500        ; 0.333      ; 135.532    ;
; -134.700 ; PC:PC_inst|PC_reg[1] ; banco:banco_inst|registradores~178 ; DivisorFrequencia:Divisor_inst|clkSaida ; DivisorFrequencia:Divisor_inst|clkSaida ; 0.500        ; 0.341      ; 135.540    ;
; -134.687 ; PC:PC_inst|PC_reg[4] ; banco:banco_inst|registradores~77  ; DivisorFrequencia:Divisor_inst|clkSaida ; DivisorFrequencia:Divisor_inst|clkSaida ; 0.500        ; 0.365      ; 135.551    ;
; -134.683 ; PC:PC_inst|PC_reg[2] ; banco:banco_inst|registradores~171 ; DivisorFrequencia:Divisor_inst|clkSaida ; DivisorFrequencia:Divisor_inst|clkSaida ; 0.500        ; 0.341      ; 135.523    ;
; -134.679 ; PC:PC_inst|PC_reg[4] ; banco:banco_inst|registradores~141 ; DivisorFrequencia:Divisor_inst|clkSaida ; DivisorFrequencia:Divisor_inst|clkSaida ; 0.500        ; 0.344      ; 135.522    ;
; -134.676 ; PC:PC_inst|PC_reg[5] ; banco:banco_inst|registradores~209 ; DivisorFrequencia:Divisor_inst|clkSaida ; DivisorFrequencia:Divisor_inst|clkSaida ; 0.500        ; -0.036     ; 135.139    ;
; -134.670 ; PC:PC_inst|PC_reg[0] ; banco:banco_inst|registradores~232 ; DivisorFrequencia:Divisor_inst|clkSaida ; DivisorFrequencia:Divisor_inst|clkSaida ; 0.500        ; -0.044     ; 135.125    ;
; -134.669 ; PC:PC_inst|PC_reg[0] ; banco:banco_inst|registradores~72  ; DivisorFrequencia:Divisor_inst|clkSaida ; DivisorFrequencia:Divisor_inst|clkSaida ; 0.500        ; -0.044     ; 135.124    ;
; -134.667 ; PC:PC_inst|PC_reg[1] ; banco:banco_inst|registradores~77  ; DivisorFrequencia:Divisor_inst|clkSaida ; DivisorFrequencia:Divisor_inst|clkSaida ; 0.500        ; 0.365      ; 135.531    ;
; -134.661 ; PC:PC_inst|PC_reg[5] ; banco:banco_inst|registradores~205 ; DivisorFrequencia:Divisor_inst|clkSaida ; DivisorFrequencia:Divisor_inst|clkSaida ; 0.500        ; 0.335      ; 135.495    ;
; -134.659 ; PC:PC_inst|PC_reg[1] ; banco:banco_inst|registradores~141 ; DivisorFrequencia:Divisor_inst|clkSaida ; DivisorFrequencia:Divisor_inst|clkSaida ; 0.500        ; 0.344      ; 135.502    ;
; -134.655 ; PC:PC_inst|PC_reg[0] ; banco:banco_inst|registradores~43  ; DivisorFrequencia:Divisor_inst|clkSaida ; DivisorFrequencia:Divisor_inst|clkSaida ; 0.500        ; 0.343      ; 135.497    ;
; -134.631 ; PC:PC_inst|PC_reg[3] ; banco:banco_inst|registradores~210 ; DivisorFrequencia:Divisor_inst|clkSaida ; DivisorFrequencia:Divisor_inst|clkSaida ; 0.500        ; 0.344      ; 135.474    ;
; -134.628 ; PC:PC_inst|PC_reg[2] ; banco:banco_inst|registradores~81  ; DivisorFrequencia:Divisor_inst|clkSaida ; DivisorFrequencia:Divisor_inst|clkSaida ; 0.500        ; 0.365      ; 135.492    ;
; -134.628 ; PC:PC_inst|PC_reg[5] ; banco:banco_inst|registradores~173 ; DivisorFrequencia:Divisor_inst|clkSaida ; DivisorFrequencia:Divisor_inst|clkSaida ; 0.500        ; 0.368      ; 135.495    ;
; -134.618 ; PC:PC_inst|PC_reg[0] ; banco:banco_inst|registradores~171 ; DivisorFrequencia:Divisor_inst|clkSaida ; DivisorFrequencia:Divisor_inst|clkSaida ; 0.500        ; 0.341      ; 135.458    ;
; -134.585 ; PC:PC_inst|PC_reg[2] ; banco:banco_inst|registradores~217 ; DivisorFrequencia:Divisor_inst|clkSaida ; DivisorFrequencia:Divisor_inst|clkSaida ; 0.500        ; -0.048     ; 135.036    ;
; -134.563 ; PC:PC_inst|PC_reg[0] ; banco:banco_inst|registradores~81  ; DivisorFrequencia:Divisor_inst|clkSaida ; DivisorFrequencia:Divisor_inst|clkSaida ; 0.500        ; 0.365      ; 135.427    ;
; -134.547 ; PC:PC_inst|PC_reg[5] ; banco:banco_inst|registradores~232 ; DivisorFrequencia:Divisor_inst|clkSaida ; DivisorFrequencia:Divisor_inst|clkSaida ; 0.500        ; -0.044     ; 135.002    ;
; -134.546 ; PC:PC_inst|PC_reg[5] ; banco:banco_inst|registradores~72  ; DivisorFrequencia:Divisor_inst|clkSaida ; DivisorFrequencia:Divisor_inst|clkSaida ; 0.500        ; -0.044     ; 135.001    ;
; -134.545 ; PC:PC_inst|PC_reg[2] ; banco:banco_inst|registradores~225 ; DivisorFrequencia:Divisor_inst|clkSaida ; DivisorFrequencia:Divisor_inst|clkSaida ; 0.500        ; -0.038     ; 135.006    ;
; -134.532 ; PC:PC_inst|PC_reg[5] ; banco:banco_inst|registradores~43  ; DivisorFrequencia:Divisor_inst|clkSaida ; DivisorFrequencia:Divisor_inst|clkSaida ; 0.500        ; 0.343      ; 135.374    ;
; -134.520 ; PC:PC_inst|PC_reg[0] ; banco:banco_inst|registradores~217 ; DivisorFrequencia:Divisor_inst|clkSaida ; DivisorFrequencia:Divisor_inst|clkSaida ; 0.500        ; -0.048     ; 134.971    ;
; -134.518 ; PC:PC_inst|PC_reg[4] ; banco:banco_inst|registradores~209 ; DivisorFrequencia:Divisor_inst|clkSaida ; DivisorFrequencia:Divisor_inst|clkSaida ; 0.500        ; -0.036     ; 134.981    ;
; -134.516 ; PC:PC_inst|PC_reg[2] ; banco:banco_inst|registradores~208 ; DivisorFrequencia:Divisor_inst|clkSaida ; DivisorFrequencia:Divisor_inst|clkSaida ; 0.500        ; 0.334      ; 135.349    ;
; -134.503 ; PC:PC_inst|PC_reg[4] ; banco:banco_inst|registradores~205 ; DivisorFrequencia:Divisor_inst|clkSaida ; DivisorFrequencia:Divisor_inst|clkSaida ; 0.500        ; 0.335      ; 135.337    ;
; -134.498 ; PC:PC_inst|PC_reg[1] ; banco:banco_inst|registradores~209 ; DivisorFrequencia:Divisor_inst|clkSaida ; DivisorFrequencia:Divisor_inst|clkSaida ; 0.500        ; -0.036     ; 134.961    ;
; -134.497 ; PC:PC_inst|PC_reg[2] ; banco:banco_inst|registradores~147 ; DivisorFrequencia:Divisor_inst|clkSaida ; DivisorFrequencia:Divisor_inst|clkSaida ; 0.500        ; -0.035     ; 134.961    ;
; -134.495 ; PC:PC_inst|PC_reg[5] ; banco:banco_inst|registradores~171 ; DivisorFrequencia:Divisor_inst|clkSaida ; DivisorFrequencia:Divisor_inst|clkSaida ; 0.500        ; 0.341      ; 135.335    ;
; -134.488 ; PC:PC_inst|PC_reg[2] ; banco:banco_inst|registradores~177 ; DivisorFrequencia:Divisor_inst|clkSaida ; DivisorFrequencia:Divisor_inst|clkSaida ; 0.500        ; 0.341      ; 135.328    ;
; -134.483 ; PC:PC_inst|PC_reg[1] ; banco:banco_inst|registradores~205 ; DivisorFrequencia:Divisor_inst|clkSaida ; DivisorFrequencia:Divisor_inst|clkSaida ; 0.500        ; 0.335      ; 135.317    ;
; -134.482 ; PC:PC_inst|PC_reg[2] ; banco:banco_inst|registradores~176 ; DivisorFrequencia:Divisor_inst|clkSaida ; DivisorFrequencia:Divisor_inst|clkSaida ; 0.500        ; 0.367      ; 135.348    ;
; -134.480 ; PC:PC_inst|PC_reg[0] ; banco:banco_inst|registradores~225 ; DivisorFrequencia:Divisor_inst|clkSaida ; DivisorFrequencia:Divisor_inst|clkSaida ; 0.500        ; -0.038     ; 134.941    ;
; -134.472 ; PC:PC_inst|PC_reg[3] ; banco:banco_inst|registradores~242 ; DivisorFrequencia:Divisor_inst|clkSaida ; DivisorFrequencia:Divisor_inst|clkSaida ; 0.500        ; 0.338      ; 135.309    ;
; -134.470 ; PC:PC_inst|PC_reg[4] ; banco:banco_inst|registradores~173 ; DivisorFrequencia:Divisor_inst|clkSaida ; DivisorFrequencia:Divisor_inst|clkSaida ; 0.500        ; 0.368      ; 135.337    ;
; -134.468 ; PC:PC_inst|PC_reg[2] ; banco:banco_inst|registradores~114 ; DivisorFrequencia:Divisor_inst|clkSaida ; DivisorFrequencia:Divisor_inst|clkSaida ; 0.500        ; -0.044     ; 134.923    ;
; -134.467 ; PC:PC_inst|PC_reg[2] ; banco:banco_inst|registradores~252 ; DivisorFrequencia:Divisor_inst|clkSaida ; DivisorFrequencia:Divisor_inst|clkSaida ; 0.500        ; -0.038     ; 134.928    ;
+----------+----------------------+------------------------------------+-----------------------------------------+-----------------------------------------+--------------+------------+------------+


+--------------------------------------------------------------------------------------------------------------------------------------------------------------------------+
; Slow 1200mV 0C Model Setup: 'clk_50'                                                                                                                                     ;
+--------+---------------------------------------------+---------------------------------------------+--------------+-------------+--------------+------------+------------+
; Slack  ; From Node                                   ; To Node                                     ; Launch Clock ; Latch Clock ; Relationship ; Clock Skew ; Data Delay ;
+--------+---------------------------------------------+---------------------------------------------+--------------+-------------+--------------+------------+------------+
; -3.154 ; DivisorFrequencia:Divisor_inst|contador[15] ; DivisorFrequencia:Divisor_inst|clkSaida     ; clk_50       ; clk_50      ; 1.000        ; -0.070     ; 4.083      ;
; -3.149 ; DivisorFrequencia:Divisor_inst|contador[12] ; DivisorFrequencia:Divisor_inst|clkSaida     ; clk_50       ; clk_50      ; 1.000        ; -0.070     ; 4.078      ;
; -3.073 ; DivisorFrequencia:Divisor_inst|contador[23] ; DivisorFrequencia:Divisor_inst|clkSaida     ; clk_50       ; clk_50      ; 1.000        ; -0.070     ; 4.002      ;
; -3.066 ; DivisorFrequencia:Divisor_inst|contador[21] ; DivisorFrequencia:Divisor_inst|clkSaida     ; clk_50       ; clk_50      ; 1.000        ; -0.070     ; 3.995      ;
; -3.046 ; DivisorFrequencia:Divisor_inst|contador[2]  ; DivisorFrequencia:Divisor_inst|clkSaida     ; clk_50       ; clk_50      ; 1.000        ; -0.071     ; 3.974      ;
; -3.036 ; DivisorFrequencia:Divisor_inst|contador[22] ; DivisorFrequencia:Divisor_inst|clkSaida     ; clk_50       ; clk_50      ; 1.000        ; -0.070     ; 3.965      ;
; -3.003 ; DivisorFrequencia:Divisor_inst|contador[6]  ; DivisorFrequencia:Divisor_inst|clkSaida     ; clk_50       ; clk_50      ; 1.000        ; -0.071     ; 3.931      ;
; -2.994 ; DivisorFrequencia:Divisor_inst|contador[14] ; DivisorFrequencia:Divisor_inst|clkSaida     ; clk_50       ; clk_50      ; 1.000        ; -0.070     ; 3.923      ;
; -2.975 ; DivisorFrequencia:Divisor_inst|contador[4]  ; DivisorFrequencia:Divisor_inst|clkSaida     ; clk_50       ; clk_50      ; 1.000        ; -0.071     ; 3.903      ;
; -2.960 ; DivisorFrequencia:Divisor_inst|contador[18] ; DivisorFrequencia:Divisor_inst|clkSaida     ; clk_50       ; clk_50      ; 1.000        ; -0.070     ; 3.889      ;
; -2.956 ; DivisorFrequencia:Divisor_inst|contador[5]  ; DivisorFrequencia:Divisor_inst|clkSaida     ; clk_50       ; clk_50      ; 1.000        ; -0.071     ; 3.884      ;
; -2.953 ; DivisorFrequencia:Divisor_inst|contador[19] ; DivisorFrequencia:Divisor_inst|clkSaida     ; clk_50       ; clk_50      ; 1.000        ; -0.070     ; 3.882      ;
; -2.927 ; DivisorFrequencia:Divisor_inst|contador[3]  ; DivisorFrequencia:Divisor_inst|clkSaida     ; clk_50       ; clk_50      ; 1.000        ; -0.071     ; 3.855      ;
; -2.897 ; DivisorFrequencia:Divisor_inst|contador[7]  ; DivisorFrequencia:Divisor_inst|clkSaida     ; clk_50       ; clk_50      ; 1.000        ; -0.071     ; 3.825      ;
; -2.888 ; DivisorFrequencia:Divisor_inst|contador[0]  ; DivisorFrequencia:Divisor_inst|clkSaida     ; clk_50       ; clk_50      ; 1.000        ; -0.071     ; 3.816      ;
; -2.884 ; DivisorFrequencia:Divisor_inst|contador[13] ; DivisorFrequencia:Divisor_inst|clkSaida     ; clk_50       ; clk_50      ; 1.000        ; -0.070     ; 3.813      ;
; -2.803 ; DivisorFrequencia:Divisor_inst|contador[20] ; DivisorFrequencia:Divisor_inst|clkSaida     ; clk_50       ; clk_50      ; 1.000        ; -0.070     ; 3.732      ;
; -2.799 ; DivisorFrequencia:Divisor_inst|contador[16] ; DivisorFrequencia:Divisor_inst|clkSaida     ; clk_50       ; clk_50      ; 1.000        ; -0.070     ; 3.728      ;
; -2.782 ; DivisorFrequencia:Divisor_inst|contador[8]  ; DivisorFrequencia:Divisor_inst|clkSaida     ; clk_50       ; clk_50      ; 1.000        ; -0.071     ; 3.710      ;
; -2.758 ; DivisorFrequencia:Divisor_inst|contador[11] ; DivisorFrequencia:Divisor_inst|clkSaida     ; clk_50       ; clk_50      ; 1.000        ; -0.071     ; 3.686      ;
; -2.724 ; DivisorFrequencia:Divisor_inst|contador[10] ; DivisorFrequencia:Divisor_inst|clkSaida     ; clk_50       ; clk_50      ; 1.000        ; -0.071     ; 3.652      ;
; -2.691 ; DivisorFrequencia:Divisor_inst|contador[17] ; DivisorFrequencia:Divisor_inst|clkSaida     ; clk_50       ; clk_50      ; 1.000        ; -0.070     ; 3.620      ;
; -2.686 ; DivisorFrequencia:Divisor_inst|contador[9]  ; DivisorFrequencia:Divisor_inst|clkSaida     ; clk_50       ; clk_50      ; 1.000        ; -0.071     ; 3.614      ;
; -2.680 ; DivisorFrequencia:Divisor_inst|contador[1]  ; DivisorFrequencia:Divisor_inst|clkSaida     ; clk_50       ; clk_50      ; 1.000        ; -0.071     ; 3.608      ;
; -2.618 ; DivisorFrequencia:Divisor_inst|contador[24] ; DivisorFrequencia:Divisor_inst|clkSaida     ; clk_50       ; clk_50      ; 1.000        ; -0.070     ; 3.547      ;
; -1.924 ; DivisorFrequencia:Divisor_inst|contador[1]  ; DivisorFrequencia:Divisor_inst|contador[24] ; clk_50       ; clk_50      ; 1.000        ; -0.073     ; 2.850      ;
; -1.858 ; DivisorFrequencia:Divisor_inst|contador[15] ; DivisorFrequencia:Divisor_inst|contador[0]  ; clk_50       ; clk_50      ; 1.000        ; -0.071     ; 2.786      ;
; -1.858 ; DivisorFrequencia:Divisor_inst|contador[15] ; DivisorFrequencia:Divisor_inst|contador[1]  ; clk_50       ; clk_50      ; 1.000        ; -0.071     ; 2.786      ;
; -1.858 ; DivisorFrequencia:Divisor_inst|contador[15] ; DivisorFrequencia:Divisor_inst|contador[4]  ; clk_50       ; clk_50      ; 1.000        ; -0.071     ; 2.786      ;
; -1.858 ; DivisorFrequencia:Divisor_inst|contador[15] ; DivisorFrequencia:Divisor_inst|contador[5]  ; clk_50       ; clk_50      ; 1.000        ; -0.071     ; 2.786      ;
; -1.853 ; DivisorFrequencia:Divisor_inst|contador[12] ; DivisorFrequencia:Divisor_inst|contador[0]  ; clk_50       ; clk_50      ; 1.000        ; -0.071     ; 2.781      ;
; -1.853 ; DivisorFrequencia:Divisor_inst|contador[12] ; DivisorFrequencia:Divisor_inst|contador[1]  ; clk_50       ; clk_50      ; 1.000        ; -0.071     ; 2.781      ;
; -1.853 ; DivisorFrequencia:Divisor_inst|contador[12] ; DivisorFrequencia:Divisor_inst|contador[4]  ; clk_50       ; clk_50      ; 1.000        ; -0.071     ; 2.781      ;
; -1.853 ; DivisorFrequencia:Divisor_inst|contador[12] ; DivisorFrequencia:Divisor_inst|contador[5]  ; clk_50       ; clk_50      ; 1.000        ; -0.071     ; 2.781      ;
; -1.850 ; DivisorFrequencia:Divisor_inst|contador[0]  ; DivisorFrequencia:Divisor_inst|contador[24] ; clk_50       ; clk_50      ; 1.000        ; -0.073     ; 2.776      ;
; -1.823 ; DivisorFrequencia:Divisor_inst|contador[0]  ; DivisorFrequencia:Divisor_inst|contador[23] ; clk_50       ; clk_50      ; 1.000        ; -0.073     ; 2.749      ;
; -1.809 ; DivisorFrequencia:Divisor_inst|contador[3]  ; DivisorFrequencia:Divisor_inst|contador[24] ; clk_50       ; clk_50      ; 1.000        ; -0.073     ; 2.735      ;
; -1.808 ; DivisorFrequencia:Divisor_inst|contador[1]  ; DivisorFrequencia:Divisor_inst|contador[22] ; clk_50       ; clk_50      ; 1.000        ; -0.073     ; 2.734      ;
; -1.779 ; DivisorFrequencia:Divisor_inst|contador[1]  ; DivisorFrequencia:Divisor_inst|contador[23] ; clk_50       ; clk_50      ; 1.000        ; -0.073     ; 2.705      ;
; -1.777 ; DivisorFrequencia:Divisor_inst|contador[23] ; DivisorFrequencia:Divisor_inst|contador[0]  ; clk_50       ; clk_50      ; 1.000        ; -0.071     ; 2.705      ;
; -1.777 ; DivisorFrequencia:Divisor_inst|contador[23] ; DivisorFrequencia:Divisor_inst|contador[1]  ; clk_50       ; clk_50      ; 1.000        ; -0.071     ; 2.705      ;
; -1.777 ; DivisorFrequencia:Divisor_inst|contador[23] ; DivisorFrequencia:Divisor_inst|contador[4]  ; clk_50       ; clk_50      ; 1.000        ; -0.071     ; 2.705      ;
; -1.777 ; DivisorFrequencia:Divisor_inst|contador[23] ; DivisorFrequencia:Divisor_inst|contador[5]  ; clk_50       ; clk_50      ; 1.000        ; -0.071     ; 2.705      ;
; -1.770 ; DivisorFrequencia:Divisor_inst|contador[21] ; DivisorFrequencia:Divisor_inst|contador[0]  ; clk_50       ; clk_50      ; 1.000        ; -0.071     ; 2.698      ;
; -1.770 ; DivisorFrequencia:Divisor_inst|contador[21] ; DivisorFrequencia:Divisor_inst|contador[1]  ; clk_50       ; clk_50      ; 1.000        ; -0.071     ; 2.698      ;
; -1.770 ; DivisorFrequencia:Divisor_inst|contador[21] ; DivisorFrequencia:Divisor_inst|contador[4]  ; clk_50       ; clk_50      ; 1.000        ; -0.071     ; 2.698      ;
; -1.770 ; DivisorFrequencia:Divisor_inst|contador[21] ; DivisorFrequencia:Divisor_inst|contador[5]  ; clk_50       ; clk_50      ; 1.000        ; -0.071     ; 2.698      ;
; -1.740 ; DivisorFrequencia:Divisor_inst|contador[22] ; DivisorFrequencia:Divisor_inst|contador[0]  ; clk_50       ; clk_50      ; 1.000        ; -0.071     ; 2.668      ;
; -1.740 ; DivisorFrequencia:Divisor_inst|contador[22] ; DivisorFrequencia:Divisor_inst|contador[1]  ; clk_50       ; clk_50      ; 1.000        ; -0.071     ; 2.668      ;
; -1.740 ; DivisorFrequencia:Divisor_inst|contador[22] ; DivisorFrequencia:Divisor_inst|contador[4]  ; clk_50       ; clk_50      ; 1.000        ; -0.071     ; 2.668      ;
; -1.740 ; DivisorFrequencia:Divisor_inst|contador[22] ; DivisorFrequencia:Divisor_inst|contador[5]  ; clk_50       ; clk_50      ; 1.000        ; -0.071     ; 2.668      ;
; -1.734 ; DivisorFrequencia:Divisor_inst|contador[2]  ; DivisorFrequencia:Divisor_inst|contador[24] ; clk_50       ; clk_50      ; 1.000        ; -0.073     ; 2.660      ;
; -1.734 ; DivisorFrequencia:Divisor_inst|contador[0]  ; DivisorFrequencia:Divisor_inst|contador[22] ; clk_50       ; clk_50      ; 1.000        ; -0.073     ; 2.660      ;
; -1.725 ; DivisorFrequencia:Divisor_inst|contador[2]  ; DivisorFrequencia:Divisor_inst|contador[0]  ; clk_50       ; clk_50      ; 1.000        ; -0.072     ; 2.652      ;
; -1.725 ; DivisorFrequencia:Divisor_inst|contador[2]  ; DivisorFrequencia:Divisor_inst|contador[1]  ; clk_50       ; clk_50      ; 1.000        ; -0.072     ; 2.652      ;
; -1.725 ; DivisorFrequencia:Divisor_inst|contador[2]  ; DivisorFrequencia:Divisor_inst|contador[4]  ; clk_50       ; clk_50      ; 1.000        ; -0.072     ; 2.652      ;
; -1.725 ; DivisorFrequencia:Divisor_inst|contador[2]  ; DivisorFrequencia:Divisor_inst|contador[5]  ; clk_50       ; clk_50      ; 1.000        ; -0.072     ; 2.652      ;
; -1.707 ; DivisorFrequencia:Divisor_inst|contador[0]  ; DivisorFrequencia:Divisor_inst|contador[21] ; clk_50       ; clk_50      ; 1.000        ; -0.073     ; 2.633      ;
; -1.707 ; DivisorFrequencia:Divisor_inst|contador[2]  ; DivisorFrequencia:Divisor_inst|contador[23] ; clk_50       ; clk_50      ; 1.000        ; -0.073     ; 2.633      ;
; -1.698 ; DivisorFrequencia:Divisor_inst|contador[14] ; DivisorFrequencia:Divisor_inst|contador[0]  ; clk_50       ; clk_50      ; 1.000        ; -0.071     ; 2.626      ;
; -1.698 ; DivisorFrequencia:Divisor_inst|contador[14] ; DivisorFrequencia:Divisor_inst|contador[1]  ; clk_50       ; clk_50      ; 1.000        ; -0.071     ; 2.626      ;
; -1.698 ; DivisorFrequencia:Divisor_inst|contador[14] ; DivisorFrequencia:Divisor_inst|contador[4]  ; clk_50       ; clk_50      ; 1.000        ; -0.071     ; 2.626      ;
; -1.698 ; DivisorFrequencia:Divisor_inst|contador[14] ; DivisorFrequencia:Divisor_inst|contador[5]  ; clk_50       ; clk_50      ; 1.000        ; -0.071     ; 2.626      ;
; -1.693 ; DivisorFrequencia:Divisor_inst|contador[5]  ; DivisorFrequencia:Divisor_inst|contador[24] ; clk_50       ; clk_50      ; 1.000        ; -0.073     ; 2.619      ;
; -1.693 ; DivisorFrequencia:Divisor_inst|contador[3]  ; DivisorFrequencia:Divisor_inst|contador[22] ; clk_50       ; clk_50      ; 1.000        ; -0.073     ; 2.619      ;
; -1.692 ; DivisorFrequencia:Divisor_inst|contador[1]  ; DivisorFrequencia:Divisor_inst|contador[20] ; clk_50       ; clk_50      ; 1.000        ; -0.073     ; 2.618      ;
; -1.682 ; DivisorFrequencia:Divisor_inst|contador[6]  ; DivisorFrequencia:Divisor_inst|contador[0]  ; clk_50       ; clk_50      ; 1.000        ; -0.072     ; 2.609      ;
; -1.682 ; DivisorFrequencia:Divisor_inst|contador[6]  ; DivisorFrequencia:Divisor_inst|contador[1]  ; clk_50       ; clk_50      ; 1.000        ; -0.072     ; 2.609      ;
; -1.682 ; DivisorFrequencia:Divisor_inst|contador[6]  ; DivisorFrequencia:Divisor_inst|contador[4]  ; clk_50       ; clk_50      ; 1.000        ; -0.072     ; 2.609      ;
; -1.682 ; DivisorFrequencia:Divisor_inst|contador[6]  ; DivisorFrequencia:Divisor_inst|contador[5]  ; clk_50       ; clk_50      ; 1.000        ; -0.072     ; 2.609      ;
; -1.664 ; DivisorFrequencia:Divisor_inst|contador[18] ; DivisorFrequencia:Divisor_inst|contador[0]  ; clk_50       ; clk_50      ; 1.000        ; -0.071     ; 2.592      ;
; -1.664 ; DivisorFrequencia:Divisor_inst|contador[18] ; DivisorFrequencia:Divisor_inst|contador[1]  ; clk_50       ; clk_50      ; 1.000        ; -0.071     ; 2.592      ;
; -1.664 ; DivisorFrequencia:Divisor_inst|contador[18] ; DivisorFrequencia:Divisor_inst|contador[4]  ; clk_50       ; clk_50      ; 1.000        ; -0.071     ; 2.592      ;
; -1.664 ; DivisorFrequencia:Divisor_inst|contador[18] ; DivisorFrequencia:Divisor_inst|contador[5]  ; clk_50       ; clk_50      ; 1.000        ; -0.071     ; 2.592      ;
; -1.664 ; DivisorFrequencia:Divisor_inst|contador[3]  ; DivisorFrequencia:Divisor_inst|contador[23] ; clk_50       ; clk_50      ; 1.000        ; -0.073     ; 2.590      ;
; -1.663 ; DivisorFrequencia:Divisor_inst|contador[1]  ; DivisorFrequencia:Divisor_inst|contador[21] ; clk_50       ; clk_50      ; 1.000        ; -0.073     ; 2.589      ;
; -1.657 ; DivisorFrequencia:Divisor_inst|contador[19] ; DivisorFrequencia:Divisor_inst|contador[0]  ; clk_50       ; clk_50      ; 1.000        ; -0.071     ; 2.585      ;
; -1.657 ; DivisorFrequencia:Divisor_inst|contador[19] ; DivisorFrequencia:Divisor_inst|contador[1]  ; clk_50       ; clk_50      ; 1.000        ; -0.071     ; 2.585      ;
; -1.657 ; DivisorFrequencia:Divisor_inst|contador[19] ; DivisorFrequencia:Divisor_inst|contador[4]  ; clk_50       ; clk_50      ; 1.000        ; -0.071     ; 2.585      ;
; -1.657 ; DivisorFrequencia:Divisor_inst|contador[19] ; DivisorFrequencia:Divisor_inst|contador[5]  ; clk_50       ; clk_50      ; 1.000        ; -0.071     ; 2.585      ;
; -1.654 ; DivisorFrequencia:Divisor_inst|contador[4]  ; DivisorFrequencia:Divisor_inst|contador[0]  ; clk_50       ; clk_50      ; 1.000        ; -0.072     ; 2.581      ;
; -1.654 ; DivisorFrequencia:Divisor_inst|contador[4]  ; DivisorFrequencia:Divisor_inst|contador[1]  ; clk_50       ; clk_50      ; 1.000        ; -0.072     ; 2.581      ;
; -1.654 ; DivisorFrequencia:Divisor_inst|contador[4]  ; DivisorFrequencia:Divisor_inst|contador[4]  ; clk_50       ; clk_50      ; 1.000        ; -0.072     ; 2.581      ;
; -1.654 ; DivisorFrequencia:Divisor_inst|contador[4]  ; DivisorFrequencia:Divisor_inst|contador[5]  ; clk_50       ; clk_50      ; 1.000        ; -0.072     ; 2.581      ;
; -1.635 ; DivisorFrequencia:Divisor_inst|contador[5]  ; DivisorFrequencia:Divisor_inst|contador[0]  ; clk_50       ; clk_50      ; 1.000        ; -0.072     ; 2.562      ;
; -1.635 ; DivisorFrequencia:Divisor_inst|contador[5]  ; DivisorFrequencia:Divisor_inst|contador[1]  ; clk_50       ; clk_50      ; 1.000        ; -0.072     ; 2.562      ;
; -1.635 ; DivisorFrequencia:Divisor_inst|contador[5]  ; DivisorFrequencia:Divisor_inst|contador[4]  ; clk_50       ; clk_50      ; 1.000        ; -0.072     ; 2.562      ;
; -1.635 ; DivisorFrequencia:Divisor_inst|contador[5]  ; DivisorFrequencia:Divisor_inst|contador[5]  ; clk_50       ; clk_50      ; 1.000        ; -0.072     ; 2.562      ;
; -1.618 ; DivisorFrequencia:Divisor_inst|contador[2]  ; DivisorFrequencia:Divisor_inst|contador[22] ; clk_50       ; clk_50      ; 1.000        ; -0.073     ; 2.544      ;
; -1.618 ; DivisorFrequencia:Divisor_inst|contador[0]  ; DivisorFrequencia:Divisor_inst|contador[20] ; clk_50       ; clk_50      ; 1.000        ; -0.073     ; 2.544      ;
; -1.614 ; DivisorFrequencia:Divisor_inst|contador[4]  ; DivisorFrequencia:Divisor_inst|contador[24] ; clk_50       ; clk_50      ; 1.000        ; -0.073     ; 2.540      ;
; -1.606 ; DivisorFrequencia:Divisor_inst|contador[3]  ; DivisorFrequencia:Divisor_inst|contador[0]  ; clk_50       ; clk_50      ; 1.000        ; -0.072     ; 2.533      ;
; -1.606 ; DivisorFrequencia:Divisor_inst|contador[3]  ; DivisorFrequencia:Divisor_inst|contador[1]  ; clk_50       ; clk_50      ; 1.000        ; -0.072     ; 2.533      ;
; -1.606 ; DivisorFrequencia:Divisor_inst|contador[3]  ; DivisorFrequencia:Divisor_inst|contador[4]  ; clk_50       ; clk_50      ; 1.000        ; -0.072     ; 2.533      ;
; -1.606 ; DivisorFrequencia:Divisor_inst|contador[3]  ; DivisorFrequencia:Divisor_inst|contador[5]  ; clk_50       ; clk_50      ; 1.000        ; -0.072     ; 2.533      ;
; -1.596 ; DivisorFrequencia:Divisor_inst|contador[4]  ; DivisorFrequencia:Divisor_inst|contador[23] ; clk_50       ; clk_50      ; 1.000        ; -0.073     ; 2.522      ;
; -1.591 ; DivisorFrequencia:Divisor_inst|contador[0]  ; DivisorFrequencia:Divisor_inst|contador[19] ; clk_50       ; clk_50      ; 1.000        ; -0.073     ; 2.517      ;
; -1.591 ; DivisorFrequencia:Divisor_inst|contador[2]  ; DivisorFrequencia:Divisor_inst|contador[21] ; clk_50       ; clk_50      ; 1.000        ; -0.073     ; 2.517      ;
; -1.588 ; DivisorFrequencia:Divisor_inst|contador[13] ; DivisorFrequencia:Divisor_inst|contador[0]  ; clk_50       ; clk_50      ; 1.000        ; -0.071     ; 2.516      ;
; -1.588 ; DivisorFrequencia:Divisor_inst|contador[13] ; DivisorFrequencia:Divisor_inst|contador[1]  ; clk_50       ; clk_50      ; 1.000        ; -0.071     ; 2.516      ;
+--------+---------------------------------------------+---------------------------------------------+--------------+-------------+--------------+------------+------------+


+-------------------------------------------------------------------------------------------------------------------------------------------------------------------------+
; Slow 1200mV 0C Model Hold: 'clk_50'                                                                                                                                     ;
+-------+---------------------------------------------+---------------------------------------------+--------------+-------------+--------------+------------+------------+
; Slack ; From Node                                   ; To Node                                     ; Launch Clock ; Latch Clock ; Relationship ; Clock Skew ; Data Delay ;
+-------+---------------------------------------------+---------------------------------------------+--------------+-------------+--------------+------------+------------+
; 0.400 ; DivisorFrequencia:Divisor_inst|contador[24] ; DivisorFrequencia:Divisor_inst|contador[24] ; clk_50       ; clk_50      ; 0.000        ; 0.072      ; 0.643      ;
; 0.586 ; DivisorFrequencia:Divisor_inst|contador[17] ; DivisorFrequencia:Divisor_inst|contador[17] ; clk_50       ; clk_50      ; 0.000        ; 0.072      ; 0.829      ;
; 0.586 ; DivisorFrequencia:Divisor_inst|contador[15] ; DivisorFrequencia:Divisor_inst|contador[15] ; clk_50       ; clk_50      ; 0.000        ; 0.072      ; 0.829      ;
; 0.587 ; DivisorFrequencia:Divisor_inst|contador[13] ; DivisorFrequencia:Divisor_inst|contador[13] ; clk_50       ; clk_50      ; 0.000        ; 0.072      ; 0.830      ;
; 0.588 ; DivisorFrequencia:Divisor_inst|contador[23] ; DivisorFrequencia:Divisor_inst|contador[23] ; clk_50       ; clk_50      ; 0.000        ; 0.072      ; 0.831      ;
; 0.588 ; DivisorFrequencia:Divisor_inst|contador[18] ; DivisorFrequencia:Divisor_inst|contador[18] ; clk_50       ; clk_50      ; 0.000        ; 0.072      ; 0.831      ;
; 0.589 ; DivisorFrequencia:Divisor_inst|contador[12] ; DivisorFrequencia:Divisor_inst|contador[12] ; clk_50       ; clk_50      ; 0.000        ; 0.072      ; 0.832      ;
; 0.590 ; DivisorFrequencia:Divisor_inst|contador[21] ; DivisorFrequencia:Divisor_inst|contador[21] ; clk_50       ; clk_50      ; 0.000        ; 0.072      ; 0.833      ;
; 0.590 ; DivisorFrequencia:Divisor_inst|contador[19] ; DivisorFrequencia:Divisor_inst|contador[19] ; clk_50       ; clk_50      ; 0.000        ; 0.072      ; 0.833      ;
; 0.590 ; DivisorFrequencia:Divisor_inst|contador[14] ; DivisorFrequencia:Divisor_inst|contador[14] ; clk_50       ; clk_50      ; 0.000        ; 0.072      ; 0.833      ;
; 0.591 ; DivisorFrequencia:Divisor_inst|contador[16] ; DivisorFrequencia:Divisor_inst|contador[16] ; clk_50       ; clk_50      ; 0.000        ; 0.072      ; 0.834      ;
; 0.592 ; DivisorFrequencia:Divisor_inst|contador[20] ; DivisorFrequencia:Divisor_inst|contador[20] ; clk_50       ; clk_50      ; 0.000        ; 0.072      ; 0.835      ;
; 0.598 ; DivisorFrequencia:Divisor_inst|contador[11] ; DivisorFrequencia:Divisor_inst|contador[11] ; clk_50       ; clk_50      ; 0.000        ; 0.072      ; 0.841      ;
; 0.598 ; DivisorFrequencia:Divisor_inst|contador[9]  ; DivisorFrequencia:Divisor_inst|contador[9]  ; clk_50       ; clk_50      ; 0.000        ; 0.072      ; 0.841      ;
; 0.599 ; DivisorFrequencia:Divisor_inst|contador[7]  ; DivisorFrequencia:Divisor_inst|contador[7]  ; clk_50       ; clk_50      ; 0.000        ; 0.072      ; 0.842      ;
; 0.600 ; DivisorFrequencia:Divisor_inst|contador[2]  ; DivisorFrequencia:Divisor_inst|contador[2]  ; clk_50       ; clk_50      ; 0.000        ; 0.072      ; 0.843      ;
; 0.602 ; DivisorFrequencia:Divisor_inst|contador[3]  ; DivisorFrequencia:Divisor_inst|contador[3]  ; clk_50       ; clk_50      ; 0.000        ; 0.072      ; 0.845      ;
; 0.603 ; DivisorFrequencia:Divisor_inst|contador[10] ; DivisorFrequencia:Divisor_inst|contador[10] ; clk_50       ; clk_50      ; 0.000        ; 0.072      ; 0.846      ;
; 0.604 ; DivisorFrequencia:Divisor_inst|contador[8]  ; DivisorFrequencia:Divisor_inst|contador[8]  ; clk_50       ; clk_50      ; 0.000        ; 0.072      ; 0.847      ;
; 0.604 ; DivisorFrequencia:Divisor_inst|contador[6]  ; DivisorFrequencia:Divisor_inst|contador[6]  ; clk_50       ; clk_50      ; 0.000        ; 0.072      ; 0.847      ;
; 0.751 ; DivisorFrequencia:Divisor_inst|contador[22] ; DivisorFrequencia:Divisor_inst|contador[22] ; clk_50       ; clk_50      ; 0.000        ; 0.072      ; 0.994      ;
; 0.872 ; DivisorFrequencia:Divisor_inst|contador[17] ; DivisorFrequencia:Divisor_inst|contador[18] ; clk_50       ; clk_50      ; 0.000        ; 0.072      ; 1.115      ;
; 0.872 ; DivisorFrequencia:Divisor_inst|contador[15] ; DivisorFrequencia:Divisor_inst|contador[16] ; clk_50       ; clk_50      ; 0.000        ; 0.072      ; 1.115      ;
; 0.874 ; DivisorFrequencia:Divisor_inst|contador[23] ; DivisorFrequencia:Divisor_inst|contador[24] ; clk_50       ; clk_50      ; 0.000        ; 0.072      ; 1.117      ;
; 0.874 ; DivisorFrequencia:Divisor_inst|contador[13] ; DivisorFrequencia:Divisor_inst|contador[14] ; clk_50       ; clk_50      ; 0.000        ; 0.072      ; 1.117      ;
; 0.876 ; DivisorFrequencia:Divisor_inst|contador[18] ; DivisorFrequencia:Divisor_inst|contador[19] ; clk_50       ; clk_50      ; 0.000        ; 0.072      ; 1.119      ;
; 0.877 ; DivisorFrequencia:Divisor_inst|contador[19] ; DivisorFrequencia:Divisor_inst|contador[20] ; clk_50       ; clk_50      ; 0.000        ; 0.072      ; 1.120      ;
; 0.877 ; DivisorFrequencia:Divisor_inst|contador[12] ; DivisorFrequencia:Divisor_inst|contador[13] ; clk_50       ; clk_50      ; 0.000        ; 0.072      ; 1.120      ;
; 0.877 ; DivisorFrequencia:Divisor_inst|contador[21] ; DivisorFrequencia:Divisor_inst|contador[22] ; clk_50       ; clk_50      ; 0.000        ; 0.072      ; 1.120      ;
; 0.878 ; DivisorFrequencia:Divisor_inst|contador[14] ; DivisorFrequencia:Divisor_inst|contador[15] ; clk_50       ; clk_50      ; 0.000        ; 0.072      ; 1.121      ;
; 0.879 ; DivisorFrequencia:Divisor_inst|contador[16] ; DivisorFrequencia:Divisor_inst|contador[17] ; clk_50       ; clk_50      ; 0.000        ; 0.072      ; 1.122      ;
; 0.880 ; DivisorFrequencia:Divisor_inst|contador[20] ; DivisorFrequencia:Divisor_inst|contador[21] ; clk_50       ; clk_50      ; 0.000        ; 0.072      ; 1.123      ;
; 0.884 ; DivisorFrequencia:Divisor_inst|contador[9]  ; DivisorFrequencia:Divisor_inst|contador[10] ; clk_50       ; clk_50      ; 0.000        ; 0.072      ; 1.127      ;
; 0.885 ; DivisorFrequencia:Divisor_inst|contador[11] ; DivisorFrequencia:Divisor_inst|contador[12] ; clk_50       ; clk_50      ; 0.000        ; 0.071      ; 1.127      ;
; 0.885 ; DivisorFrequencia:Divisor_inst|contador[7]  ; DivisorFrequencia:Divisor_inst|contador[8]  ; clk_50       ; clk_50      ; 0.000        ; 0.072      ; 1.128      ;
; 0.887 ; DivisorFrequencia:Divisor_inst|contador[18] ; DivisorFrequencia:Divisor_inst|contador[20] ; clk_50       ; clk_50      ; 0.000        ; 0.072      ; 1.130      ;
; 0.888 ; DivisorFrequencia:Divisor_inst|contador[2]  ; DivisorFrequencia:Divisor_inst|contador[3]  ; clk_50       ; clk_50      ; 0.000        ; 0.072      ; 1.131      ;
; 0.888 ; DivisorFrequencia:Divisor_inst|contador[12] ; DivisorFrequencia:Divisor_inst|contador[14] ; clk_50       ; clk_50      ; 0.000        ; 0.072      ; 1.131      ;
; 0.889 ; DivisorFrequencia:Divisor_inst|contador[1]  ; DivisorFrequencia:Divisor_inst|contador[2]  ; clk_50       ; clk_50      ; 0.000        ; 0.072      ; 1.132      ;
; 0.889 ; DivisorFrequencia:Divisor_inst|contador[14] ; DivisorFrequencia:Divisor_inst|contador[16] ; clk_50       ; clk_50      ; 0.000        ; 0.072      ; 1.132      ;
; 0.890 ; DivisorFrequencia:Divisor_inst|contador[5]  ; DivisorFrequencia:Divisor_inst|contador[6]  ; clk_50       ; clk_50      ; 0.000        ; 0.072      ; 1.133      ;
; 0.890 ; DivisorFrequencia:Divisor_inst|contador[16] ; DivisorFrequencia:Divisor_inst|contador[18] ; clk_50       ; clk_50      ; 0.000        ; 0.072      ; 1.133      ;
; 0.891 ; DivisorFrequencia:Divisor_inst|contador[10] ; DivisorFrequencia:Divisor_inst|contador[11] ; clk_50       ; clk_50      ; 0.000        ; 0.072      ; 1.134      ;
; 0.891 ; DivisorFrequencia:Divisor_inst|contador[20] ; DivisorFrequencia:Divisor_inst|contador[22] ; clk_50       ; clk_50      ; 0.000        ; 0.072      ; 1.134      ;
; 0.892 ; DivisorFrequencia:Divisor_inst|contador[8]  ; DivisorFrequencia:Divisor_inst|contador[9]  ; clk_50       ; clk_50      ; 0.000        ; 0.072      ; 1.135      ;
; 0.892 ; DivisorFrequencia:Divisor_inst|contador[6]  ; DivisorFrequencia:Divisor_inst|contador[7]  ; clk_50       ; clk_50      ; 0.000        ; 0.072      ; 1.135      ;
; 0.898 ; DivisorFrequencia:Divisor_inst|contador[0]  ; DivisorFrequencia:Divisor_inst|contador[2]  ; clk_50       ; clk_50      ; 0.000        ; 0.072      ; 1.141      ;
; 0.903 ; DivisorFrequencia:Divisor_inst|contador[8]  ; DivisorFrequencia:Divisor_inst|contador[10] ; clk_50       ; clk_50      ; 0.000        ; 0.072      ; 1.146      ;
; 0.903 ; DivisorFrequencia:Divisor_inst|contador[10] ; DivisorFrequencia:Divisor_inst|contador[12] ; clk_50       ; clk_50      ; 0.000        ; 0.071      ; 1.145      ;
; 0.903 ; DivisorFrequencia:Divisor_inst|contador[6]  ; DivisorFrequencia:Divisor_inst|contador[8]  ; clk_50       ; clk_50      ; 0.000        ; 0.072      ; 1.146      ;
; 0.904 ; DivisorFrequencia:Divisor_inst|contador[4]  ; DivisorFrequencia:Divisor_inst|contador[6]  ; clk_50       ; clk_50      ; 0.000        ; 0.072      ; 1.147      ;
; 0.971 ; DivisorFrequencia:Divisor_inst|contador[17] ; DivisorFrequencia:Divisor_inst|contador[19] ; clk_50       ; clk_50      ; 0.000        ; 0.072      ; 1.214      ;
; 0.971 ; DivisorFrequencia:Divisor_inst|contador[15] ; DivisorFrequencia:Divisor_inst|contador[17] ; clk_50       ; clk_50      ; 0.000        ; 0.072      ; 1.214      ;
; 0.973 ; DivisorFrequencia:Divisor_inst|contador[13] ; DivisorFrequencia:Divisor_inst|contador[15] ; clk_50       ; clk_50      ; 0.000        ; 0.072      ; 1.216      ;
; 0.976 ; DivisorFrequencia:Divisor_inst|contador[21] ; DivisorFrequencia:Divisor_inst|contador[23] ; clk_50       ; clk_50      ; 0.000        ; 0.072      ; 1.219      ;
; 0.976 ; DivisorFrequencia:Divisor_inst|contador[19] ; DivisorFrequencia:Divisor_inst|contador[21] ; clk_50       ; clk_50      ; 0.000        ; 0.072      ; 1.219      ;
; 0.982 ; DivisorFrequencia:Divisor_inst|contador[17] ; DivisorFrequencia:Divisor_inst|contador[20] ; clk_50       ; clk_50      ; 0.000        ; 0.072      ; 1.225      ;
; 0.982 ; DivisorFrequencia:Divisor_inst|contador[15] ; DivisorFrequencia:Divisor_inst|contador[18] ; clk_50       ; clk_50      ; 0.000        ; 0.072      ; 1.225      ;
; 0.983 ; DivisorFrequencia:Divisor_inst|contador[9]  ; DivisorFrequencia:Divisor_inst|contador[11] ; clk_50       ; clk_50      ; 0.000        ; 0.072      ; 1.226      ;
; 0.984 ; DivisorFrequencia:Divisor_inst|contador[11] ; DivisorFrequencia:Divisor_inst|contador[13] ; clk_50       ; clk_50      ; 0.000        ; 0.071      ; 1.226      ;
; 0.984 ; DivisorFrequencia:Divisor_inst|contador[13] ; DivisorFrequencia:Divisor_inst|contador[16] ; clk_50       ; clk_50      ; 0.000        ; 0.072      ; 1.227      ;
; 0.984 ; DivisorFrequencia:Divisor_inst|contador[7]  ; DivisorFrequencia:Divisor_inst|contador[9]  ; clk_50       ; clk_50      ; 0.000        ; 0.072      ; 1.227      ;
; 0.986 ; DivisorFrequencia:Divisor_inst|contador[18] ; DivisorFrequencia:Divisor_inst|contador[21] ; clk_50       ; clk_50      ; 0.000        ; 0.072      ; 1.229      ;
; 0.987 ; DivisorFrequencia:Divisor_inst|contador[21] ; DivisorFrequencia:Divisor_inst|contador[24] ; clk_50       ; clk_50      ; 0.000        ; 0.072      ; 1.230      ;
; 0.987 ; DivisorFrequencia:Divisor_inst|contador[19] ; DivisorFrequencia:Divisor_inst|contador[22] ; clk_50       ; clk_50      ; 0.000        ; 0.072      ; 1.230      ;
; 0.987 ; DivisorFrequencia:Divisor_inst|contador[12] ; DivisorFrequencia:Divisor_inst|contador[15] ; clk_50       ; clk_50      ; 0.000        ; 0.072      ; 1.230      ;
; 0.988 ; DivisorFrequencia:Divisor_inst|contador[1]  ; DivisorFrequencia:Divisor_inst|contador[3]  ; clk_50       ; clk_50      ; 0.000        ; 0.072      ; 1.231      ;
; 0.988 ; DivisorFrequencia:Divisor_inst|contador[14] ; DivisorFrequencia:Divisor_inst|contador[17] ; clk_50       ; clk_50      ; 0.000        ; 0.072      ; 1.231      ;
; 0.989 ; DivisorFrequencia:Divisor_inst|contador[5]  ; DivisorFrequencia:Divisor_inst|contador[7]  ; clk_50       ; clk_50      ; 0.000        ; 0.072      ; 1.232      ;
; 0.989 ; DivisorFrequencia:Divisor_inst|contador[16] ; DivisorFrequencia:Divisor_inst|contador[19] ; clk_50       ; clk_50      ; 0.000        ; 0.072      ; 1.232      ;
; 0.990 ; DivisorFrequencia:Divisor_inst|contador[20] ; DivisorFrequencia:Divisor_inst|contador[23] ; clk_50       ; clk_50      ; 0.000        ; 0.072      ; 1.233      ;
; 0.995 ; DivisorFrequencia:Divisor_inst|contador[11] ; DivisorFrequencia:Divisor_inst|contador[14] ; clk_50       ; clk_50      ; 0.000        ; 0.071      ; 1.237      ;
; 0.995 ; DivisorFrequencia:Divisor_inst|contador[7]  ; DivisorFrequencia:Divisor_inst|contador[10] ; clk_50       ; clk_50      ; 0.000        ; 0.072      ; 1.238      ;
; 0.995 ; DivisorFrequencia:Divisor_inst|contador[9]  ; DivisorFrequencia:Divisor_inst|contador[12] ; clk_50       ; clk_50      ; 0.000        ; 0.071      ; 1.237      ;
; 0.997 ; DivisorFrequencia:Divisor_inst|contador[18] ; DivisorFrequencia:Divisor_inst|contador[22] ; clk_50       ; clk_50      ; 0.000        ; 0.072      ; 1.240      ;
; 0.997 ; DivisorFrequencia:Divisor_inst|contador[0]  ; DivisorFrequencia:Divisor_inst|contador[3]  ; clk_50       ; clk_50      ; 0.000        ; 0.072      ; 1.240      ;
; 0.998 ; DivisorFrequencia:Divisor_inst|contador[12] ; DivisorFrequencia:Divisor_inst|contador[16] ; clk_50       ; clk_50      ; 0.000        ; 0.072      ; 1.241      ;
; 0.999 ; DivisorFrequencia:Divisor_inst|contador[3]  ; DivisorFrequencia:Divisor_inst|contador[6]  ; clk_50       ; clk_50      ; 0.000        ; 0.072      ; 1.242      ;
; 0.999 ; DivisorFrequencia:Divisor_inst|contador[14] ; DivisorFrequencia:Divisor_inst|contador[18] ; clk_50       ; clk_50      ; 0.000        ; 0.072      ; 1.242      ;
; 1.000 ; DivisorFrequencia:Divisor_inst|contador[5]  ; DivisorFrequencia:Divisor_inst|contador[8]  ; clk_50       ; clk_50      ; 0.000        ; 0.072      ; 1.243      ;
; 1.000 ; DivisorFrequencia:Divisor_inst|contador[16] ; DivisorFrequencia:Divisor_inst|contador[20] ; clk_50       ; clk_50      ; 0.000        ; 0.072      ; 1.243      ;
; 1.001 ; DivisorFrequencia:Divisor_inst|contador[20] ; DivisorFrequencia:Divisor_inst|contador[24] ; clk_50       ; clk_50      ; 0.000        ; 0.072      ; 1.244      ;
; 1.002 ; DivisorFrequencia:Divisor_inst|contador[8]  ; DivisorFrequencia:Divisor_inst|contador[11] ; clk_50       ; clk_50      ; 0.000        ; 0.072      ; 1.245      ;
; 1.002 ; DivisorFrequencia:Divisor_inst|contador[10] ; DivisorFrequencia:Divisor_inst|contador[13] ; clk_50       ; clk_50      ; 0.000        ; 0.071      ; 1.244      ;
; 1.002 ; DivisorFrequencia:Divisor_inst|contador[6]  ; DivisorFrequencia:Divisor_inst|contador[9]  ; clk_50       ; clk_50      ; 0.000        ; 0.072      ; 1.245      ;
; 1.003 ; DivisorFrequencia:Divisor_inst|contador[4]  ; DivisorFrequencia:Divisor_inst|contador[7]  ; clk_50       ; clk_50      ; 0.000        ; 0.072      ; 1.246      ;
; 1.009 ; DivisorFrequencia:Divisor_inst|contador[2]  ; DivisorFrequencia:Divisor_inst|contador[6]  ; clk_50       ; clk_50      ; 0.000        ; 0.072      ; 1.252      ;
; 1.013 ; DivisorFrequencia:Divisor_inst|contador[10] ; DivisorFrequencia:Divisor_inst|contador[14] ; clk_50       ; clk_50      ; 0.000        ; 0.071      ; 1.255      ;
; 1.013 ; DivisorFrequencia:Divisor_inst|contador[6]  ; DivisorFrequencia:Divisor_inst|contador[10] ; clk_50       ; clk_50      ; 0.000        ; 0.072      ; 1.256      ;
; 1.014 ; DivisorFrequencia:Divisor_inst|contador[8]  ; DivisorFrequencia:Divisor_inst|contador[12] ; clk_50       ; clk_50      ; 0.000        ; 0.071      ; 1.256      ;
; 1.014 ; DivisorFrequencia:Divisor_inst|contador[4]  ; DivisorFrequencia:Divisor_inst|contador[8]  ; clk_50       ; clk_50      ; 0.000        ; 0.072      ; 1.257      ;
; 1.033 ; DivisorFrequencia:Divisor_inst|contador[22] ; DivisorFrequencia:Divisor_inst|contador[23] ; clk_50       ; clk_50      ; 0.000        ; 0.072      ; 1.276      ;
; 1.050 ; DivisorFrequencia:Divisor_inst|contador[22] ; DivisorFrequencia:Divisor_inst|contador[24] ; clk_50       ; clk_50      ; 0.000        ; 0.072      ; 1.293      ;
; 1.065 ; DivisorFrequencia:Divisor_inst|contador[0]  ; DivisorFrequencia:Divisor_inst|contador[0]  ; clk_50       ; clk_50      ; 0.000        ; 0.072      ; 1.308      ;
; 1.081 ; DivisorFrequencia:Divisor_inst|contador[17] ; DivisorFrequencia:Divisor_inst|contador[21] ; clk_50       ; clk_50      ; 0.000        ; 0.072      ; 1.324      ;
; 1.081 ; DivisorFrequencia:Divisor_inst|contador[15] ; DivisorFrequencia:Divisor_inst|contador[19] ; clk_50       ; clk_50      ; 0.000        ; 0.072      ; 1.324      ;
; 1.083 ; DivisorFrequencia:Divisor_inst|contador[13] ; DivisorFrequencia:Divisor_inst|contador[17] ; clk_50       ; clk_50      ; 0.000        ; 0.072      ; 1.326      ;
; 1.086 ; DivisorFrequencia:Divisor_inst|contador[19] ; DivisorFrequencia:Divisor_inst|contador[23] ; clk_50       ; clk_50      ; 0.000        ; 0.072      ; 1.329      ;
; 1.092 ; DivisorFrequencia:Divisor_inst|contador[17] ; DivisorFrequencia:Divisor_inst|contador[22] ; clk_50       ; clk_50      ; 0.000        ; 0.072      ; 1.335      ;
; 1.092 ; DivisorFrequencia:Divisor_inst|contador[15] ; DivisorFrequencia:Divisor_inst|contador[20] ; clk_50       ; clk_50      ; 0.000        ; 0.072      ; 1.335      ;
+-------+---------------------------------------------+---------------------------------------------+--------------+-------------+--------------+------------+------------+


+---------------------------------------------------------------------------------------------------------------------------------------------------------------------------------------------------------------------------------+
; Slow 1200mV 0C Model Hold: 'DivisorFrequencia:Divisor_inst|clkSaida'                                                                                                                                                            ;
+-------+---------------------------------------+----------------------------------------------------+-----------------------------------------+-----------------------------------------+--------------+------------+------------+
; Slack ; From Node                             ; To Node                                            ; Launch Clock                            ; Latch Clock                             ; Relationship ; Clock Skew ; Data Delay ;
+-------+---------------------------------------+----------------------------------------------------+-----------------------------------------+-----------------------------------------+--------------+------------+------------+
; 0.406 ; SP[5]                                 ; SP[5]                                              ; DivisorFrequencia:Divisor_inst|clkSaida ; DivisorFrequencia:Divisor_inst|clkSaida ; 0.000        ; 0.072      ; 0.649      ;
; 0.607 ; SP[3]                                 ; SP[3]                                              ; DivisorFrequencia:Divisor_inst|clkSaida ; DivisorFrequencia:Divisor_inst|clkSaida ; 0.000        ; 0.072      ; 0.850      ;
; 0.631 ; SP[0]                                 ; SP[0]                                              ; DivisorFrequencia:Divisor_inst|clkSaida ; DivisorFrequencia:Divisor_inst|clkSaida ; 0.000        ; 0.072      ; 0.874      ;
; 0.753 ; SP[4]                                 ; SP[4]                                              ; DivisorFrequencia:Divisor_inst|clkSaida ; DivisorFrequencia:Divisor_inst|clkSaida ; 0.000        ; 0.072      ; 0.996      ;
; 0.765 ; SP[2]                                 ; SP[2]                                              ; DivisorFrequencia:Divisor_inst|clkSaida ; DivisorFrequencia:Divisor_inst|clkSaida ; 0.000        ; 0.072      ; 1.008      ;
; 0.821 ; SP[1]                                 ; SP[1]                                              ; DivisorFrequencia:Divisor_inst|clkSaida ; DivisorFrequencia:Divisor_inst|clkSaida ; 0.000        ; 0.072      ; 1.064      ;
; 0.892 ; SP[3]                                 ; SP[4]                                              ; DivisorFrequencia:Divisor_inst|clkSaida ; DivisorFrequencia:Divisor_inst|clkSaida ; 0.000        ; 0.072      ; 1.135      ;
; 0.898 ; SP[0]                                 ; SP[1]                                              ; DivisorFrequencia:Divisor_inst|clkSaida ; DivisorFrequencia:Divisor_inst|clkSaida ; 0.000        ; 0.072      ; 1.141      ;
; 0.909 ; SP[0]                                 ; SP[2]                                              ; DivisorFrequencia:Divisor_inst|clkSaida ; DivisorFrequencia:Divisor_inst|clkSaida ; 0.000        ; 0.072      ; 1.152      ;
; 0.991 ; SP[3]                                 ; SP[5]                                              ; DivisorFrequencia:Divisor_inst|clkSaida ; DivisorFrequencia:Divisor_inst|clkSaida ; 0.000        ; 0.072      ; 1.234      ;
; 1.008 ; SP[0]                                 ; SP[3]                                              ; DivisorFrequencia:Divisor_inst|clkSaida ; DivisorFrequencia:Divisor_inst|clkSaida ; 0.000        ; 0.072      ; 1.251      ;
; 1.019 ; SP[0]                                 ; SP[4]                                              ; DivisorFrequencia:Divisor_inst|clkSaida ; DivisorFrequencia:Divisor_inst|clkSaida ; 0.000        ; 0.072      ; 1.262      ;
; 1.042 ; SP[4]                                 ; SP[5]                                              ; DivisorFrequencia:Divisor_inst|clkSaida ; DivisorFrequencia:Divisor_inst|clkSaida ; 0.000        ; 0.072      ; 1.285      ;
; 1.054 ; SP[2]                                 ; SP[3]                                              ; DivisorFrequencia:Divisor_inst|clkSaida ; DivisorFrequencia:Divisor_inst|clkSaida ; 0.000        ; 0.072      ; 1.297      ;
; 1.065 ; SP[2]                                 ; SP[4]                                              ; DivisorFrequencia:Divisor_inst|clkSaida ; DivisorFrequencia:Divisor_inst|clkSaida ; 0.000        ; 0.072      ; 1.308      ;
; 1.106 ; SP[1]                                 ; SP[2]                                              ; DivisorFrequencia:Divisor_inst|clkSaida ; DivisorFrequencia:Divisor_inst|clkSaida ; 0.000        ; 0.072      ; 1.349      ;
; 1.118 ; SP[0]                                 ; SP[5]                                              ; DivisorFrequencia:Divisor_inst|clkSaida ; DivisorFrequencia:Divisor_inst|clkSaida ; 0.000        ; 0.072      ; 1.361      ;
; 1.156 ; SP[1]                                 ; SP[3]                                              ; DivisorFrequencia:Divisor_inst|clkSaida ; DivisorFrequencia:Divisor_inst|clkSaida ; 0.000        ; 0.072      ; 1.399      ;
; 1.164 ; SP[2]                                 ; SP[5]                                              ; DivisorFrequencia:Divisor_inst|clkSaida ; DivisorFrequencia:Divisor_inst|clkSaida ; 0.000        ; 0.072      ; 1.407      ;
; 1.216 ; SP[1]                                 ; SP[4]                                              ; DivisorFrequencia:Divisor_inst|clkSaida ; DivisorFrequencia:Divisor_inst|clkSaida ; 0.000        ; 0.072      ; 1.459      ;
; 1.266 ; SP[1]                                 ; SP[5]                                              ; DivisorFrequencia:Divisor_inst|clkSaida ; DivisorFrequencia:Divisor_inst|clkSaida ; 0.000        ; 0.072      ; 1.509      ;
; 1.419 ; PC:PC_inst|PC_reg[27]                 ; PC:PC_inst|PC_reg[27]                              ; DivisorFrequencia:Divisor_inst|clkSaida ; DivisorFrequencia:Divisor_inst|clkSaida ; 0.000        ; 0.087      ; 1.677      ;
; 1.437 ; PC:PC_inst|PC_reg[11]                 ; PC:PC_inst|PC_reg[11]                              ; DivisorFrequencia:Divisor_inst|clkSaida ; DivisorFrequencia:Divisor_inst|clkSaida ; 0.000        ; 0.089      ; 1.697      ;
; 1.440 ; ControleSinal:io_signal_control|saida ; ControleSaida:display_controller|valor_exibido[27] ; btn_in                                  ; DivisorFrequencia:Divisor_inst|clkSaida ; -0.500       ; 0.174      ; 1.315      ;
; 1.441 ; ControleSinal:io_signal_control|saida ; ControleSaida:display_controller|valor_exibido[20] ; btn_in                                  ; DivisorFrequencia:Divisor_inst|clkSaida ; -0.500       ; 0.196      ; 1.338      ;
; 1.441 ; ControleSinal:io_signal_control|saida ; ControleSaida:display_controller|valor_exibido[10] ; btn_in                                  ; DivisorFrequencia:Divisor_inst|clkSaida ; -0.500       ; 0.196      ; 1.338      ;
; 1.442 ; ControleSinal:io_signal_control|saida ; ControleSaida:display_controller|valor_exibido[8]  ; btn_in                                  ; DivisorFrequencia:Divisor_inst|clkSaida ; -0.500       ; 0.196      ; 1.339      ;
; 1.445 ; ControleSinal:io_signal_control|saida ; ControleSaida:display_controller|valor_exibido[31] ; btn_in                                  ; DivisorFrequencia:Divisor_inst|clkSaida ; -0.500       ; 0.174      ; 1.320      ;
; 1.445 ; ControleSinal:io_signal_control|saida ; ControleSaida:display_controller|valor_exibido[12] ; btn_in                                  ; DivisorFrequencia:Divisor_inst|clkSaida ; -0.500       ; 0.196      ; 1.342      ;
; 1.446 ; ControleSinal:io_signal_control|saida ; ControleSaida:display_controller|valor_exibido[29] ; btn_in                                  ; DivisorFrequencia:Divisor_inst|clkSaida ; -0.500       ; 0.196      ; 1.343      ;
; 1.457 ; ControleSinal:io_signal_control|saida ; ControleSaida:display_controller|valor_exibido[6]  ; btn_in                                  ; DivisorFrequencia:Divisor_inst|clkSaida ; -0.500       ; 0.174      ; 1.332      ;
; 1.457 ; ControleSinal:io_signal_control|saida ; ControleSaida:display_controller|valor_exibido[5]  ; btn_in                                  ; DivisorFrequencia:Divisor_inst|clkSaida ; -0.500       ; 0.174      ; 1.332      ;
; 1.458 ; ControleSinal:io_signal_control|saida ; PC:PC_inst|PC_reg[26]                              ; btn_in                                  ; DivisorFrequencia:Divisor_inst|clkSaida ; 0.000        ; 0.084      ; 1.743      ;
; 1.458 ; ControleSinal:io_signal_control|saida ; PC:PC_inst|PC_reg[13]                              ; btn_in                                  ; DivisorFrequencia:Divisor_inst|clkSaida ; 0.000        ; 0.084      ; 1.743      ;
; 1.460 ; ControleSinal:io_signal_control|saida ; ControleSaida:display_controller|valor_exibido[9]  ; btn_in                                  ; DivisorFrequencia:Divisor_inst|clkSaida ; -0.500       ; 0.174      ; 1.335      ;
; 1.463 ; ControleSinal:io_signal_control|saida ; ControleSaida:display_controller|valor_exibido[19] ; btn_in                                  ; DivisorFrequencia:Divisor_inst|clkSaida ; -0.500       ; 0.174      ; 1.338      ;
; 1.466 ; PC:PC_inst|PC_reg[29]                 ; PC:PC_inst|PC_reg[29]                              ; DivisorFrequencia:Divisor_inst|clkSaida ; DivisorFrequencia:Divisor_inst|clkSaida ; 0.000        ; 0.087      ; 1.724      ;
; 1.500 ; ControleSinal:io_signal_control|saida ; PC:PC_inst|PC_reg[6]                               ; btn_in                                  ; DivisorFrequencia:Divisor_inst|clkSaida ; 0.000        ; 0.076      ; 1.777      ;
; 1.517 ; PC:PC_inst|PC_reg[31]                 ; PC:PC_inst|PC_reg[31]                              ; DivisorFrequencia:Divisor_inst|clkSaida ; DivisorFrequencia:Divisor_inst|clkSaida ; 0.000        ; 0.087      ; 1.775      ;
; 1.538 ; ControleSinal:io_signal_control|saida ; ControleSaida:display_controller|valor_exibido[16] ; btn_in                                  ; DivisorFrequencia:Divisor_inst|clkSaida ; -0.500       ; 0.174      ; 1.413      ;
; 1.551 ; PC:PC_inst|PC_reg[23]                 ; PC:PC_inst|PC_reg[23]                              ; DivisorFrequencia:Divisor_inst|clkSaida ; DivisorFrequencia:Divisor_inst|clkSaida ; 0.000        ; 0.087      ; 1.809      ;
; 1.553 ; ControleSinal:io_signal_control|saida ; ControleSaida:display_controller|valor_exibido[21] ; btn_in                                  ; DivisorFrequencia:Divisor_inst|clkSaida ; -0.500       ; 0.174      ; 1.428      ;
; 1.554 ; ControleSinal:io_signal_control|saida ; ControleSaida:display_controller|valor_exibido[30] ; btn_in                                  ; DivisorFrequencia:Divisor_inst|clkSaida ; -0.500       ; 0.174      ; 1.429      ;
; 1.610 ; PC:PC_inst|PC_reg[7]                  ; PC:PC_inst|PC_reg[7]                               ; DivisorFrequencia:Divisor_inst|clkSaida ; DivisorFrequencia:Divisor_inst|clkSaida ; 0.000        ; 0.089      ; 1.870      ;
; 1.628 ; PC:PC_inst|PC_reg[17]                 ; PC:PC_inst|PC_reg[17]                              ; DivisorFrequencia:Divisor_inst|clkSaida ; DivisorFrequencia:Divisor_inst|clkSaida ; 0.000        ; 0.087      ; 1.886      ;
; 1.632 ; ControleSinal:io_signal_control|saida ; ControleSaida:display_controller|valor_exibido[0]  ; btn_in                                  ; DivisorFrequencia:Divisor_inst|clkSaida ; -0.500       ; 0.172      ; 1.505      ;
; 1.633 ; ControleSinal:io_signal_control|saida ; ControleSaida:display_controller|valor_exibido[7]  ; btn_in                                  ; DivisorFrequencia:Divisor_inst|clkSaida ; -0.500       ; 0.172      ; 1.506      ;
; 1.634 ; ControleSinal:io_signal_control|saida ; ControleSaida:display_controller|valor_exibido[1]  ; btn_in                                  ; DivisorFrequencia:Divisor_inst|clkSaida ; -0.500       ; 0.172      ; 1.507      ;
; 1.635 ; ControleSinal:io_signal_control|saida ; ControleSaida:display_controller|valor_exibido[17] ; btn_in                                  ; DivisorFrequencia:Divisor_inst|clkSaida ; -0.500       ; 0.172      ; 1.508      ;
; 1.648 ; ControleSinal:io_signal_control|saida ; ControleSaida:display_controller|valor_exibido[2]  ; btn_in                                  ; DivisorFrequencia:Divisor_inst|clkSaida ; -0.500       ; 0.191      ; 1.540      ;
; 1.649 ; PC:PC_inst|PC_reg[9]                  ; PC:PC_inst|PC_reg[9]                               ; DivisorFrequencia:Divisor_inst|clkSaida ; DivisorFrequencia:Divisor_inst|clkSaida ; 0.000        ; 0.089      ; 1.909      ;
; 1.650 ; ControleSinal:io_signal_control|saida ; ControleSaida:display_controller|valor_exibido[14] ; btn_in                                  ; DivisorFrequencia:Divisor_inst|clkSaida ; -0.500       ; 0.191      ; 1.542      ;
; 1.654 ; ControleSinal:io_signal_control|saida ; ControleSaida:display_controller|valor_exibido[3]  ; btn_in                                  ; DivisorFrequencia:Divisor_inst|clkSaida ; -0.500       ; 0.191      ; 1.546      ;
; 1.656 ; ControleSinal:io_signal_control|saida ; ControleSaida:display_controller|valor_exibido[13] ; btn_in                                  ; DivisorFrequencia:Divisor_inst|clkSaida ; -0.500       ; 0.191      ; 1.548      ;
; 1.656 ; ControleSinal:io_signal_control|saida ; ControleSaida:display_controller|valor_exibido[4]  ; btn_in                                  ; DivisorFrequencia:Divisor_inst|clkSaida ; -0.500       ; 0.191      ; 1.548      ;
; 1.656 ; PC:PC_inst|PC_reg[15]                 ; PC:PC_inst|PC_reg[15]                              ; DivisorFrequencia:Divisor_inst|clkSaida ; DivisorFrequencia:Divisor_inst|clkSaida ; 0.000        ; 0.089      ; 1.916      ;
; 1.660 ; ControleSinal:io_signal_control|saida ; ControleSaida:display_controller|valor_exibido[11] ; btn_in                                  ; DivisorFrequencia:Divisor_inst|clkSaida ; -0.500       ; 0.174      ; 1.535      ;
; 1.661 ; ControleSinal:io_signal_control|saida ; ControleSaida:display_controller|valor_exibido[22] ; btn_in                                  ; DivisorFrequencia:Divisor_inst|clkSaida ; -0.500       ; 0.191      ; 1.553      ;
; 1.662 ; ControleSinal:io_signal_control|saida ; ControleSaida:display_controller|valor_exibido[24] ; btn_in                                  ; DivisorFrequencia:Divisor_inst|clkSaida ; -0.500       ; 0.191      ; 1.554      ;
; 1.663 ; ControleSinal:io_signal_control|saida ; PC:PC_inst|PC_reg[7]                               ; btn_in                                  ; DivisorFrequencia:Divisor_inst|clkSaida ; 0.000        ; 0.115      ; 1.979      ;
; 1.663 ; ControleSinal:io_signal_control|saida ; PC:PC_inst|PC_reg[8]                               ; btn_in                                  ; DivisorFrequencia:Divisor_inst|clkSaida ; 0.000        ; 0.115      ; 1.979      ;
; 1.663 ; ControleSinal:io_signal_control|saida ; PC:PC_inst|PC_reg[9]                               ; btn_in                                  ; DivisorFrequencia:Divisor_inst|clkSaida ; 0.000        ; 0.115      ; 1.979      ;
; 1.663 ; ControleSinal:io_signal_control|saida ; PC:PC_inst|PC_reg[10]                              ; btn_in                                  ; DivisorFrequencia:Divisor_inst|clkSaida ; 0.000        ; 0.115      ; 1.979      ;
; 1.663 ; ControleSinal:io_signal_control|saida ; PC:PC_inst|PC_reg[15]                              ; btn_in                                  ; DivisorFrequencia:Divisor_inst|clkSaida ; 0.000        ; 0.115      ; 1.979      ;
; 1.663 ; ControleSinal:io_signal_control|saida ; PC:PC_inst|PC_reg[14]                              ; btn_in                                  ; DivisorFrequencia:Divisor_inst|clkSaida ; 0.000        ; 0.115      ; 1.979      ;
; 1.663 ; ControleSinal:io_signal_control|saida ; PC:PC_inst|PC_reg[12]                              ; btn_in                                  ; DivisorFrequencia:Divisor_inst|clkSaida ; 0.000        ; 0.115      ; 1.979      ;
; 1.663 ; ControleSinal:io_signal_control|saida ; PC:PC_inst|PC_reg[11]                              ; btn_in                                  ; DivisorFrequencia:Divisor_inst|clkSaida ; 0.000        ; 0.115      ; 1.979      ;
; 1.664 ; ControleSinal:io_signal_control|saida ; ControleSaida:display_controller|valor_exibido[18] ; btn_in                                  ; DivisorFrequencia:Divisor_inst|clkSaida ; -0.500       ; 0.191      ; 1.556      ;
; 1.665 ; ControleSinal:io_signal_control|saida ; ControleSaida:display_controller|valor_exibido[25] ; btn_in                                  ; DivisorFrequencia:Divisor_inst|clkSaida ; -0.500       ; 0.191      ; 1.557      ;
; 1.667 ; ControleSinal:io_signal_control|saida ; ControleSaida:display_controller|valor_exibido[28] ; btn_in                                  ; DivisorFrequencia:Divisor_inst|clkSaida ; -0.500       ; 0.191      ; 1.559      ;
; 1.669 ; ControleSinal:io_signal_control|saida ; ControleSaida:display_controller|valor_exibido[26] ; btn_in                                  ; DivisorFrequencia:Divisor_inst|clkSaida ; -0.500       ; 0.191      ; 1.561      ;
; 1.669 ; ControleSinal:io_signal_control|saida ; ControleSaida:display_controller|valor_exibido[23] ; btn_in                                  ; DivisorFrequencia:Divisor_inst|clkSaida ; -0.500       ; 0.191      ; 1.561      ;
; 1.692 ; PC:PC_inst|PC_reg[10]                 ; PC:PC_inst|PC_reg[11]                              ; DivisorFrequencia:Divisor_inst|clkSaida ; DivisorFrequencia:Divisor_inst|clkSaida ; 0.000        ; 0.089      ; 1.952      ;
; 1.698 ; PC:PC_inst|PC_reg[21]                 ; PC:PC_inst|PC_reg[21]                              ; DivisorFrequencia:Divisor_inst|clkSaida ; DivisorFrequencia:Divisor_inst|clkSaida ; 0.000        ; 0.087      ; 1.956      ;
; 1.699 ; ControleSinal:io_signal_control|saida ; PC:PC_inst|PC_reg[24]                              ; btn_in                                  ; DivisorFrequencia:Divisor_inst|clkSaida ; 0.000        ; 0.078      ; 1.978      ;
; 1.699 ; ControleSinal:io_signal_control|saida ; PC:PC_inst|PC_reg[19]                              ; btn_in                                  ; DivisorFrequencia:Divisor_inst|clkSaida ; 0.000        ; 0.078      ; 1.978      ;
; 1.699 ; ControleSinal:io_signal_control|saida ; PC:PC_inst|PC_reg[23]                              ; btn_in                                  ; DivisorFrequencia:Divisor_inst|clkSaida ; 0.000        ; 0.078      ; 1.978      ;
; 1.699 ; ControleSinal:io_signal_control|saida ; PC:PC_inst|PC_reg[25]                              ; btn_in                                  ; DivisorFrequencia:Divisor_inst|clkSaida ; 0.000        ; 0.078      ; 1.978      ;
; 1.699 ; ControleSinal:io_signal_control|saida ; PC:PC_inst|PC_reg[29]                              ; btn_in                                  ; DivisorFrequencia:Divisor_inst|clkSaida ; 0.000        ; 0.078      ; 1.978      ;
; 1.699 ; ControleSinal:io_signal_control|saida ; PC:PC_inst|PC_reg[28]                              ; btn_in                                  ; DivisorFrequencia:Divisor_inst|clkSaida ; 0.000        ; 0.078      ; 1.978      ;
; 1.699 ; ControleSinal:io_signal_control|saida ; PC:PC_inst|PC_reg[30]                              ; btn_in                                  ; DivisorFrequencia:Divisor_inst|clkSaida ; 0.000        ; 0.078      ; 1.978      ;
; 1.699 ; ControleSinal:io_signal_control|saida ; PC:PC_inst|PC_reg[17]                              ; btn_in                                  ; DivisorFrequencia:Divisor_inst|clkSaida ; 0.000        ; 0.078      ; 1.978      ;
; 1.699 ; ControleSinal:io_signal_control|saida ; PC:PC_inst|PC_reg[31]                              ; btn_in                                  ; DivisorFrequencia:Divisor_inst|clkSaida ; 0.000        ; 0.078      ; 1.978      ;
; 1.701 ; PC:PC_inst|PC_reg[8]                  ; PC:PC_inst|PC_reg[9]                               ; DivisorFrequencia:Divisor_inst|clkSaida ; DivisorFrequencia:Divisor_inst|clkSaida ; 0.000        ; 0.089      ; 1.961      ;
; 1.732 ; ControleSinal:io_signal_control|saida ; PC:PC_inst|PC_reg[21]                              ; btn_in                                  ; DivisorFrequencia:Divisor_inst|clkSaida ; 0.000        ; 0.089      ; 2.022      ;
; 1.732 ; ControleSinal:io_signal_control|saida ; PC:PC_inst|PC_reg[22]                              ; btn_in                                  ; DivisorFrequencia:Divisor_inst|clkSaida ; 0.000        ; 0.089      ; 2.022      ;
; 1.732 ; ControleSinal:io_signal_control|saida ; PC:PC_inst|PC_reg[18]                              ; btn_in                                  ; DivisorFrequencia:Divisor_inst|clkSaida ; 0.000        ; 0.089      ; 2.022      ;
; 1.732 ; ControleSinal:io_signal_control|saida ; PC:PC_inst|PC_reg[20]                              ; btn_in                                  ; DivisorFrequencia:Divisor_inst|clkSaida ; 0.000        ; 0.089      ; 2.022      ;
; 1.732 ; ControleSinal:io_signal_control|saida ; PC:PC_inst|PC_reg[16]                              ; btn_in                                  ; DivisorFrequencia:Divisor_inst|clkSaida ; 0.000        ; 0.089      ; 2.022      ;
; 1.732 ; ControleSinal:io_signal_control|saida ; PC:PC_inst|PC_reg[27]                              ; btn_in                                  ; DivisorFrequencia:Divisor_inst|clkSaida ; 0.000        ; 0.089      ; 2.022      ;
; 1.754 ; ControleSinal:io_signal_control|saida ; ControleSaida:display_controller|valor_exibido[15] ; btn_in                                  ; DivisorFrequencia:Divisor_inst|clkSaida ; -0.500       ; 0.191      ; 1.646      ;
; 1.761 ; PC:PC_inst|PC_reg[7]                  ; PC:PC_inst|PC_reg[9]                               ; DivisorFrequencia:Divisor_inst|clkSaida ; DivisorFrequencia:Divisor_inst|clkSaida ; 0.000        ; 0.089      ; 2.021      ;
; 1.767 ; PC:PC_inst|PC_reg[28]                 ; PC:PC_inst|PC_reg[29]                              ; DivisorFrequencia:Divisor_inst|clkSaida ; DivisorFrequencia:Divisor_inst|clkSaida ; 0.000        ; 0.087      ; 2.025      ;
; 1.776 ; PC:PC_inst|PC_reg[8]                  ; PC:PC_inst|PC_reg[8]                               ; DivisorFrequencia:Divisor_inst|clkSaida ; DivisorFrequencia:Divisor_inst|clkSaida ; 0.000        ; 0.089      ; 2.036      ;
; 1.781 ; PC:PC_inst|PC_reg[25]                 ; PC:PC_inst|PC_reg[27]                              ; DivisorFrequencia:Divisor_inst|clkSaida ; DivisorFrequencia:Divisor_inst|clkSaida ; 0.000        ; 0.098      ; 2.050      ;
; 1.782 ; PC:PC_inst|PC_reg[24]                 ; PC:PC_inst|PC_reg[27]                              ; DivisorFrequencia:Divisor_inst|clkSaida ; DivisorFrequencia:Divisor_inst|clkSaida ; 0.000        ; 0.098      ; 2.051      ;
; 1.801 ; PC:PC_inst|PC_reg[8]                  ; PC:PC_inst|PC_reg[11]                              ; DivisorFrequencia:Divisor_inst|clkSaida ; DivisorFrequencia:Divisor_inst|clkSaida ; 0.000        ; 0.089      ; 2.061      ;
; 1.838 ; PC:PC_inst|PC_reg[22]                 ; PC:PC_inst|PC_reg[23]                              ; DivisorFrequencia:Divisor_inst|clkSaida ; DivisorFrequencia:Divisor_inst|clkSaida ; 0.000        ; 0.076      ; 2.085      ;
; 1.845 ; PC:PC_inst|PC_reg[12]                 ; PC:PC_inst|PC_reg[12]                              ; DivisorFrequencia:Divisor_inst|clkSaida ; DivisorFrequencia:Divisor_inst|clkSaida ; 0.000        ; 0.089      ; 2.105      ;
; 1.850 ; PC:PC_inst|PC_reg[27]                 ; PC:PC_inst|PC_reg[29]                              ; DivisorFrequencia:Divisor_inst|clkSaida ; DivisorFrequencia:Divisor_inst|clkSaida ; 0.000        ; 0.076      ; 2.097      ;
+-------+---------------------------------------+----------------------------------------------------+-----------------------------------------+-----------------------------------------+--------------+------------+------------+


+------------------------------------------------------------------------------------------------------------------------------------------------------------------------+
; Slow 1200mV 0C Model Recovery: 'btn_in'                                                                                                                                ;
+--------+----------------------+---------------------------------------+-----------------------------------------+-------------+--------------+------------+------------+
; Slack  ; From Node            ; To Node                               ; Launch Clock                            ; Latch Clock ; Relationship ; Clock Skew ; Data Delay ;
+--------+----------------------+---------------------------------------+-----------------------------------------+-------------+--------------+------------+------------+
; -3.662 ; PC:PC_inst|PC_reg[0] ; ControleSinal:io_signal_control|saida ; DivisorFrequencia:Divisor_inst|clkSaida ; btn_in      ; 1.000        ; 0.277      ; 4.928      ;
; -3.621 ; PC:PC_inst|PC_reg[3] ; ControleSinal:io_signal_control|saida ; DivisorFrequencia:Divisor_inst|clkSaida ; btn_in      ; 1.000        ; 0.277      ; 4.887      ;
; -3.602 ; PC:PC_inst|PC_reg[2] ; ControleSinal:io_signal_control|saida ; DivisorFrequencia:Divisor_inst|clkSaida ; btn_in      ; 1.000        ; 0.277      ; 4.868      ;
; -3.541 ; PC:PC_inst|PC_reg[5] ; ControleSinal:io_signal_control|saida ; DivisorFrequencia:Divisor_inst|clkSaida ; btn_in      ; 1.000        ; 0.277      ; 4.807      ;
; -3.354 ; PC:PC_inst|PC_reg[1] ; ControleSinal:io_signal_control|saida ; DivisorFrequencia:Divisor_inst|clkSaida ; btn_in      ; 1.000        ; 0.277      ; 4.620      ;
; -3.294 ; PC:PC_inst|PC_reg[4] ; ControleSinal:io_signal_control|saida ; DivisorFrequencia:Divisor_inst|clkSaida ; btn_in      ; 1.000        ; 0.277      ; 4.560      ;
+--------+----------------------+---------------------------------------+-----------------------------------------+-------------+--------------+------------+------------+


+-----------------------------------------------------------------------------------------------------------------------------------------------------------------------+
; Slow 1200mV 0C Model Removal: 'btn_in'                                                                                                                                ;
+-------+----------------------+---------------------------------------+-----------------------------------------+-------------+--------------+------------+------------+
; Slack ; From Node            ; To Node                               ; Launch Clock                            ; Latch Clock ; Relationship ; Clock Skew ; Data Delay ;
+-------+----------------------+---------------------------------------+-----------------------------------------+-------------+--------------+------------+------------+
; 1.848 ; PC:PC_inst|PC_reg[3] ; ControleSinal:io_signal_control|saida ; DivisorFrequencia:Divisor_inst|clkSaida ; btn_in      ; 0.000        ; 0.591      ; 2.640      ;
; 2.354 ; PC:PC_inst|PC_reg[5] ; ControleSinal:io_signal_control|saida ; DivisorFrequencia:Divisor_inst|clkSaida ; btn_in      ; 0.000        ; 0.591      ; 3.146      ;
; 2.371 ; PC:PC_inst|PC_reg[4] ; ControleSinal:io_signal_control|saida ; DivisorFrequencia:Divisor_inst|clkSaida ; btn_in      ; 0.000        ; 0.591      ; 3.163      ;
; 2.674 ; PC:PC_inst|PC_reg[0] ; ControleSinal:io_signal_control|saida ; DivisorFrequencia:Divisor_inst|clkSaida ; btn_in      ; 0.000        ; 0.591      ; 3.466      ;
; 2.721 ; PC:PC_inst|PC_reg[2] ; ControleSinal:io_signal_control|saida ; DivisorFrequencia:Divisor_inst|clkSaida ; btn_in      ; 0.000        ; 0.591      ; 3.513      ;
; 2.722 ; PC:PC_inst|PC_reg[1] ; ControleSinal:io_signal_control|saida ; DivisorFrequencia:Divisor_inst|clkSaida ; btn_in      ; 0.000        ; 0.591      ; 3.514      ;
+-------+----------------------+---------------------------------------+-----------------------------------------+-------------+--------------+------------+------------+


----------------------------------------------
; Slow 1200mV 0C Model Metastability Summary ;
----------------------------------------------
No synchronizer chains to report.


+-------------------------------------------------------------------+
; Fast 1200mV 0C Model Setup Summary                                ;
+-----------------------------------------+---------+---------------+
; Clock                                   ; Slack   ; End Point TNS ;
+-----------------------------------------+---------+---------------+
; DivisorFrequencia:Divisor_inst|clkSaida ; -74.864 ; -163297.372   ;
; clk_50                                  ; -1.220  ; -9.270        ;
+-----------------------------------------+---------+---------------+


+-----------------------------------------------------------------+
; Fast 1200mV 0C Model Hold Summary                               ;
+-----------------------------------------+-------+---------------+
; Clock                                   ; Slack ; End Point TNS ;
+-----------------------------------------+-------+---------------+
; clk_50                                  ; 0.200 ; 0.000         ;
; DivisorFrequencia:Divisor_inst|clkSaida ; 0.203 ; 0.000         ;
+-----------------------------------------+-------+---------------+


+---------------------------------------+
; Fast 1200mV 0C Model Recovery Summary ;
+--------+--------+---------------------+
; Clock  ; Slack  ; End Point TNS       ;
+--------+--------+---------------------+
; btn_in ; -1.263 ; -1.263              ;
+--------+--------+---------------------+


+--------------------------------------+
; Fast 1200mV 0C Model Removal Summary ;
+--------+-------+---------------------+
; Clock  ; Slack ; End Point TNS       ;
+--------+-------+---------------------+
; btn_in ; 0.685 ; 0.000               ;
+--------+-------+---------------------+


+------------------------------------------------------------------+
; Fast 1200mV 0C Model Minimum Pulse Width Summary                 ;
+-----------------------------------------+--------+---------------+
; Clock                                   ; Slack  ; End Point TNS ;
+-----------------------------------------+--------+---------------+
; clk_50                                  ; -3.000 ; -30.613       ;
; btn_in                                  ; -3.000 ; -4.461        ;
; DivisorFrequencia:Divisor_inst|clkSaida ; -1.000 ; -2342.000     ;
+-----------------------------------------+--------+---------------+


+--------------------------------------------------------------------------------------------------------------------------------------------------------------------------------------------------+
; Fast 1200mV 0C Model Setup: 'DivisorFrequencia:Divisor_inst|clkSaida'                                                                                                                            ;
+---------+----------------------+------------------------------------+-----------------------------------------+-----------------------------------------+--------------+------------+------------+
; Slack   ; From Node            ; To Node                            ; Launch Clock                            ; Latch Clock                             ; Relationship ; Clock Skew ; Data Delay ;
+---------+----------------------+------------------------------------+-----------------------------------------+-----------------------------------------+--------------+------------+------------+
; -74.864 ; PC:PC_inst|PC_reg[2] ; banco:banco_inst|registradores~73  ; DivisorFrequencia:Divisor_inst|clkSaida ; DivisorFrequencia:Divisor_inst|clkSaida ; 0.500        ; -0.190     ; 75.161     ;
; -74.864 ; PC:PC_inst|PC_reg[2] ; banco:banco_inst|registradores~233 ; DivisorFrequencia:Divisor_inst|clkSaida ; DivisorFrequencia:Divisor_inst|clkSaida ; 0.500        ; -0.190     ; 75.161     ;
; -74.816 ; PC:PC_inst|PC_reg[0] ; banco:banco_inst|registradores~73  ; DivisorFrequencia:Divisor_inst|clkSaida ; DivisorFrequencia:Divisor_inst|clkSaida ; 0.500        ; -0.190     ; 75.113     ;
; -74.816 ; PC:PC_inst|PC_reg[0] ; banco:banco_inst|registradores~233 ; DivisorFrequencia:Divisor_inst|clkSaida ; DivisorFrequencia:Divisor_inst|clkSaida ; 0.500        ; -0.190     ; 75.113     ;
; -74.805 ; PC:PC_inst|PC_reg[5] ; banco:banco_inst|registradores~73  ; DivisorFrequencia:Divisor_inst|clkSaida ; DivisorFrequencia:Divisor_inst|clkSaida ; 0.500        ; -0.190     ; 75.102     ;
; -74.805 ; PC:PC_inst|PC_reg[5] ; banco:banco_inst|registradores~233 ; DivisorFrequencia:Divisor_inst|clkSaida ; DivisorFrequencia:Divisor_inst|clkSaida ; 0.500        ; -0.190     ; 75.102     ;
; -74.756 ; PC:PC_inst|PC_reg[1] ; banco:banco_inst|registradores~73  ; DivisorFrequencia:Divisor_inst|clkSaida ; DivisorFrequencia:Divisor_inst|clkSaida ; 0.500        ; -0.190     ; 75.053     ;
; -74.756 ; PC:PC_inst|PC_reg[1] ; banco:banco_inst|registradores~233 ; DivisorFrequencia:Divisor_inst|clkSaida ; DivisorFrequencia:Divisor_inst|clkSaida ; 0.500        ; -0.190     ; 75.053     ;
; -74.691 ; PC:PC_inst|PC_reg[2] ; banco:banco_inst|registradores~82  ; DivisorFrequencia:Divisor_inst|clkSaida ; DivisorFrequencia:Divisor_inst|clkSaida ; 0.500        ; -0.190     ; 74.988     ;
; -74.646 ; PC:PC_inst|PC_reg[4] ; banco:banco_inst|registradores~73  ; DivisorFrequencia:Divisor_inst|clkSaida ; DivisorFrequencia:Divisor_inst|clkSaida ; 0.500        ; -0.190     ; 74.943     ;
; -74.646 ; PC:PC_inst|PC_reg[4] ; banco:banco_inst|registradores~233 ; DivisorFrequencia:Divisor_inst|clkSaida ; DivisorFrequencia:Divisor_inst|clkSaida ; 0.500        ; -0.190     ; 74.943     ;
; -74.643 ; PC:PC_inst|PC_reg[0] ; banco:banco_inst|registradores~82  ; DivisorFrequencia:Divisor_inst|clkSaida ; DivisorFrequencia:Divisor_inst|clkSaida ; 0.500        ; -0.190     ; 74.940     ;
; -74.632 ; PC:PC_inst|PC_reg[5] ; banco:banco_inst|registradores~82  ; DivisorFrequencia:Divisor_inst|clkSaida ; DivisorFrequencia:Divisor_inst|clkSaida ; 0.500        ; -0.190     ; 74.929     ;
; -74.583 ; PC:PC_inst|PC_reg[1] ; banco:banco_inst|registradores~82  ; DivisorFrequencia:Divisor_inst|clkSaida ; DivisorFrequencia:Divisor_inst|clkSaida ; 0.500        ; -0.190     ; 74.880     ;
; -74.560 ; PC:PC_inst|PC_reg[2] ; banco:banco_inst|registradores~50  ; DivisorFrequencia:Divisor_inst|clkSaida ; DivisorFrequencia:Divisor_inst|clkSaida ; 0.500        ; 0.003      ; 75.050     ;
; -74.512 ; PC:PC_inst|PC_reg[0] ; banco:banco_inst|registradores~50  ; DivisorFrequencia:Divisor_inst|clkSaida ; DivisorFrequencia:Divisor_inst|clkSaida ; 0.500        ; 0.003      ; 75.002     ;
; -74.501 ; PC:PC_inst|PC_reg[5] ; banco:banco_inst|registradores~50  ; DivisorFrequencia:Divisor_inst|clkSaida ; DivisorFrequencia:Divisor_inst|clkSaida ; 0.500        ; 0.003      ; 74.991     ;
; -74.497 ; PC:PC_inst|PC_reg[3] ; banco:banco_inst|registradores~73  ; DivisorFrequencia:Divisor_inst|clkSaida ; DivisorFrequencia:Divisor_inst|clkSaida ; 0.500        ; -0.190     ; 74.794     ;
; -74.497 ; PC:PC_inst|PC_reg[3] ; banco:banco_inst|registradores~233 ; DivisorFrequencia:Divisor_inst|clkSaida ; DivisorFrequencia:Divisor_inst|clkSaida ; 0.500        ; -0.190     ; 74.794     ;
; -74.488 ; PC:PC_inst|PC_reg[2] ; banco:banco_inst|registradores~146 ; DivisorFrequencia:Divisor_inst|clkSaida ; DivisorFrequencia:Divisor_inst|clkSaida ; 0.500        ; -0.186     ; 74.789     ;
; -74.473 ; PC:PC_inst|PC_reg[4] ; banco:banco_inst|registradores~82  ; DivisorFrequencia:Divisor_inst|clkSaida ; DivisorFrequencia:Divisor_inst|clkSaida ; 0.500        ; -0.190     ; 74.770     ;
; -74.452 ; PC:PC_inst|PC_reg[1] ; banco:banco_inst|registradores~50  ; DivisorFrequencia:Divisor_inst|clkSaida ; DivisorFrequencia:Divisor_inst|clkSaida ; 0.500        ; 0.003      ; 74.942     ;
; -74.440 ; PC:PC_inst|PC_reg[0] ; banco:banco_inst|registradores~146 ; DivisorFrequencia:Divisor_inst|clkSaida ; DivisorFrequencia:Divisor_inst|clkSaida ; 0.500        ; -0.186     ; 74.741     ;
; -74.429 ; PC:PC_inst|PC_reg[5] ; banco:banco_inst|registradores~146 ; DivisorFrequencia:Divisor_inst|clkSaida ; DivisorFrequencia:Divisor_inst|clkSaida ; 0.500        ; -0.186     ; 74.730     ;
; -74.380 ; PC:PC_inst|PC_reg[1] ; banco:banco_inst|registradores~146 ; DivisorFrequencia:Divisor_inst|clkSaida ; DivisorFrequencia:Divisor_inst|clkSaida ; 0.500        ; -0.186     ; 74.681     ;
; -74.371 ; PC:PC_inst|PC_reg[2] ; banco:banco_inst|registradores~210 ; DivisorFrequencia:Divisor_inst|clkSaida ; DivisorFrequencia:Divisor_inst|clkSaida ; 0.500        ; 0.010      ; 74.868     ;
; -74.342 ; PC:PC_inst|PC_reg[4] ; banco:banco_inst|registradores~50  ; DivisorFrequencia:Divisor_inst|clkSaida ; DivisorFrequencia:Divisor_inst|clkSaida ; 0.500        ; 0.003      ; 74.832     ;
; -74.324 ; PC:PC_inst|PC_reg[3] ; banco:banco_inst|registradores~82  ; DivisorFrequencia:Divisor_inst|clkSaida ; DivisorFrequencia:Divisor_inst|clkSaida ; 0.500        ; -0.190     ; 74.621     ;
; -74.323 ; PC:PC_inst|PC_reg[0] ; banco:banco_inst|registradores~210 ; DivisorFrequencia:Divisor_inst|clkSaida ; DivisorFrequencia:Divisor_inst|clkSaida ; 0.500        ; 0.010      ; 74.820     ;
; -74.312 ; PC:PC_inst|PC_reg[5] ; banco:banco_inst|registradores~210 ; DivisorFrequencia:Divisor_inst|clkSaida ; DivisorFrequencia:Divisor_inst|clkSaida ; 0.500        ; 0.010      ; 74.809     ;
; -74.297 ; PC:PC_inst|PC_reg[2] ; banco:banco_inst|registradores~242 ; DivisorFrequencia:Divisor_inst|clkSaida ; DivisorFrequencia:Divisor_inst|clkSaida ; 0.500        ; 0.006      ; 74.790     ;
; -74.284 ; PC:PC_inst|PC_reg[2] ; banco:banco_inst|registradores~141 ; DivisorFrequencia:Divisor_inst|clkSaida ; DivisorFrequencia:Divisor_inst|clkSaida ; 0.500        ; 0.010      ; 74.781     ;
; -74.280 ; PC:PC_inst|PC_reg[2] ; banco:banco_inst|registradores~237 ; DivisorFrequencia:Divisor_inst|clkSaida ; DivisorFrequencia:Divisor_inst|clkSaida ; 0.500        ; 0.004      ; 74.771     ;
; -74.270 ; PC:PC_inst|PC_reg[4] ; banco:banco_inst|registradores~146 ; DivisorFrequencia:Divisor_inst|clkSaida ; DivisorFrequencia:Divisor_inst|clkSaida ; 0.500        ; -0.186     ; 74.571     ;
; -74.268 ; PC:PC_inst|PC_reg[2] ; banco:banco_inst|registradores~178 ; DivisorFrequencia:Divisor_inst|clkSaida ; DivisorFrequencia:Divisor_inst|clkSaida ; 0.500        ; 0.007      ; 74.762     ;
; -74.265 ; PC:PC_inst|PC_reg[2] ; banco:banco_inst|registradores~77  ; DivisorFrequencia:Divisor_inst|clkSaida ; DivisorFrequencia:Divisor_inst|clkSaida ; 0.500        ; 0.018      ; 74.770     ;
; -74.263 ; PC:PC_inst|PC_reg[1] ; banco:banco_inst|registradores~210 ; DivisorFrequencia:Divisor_inst|clkSaida ; DivisorFrequencia:Divisor_inst|clkSaida ; 0.500        ; 0.010      ; 74.760     ;
; -74.249 ; PC:PC_inst|PC_reg[0] ; banco:banco_inst|registradores~242 ; DivisorFrequencia:Divisor_inst|clkSaida ; DivisorFrequencia:Divisor_inst|clkSaida ; 0.500        ; 0.006      ; 74.742     ;
; -74.238 ; PC:PC_inst|PC_reg[5] ; banco:banco_inst|registradores~242 ; DivisorFrequencia:Divisor_inst|clkSaida ; DivisorFrequencia:Divisor_inst|clkSaida ; 0.500        ; 0.006      ; 74.731     ;
; -74.236 ; PC:PC_inst|PC_reg[0] ; banco:banco_inst|registradores~141 ; DivisorFrequencia:Divisor_inst|clkSaida ; DivisorFrequencia:Divisor_inst|clkSaida ; 0.500        ; 0.010      ; 74.733     ;
; -74.232 ; PC:PC_inst|PC_reg[0] ; banco:banco_inst|registradores~237 ; DivisorFrequencia:Divisor_inst|clkSaida ; DivisorFrequencia:Divisor_inst|clkSaida ; 0.500        ; 0.004      ; 74.723     ;
; -74.225 ; PC:PC_inst|PC_reg[5] ; banco:banco_inst|registradores~141 ; DivisorFrequencia:Divisor_inst|clkSaida ; DivisorFrequencia:Divisor_inst|clkSaida ; 0.500        ; 0.010      ; 74.722     ;
; -74.221 ; PC:PC_inst|PC_reg[5] ; banco:banco_inst|registradores~237 ; DivisorFrequencia:Divisor_inst|clkSaida ; DivisorFrequencia:Divisor_inst|clkSaida ; 0.500        ; 0.004      ; 74.712     ;
; -74.220 ; PC:PC_inst|PC_reg[0] ; banco:banco_inst|registradores~178 ; DivisorFrequencia:Divisor_inst|clkSaida ; DivisorFrequencia:Divisor_inst|clkSaida ; 0.500        ; 0.007      ; 74.714     ;
; -74.217 ; PC:PC_inst|PC_reg[0] ; banco:banco_inst|registradores~77  ; DivisorFrequencia:Divisor_inst|clkSaida ; DivisorFrequencia:Divisor_inst|clkSaida ; 0.500        ; 0.018      ; 74.722     ;
; -74.209 ; PC:PC_inst|PC_reg[5] ; banco:banco_inst|registradores~178 ; DivisorFrequencia:Divisor_inst|clkSaida ; DivisorFrequencia:Divisor_inst|clkSaida ; 0.500        ; 0.007      ; 74.703     ;
; -74.206 ; PC:PC_inst|PC_reg[5] ; banco:banco_inst|registradores~77  ; DivisorFrequencia:Divisor_inst|clkSaida ; DivisorFrequencia:Divisor_inst|clkSaida ; 0.500        ; 0.018      ; 74.711     ;
; -74.193 ; PC:PC_inst|PC_reg[3] ; banco:banco_inst|registradores~50  ; DivisorFrequencia:Divisor_inst|clkSaida ; DivisorFrequencia:Divisor_inst|clkSaida ; 0.500        ; 0.003      ; 74.683     ;
; -74.189 ; PC:PC_inst|PC_reg[1] ; banco:banco_inst|registradores~242 ; DivisorFrequencia:Divisor_inst|clkSaida ; DivisorFrequencia:Divisor_inst|clkSaida ; 0.500        ; 0.006      ; 74.682     ;
; -74.176 ; PC:PC_inst|PC_reg[1] ; banco:banco_inst|registradores~141 ; DivisorFrequencia:Divisor_inst|clkSaida ; DivisorFrequencia:Divisor_inst|clkSaida ; 0.500        ; 0.010      ; 74.673     ;
; -74.174 ; PC:PC_inst|PC_reg[2] ; banco:banco_inst|registradores~205 ; DivisorFrequencia:Divisor_inst|clkSaida ; DivisorFrequencia:Divisor_inst|clkSaida ; 0.500        ; 0.005      ; 74.666     ;
; -74.172 ; PC:PC_inst|PC_reg[1] ; banco:banco_inst|registradores~237 ; DivisorFrequencia:Divisor_inst|clkSaida ; DivisorFrequencia:Divisor_inst|clkSaida ; 0.500        ; 0.004      ; 74.663     ;
; -74.160 ; PC:PC_inst|PC_reg[2] ; banco:banco_inst|registradores~173 ; DivisorFrequencia:Divisor_inst|clkSaida ; DivisorFrequencia:Divisor_inst|clkSaida ; 0.500        ; 0.019      ; 74.666     ;
; -74.160 ; PC:PC_inst|PC_reg[1] ; banco:banco_inst|registradores~178 ; DivisorFrequencia:Divisor_inst|clkSaida ; DivisorFrequencia:Divisor_inst|clkSaida ; 0.500        ; 0.007      ; 74.654     ;
; -74.157 ; PC:PC_inst|PC_reg[1] ; banco:banco_inst|registradores~77  ; DivisorFrequencia:Divisor_inst|clkSaida ; DivisorFrequencia:Divisor_inst|clkSaida ; 0.500        ; 0.018      ; 74.662     ;
; -74.153 ; PC:PC_inst|PC_reg[4] ; banco:banco_inst|registradores~210 ; DivisorFrequencia:Divisor_inst|clkSaida ; DivisorFrequencia:Divisor_inst|clkSaida ; 0.500        ; 0.010      ; 74.650     ;
; -74.126 ; PC:PC_inst|PC_reg[0] ; banco:banco_inst|registradores~205 ; DivisorFrequencia:Divisor_inst|clkSaida ; DivisorFrequencia:Divisor_inst|clkSaida ; 0.500        ; 0.005      ; 74.618     ;
; -74.121 ; PC:PC_inst|PC_reg[3] ; banco:banco_inst|registradores~146 ; DivisorFrequencia:Divisor_inst|clkSaida ; DivisorFrequencia:Divisor_inst|clkSaida ; 0.500        ; -0.186     ; 74.422     ;
; -74.115 ; PC:PC_inst|PC_reg[5] ; banco:banco_inst|registradores~205 ; DivisorFrequencia:Divisor_inst|clkSaida ; DivisorFrequencia:Divisor_inst|clkSaida ; 0.500        ; 0.005      ; 74.607     ;
; -74.112 ; PC:PC_inst|PC_reg[0] ; banco:banco_inst|registradores~173 ; DivisorFrequencia:Divisor_inst|clkSaida ; DivisorFrequencia:Divisor_inst|clkSaida ; 0.500        ; 0.019      ; 74.618     ;
; -74.101 ; PC:PC_inst|PC_reg[5] ; banco:banco_inst|registradores~173 ; DivisorFrequencia:Divisor_inst|clkSaida ; DivisorFrequencia:Divisor_inst|clkSaida ; 0.500        ; 0.019      ; 74.607     ;
; -74.079 ; PC:PC_inst|PC_reg[4] ; banco:banco_inst|registradores~242 ; DivisorFrequencia:Divisor_inst|clkSaida ; DivisorFrequencia:Divisor_inst|clkSaida ; 0.500        ; 0.006      ; 74.572     ;
; -74.066 ; PC:PC_inst|PC_reg[1] ; banco:banco_inst|registradores~205 ; DivisorFrequencia:Divisor_inst|clkSaida ; DivisorFrequencia:Divisor_inst|clkSaida ; 0.500        ; 0.005      ; 74.558     ;
; -74.066 ; PC:PC_inst|PC_reg[4] ; banco:banco_inst|registradores~141 ; DivisorFrequencia:Divisor_inst|clkSaida ; DivisorFrequencia:Divisor_inst|clkSaida ; 0.500        ; 0.010      ; 74.563     ;
; -74.062 ; PC:PC_inst|PC_reg[4] ; banco:banco_inst|registradores~237 ; DivisorFrequencia:Divisor_inst|clkSaida ; DivisorFrequencia:Divisor_inst|clkSaida ; 0.500        ; 0.004      ; 74.553     ;
; -74.052 ; PC:PC_inst|PC_reg[1] ; banco:banco_inst|registradores~173 ; DivisorFrequencia:Divisor_inst|clkSaida ; DivisorFrequencia:Divisor_inst|clkSaida ; 0.500        ; 0.019      ; 74.558     ;
; -74.050 ; PC:PC_inst|PC_reg[4] ; banco:banco_inst|registradores~178 ; DivisorFrequencia:Divisor_inst|clkSaida ; DivisorFrequencia:Divisor_inst|clkSaida ; 0.500        ; 0.007      ; 74.544     ;
; -74.047 ; PC:PC_inst|PC_reg[4] ; banco:banco_inst|registradores~77  ; DivisorFrequencia:Divisor_inst|clkSaida ; DivisorFrequencia:Divisor_inst|clkSaida ; 0.500        ; 0.018      ; 74.552     ;
; -74.004 ; PC:PC_inst|PC_reg[3] ; banco:banco_inst|registradores~210 ; DivisorFrequencia:Divisor_inst|clkSaida ; DivisorFrequencia:Divisor_inst|clkSaida ; 0.500        ; 0.010      ; 74.501     ;
; -73.989 ; PC:PC_inst|PC_reg[2] ; banco:banco_inst|registradores~43  ; DivisorFrequencia:Divisor_inst|clkSaida ; DivisorFrequencia:Divisor_inst|clkSaida ; 0.500        ; 0.008      ; 74.484     ;
; -73.983 ; PC:PC_inst|PC_reg[2] ; banco:banco_inst|registradores~45  ; DivisorFrequencia:Divisor_inst|clkSaida ; DivisorFrequencia:Divisor_inst|clkSaida ; 0.500        ; 0.019      ; 74.489     ;
; -73.961 ; PC:PC_inst|PC_reg[2] ; banco:banco_inst|registradores~171 ; DivisorFrequencia:Divisor_inst|clkSaida ; DivisorFrequencia:Divisor_inst|clkSaida ; 0.500        ; 0.007      ; 74.455     ;
; -73.956 ; PC:PC_inst|PC_reg[4] ; banco:banco_inst|registradores~205 ; DivisorFrequencia:Divisor_inst|clkSaida ; DivisorFrequencia:Divisor_inst|clkSaida ; 0.500        ; 0.005      ; 74.448     ;
; -73.942 ; PC:PC_inst|PC_reg[4] ; banco:banco_inst|registradores~173 ; DivisorFrequencia:Divisor_inst|clkSaida ; DivisorFrequencia:Divisor_inst|clkSaida ; 0.500        ; 0.019      ; 74.448     ;
; -73.941 ; PC:PC_inst|PC_reg[0] ; banco:banco_inst|registradores~43  ; DivisorFrequencia:Divisor_inst|clkSaida ; DivisorFrequencia:Divisor_inst|clkSaida ; 0.500        ; 0.008      ; 74.436     ;
; -73.938 ; PC:PC_inst|PC_reg[2] ; banco:banco_inst|registradores~114 ; DivisorFrequencia:Divisor_inst|clkSaida ; DivisorFrequencia:Divisor_inst|clkSaida ; 0.500        ; -0.193     ; 74.232     ;
; -73.936 ; PC:PC_inst|PC_reg[2] ; banco:banco_inst|registradores~72  ; DivisorFrequencia:Divisor_inst|clkSaida ; DivisorFrequencia:Divisor_inst|clkSaida ; 0.500        ; -0.190     ; 74.233     ;
; -73.936 ; PC:PC_inst|PC_reg[2] ; banco:banco_inst|registradores~232 ; DivisorFrequencia:Divisor_inst|clkSaida ; DivisorFrequencia:Divisor_inst|clkSaida ; 0.500        ; -0.190     ; 74.233     ;
; -73.935 ; PC:PC_inst|PC_reg[0] ; banco:banco_inst|registradores~45  ; DivisorFrequencia:Divisor_inst|clkSaida ; DivisorFrequencia:Divisor_inst|clkSaida ; 0.500        ; 0.019      ; 74.441     ;
; -73.933 ; PC:PC_inst|PC_reg[2] ; banco:banco_inst|registradores~209 ; DivisorFrequencia:Divisor_inst|clkSaida ; DivisorFrequencia:Divisor_inst|clkSaida ; 0.500        ; -0.187     ; 74.233     ;
; -73.930 ; PC:PC_inst|PC_reg[3] ; banco:banco_inst|registradores~242 ; DivisorFrequencia:Divisor_inst|clkSaida ; DivisorFrequencia:Divisor_inst|clkSaida ; 0.500        ; 0.006      ; 74.423     ;
; -73.930 ; PC:PC_inst|PC_reg[5] ; banco:banco_inst|registradores~43  ; DivisorFrequencia:Divisor_inst|clkSaida ; DivisorFrequencia:Divisor_inst|clkSaida ; 0.500        ; 0.008      ; 74.425     ;
; -73.924 ; PC:PC_inst|PC_reg[5] ; banco:banco_inst|registradores~45  ; DivisorFrequencia:Divisor_inst|clkSaida ; DivisorFrequencia:Divisor_inst|clkSaida ; 0.500        ; 0.019      ; 74.430     ;
; -73.917 ; PC:PC_inst|PC_reg[3] ; banco:banco_inst|registradores~141 ; DivisorFrequencia:Divisor_inst|clkSaida ; DivisorFrequencia:Divisor_inst|clkSaida ; 0.500        ; 0.010      ; 74.414     ;
; -73.913 ; PC:PC_inst|PC_reg[3] ; banco:banco_inst|registradores~237 ; DivisorFrequencia:Divisor_inst|clkSaida ; DivisorFrequencia:Divisor_inst|clkSaida ; 0.500        ; 0.004      ; 74.404     ;
; -73.913 ; PC:PC_inst|PC_reg[0] ; banco:banco_inst|registradores~171 ; DivisorFrequencia:Divisor_inst|clkSaida ; DivisorFrequencia:Divisor_inst|clkSaida ; 0.500        ; 0.007      ; 74.407     ;
; -73.902 ; PC:PC_inst|PC_reg[5] ; banco:banco_inst|registradores~171 ; DivisorFrequencia:Divisor_inst|clkSaida ; DivisorFrequencia:Divisor_inst|clkSaida ; 0.500        ; 0.007      ; 74.396     ;
; -73.901 ; PC:PC_inst|PC_reg[3] ; banco:banco_inst|registradores~178 ; DivisorFrequencia:Divisor_inst|clkSaida ; DivisorFrequencia:Divisor_inst|clkSaida ; 0.500        ; 0.007      ; 74.395     ;
; -73.898 ; PC:PC_inst|PC_reg[3] ; banco:banco_inst|registradores~77  ; DivisorFrequencia:Divisor_inst|clkSaida ; DivisorFrequencia:Divisor_inst|clkSaida ; 0.500        ; 0.018      ; 74.403     ;
; -73.890 ; PC:PC_inst|PC_reg[0] ; banco:banco_inst|registradores~114 ; DivisorFrequencia:Divisor_inst|clkSaida ; DivisorFrequencia:Divisor_inst|clkSaida ; 0.500        ; -0.193     ; 74.184     ;
; -73.888 ; PC:PC_inst|PC_reg[0] ; banco:banco_inst|registradores~72  ; DivisorFrequencia:Divisor_inst|clkSaida ; DivisorFrequencia:Divisor_inst|clkSaida ; 0.500        ; -0.190     ; 74.185     ;
; -73.888 ; PC:PC_inst|PC_reg[0] ; banco:banco_inst|registradores~232 ; DivisorFrequencia:Divisor_inst|clkSaida ; DivisorFrequencia:Divisor_inst|clkSaida ; 0.500        ; -0.190     ; 74.185     ;
; -73.885 ; PC:PC_inst|PC_reg[0] ; banco:banco_inst|registradores~209 ; DivisorFrequencia:Divisor_inst|clkSaida ; DivisorFrequencia:Divisor_inst|clkSaida ; 0.500        ; -0.187     ; 74.185     ;
; -73.881 ; PC:PC_inst|PC_reg[1] ; banco:banco_inst|registradores~43  ; DivisorFrequencia:Divisor_inst|clkSaida ; DivisorFrequencia:Divisor_inst|clkSaida ; 0.500        ; 0.008      ; 74.376     ;
; -73.879 ; PC:PC_inst|PC_reg[5] ; banco:banco_inst|registradores~114 ; DivisorFrequencia:Divisor_inst|clkSaida ; DivisorFrequencia:Divisor_inst|clkSaida ; 0.500        ; -0.193     ; 74.173     ;
; -73.877 ; PC:PC_inst|PC_reg[5] ; banco:banco_inst|registradores~72  ; DivisorFrequencia:Divisor_inst|clkSaida ; DivisorFrequencia:Divisor_inst|clkSaida ; 0.500        ; -0.190     ; 74.174     ;
; -73.877 ; PC:PC_inst|PC_reg[5] ; banco:banco_inst|registradores~232 ; DivisorFrequencia:Divisor_inst|clkSaida ; DivisorFrequencia:Divisor_inst|clkSaida ; 0.500        ; -0.190     ; 74.174     ;
; -73.875 ; PC:PC_inst|PC_reg[1] ; banco:banco_inst|registradores~45  ; DivisorFrequencia:Divisor_inst|clkSaida ; DivisorFrequencia:Divisor_inst|clkSaida ; 0.500        ; 0.019      ; 74.381     ;
; -73.874 ; PC:PC_inst|PC_reg[5] ; banco:banco_inst|registradores~209 ; DivisorFrequencia:Divisor_inst|clkSaida ; DivisorFrequencia:Divisor_inst|clkSaida ; 0.500        ; -0.187     ; 74.174     ;
; -73.853 ; PC:PC_inst|PC_reg[1] ; banco:banco_inst|registradores~171 ; DivisorFrequencia:Divisor_inst|clkSaida ; DivisorFrequencia:Divisor_inst|clkSaida ; 0.500        ; 0.007      ; 74.347     ;
+---------+----------------------+------------------------------------+-----------------------------------------+-----------------------------------------+--------------+------------+------------+


+-----------------------------------------------------------------------------------------------------------------------------------------------------------------------------------------------------+
; Fast 1200mV 0C Model Setup: 'clk_50'                                                                                                                                                                ;
+--------+---------------------------------------------+---------------------------------------------+-----------------------------------------+-------------+--------------+------------+------------+
; Slack  ; From Node                                   ; To Node                                     ; Launch Clock                            ; Latch Clock ; Relationship ; Clock Skew ; Data Delay ;
+--------+---------------------------------------------+---------------------------------------------+-----------------------------------------+-------------+--------------+------------+------------+
; -1.220 ; DivisorFrequencia:Divisor_inst|contador[15] ; DivisorFrequencia:Divisor_inst|clkSaida     ; clk_50                                  ; clk_50      ; 1.000        ; -0.039     ; 2.168      ;
; -1.220 ; DivisorFrequencia:Divisor_inst|contador[12] ; DivisorFrequencia:Divisor_inst|clkSaida     ; clk_50                                  ; clk_50      ; 1.000        ; -0.039     ; 2.168      ;
; -1.189 ; DivisorFrequencia:Divisor_inst|contador[4]  ; DivisorFrequencia:Divisor_inst|clkSaida     ; clk_50                                  ; clk_50      ; 1.000        ; -0.041     ; 2.135      ;
; -1.176 ; DivisorFrequencia:Divisor_inst|contador[23] ; DivisorFrequencia:Divisor_inst|clkSaida     ; clk_50                                  ; clk_50      ; 1.000        ; -0.039     ; 2.124      ;
; -1.176 ; DivisorFrequencia:Divisor_inst|contador[21] ; DivisorFrequencia:Divisor_inst|clkSaida     ; clk_50                                  ; clk_50      ; 1.000        ; -0.039     ; 2.124      ;
; -1.175 ; DivisorFrequencia:Divisor_inst|contador[5]  ; DivisorFrequencia:Divisor_inst|clkSaida     ; clk_50                                  ; clk_50      ; 1.000        ; -0.041     ; 2.121      ;
; -1.160 ; DivisorFrequencia:Divisor_inst|contador[22] ; DivisorFrequencia:Divisor_inst|clkSaida     ; clk_50                                  ; clk_50      ; 1.000        ; -0.039     ; 2.108      ;
; -1.158 ; DivisorFrequencia:Divisor_inst|contador[2]  ; DivisorFrequencia:Divisor_inst|clkSaida     ; clk_50                                  ; clk_50      ; 1.000        ; -0.041     ; 2.104      ;
; -1.138 ; DivisorFrequencia:Divisor_inst|contador[6]  ; DivisorFrequencia:Divisor_inst|clkSaida     ; clk_50                                  ; clk_50      ; 1.000        ; -0.041     ; 2.084      ;
; -1.132 ; DivisorFrequencia:Divisor_inst|contador[14] ; DivisorFrequencia:Divisor_inst|clkSaida     ; clk_50                                  ; clk_50      ; 1.000        ; -0.039     ; 2.080      ;
; -1.103 ; DivisorFrequencia:Divisor_inst|contador[18] ; DivisorFrequencia:Divisor_inst|clkSaida     ; clk_50                                  ; clk_50      ; 1.000        ; -0.039     ; 2.051      ;
; -1.103 ; DivisorFrequencia:Divisor_inst|contador[19] ; DivisorFrequencia:Divisor_inst|clkSaida     ; clk_50                                  ; clk_50      ; 1.000        ; -0.039     ; 2.051      ;
; -1.096 ; DivisorFrequencia:Divisor_inst|contador[3]  ; DivisorFrequencia:Divisor_inst|clkSaida     ; clk_50                                  ; clk_50      ; 1.000        ; -0.041     ; 2.042      ;
; -1.089 ; DivisorFrequencia:Divisor_inst|contador[7]  ; DivisorFrequencia:Divisor_inst|clkSaida     ; clk_50                                  ; clk_50      ; 1.000        ; -0.041     ; 2.035      ;
; -1.081 ; DivisorFrequencia:Divisor_inst|contador[0]  ; DivisorFrequencia:Divisor_inst|clkSaida     ; clk_50                                  ; clk_50      ; 1.000        ; -0.041     ; 2.027      ;
; -1.076 ; DivisorFrequencia:Divisor_inst|contador[13] ; DivisorFrequencia:Divisor_inst|clkSaida     ; clk_50                                  ; clk_50      ; 1.000        ; -0.039     ; 2.024      ;
; -1.032 ; DivisorFrequencia:Divisor_inst|contador[20] ; DivisorFrequencia:Divisor_inst|clkSaida     ; clk_50                                  ; clk_50      ; 1.000        ; -0.039     ; 1.980      ;
; -1.025 ; DivisorFrequencia:Divisor_inst|contador[8]  ; DivisorFrequencia:Divisor_inst|clkSaida     ; clk_50                                  ; clk_50      ; 1.000        ; -0.041     ; 1.971      ;
; -1.025 ; DivisorFrequencia:Divisor_inst|contador[1]  ; DivisorFrequencia:Divisor_inst|clkSaida     ; clk_50                                  ; clk_50      ; 1.000        ; -0.041     ; 1.971      ;
; -1.017 ; DivisorFrequencia:Divisor_inst|contador[11] ; DivisorFrequencia:Divisor_inst|clkSaida     ; clk_50                                  ; clk_50      ; 1.000        ; -0.041     ; 1.963      ;
; -1.016 ; DivisorFrequencia:Divisor_inst|contador[16] ; DivisorFrequencia:Divisor_inst|clkSaida     ; clk_50                                  ; clk_50      ; 1.000        ; -0.039     ; 1.964      ;
; -0.996 ; DivisorFrequencia:Divisor_inst|contador[10] ; DivisorFrequencia:Divisor_inst|clkSaida     ; clk_50                                  ; clk_50      ; 1.000        ; -0.041     ; 1.942      ;
; -0.994 ; DivisorFrequencia:Divisor_inst|contador[24] ; DivisorFrequencia:Divisor_inst|clkSaida     ; clk_50                                  ; clk_50      ; 1.000        ; -0.039     ; 1.942      ;
; -0.979 ; DivisorFrequencia:Divisor_inst|contador[9]  ; DivisorFrequencia:Divisor_inst|clkSaida     ; clk_50                                  ; clk_50      ; 1.000        ; -0.041     ; 1.925      ;
; -0.960 ; DivisorFrequencia:Divisor_inst|contador[17] ; DivisorFrequencia:Divisor_inst|clkSaida     ; clk_50                                  ; clk_50      ; 1.000        ; -0.039     ; 1.908      ;
; -0.640 ; DivisorFrequencia:Divisor_inst|contador[1]  ; DivisorFrequencia:Divisor_inst|contador[24] ; clk_50                                  ; clk_50      ; 1.000        ; -0.043     ; 1.584      ;
; -0.591 ; DivisorFrequencia:Divisor_inst|contador[0]  ; DivisorFrequencia:Divisor_inst|contador[24] ; clk_50                                  ; clk_50      ; 1.000        ; -0.043     ; 1.535      ;
; -0.576 ; DivisorFrequencia:Divisor_inst|contador[1]  ; DivisorFrequencia:Divisor_inst|contador[23] ; clk_50                                  ; clk_50      ; 1.000        ; -0.043     ; 1.520      ;
; -0.572 ; DivisorFrequencia:Divisor_inst|contador[1]  ; DivisorFrequencia:Divisor_inst|contador[22] ; clk_50                                  ; clk_50      ; 1.000        ; -0.043     ; 1.516      ;
; -0.571 ; DivisorFrequencia:Divisor_inst|contador[3]  ; DivisorFrequencia:Divisor_inst|contador[24] ; clk_50                                  ; clk_50      ; 1.000        ; -0.043     ; 1.515      ;
; -0.561 ; DivisorFrequencia:Divisor_inst|contador[0]  ; DivisorFrequencia:Divisor_inst|contador[23] ; clk_50                                  ; clk_50      ; 1.000        ; -0.043     ; 1.505      ;
; -0.539 ; DivisorFrequencia:Divisor_inst|clkSaida     ; DivisorFrequencia:Divisor_inst|clkSaida     ; DivisorFrequencia:Divisor_inst|clkSaida ; clk_50      ; 0.500        ; 1.584      ; 2.705      ;
; -0.523 ; DivisorFrequencia:Divisor_inst|contador[0]  ; DivisorFrequencia:Divisor_inst|contador[22] ; clk_50                                  ; clk_50      ; 1.000        ; -0.043     ; 1.467      ;
; -0.522 ; DivisorFrequencia:Divisor_inst|contador[2]  ; DivisorFrequencia:Divisor_inst|contador[24] ; clk_50                                  ; clk_50      ; 1.000        ; -0.043     ; 1.466      ;
; -0.508 ; DivisorFrequencia:Divisor_inst|contador[1]  ; DivisorFrequencia:Divisor_inst|contador[21] ; clk_50                                  ; clk_50      ; 1.000        ; -0.043     ; 1.452      ;
; -0.507 ; DivisorFrequencia:Divisor_inst|contador[3]  ; DivisorFrequencia:Divisor_inst|contador[23] ; clk_50                                  ; clk_50      ; 1.000        ; -0.043     ; 1.451      ;
; -0.506 ; DivisorFrequencia:Divisor_inst|contador[5]  ; DivisorFrequencia:Divisor_inst|contador[24] ; clk_50                                  ; clk_50      ; 1.000        ; -0.043     ; 1.450      ;
; -0.504 ; DivisorFrequencia:Divisor_inst|contador[1]  ; DivisorFrequencia:Divisor_inst|contador[20] ; clk_50                                  ; clk_50      ; 1.000        ; -0.043     ; 1.448      ;
; -0.503 ; DivisorFrequencia:Divisor_inst|contador[3]  ; DivisorFrequencia:Divisor_inst|contador[22] ; clk_50                                  ; clk_50      ; 1.000        ; -0.043     ; 1.447      ;
; -0.495 ; DivisorFrequencia:Divisor_inst|contador[15] ; DivisorFrequencia:Divisor_inst|contador[0]  ; clk_50                                  ; clk_50      ; 1.000        ; -0.040     ; 1.442      ;
; -0.495 ; DivisorFrequencia:Divisor_inst|contador[15] ; DivisorFrequencia:Divisor_inst|contador[1]  ; clk_50                                  ; clk_50      ; 1.000        ; -0.040     ; 1.442      ;
; -0.495 ; DivisorFrequencia:Divisor_inst|contador[15] ; DivisorFrequencia:Divisor_inst|contador[4]  ; clk_50                                  ; clk_50      ; 1.000        ; -0.040     ; 1.442      ;
; -0.495 ; DivisorFrequencia:Divisor_inst|contador[15] ; DivisorFrequencia:Divisor_inst|contador[5]  ; clk_50                                  ; clk_50      ; 1.000        ; -0.040     ; 1.442      ;
; -0.495 ; DivisorFrequencia:Divisor_inst|contador[12] ; DivisorFrequencia:Divisor_inst|contador[0]  ; clk_50                                  ; clk_50      ; 1.000        ; -0.040     ; 1.442      ;
; -0.495 ; DivisorFrequencia:Divisor_inst|contador[12] ; DivisorFrequencia:Divisor_inst|contador[1]  ; clk_50                                  ; clk_50      ; 1.000        ; -0.040     ; 1.442      ;
; -0.495 ; DivisorFrequencia:Divisor_inst|contador[12] ; DivisorFrequencia:Divisor_inst|contador[4]  ; clk_50                                  ; clk_50      ; 1.000        ; -0.040     ; 1.442      ;
; -0.495 ; DivisorFrequencia:Divisor_inst|contador[12] ; DivisorFrequencia:Divisor_inst|contador[5]  ; clk_50                                  ; clk_50      ; 1.000        ; -0.040     ; 1.442      ;
; -0.493 ; DivisorFrequencia:Divisor_inst|contador[2]  ; DivisorFrequencia:Divisor_inst|contador[23] ; clk_50                                  ; clk_50      ; 1.000        ; -0.043     ; 1.437      ;
; -0.493 ; DivisorFrequencia:Divisor_inst|contador[0]  ; DivisorFrequencia:Divisor_inst|contador[21] ; clk_50                                  ; clk_50      ; 1.000        ; -0.043     ; 1.437      ;
; -0.464 ; DivisorFrequencia:Divisor_inst|contador[4]  ; DivisorFrequencia:Divisor_inst|contador[0]  ; clk_50                                  ; clk_50      ; 1.000        ; -0.042     ; 1.409      ;
; -0.464 ; DivisorFrequencia:Divisor_inst|contador[4]  ; DivisorFrequencia:Divisor_inst|contador[1]  ; clk_50                                  ; clk_50      ; 1.000        ; -0.042     ; 1.409      ;
; -0.464 ; DivisorFrequencia:Divisor_inst|contador[4]  ; DivisorFrequencia:Divisor_inst|contador[4]  ; clk_50                                  ; clk_50      ; 1.000        ; -0.042     ; 1.409      ;
; -0.464 ; DivisorFrequencia:Divisor_inst|contador[4]  ; DivisorFrequencia:Divisor_inst|contador[5]  ; clk_50                                  ; clk_50      ; 1.000        ; -0.042     ; 1.409      ;
; -0.458 ; DivisorFrequencia:Divisor_inst|contador[4]  ; DivisorFrequencia:Divisor_inst|contador[24] ; clk_50                                  ; clk_50      ; 1.000        ; -0.043     ; 1.402      ;
; -0.455 ; DivisorFrequencia:Divisor_inst|contador[0]  ; DivisorFrequencia:Divisor_inst|contador[20] ; clk_50                                  ; clk_50      ; 1.000        ; -0.043     ; 1.399      ;
; -0.454 ; DivisorFrequencia:Divisor_inst|contador[2]  ; DivisorFrequencia:Divisor_inst|contador[22] ; clk_50                                  ; clk_50      ; 1.000        ; -0.043     ; 1.398      ;
; -0.451 ; DivisorFrequencia:Divisor_inst|contador[23] ; DivisorFrequencia:Divisor_inst|contador[0]  ; clk_50                                  ; clk_50      ; 1.000        ; -0.040     ; 1.398      ;
; -0.451 ; DivisorFrequencia:Divisor_inst|contador[23] ; DivisorFrequencia:Divisor_inst|contador[1]  ; clk_50                                  ; clk_50      ; 1.000        ; -0.040     ; 1.398      ;
; -0.451 ; DivisorFrequencia:Divisor_inst|contador[23] ; DivisorFrequencia:Divisor_inst|contador[4]  ; clk_50                                  ; clk_50      ; 1.000        ; -0.040     ; 1.398      ;
; -0.451 ; DivisorFrequencia:Divisor_inst|contador[23] ; DivisorFrequencia:Divisor_inst|contador[5]  ; clk_50                                  ; clk_50      ; 1.000        ; -0.040     ; 1.398      ;
; -0.451 ; DivisorFrequencia:Divisor_inst|contador[21] ; DivisorFrequencia:Divisor_inst|contador[0]  ; clk_50                                  ; clk_50      ; 1.000        ; -0.040     ; 1.398      ;
; -0.451 ; DivisorFrequencia:Divisor_inst|contador[21] ; DivisorFrequencia:Divisor_inst|contador[1]  ; clk_50                                  ; clk_50      ; 1.000        ; -0.040     ; 1.398      ;
; -0.451 ; DivisorFrequencia:Divisor_inst|contador[21] ; DivisorFrequencia:Divisor_inst|contador[4]  ; clk_50                                  ; clk_50      ; 1.000        ; -0.040     ; 1.398      ;
; -0.451 ; DivisorFrequencia:Divisor_inst|contador[21] ; DivisorFrequencia:Divisor_inst|contador[5]  ; clk_50                                  ; clk_50      ; 1.000        ; -0.040     ; 1.398      ;
; -0.450 ; DivisorFrequencia:Divisor_inst|contador[5]  ; DivisorFrequencia:Divisor_inst|contador[0]  ; clk_50                                  ; clk_50      ; 1.000        ; -0.042     ; 1.395      ;
; -0.450 ; DivisorFrequencia:Divisor_inst|contador[5]  ; DivisorFrequencia:Divisor_inst|contador[1]  ; clk_50                                  ; clk_50      ; 1.000        ; -0.042     ; 1.395      ;
; -0.450 ; DivisorFrequencia:Divisor_inst|contador[5]  ; DivisorFrequencia:Divisor_inst|contador[4]  ; clk_50                                  ; clk_50      ; 1.000        ; -0.042     ; 1.395      ;
; -0.450 ; DivisorFrequencia:Divisor_inst|contador[5]  ; DivisorFrequencia:Divisor_inst|contador[5]  ; clk_50                                  ; clk_50      ; 1.000        ; -0.042     ; 1.395      ;
; -0.442 ; DivisorFrequencia:Divisor_inst|contador[5]  ; DivisorFrequencia:Divisor_inst|contador[23] ; clk_50                                  ; clk_50      ; 1.000        ; -0.043     ; 1.386      ;
; -0.440 ; DivisorFrequencia:Divisor_inst|contador[1]  ; DivisorFrequencia:Divisor_inst|contador[19] ; clk_50                                  ; clk_50      ; 1.000        ; -0.043     ; 1.384      ;
; -0.439 ; DivisorFrequencia:Divisor_inst|contador[3]  ; DivisorFrequencia:Divisor_inst|contador[21] ; clk_50                                  ; clk_50      ; 1.000        ; -0.043     ; 1.383      ;
; -0.438 ; DivisorFrequencia:Divisor_inst|contador[5]  ; DivisorFrequencia:Divisor_inst|contador[22] ; clk_50                                  ; clk_50      ; 1.000        ; -0.043     ; 1.382      ;
; -0.436 ; DivisorFrequencia:Divisor_inst|contador[1]  ; DivisorFrequencia:Divisor_inst|contador[18] ; clk_50                                  ; clk_50      ; 1.000        ; -0.043     ; 1.380      ;
; -0.435 ; DivisorFrequencia:Divisor_inst|contador[3]  ; DivisorFrequencia:Divisor_inst|contador[20] ; clk_50                                  ; clk_50      ; 1.000        ; -0.043     ; 1.379      ;
; -0.435 ; DivisorFrequencia:Divisor_inst|contador[22] ; DivisorFrequencia:Divisor_inst|contador[0]  ; clk_50                                  ; clk_50      ; 1.000        ; -0.040     ; 1.382      ;
; -0.435 ; DivisorFrequencia:Divisor_inst|contador[22] ; DivisorFrequencia:Divisor_inst|contador[1]  ; clk_50                                  ; clk_50      ; 1.000        ; -0.040     ; 1.382      ;
; -0.435 ; DivisorFrequencia:Divisor_inst|contador[22] ; DivisorFrequencia:Divisor_inst|contador[4]  ; clk_50                                  ; clk_50      ; 1.000        ; -0.040     ; 1.382      ;
; -0.435 ; DivisorFrequencia:Divisor_inst|contador[22] ; DivisorFrequencia:Divisor_inst|contador[5]  ; clk_50                                  ; clk_50      ; 1.000        ; -0.040     ; 1.382      ;
; -0.433 ; DivisorFrequencia:Divisor_inst|contador[2]  ; DivisorFrequencia:Divisor_inst|contador[0]  ; clk_50                                  ; clk_50      ; 1.000        ; -0.042     ; 1.378      ;
; -0.433 ; DivisorFrequencia:Divisor_inst|contador[2]  ; DivisorFrequencia:Divisor_inst|contador[1]  ; clk_50                                  ; clk_50      ; 1.000        ; -0.042     ; 1.378      ;
; -0.433 ; DivisorFrequencia:Divisor_inst|contador[2]  ; DivisorFrequencia:Divisor_inst|contador[4]  ; clk_50                                  ; clk_50      ; 1.000        ; -0.042     ; 1.378      ;
; -0.433 ; DivisorFrequencia:Divisor_inst|contador[2]  ; DivisorFrequencia:Divisor_inst|contador[5]  ; clk_50                                  ; clk_50      ; 1.000        ; -0.042     ; 1.378      ;
; -0.431 ; DivisorFrequencia:Divisor_inst|contador[7]  ; DivisorFrequencia:Divisor_inst|contador[24] ; clk_50                                  ; clk_50      ; 1.000        ; -0.043     ; 1.375      ;
; -0.427 ; DivisorFrequencia:Divisor_inst|contador[4]  ; DivisorFrequencia:Divisor_inst|contador[23] ; clk_50                                  ; clk_50      ; 1.000        ; -0.043     ; 1.371      ;
; -0.425 ; DivisorFrequencia:Divisor_inst|contador[2]  ; DivisorFrequencia:Divisor_inst|contador[21] ; clk_50                                  ; clk_50      ; 1.000        ; -0.043     ; 1.369      ;
; -0.425 ; DivisorFrequencia:Divisor_inst|contador[0]  ; DivisorFrequencia:Divisor_inst|contador[19] ; clk_50                                  ; clk_50      ; 1.000        ; -0.043     ; 1.369      ;
; -0.413 ; DivisorFrequencia:Divisor_inst|contador[6]  ; DivisorFrequencia:Divisor_inst|contador[0]  ; clk_50                                  ; clk_50      ; 1.000        ; -0.042     ; 1.358      ;
; -0.413 ; DivisorFrequencia:Divisor_inst|contador[6]  ; DivisorFrequencia:Divisor_inst|contador[1]  ; clk_50                                  ; clk_50      ; 1.000        ; -0.042     ; 1.358      ;
; -0.413 ; DivisorFrequencia:Divisor_inst|contador[6]  ; DivisorFrequencia:Divisor_inst|contador[4]  ; clk_50                                  ; clk_50      ; 1.000        ; -0.042     ; 1.358      ;
; -0.413 ; DivisorFrequencia:Divisor_inst|contador[6]  ; DivisorFrequencia:Divisor_inst|contador[5]  ; clk_50                                  ; clk_50      ; 1.000        ; -0.042     ; 1.358      ;
; -0.407 ; DivisorFrequencia:Divisor_inst|contador[14] ; DivisorFrequencia:Divisor_inst|contador[0]  ; clk_50                                  ; clk_50      ; 1.000        ; -0.040     ; 1.354      ;
; -0.407 ; DivisorFrequencia:Divisor_inst|contador[14] ; DivisorFrequencia:Divisor_inst|contador[1]  ; clk_50                                  ; clk_50      ; 1.000        ; -0.040     ; 1.354      ;
; -0.407 ; DivisorFrequencia:Divisor_inst|contador[14] ; DivisorFrequencia:Divisor_inst|contador[4]  ; clk_50                                  ; clk_50      ; 1.000        ; -0.040     ; 1.354      ;
; -0.407 ; DivisorFrequencia:Divisor_inst|contador[14] ; DivisorFrequencia:Divisor_inst|contador[5]  ; clk_50                                  ; clk_50      ; 1.000        ; -0.040     ; 1.354      ;
; -0.390 ; DivisorFrequencia:Divisor_inst|contador[4]  ; DivisorFrequencia:Divisor_inst|contador[22] ; clk_50                                  ; clk_50      ; 1.000        ; -0.043     ; 1.334      ;
; -0.387 ; DivisorFrequencia:Divisor_inst|contador[6]  ; DivisorFrequencia:Divisor_inst|contador[24] ; clk_50                                  ; clk_50      ; 1.000        ; -0.043     ; 1.331      ;
; -0.387 ; DivisorFrequencia:Divisor_inst|contador[0]  ; DivisorFrequencia:Divisor_inst|contador[18] ; clk_50                                  ; clk_50      ; 1.000        ; -0.043     ; 1.331      ;
; -0.386 ; DivisorFrequencia:Divisor_inst|contador[2]  ; DivisorFrequencia:Divisor_inst|contador[20] ; clk_50                                  ; clk_50      ; 1.000        ; -0.043     ; 1.330      ;
; -0.378 ; DivisorFrequencia:Divisor_inst|contador[18] ; DivisorFrequencia:Divisor_inst|contador[0]  ; clk_50                                  ; clk_50      ; 1.000        ; -0.040     ; 1.325      ;
; -0.378 ; DivisorFrequencia:Divisor_inst|contador[18] ; DivisorFrequencia:Divisor_inst|contador[1]  ; clk_50                                  ; clk_50      ; 1.000        ; -0.040     ; 1.325      ;
+--------+---------------------------------------------+---------------------------------------------+-----------------------------------------+-------------+--------------+------------+------------+


+----------------------------------------------------------------------------------------------------------------------------------------------------------------------------------------------------+
; Fast 1200mV 0C Model Hold: 'clk_50'                                                                                                                                                                ;
+-------+---------------------------------------------+---------------------------------------------+-----------------------------------------+-------------+--------------+------------+------------+
; Slack ; From Node                                   ; To Node                                     ; Launch Clock                            ; Latch Clock ; Relationship ; Clock Skew ; Data Delay ;
+-------+---------------------------------------------+---------------------------------------------+-----------------------------------------+-------------+--------------+------------+------------+
; 0.200 ; DivisorFrequencia:Divisor_inst|contador[24] ; DivisorFrequencia:Divisor_inst|contador[24] ; clk_50                                  ; clk_50      ; 0.000        ; 0.041      ; 0.325      ;
; 0.292 ; DivisorFrequencia:Divisor_inst|contador[17] ; DivisorFrequencia:Divisor_inst|contador[17] ; clk_50                                  ; clk_50      ; 0.000        ; 0.041      ; 0.417      ;
; 0.292 ; DivisorFrequencia:Divisor_inst|contador[13] ; DivisorFrequencia:Divisor_inst|contador[13] ; clk_50                                  ; clk_50      ; 0.000        ; 0.041      ; 0.417      ;
; 0.293 ; DivisorFrequencia:Divisor_inst|contador[15] ; DivisorFrequencia:Divisor_inst|contador[15] ; clk_50                                  ; clk_50      ; 0.000        ; 0.041      ; 0.418      ;
; 0.293 ; DivisorFrequencia:Divisor_inst|contador[12] ; DivisorFrequencia:Divisor_inst|contador[12] ; clk_50                                  ; clk_50      ; 0.000        ; 0.041      ; 0.418      ;
; 0.294 ; DivisorFrequencia:Divisor_inst|contador[23] ; DivisorFrequencia:Divisor_inst|contador[23] ; clk_50                                  ; clk_50      ; 0.000        ; 0.041      ; 0.419      ;
; 0.294 ; DivisorFrequencia:Divisor_inst|contador[19] ; DivisorFrequencia:Divisor_inst|contador[19] ; clk_50                                  ; clk_50      ; 0.000        ; 0.041      ; 0.419      ;
; 0.294 ; DivisorFrequencia:Divisor_inst|contador[14] ; DivisorFrequencia:Divisor_inst|contador[14] ; clk_50                                  ; clk_50      ; 0.000        ; 0.041      ; 0.419      ;
; 0.295 ; DivisorFrequencia:Divisor_inst|contador[21] ; DivisorFrequencia:Divisor_inst|contador[21] ; clk_50                                  ; clk_50      ; 0.000        ; 0.041      ; 0.420      ;
; 0.295 ; DivisorFrequencia:Divisor_inst|contador[20] ; DivisorFrequencia:Divisor_inst|contador[20] ; clk_50                                  ; clk_50      ; 0.000        ; 0.041      ; 0.420      ;
; 0.295 ; DivisorFrequencia:Divisor_inst|contador[18] ; DivisorFrequencia:Divisor_inst|contador[18] ; clk_50                                  ; clk_50      ; 0.000        ; 0.041      ; 0.420      ;
; 0.295 ; DivisorFrequencia:Divisor_inst|contador[16] ; DivisorFrequencia:Divisor_inst|contador[16] ; clk_50                                  ; clk_50      ; 0.000        ; 0.041      ; 0.420      ;
; 0.298 ; DivisorFrequencia:Divisor_inst|contador[11] ; DivisorFrequencia:Divisor_inst|contador[11] ; clk_50                                  ; clk_50      ; 0.000        ; 0.042      ; 0.424      ;
; 0.298 ; DivisorFrequencia:Divisor_inst|contador[9]  ; DivisorFrequencia:Divisor_inst|contador[9]  ; clk_50                                  ; clk_50      ; 0.000        ; 0.042      ; 0.424      ;
; 0.299 ; DivisorFrequencia:Divisor_inst|contador[7]  ; DivisorFrequencia:Divisor_inst|contador[7]  ; clk_50                                  ; clk_50      ; 0.000        ; 0.042      ; 0.425      ;
; 0.299 ; DivisorFrequencia:Divisor_inst|contador[3]  ; DivisorFrequencia:Divisor_inst|contador[3]  ; clk_50                                  ; clk_50      ; 0.000        ; 0.042      ; 0.425      ;
; 0.299 ; DivisorFrequencia:Divisor_inst|contador[2]  ; DivisorFrequencia:Divisor_inst|contador[2]  ; clk_50                                  ; clk_50      ; 0.000        ; 0.042      ; 0.425      ;
; 0.300 ; DivisorFrequencia:Divisor_inst|contador[10] ; DivisorFrequencia:Divisor_inst|contador[10] ; clk_50                                  ; clk_50      ; 0.000        ; 0.042      ; 0.426      ;
; 0.301 ; DivisorFrequencia:Divisor_inst|contador[8]  ; DivisorFrequencia:Divisor_inst|contador[8]  ; clk_50                                  ; clk_50      ; 0.000        ; 0.042      ; 0.427      ;
; 0.301 ; DivisorFrequencia:Divisor_inst|contador[6]  ; DivisorFrequencia:Divisor_inst|contador[6]  ; clk_50                                  ; clk_50      ; 0.000        ; 0.042      ; 0.427      ;
; 0.363 ; DivisorFrequencia:Divisor_inst|contador[22] ; DivisorFrequencia:Divisor_inst|contador[22] ; clk_50                                  ; clk_50      ; 0.000        ; 0.041      ; 0.488      ;
; 0.429 ; DivisorFrequencia:Divisor_inst|clkSaida     ; DivisorFrequencia:Divisor_inst|clkSaida     ; DivisorFrequencia:Divisor_inst|clkSaida ; clk_50      ; 0.000        ; 1.645      ; 2.293      ;
; 0.441 ; DivisorFrequencia:Divisor_inst|contador[13] ; DivisorFrequencia:Divisor_inst|contador[14] ; clk_50                                  ; clk_50      ; 0.000        ; 0.041      ; 0.566      ;
; 0.441 ; DivisorFrequencia:Divisor_inst|contador[17] ; DivisorFrequencia:Divisor_inst|contador[18] ; clk_50                                  ; clk_50      ; 0.000        ; 0.041      ; 0.566      ;
; 0.442 ; DivisorFrequencia:Divisor_inst|contador[15] ; DivisorFrequencia:Divisor_inst|contador[16] ; clk_50                                  ; clk_50      ; 0.000        ; 0.041      ; 0.567      ;
; 0.443 ; DivisorFrequencia:Divisor_inst|contador[23] ; DivisorFrequencia:Divisor_inst|contador[24] ; clk_50                                  ; clk_50      ; 0.000        ; 0.041      ; 0.568      ;
; 0.443 ; DivisorFrequencia:Divisor_inst|contador[19] ; DivisorFrequencia:Divisor_inst|contador[20] ; clk_50                                  ; clk_50      ; 0.000        ; 0.041      ; 0.568      ;
; 0.444 ; DivisorFrequencia:Divisor_inst|contador[21] ; DivisorFrequencia:Divisor_inst|contador[22] ; clk_50                                  ; clk_50      ; 0.000        ; 0.041      ; 0.569      ;
; 0.447 ; DivisorFrequencia:Divisor_inst|contador[9]  ; DivisorFrequencia:Divisor_inst|contador[10] ; clk_50                                  ; clk_50      ; 0.000        ; 0.042      ; 0.573      ;
; 0.448 ; DivisorFrequencia:Divisor_inst|contador[7]  ; DivisorFrequencia:Divisor_inst|contador[8]  ; clk_50                                  ; clk_50      ; 0.000        ; 0.042      ; 0.574      ;
; 0.449 ; DivisorFrequencia:Divisor_inst|contador[11] ; DivisorFrequencia:Divisor_inst|contador[12] ; clk_50                                  ; clk_50      ; 0.000        ; 0.040      ; 0.573      ;
; 0.449 ; DivisorFrequencia:Divisor_inst|contador[1]  ; DivisorFrequencia:Divisor_inst|contador[2]  ; clk_50                                  ; clk_50      ; 0.000        ; 0.042      ; 0.575      ;
; 0.450 ; DivisorFrequencia:Divisor_inst|contador[5]  ; DivisorFrequencia:Divisor_inst|contador[6]  ; clk_50                                  ; clk_50      ; 0.000        ; 0.042      ; 0.576      ;
; 0.451 ; DivisorFrequencia:Divisor_inst|contador[12] ; DivisorFrequencia:Divisor_inst|contador[13] ; clk_50                                  ; clk_50      ; 0.000        ; 0.041      ; 0.576      ;
; 0.452 ; DivisorFrequencia:Divisor_inst|contador[14] ; DivisorFrequencia:Divisor_inst|contador[15] ; clk_50                                  ; clk_50      ; 0.000        ; 0.041      ; 0.577      ;
; 0.453 ; DivisorFrequencia:Divisor_inst|contador[16] ; DivisorFrequencia:Divisor_inst|contador[17] ; clk_50                                  ; clk_50      ; 0.000        ; 0.041      ; 0.578      ;
; 0.453 ; DivisorFrequencia:Divisor_inst|contador[18] ; DivisorFrequencia:Divisor_inst|contador[19] ; clk_50                                  ; clk_50      ; 0.000        ; 0.041      ; 0.578      ;
; 0.453 ; DivisorFrequencia:Divisor_inst|contador[20] ; DivisorFrequencia:Divisor_inst|contador[21] ; clk_50                                  ; clk_50      ; 0.000        ; 0.041      ; 0.578      ;
; 0.454 ; DivisorFrequencia:Divisor_inst|contador[12] ; DivisorFrequencia:Divisor_inst|contador[14] ; clk_50                                  ; clk_50      ; 0.000        ; 0.041      ; 0.579      ;
; 0.455 ; DivisorFrequencia:Divisor_inst|contador[14] ; DivisorFrequencia:Divisor_inst|contador[16] ; clk_50                                  ; clk_50      ; 0.000        ; 0.041      ; 0.580      ;
; 0.456 ; DivisorFrequencia:Divisor_inst|contador[16] ; DivisorFrequencia:Divisor_inst|contador[18] ; clk_50                                  ; clk_50      ; 0.000        ; 0.041      ; 0.581      ;
; 0.456 ; DivisorFrequencia:Divisor_inst|contador[18] ; DivisorFrequencia:Divisor_inst|contador[20] ; clk_50                                  ; clk_50      ; 0.000        ; 0.041      ; 0.581      ;
; 0.456 ; DivisorFrequencia:Divisor_inst|contador[20] ; DivisorFrequencia:Divisor_inst|contador[22] ; clk_50                                  ; clk_50      ; 0.000        ; 0.041      ; 0.581      ;
; 0.457 ; DivisorFrequencia:Divisor_inst|contador[2]  ; DivisorFrequencia:Divisor_inst|contador[3]  ; clk_50                                  ; clk_50      ; 0.000        ; 0.042      ; 0.583      ;
; 0.458 ; DivisorFrequencia:Divisor_inst|contador[10] ; DivisorFrequencia:Divisor_inst|contador[11] ; clk_50                                  ; clk_50      ; 0.000        ; 0.042      ; 0.584      ;
; 0.459 ; DivisorFrequencia:Divisor_inst|contador[8]  ; DivisorFrequencia:Divisor_inst|contador[9]  ; clk_50                                  ; clk_50      ; 0.000        ; 0.042      ; 0.585      ;
; 0.459 ; DivisorFrequencia:Divisor_inst|contador[6]  ; DivisorFrequencia:Divisor_inst|contador[7]  ; clk_50                                  ; clk_50      ; 0.000        ; 0.042      ; 0.585      ;
; 0.460 ; DivisorFrequencia:Divisor_inst|contador[0]  ; DivisorFrequencia:Divisor_inst|contador[2]  ; clk_50                                  ; clk_50      ; 0.000        ; 0.042      ; 0.586      ;
; 0.462 ; DivisorFrequencia:Divisor_inst|contador[8]  ; DivisorFrequencia:Divisor_inst|contador[10] ; clk_50                                  ; clk_50      ; 0.000        ; 0.042      ; 0.588      ;
; 0.462 ; DivisorFrequencia:Divisor_inst|contador[6]  ; DivisorFrequencia:Divisor_inst|contador[8]  ; clk_50                                  ; clk_50      ; 0.000        ; 0.042      ; 0.588      ;
; 0.463 ; DivisorFrequencia:Divisor_inst|contador[10] ; DivisorFrequencia:Divisor_inst|contador[12] ; clk_50                                  ; clk_50      ; 0.000        ; 0.040      ; 0.587      ;
; 0.464 ; DivisorFrequencia:Divisor_inst|contador[4]  ; DivisorFrequencia:Divisor_inst|contador[6]  ; clk_50                                  ; clk_50      ; 0.000        ; 0.042      ; 0.590      ;
; 0.504 ; DivisorFrequencia:Divisor_inst|contador[13] ; DivisorFrequencia:Divisor_inst|contador[15] ; clk_50                                  ; clk_50      ; 0.000        ; 0.041      ; 0.629      ;
; 0.504 ; DivisorFrequencia:Divisor_inst|contador[17] ; DivisorFrequencia:Divisor_inst|contador[19] ; clk_50                                  ; clk_50      ; 0.000        ; 0.041      ; 0.629      ;
; 0.505 ; DivisorFrequencia:Divisor_inst|contador[15] ; DivisorFrequencia:Divisor_inst|contador[17] ; clk_50                                  ; clk_50      ; 0.000        ; 0.041      ; 0.630      ;
; 0.506 ; DivisorFrequencia:Divisor_inst|contador[19] ; DivisorFrequencia:Divisor_inst|contador[21] ; clk_50                                  ; clk_50      ; 0.000        ; 0.041      ; 0.631      ;
; 0.507 ; DivisorFrequencia:Divisor_inst|contador[21] ; DivisorFrequencia:Divisor_inst|contador[23] ; clk_50                                  ; clk_50      ; 0.000        ; 0.041      ; 0.632      ;
; 0.507 ; DivisorFrequencia:Divisor_inst|contador[13] ; DivisorFrequencia:Divisor_inst|contador[16] ; clk_50                                  ; clk_50      ; 0.000        ; 0.041      ; 0.632      ;
; 0.507 ; DivisorFrequencia:Divisor_inst|contador[17] ; DivisorFrequencia:Divisor_inst|contador[20] ; clk_50                                  ; clk_50      ; 0.000        ; 0.041      ; 0.632      ;
; 0.508 ; DivisorFrequencia:Divisor_inst|contador[15] ; DivisorFrequencia:Divisor_inst|contador[18] ; clk_50                                  ; clk_50      ; 0.000        ; 0.041      ; 0.633      ;
; 0.509 ; DivisorFrequencia:Divisor_inst|contador[19] ; DivisorFrequencia:Divisor_inst|contador[22] ; clk_50                                  ; clk_50      ; 0.000        ; 0.041      ; 0.634      ;
; 0.510 ; DivisorFrequencia:Divisor_inst|contador[21] ; DivisorFrequencia:Divisor_inst|contador[24] ; clk_50                                  ; clk_50      ; 0.000        ; 0.041      ; 0.635      ;
; 0.510 ; DivisorFrequencia:Divisor_inst|contador[9]  ; DivisorFrequencia:Divisor_inst|contador[11] ; clk_50                                  ; clk_50      ; 0.000        ; 0.042      ; 0.636      ;
; 0.511 ; DivisorFrequencia:Divisor_inst|contador[7]  ; DivisorFrequencia:Divisor_inst|contador[9]  ; clk_50                                  ; clk_50      ; 0.000        ; 0.042      ; 0.637      ;
; 0.512 ; DivisorFrequencia:Divisor_inst|contador[11] ; DivisorFrequencia:Divisor_inst|contador[13] ; clk_50                                  ; clk_50      ; 0.000        ; 0.040      ; 0.636      ;
; 0.512 ; DivisorFrequencia:Divisor_inst|contador[1]  ; DivisorFrequencia:Divisor_inst|contador[3]  ; clk_50                                  ; clk_50      ; 0.000        ; 0.042      ; 0.638      ;
; 0.513 ; DivisorFrequencia:Divisor_inst|contador[5]  ; DivisorFrequencia:Divisor_inst|contador[7]  ; clk_50                                  ; clk_50      ; 0.000        ; 0.042      ; 0.639      ;
; 0.514 ; DivisorFrequencia:Divisor_inst|contador[7]  ; DivisorFrequencia:Divisor_inst|contador[10] ; clk_50                                  ; clk_50      ; 0.000        ; 0.042      ; 0.640      ;
; 0.514 ; DivisorFrequencia:Divisor_inst|contador[3]  ; DivisorFrequencia:Divisor_inst|contador[6]  ; clk_50                                  ; clk_50      ; 0.000        ; 0.042      ; 0.640      ;
; 0.515 ; DivisorFrequencia:Divisor_inst|contador[11] ; DivisorFrequencia:Divisor_inst|contador[14] ; clk_50                                  ; clk_50      ; 0.000        ; 0.040      ; 0.639      ;
; 0.515 ; DivisorFrequencia:Divisor_inst|contador[9]  ; DivisorFrequencia:Divisor_inst|contador[12] ; clk_50                                  ; clk_50      ; 0.000        ; 0.040      ; 0.639      ;
; 0.516 ; DivisorFrequencia:Divisor_inst|contador[5]  ; DivisorFrequencia:Divisor_inst|contador[8]  ; clk_50                                  ; clk_50      ; 0.000        ; 0.042      ; 0.642      ;
; 0.517 ; DivisorFrequencia:Divisor_inst|contador[12] ; DivisorFrequencia:Divisor_inst|contador[15] ; clk_50                                  ; clk_50      ; 0.000        ; 0.041      ; 0.642      ;
; 0.518 ; DivisorFrequencia:Divisor_inst|contador[14] ; DivisorFrequencia:Divisor_inst|contador[17] ; clk_50                                  ; clk_50      ; 0.000        ; 0.041      ; 0.643      ;
; 0.519 ; DivisorFrequencia:Divisor_inst|contador[16] ; DivisorFrequencia:Divisor_inst|contador[19] ; clk_50                                  ; clk_50      ; 0.000        ; 0.041      ; 0.644      ;
; 0.519 ; DivisorFrequencia:Divisor_inst|contador[18] ; DivisorFrequencia:Divisor_inst|contador[21] ; clk_50                                  ; clk_50      ; 0.000        ; 0.041      ; 0.644      ;
; 0.519 ; DivisorFrequencia:Divisor_inst|contador[20] ; DivisorFrequencia:Divisor_inst|contador[23] ; clk_50                                  ; clk_50      ; 0.000        ; 0.041      ; 0.644      ;
; 0.520 ; DivisorFrequencia:Divisor_inst|contador[12] ; DivisorFrequencia:Divisor_inst|contador[16] ; clk_50                                  ; clk_50      ; 0.000        ; 0.041      ; 0.645      ;
; 0.521 ; DivisorFrequencia:Divisor_inst|contador[22] ; DivisorFrequencia:Divisor_inst|contador[23] ; clk_50                                  ; clk_50      ; 0.000        ; 0.041      ; 0.646      ;
; 0.521 ; DivisorFrequencia:Divisor_inst|contador[14] ; DivisorFrequencia:Divisor_inst|contador[18] ; clk_50                                  ; clk_50      ; 0.000        ; 0.041      ; 0.646      ;
; 0.522 ; DivisorFrequencia:Divisor_inst|contador[16] ; DivisorFrequencia:Divisor_inst|contador[20] ; clk_50                                  ; clk_50      ; 0.000        ; 0.041      ; 0.647      ;
; 0.522 ; DivisorFrequencia:Divisor_inst|contador[18] ; DivisorFrequencia:Divisor_inst|contador[22] ; clk_50                                  ; clk_50      ; 0.000        ; 0.041      ; 0.647      ;
; 0.522 ; DivisorFrequencia:Divisor_inst|contador[20] ; DivisorFrequencia:Divisor_inst|contador[24] ; clk_50                                  ; clk_50      ; 0.000        ; 0.041      ; 0.647      ;
; 0.523 ; DivisorFrequencia:Divisor_inst|contador[0]  ; DivisorFrequencia:Divisor_inst|contador[3]  ; clk_50                                  ; clk_50      ; 0.000        ; 0.042      ; 0.649      ;
; 0.524 ; DivisorFrequencia:Divisor_inst|contador[22] ; DivisorFrequencia:Divisor_inst|contador[24] ; clk_50                                  ; clk_50      ; 0.000        ; 0.041      ; 0.649      ;
; 0.525 ; DivisorFrequencia:Divisor_inst|contador[8]  ; DivisorFrequencia:Divisor_inst|contador[11] ; clk_50                                  ; clk_50      ; 0.000        ; 0.042      ; 0.651      ;
; 0.525 ; DivisorFrequencia:Divisor_inst|contador[6]  ; DivisorFrequencia:Divisor_inst|contador[9]  ; clk_50                                  ; clk_50      ; 0.000        ; 0.042      ; 0.651      ;
; 0.526 ; DivisorFrequencia:Divisor_inst|contador[10] ; DivisorFrequencia:Divisor_inst|contador[13] ; clk_50                                  ; clk_50      ; 0.000        ; 0.040      ; 0.650      ;
; 0.526 ; DivisorFrequencia:Divisor_inst|contador[2]  ; DivisorFrequencia:Divisor_inst|contador[6]  ; clk_50                                  ; clk_50      ; 0.000        ; 0.042      ; 0.652      ;
; 0.527 ; DivisorFrequencia:Divisor_inst|contador[4]  ; DivisorFrequencia:Divisor_inst|contador[7]  ; clk_50                                  ; clk_50      ; 0.000        ; 0.042      ; 0.653      ;
; 0.528 ; DivisorFrequencia:Divisor_inst|contador[6]  ; DivisorFrequencia:Divisor_inst|contador[10] ; clk_50                                  ; clk_50      ; 0.000        ; 0.042      ; 0.654      ;
; 0.529 ; DivisorFrequencia:Divisor_inst|contador[10] ; DivisorFrequencia:Divisor_inst|contador[14] ; clk_50                                  ; clk_50      ; 0.000        ; 0.040      ; 0.653      ;
; 0.530 ; DivisorFrequencia:Divisor_inst|contador[8]  ; DivisorFrequencia:Divisor_inst|contador[12] ; clk_50                                  ; clk_50      ; 0.000        ; 0.040      ; 0.654      ;
; 0.530 ; DivisorFrequencia:Divisor_inst|contador[4]  ; DivisorFrequencia:Divisor_inst|contador[8]  ; clk_50                                  ; clk_50      ; 0.000        ; 0.042      ; 0.656      ;
; 0.531 ; DivisorFrequencia:Divisor_inst|contador[0]  ; DivisorFrequencia:Divisor_inst|contador[0]  ; clk_50                                  ; clk_50      ; 0.000        ; 0.042      ; 0.657      ;
; 0.570 ; DivisorFrequencia:Divisor_inst|contador[13] ; DivisorFrequencia:Divisor_inst|contador[17] ; clk_50                                  ; clk_50      ; 0.000        ; 0.041      ; 0.695      ;
; 0.570 ; DivisorFrequencia:Divisor_inst|contador[17] ; DivisorFrequencia:Divisor_inst|contador[21] ; clk_50                                  ; clk_50      ; 0.000        ; 0.041      ; 0.695      ;
; 0.571 ; DivisorFrequencia:Divisor_inst|contador[15] ; DivisorFrequencia:Divisor_inst|contador[19] ; clk_50                                  ; clk_50      ; 0.000        ; 0.041      ; 0.696      ;
; 0.572 ; DivisorFrequencia:Divisor_inst|contador[19] ; DivisorFrequencia:Divisor_inst|contador[23] ; clk_50                                  ; clk_50      ; 0.000        ; 0.041      ; 0.697      ;
; 0.573 ; DivisorFrequencia:Divisor_inst|contador[13] ; DivisorFrequencia:Divisor_inst|contador[18] ; clk_50                                  ; clk_50      ; 0.000        ; 0.041      ; 0.698      ;
+-------+---------------------------------------------+---------------------------------------------+-----------------------------------------+-------------+--------------+------------+------------+


+---------------------------------------------------------------------------------------------------------------------------------------------------------------------------------------------------------------------------------+
; Fast 1200mV 0C Model Hold: 'DivisorFrequencia:Divisor_inst|clkSaida'                                                                                                                                                            ;
+-------+---------------------------------------+----------------------------------------------------+-----------------------------------------+-----------------------------------------+--------------+------------+------------+
; Slack ; From Node                             ; To Node                                            ; Launch Clock                            ; Latch Clock                             ; Relationship ; Clock Skew ; Data Delay ;
+-------+---------------------------------------+----------------------------------------------------+-----------------------------------------+-----------------------------------------+--------------+------------+------------+
; 0.203 ; SP[5]                                 ; SP[5]                                              ; DivisorFrequencia:Divisor_inst|clkSaida ; DivisorFrequencia:Divisor_inst|clkSaida ; 0.000        ; 0.041      ; 0.328      ;
; 0.306 ; SP[3]                                 ; SP[3]                                              ; DivisorFrequencia:Divisor_inst|clkSaida ; DivisorFrequencia:Divisor_inst|clkSaida ; 0.000        ; 0.041      ; 0.431      ;
; 0.316 ; SP[0]                                 ; SP[0]                                              ; DivisorFrequencia:Divisor_inst|clkSaida ; DivisorFrequencia:Divisor_inst|clkSaida ; 0.000        ; 0.041      ; 0.441      ;
; 0.365 ; SP[4]                                 ; SP[4]                                              ; DivisorFrequencia:Divisor_inst|clkSaida ; DivisorFrequencia:Divisor_inst|clkSaida ; 0.000        ; 0.041      ; 0.490      ;
; 0.371 ; SP[2]                                 ; SP[2]                                              ; DivisorFrequencia:Divisor_inst|clkSaida ; DivisorFrequencia:Divisor_inst|clkSaida ; 0.000        ; 0.041      ; 0.496      ;
; 0.396 ; SP[1]                                 ; SP[1]                                              ; DivisorFrequencia:Divisor_inst|clkSaida ; DivisorFrequencia:Divisor_inst|clkSaida ; 0.000        ; 0.041      ; 0.521      ;
; 0.454 ; SP[3]                                 ; SP[4]                                              ; DivisorFrequencia:Divisor_inst|clkSaida ; DivisorFrequencia:Divisor_inst|clkSaida ; 0.000        ; 0.041      ; 0.579      ;
; 0.463 ; SP[0]                                 ; SP[1]                                              ; DivisorFrequencia:Divisor_inst|clkSaida ; DivisorFrequencia:Divisor_inst|clkSaida ; 0.000        ; 0.041      ; 0.588      ;
; 0.466 ; SP[0]                                 ; SP[2]                                              ; DivisorFrequencia:Divisor_inst|clkSaida ; DivisorFrequencia:Divisor_inst|clkSaida ; 0.000        ; 0.041      ; 0.591      ;
; 0.517 ; SP[3]                                 ; SP[5]                                              ; DivisorFrequencia:Divisor_inst|clkSaida ; DivisorFrequencia:Divisor_inst|clkSaida ; 0.000        ; 0.041      ; 0.642      ;
; 0.524 ; SP[4]                                 ; SP[5]                                              ; DivisorFrequencia:Divisor_inst|clkSaida ; DivisorFrequencia:Divisor_inst|clkSaida ; 0.000        ; 0.041      ; 0.649      ;
; 0.529 ; SP[0]                                 ; SP[3]                                              ; DivisorFrequencia:Divisor_inst|clkSaida ; DivisorFrequencia:Divisor_inst|clkSaida ; 0.000        ; 0.041      ; 0.654      ;
; 0.530 ; SP[2]                                 ; SP[3]                                              ; DivisorFrequencia:Divisor_inst|clkSaida ; DivisorFrequencia:Divisor_inst|clkSaida ; 0.000        ; 0.041      ; 0.655      ;
; 0.532 ; SP[0]                                 ; SP[4]                                              ; DivisorFrequencia:Divisor_inst|clkSaida ; DivisorFrequencia:Divisor_inst|clkSaida ; 0.000        ; 0.041      ; 0.657      ;
; 0.533 ; SP[2]                                 ; SP[4]                                              ; DivisorFrequencia:Divisor_inst|clkSaida ; DivisorFrequencia:Divisor_inst|clkSaida ; 0.000        ; 0.041      ; 0.658      ;
; 0.544 ; SP[1]                                 ; SP[2]                                              ; DivisorFrequencia:Divisor_inst|clkSaida ; DivisorFrequencia:Divisor_inst|clkSaida ; 0.000        ; 0.041      ; 0.669      ;
; 0.595 ; SP[0]                                 ; SP[5]                                              ; DivisorFrequencia:Divisor_inst|clkSaida ; DivisorFrequencia:Divisor_inst|clkSaida ; 0.000        ; 0.041      ; 0.720      ;
; 0.596 ; SP[2]                                 ; SP[5]                                              ; DivisorFrequencia:Divisor_inst|clkSaida ; DivisorFrequencia:Divisor_inst|clkSaida ; 0.000        ; 0.041      ; 0.721      ;
; 0.607 ; SP[1]                                 ; SP[3]                                              ; DivisorFrequencia:Divisor_inst|clkSaida ; DivisorFrequencia:Divisor_inst|clkSaida ; 0.000        ; 0.041      ; 0.732      ;
; 0.610 ; SP[1]                                 ; SP[4]                                              ; DivisorFrequencia:Divisor_inst|clkSaida ; DivisorFrequencia:Divisor_inst|clkSaida ; 0.000        ; 0.041      ; 0.735      ;
; 0.673 ; SP[1]                                 ; SP[5]                                              ; DivisorFrequencia:Divisor_inst|clkSaida ; DivisorFrequencia:Divisor_inst|clkSaida ; 0.000        ; 0.041      ; 0.798      ;
; 0.686 ; PC:PC_inst|PC_reg[11]                 ; PC:PC_inst|PC_reg[11]                              ; DivisorFrequencia:Divisor_inst|clkSaida ; DivisorFrequencia:Divisor_inst|clkSaida ; 0.000        ; 0.054      ; 0.824      ;
; 0.698 ; PC:PC_inst|PC_reg[27]                 ; PC:PC_inst|PC_reg[27]                              ; DivisorFrequencia:Divisor_inst|clkSaida ; DivisorFrequencia:Divisor_inst|clkSaida ; 0.000        ; 0.053      ; 0.835      ;
; 0.711 ; PC:PC_inst|PC_reg[29]                 ; PC:PC_inst|PC_reg[29]                              ; DivisorFrequencia:Divisor_inst|clkSaida ; DivisorFrequencia:Divisor_inst|clkSaida ; 0.000        ; 0.054      ; 0.849      ;
; 0.761 ; PC:PC_inst|PC_reg[23]                 ; PC:PC_inst|PC_reg[23]                              ; DivisorFrequencia:Divisor_inst|clkSaida ; DivisorFrequencia:Divisor_inst|clkSaida ; 0.000        ; 0.054      ; 0.899      ;
; 0.775 ; PC:PC_inst|PC_reg[31]                 ; PC:PC_inst|PC_reg[31]                              ; DivisorFrequencia:Divisor_inst|clkSaida ; DivisorFrequencia:Divisor_inst|clkSaida ; 0.000        ; 0.054      ; 0.913      ;
; 0.799 ; PC:PC_inst|PC_reg[7]                  ; PC:PC_inst|PC_reg[7]                               ; DivisorFrequencia:Divisor_inst|clkSaida ; DivisorFrequencia:Divisor_inst|clkSaida ; 0.000        ; 0.054      ; 0.937      ;
; 0.804 ; PC:PC_inst|PC_reg[9]                  ; PC:PC_inst|PC_reg[9]                               ; DivisorFrequencia:Divisor_inst|clkSaida ; DivisorFrequencia:Divisor_inst|clkSaida ; 0.000        ; 0.054      ; 0.942      ;
; 0.806 ; PC:PC_inst|PC_reg[15]                 ; PC:PC_inst|PC_reg[15]                              ; DivisorFrequencia:Divisor_inst|clkSaida ; DivisorFrequencia:Divisor_inst|clkSaida ; 0.000        ; 0.054      ; 0.944      ;
; 0.808 ; PC:PC_inst|PC_reg[17]                 ; PC:PC_inst|PC_reg[17]                              ; DivisorFrequencia:Divisor_inst|clkSaida ; DivisorFrequencia:Divisor_inst|clkSaida ; 0.000        ; 0.054      ; 0.946      ;
; 0.835 ; PC:PC_inst|PC_reg[21]                 ; PC:PC_inst|PC_reg[21]                              ; DivisorFrequencia:Divisor_inst|clkSaida ; DivisorFrequencia:Divisor_inst|clkSaida ; 0.000        ; 0.053      ; 0.972      ;
; 0.844 ; PC:PC_inst|PC_reg[10]                 ; PC:PC_inst|PC_reg[11]                              ; DivisorFrequencia:Divisor_inst|clkSaida ; DivisorFrequencia:Divisor_inst|clkSaida ; 0.000        ; 0.054      ; 0.982      ;
; 0.847 ; PC:PC_inst|PC_reg[8]                  ; PC:PC_inst|PC_reg[9]                               ; DivisorFrequencia:Divisor_inst|clkSaida ; DivisorFrequencia:Divisor_inst|clkSaida ; 0.000        ; 0.054      ; 0.985      ;
; 0.858 ; PC:PC_inst|PC_reg[8]                  ; PC:PC_inst|PC_reg[8]                               ; DivisorFrequencia:Divisor_inst|clkSaida ; DivisorFrequencia:Divisor_inst|clkSaida ; 0.000        ; 0.054      ; 0.996      ;
; 0.886 ; PC:PC_inst|PC_reg[7]                  ; PC:PC_inst|PC_reg[9]                               ; DivisorFrequencia:Divisor_inst|clkSaida ; DivisorFrequencia:Divisor_inst|clkSaida ; 0.000        ; 0.054      ; 1.024      ;
; 0.887 ; PC:PC_inst|PC_reg[28]                 ; PC:PC_inst|PC_reg[29]                              ; DivisorFrequencia:Divisor_inst|clkSaida ; DivisorFrequencia:Divisor_inst|clkSaida ; 0.000        ; 0.054      ; 1.025      ;
; 0.894 ; PC:PC_inst|PC_reg[16]                 ; PC:PC_inst|PC_reg[16]                              ; DivisorFrequencia:Divisor_inst|clkSaida ; DivisorFrequencia:Divisor_inst|clkSaida ; 0.000        ; 0.053      ; 1.031      ;
; 0.898 ; PC:PC_inst|PC_reg[20]                 ; PC:PC_inst|PC_reg[20]                              ; DivisorFrequencia:Divisor_inst|clkSaida ; DivisorFrequencia:Divisor_inst|clkSaida ; 0.000        ; 0.053      ; 1.035      ;
; 0.899 ; PC:PC_inst|PC_reg[12]                 ; PC:PC_inst|PC_reg[12]                              ; DivisorFrequencia:Divisor_inst|clkSaida ; DivisorFrequencia:Divisor_inst|clkSaida ; 0.000        ; 0.054      ; 1.037      ;
; 0.908 ; PC:PC_inst|PC_reg[25]                 ; PC:PC_inst|PC_reg[27]                              ; DivisorFrequencia:Divisor_inst|clkSaida ; DivisorFrequencia:Divisor_inst|clkSaida ; 0.000        ; 0.060      ; 1.052      ;
; 0.909 ; PC:PC_inst|PC_reg[8]                  ; PC:PC_inst|PC_reg[11]                              ; DivisorFrequencia:Divisor_inst|clkSaida ; DivisorFrequencia:Divisor_inst|clkSaida ; 0.000        ; 0.054      ; 1.047      ;
; 0.909 ; PC:PC_inst|PC_reg[24]                 ; PC:PC_inst|PC_reg[27]                              ; DivisorFrequencia:Divisor_inst|clkSaida ; DivisorFrequencia:Divisor_inst|clkSaida ; 0.000        ; 0.060      ; 1.053      ;
; 0.922 ; PC:PC_inst|PC_reg[22]                 ; PC:PC_inst|PC_reg[23]                              ; DivisorFrequencia:Divisor_inst|clkSaida ; DivisorFrequencia:Divisor_inst|clkSaida ; 0.000        ; 0.047      ; 1.053      ;
; 0.925 ; PC:PC_inst|PC_reg[25]                 ; PC:PC_inst|PC_reg[25]                              ; DivisorFrequencia:Divisor_inst|clkSaida ; DivisorFrequencia:Divisor_inst|clkSaida ; 0.000        ; 0.054      ; 1.063      ;
; 0.935 ; ControleSinal:io_signal_control|saida ; PC:PC_inst|PC_reg[26]                              ; btn_in                                  ; DivisorFrequencia:Divisor_inst|clkSaida ; 0.000        ; -0.178     ; 0.871      ;
; 0.935 ; ControleSinal:io_signal_control|saida ; PC:PC_inst|PC_reg[13]                              ; btn_in                                  ; DivisorFrequencia:Divisor_inst|clkSaida ; 0.000        ; -0.178     ; 0.871      ;
; 0.941 ; PC:PC_inst|PC_reg[27]                 ; PC:PC_inst|PC_reg[29]                              ; DivisorFrequencia:Divisor_inst|clkSaida ; DivisorFrequencia:Divisor_inst|clkSaida ; 0.000        ; 0.047      ; 1.072      ;
; 0.948 ; PC:PC_inst|PC_reg[7]                  ; PC:PC_inst|PC_reg[11]                              ; DivisorFrequencia:Divisor_inst|clkSaida ; DivisorFrequencia:Divisor_inst|clkSaida ; 0.000        ; 0.054      ; 1.086      ;
; 0.949 ; PC:PC_inst|PC_reg[10]                 ; PC:PC_inst|PC_reg[10]                              ; DivisorFrequencia:Divisor_inst|clkSaida ; DivisorFrequencia:Divisor_inst|clkSaida ; 0.000        ; 0.054      ; 1.087      ;
; 0.954 ; ControleSinal:io_signal_control|saida ; PC:PC_inst|PC_reg[6]                               ; btn_in                                  ; DivisorFrequencia:Divisor_inst|clkSaida ; 0.000        ; -0.183     ; 0.885      ;
; 0.956 ; PC:PC_inst|PC_reg[16]                 ; PC:PC_inst|PC_reg[17]                              ; DivisorFrequencia:Divisor_inst|clkSaida ; DivisorFrequencia:Divisor_inst|clkSaida ; 0.000        ; 0.047      ; 1.087      ;
; 0.957 ; PC:PC_inst|PC_reg[14]                 ; PC:PC_inst|PC_reg[14]                              ; DivisorFrequencia:Divisor_inst|clkSaida ; DivisorFrequencia:Divisor_inst|clkSaida ; 0.000        ; 0.054      ; 1.095      ;
; 0.974 ; PC:PC_inst|PC_reg[22]                 ; PC:PC_inst|PC_reg[22]                              ; DivisorFrequencia:Divisor_inst|clkSaida ; DivisorFrequencia:Divisor_inst|clkSaida ; 0.000        ; 0.053      ; 1.111      ;
; 0.974 ; PC:PC_inst|PC_reg[20]                 ; PC:PC_inst|PC_reg[23]                              ; DivisorFrequencia:Divisor_inst|clkSaida ; DivisorFrequencia:Divisor_inst|clkSaida ; 0.000        ; 0.047      ; 1.105      ;
; 0.975 ; PC:PC_inst|PC_reg[23]                 ; PC:PC_inst|PC_reg[27]                              ; DivisorFrequencia:Divisor_inst|clkSaida ; DivisorFrequencia:Divisor_inst|clkSaida ; 0.000        ; 0.060      ; 1.119      ;
; 0.977 ; PC:PC_inst|PC_reg[21]                 ; PC:PC_inst|PC_reg[23]                              ; DivisorFrequencia:Divisor_inst|clkSaida ; DivisorFrequencia:Divisor_inst|clkSaida ; 0.000        ; 0.047      ; 1.108      ;
; 0.978 ; PC:PC_inst|PC_reg[20]                 ; PC:PC_inst|PC_reg[21]                              ; DivisorFrequencia:Divisor_inst|clkSaida ; DivisorFrequencia:Divisor_inst|clkSaida ; 0.000        ; 0.053      ; 1.115      ;
; 0.983 ; PC:PC_inst|PC_reg[14]                 ; PC:PC_inst|PC_reg[15]                              ; DivisorFrequencia:Divisor_inst|clkSaida ; DivisorFrequencia:Divisor_inst|clkSaida ; 0.000        ; 0.054      ; 1.121      ;
; 0.990 ; PC:PC_inst|PC_reg[22]                 ; PC:PC_inst|PC_reg[27]                              ; DivisorFrequencia:Divisor_inst|clkSaida ; DivisorFrequencia:Divisor_inst|clkSaida ; 0.000        ; 0.053      ; 1.127      ;
; 0.992 ; PC:PC_inst|PC_reg[7]                  ; PC:PC_inst|PC_reg[8]                               ; DivisorFrequencia:Divisor_inst|clkSaida ; DivisorFrequencia:Divisor_inst|clkSaida ; 0.000        ; 0.054      ; 1.130      ;
; 0.999 ; banco:banco_inst|registradores~175    ; ControleSaida:display_controller|valor_exibido[15] ; DivisorFrequencia:Divisor_inst|clkSaida ; DivisorFrequencia:Divisor_inst|clkSaida ; 0.000        ; 0.076      ; 1.159      ;
; 1.005 ; banco:banco_inst|registradores~188    ; ControleSaida:display_controller|valor_exibido[28] ; DivisorFrequencia:Divisor_inst|clkSaida ; DivisorFrequencia:Divisor_inst|clkSaida ; 0.000        ; 0.282      ; 1.371      ;
; 1.005 ; PC:PC_inst|PC_reg[25]                 ; PC:PC_inst|PC_reg[29]                              ; DivisorFrequencia:Divisor_inst|clkSaida ; DivisorFrequencia:Divisor_inst|clkSaida ; 0.000        ; 0.054      ; 1.143      ;
; 1.006 ; PC:PC_inst|PC_reg[24]                 ; PC:PC_inst|PC_reg[29]                              ; DivisorFrequencia:Divisor_inst|clkSaida ; DivisorFrequencia:Divisor_inst|clkSaida ; 0.000        ; 0.054      ; 1.144      ;
; 1.006 ; PC:PC_inst|PC_reg[26]                 ; PC:PC_inst|PC_reg[27]                              ; DivisorFrequencia:Divisor_inst|clkSaida ; DivisorFrequencia:Divisor_inst|clkSaida ; 0.000        ; 0.072      ; 1.162      ;
; 1.012 ; PC:PC_inst|PC_reg[9]                  ; PC:PC_inst|PC_reg[11]                              ; DivisorFrequencia:Divisor_inst|clkSaida ; DivisorFrequencia:Divisor_inst|clkSaida ; 0.000        ; 0.054      ; 1.150      ;
; 1.026 ; PC:PC_inst|PC_reg[15]                 ; PC:PC_inst|PC_reg[17]                              ; DivisorFrequencia:Divisor_inst|clkSaida ; DivisorFrequencia:Divisor_inst|clkSaida ; 0.000        ; 0.031      ; 1.141      ;
; 1.026 ; PC:PC_inst|PC_reg[19]                 ; PC:PC_inst|PC_reg[23]                              ; DivisorFrequencia:Divisor_inst|clkSaida ; DivisorFrequencia:Divisor_inst|clkSaida ; 0.000        ; 0.054      ; 1.164      ;
; 1.028 ; ram:ram_inst|ram~1861                 ; banco:banco_inst|registradores~101                 ; DivisorFrequencia:Divisor_inst|clkSaida ; DivisorFrequencia:Divisor_inst|clkSaida ; 0.000        ; -0.149     ; 0.963      ;
; 1.030 ; PC:PC_inst|PC_reg[19]                 ; PC:PC_inst|PC_reg[21]                              ; DivisorFrequencia:Divisor_inst|clkSaida ; DivisorFrequencia:Divisor_inst|clkSaida ; 0.000        ; 0.060      ; 1.174      ;
; 1.036 ; PC:PC_inst|PC_reg[12]                 ; PC:PC_inst|PC_reg[15]                              ; DivisorFrequencia:Divisor_inst|clkSaida ; DivisorFrequencia:Divisor_inst|clkSaida ; 0.000        ; 0.054      ; 1.174      ;
; 1.042 ; PC:PC_inst|PC_reg[20]                 ; PC:PC_inst|PC_reg[27]                              ; DivisorFrequencia:Divisor_inst|clkSaida ; DivisorFrequencia:Divisor_inst|clkSaida ; 0.000        ; 0.053      ; 1.179      ;
; 1.043 ; PC:PC_inst|PC_reg[18]                 ; PC:PC_inst|PC_reg[23]                              ; DivisorFrequencia:Divisor_inst|clkSaida ; DivisorFrequencia:Divisor_inst|clkSaida ; 0.000        ; 0.047      ; 1.174      ;
; 1.045 ; PC:PC_inst|PC_reg[19]                 ; PC:PC_inst|PC_reg[20]                              ; DivisorFrequencia:Divisor_inst|clkSaida ; DivisorFrequencia:Divisor_inst|clkSaida ; 0.000        ; 0.060      ; 1.189      ;
; 1.045 ; PC:PC_inst|PC_reg[21]                 ; PC:PC_inst|PC_reg[27]                              ; DivisorFrequencia:Divisor_inst|clkSaida ; DivisorFrequencia:Divisor_inst|clkSaida ; 0.000        ; 0.053      ; 1.182      ;
; 1.047 ; PC:PC_inst|PC_reg[18]                 ; PC:PC_inst|PC_reg[21]                              ; DivisorFrequencia:Divisor_inst|clkSaida ; DivisorFrequencia:Divisor_inst|clkSaida ; 0.000        ; 0.053      ; 1.184      ;
; 1.053 ; PC:PC_inst|PC_reg[30]                 ; PC:PC_inst|PC_reg[31]                              ; DivisorFrequencia:Divisor_inst|clkSaida ; DivisorFrequencia:Divisor_inst|clkSaida ; 0.000        ; 0.054      ; 1.191      ;
; 1.057 ; PC:PC_inst|PC_reg[14]                 ; PC:PC_inst|PC_reg[17]                              ; DivisorFrequencia:Divisor_inst|clkSaida ; DivisorFrequencia:Divisor_inst|clkSaida ; 0.000        ; 0.031      ; 1.172      ;
; 1.057 ; ControleSinal:io_signal_control|saida ; PC:PC_inst|PC_reg[7]                               ; btn_in                                  ; DivisorFrequencia:Divisor_inst|clkSaida ; 0.000        ; -0.157     ; 1.014      ;
; 1.057 ; ControleSinal:io_signal_control|saida ; PC:PC_inst|PC_reg[8]                               ; btn_in                                  ; DivisorFrequencia:Divisor_inst|clkSaida ; 0.000        ; -0.157     ; 1.014      ;
; 1.057 ; ControleSinal:io_signal_control|saida ; PC:PC_inst|PC_reg[9]                               ; btn_in                                  ; DivisorFrequencia:Divisor_inst|clkSaida ; 0.000        ; -0.157     ; 1.014      ;
; 1.057 ; ControleSinal:io_signal_control|saida ; PC:PC_inst|PC_reg[10]                              ; btn_in                                  ; DivisorFrequencia:Divisor_inst|clkSaida ; 0.000        ; -0.157     ; 1.014      ;
; 1.057 ; ControleSinal:io_signal_control|saida ; PC:PC_inst|PC_reg[15]                              ; btn_in                                  ; DivisorFrequencia:Divisor_inst|clkSaida ; 0.000        ; -0.157     ; 1.014      ;
; 1.057 ; ControleSinal:io_signal_control|saida ; PC:PC_inst|PC_reg[14]                              ; btn_in                                  ; DivisorFrequencia:Divisor_inst|clkSaida ; 0.000        ; -0.157     ; 1.014      ;
; 1.057 ; ControleSinal:io_signal_control|saida ; PC:PC_inst|PC_reg[12]                              ; btn_in                                  ; DivisorFrequencia:Divisor_inst|clkSaida ; 0.000        ; -0.157     ; 1.014      ;
; 1.057 ; ControleSinal:io_signal_control|saida ; PC:PC_inst|PC_reg[11]                              ; btn_in                                  ; DivisorFrequencia:Divisor_inst|clkSaida ; 0.000        ; -0.157     ; 1.014      ;
; 1.059 ; PC:PC_inst|PC_reg[15]                 ; PC:PC_inst|PC_reg[16]                              ; DivisorFrequencia:Divisor_inst|clkSaida ; DivisorFrequencia:Divisor_inst|clkSaida ; 0.000        ; 0.037      ; 1.180      ;
; 1.060 ; PC:PC_inst|PC_reg[11]                 ; PC:PC_inst|PC_reg[12]                              ; DivisorFrequencia:Divisor_inst|clkSaida ; DivisorFrequencia:Divisor_inst|clkSaida ; 0.000        ; 0.054      ; 1.198      ;
; 1.062 ; PC:PC_inst|PC_reg[18]                 ; PC:PC_inst|PC_reg[20]                              ; DivisorFrequencia:Divisor_inst|clkSaida ; DivisorFrequencia:Divisor_inst|clkSaida ; 0.000        ; 0.053      ; 1.199      ;
; 1.067 ; banco:banco_inst|registradores~188    ; ram:ram_inst|ram~1372                              ; DivisorFrequencia:Divisor_inst|clkSaida ; DivisorFrequencia:Divisor_inst|clkSaida ; 0.000        ; 0.038      ; 1.189      ;
; 1.072 ; PC:PC_inst|PC_reg[24]                 ; PC:PC_inst|PC_reg[25]                              ; DivisorFrequencia:Divisor_inst|clkSaida ; DivisorFrequencia:Divisor_inst|clkSaida ; 0.000        ; 0.054      ; 1.210      ;
; 1.072 ; PC:PC_inst|PC_reg[23]                 ; PC:PC_inst|PC_reg[29]                              ; DivisorFrequencia:Divisor_inst|clkSaida ; DivisorFrequencia:Divisor_inst|clkSaida ; 0.000        ; 0.054      ; 1.210      ;
; 1.072 ; PC:PC_inst|PC_reg[10]                 ; PC:PC_inst|PC_reg[12]                              ; DivisorFrequencia:Divisor_inst|clkSaida ; DivisorFrequencia:Divisor_inst|clkSaida ; 0.000        ; 0.054      ; 1.210      ;
; 1.079 ; ControleSinal:io_signal_control|saida ; PC:PC_inst|PC_reg[24]                              ; btn_in                                  ; DivisorFrequencia:Divisor_inst|clkSaida ; 0.000        ; -0.180     ; 1.013      ;
; 1.079 ; ControleSinal:io_signal_control|saida ; PC:PC_inst|PC_reg[19]                              ; btn_in                                  ; DivisorFrequencia:Divisor_inst|clkSaida ; 0.000        ; -0.180     ; 1.013      ;
; 1.079 ; ControleSinal:io_signal_control|saida ; PC:PC_inst|PC_reg[23]                              ; btn_in                                  ; DivisorFrequencia:Divisor_inst|clkSaida ; 0.000        ; -0.180     ; 1.013      ;
; 1.079 ; ControleSinal:io_signal_control|saida ; PC:PC_inst|PC_reg[25]                              ; btn_in                                  ; DivisorFrequencia:Divisor_inst|clkSaida ; 0.000        ; -0.180     ; 1.013      ;
; 1.079 ; ControleSinal:io_signal_control|saida ; PC:PC_inst|PC_reg[29]                              ; btn_in                                  ; DivisorFrequencia:Divisor_inst|clkSaida ; 0.000        ; -0.180     ; 1.013      ;
; 1.079 ; ControleSinal:io_signal_control|saida ; PC:PC_inst|PC_reg[28]                              ; btn_in                                  ; DivisorFrequencia:Divisor_inst|clkSaida ; 0.000        ; -0.180     ; 1.013      ;
; 1.079 ; ControleSinal:io_signal_control|saida ; PC:PC_inst|PC_reg[30]                              ; btn_in                                  ; DivisorFrequencia:Divisor_inst|clkSaida ; 0.000        ; -0.180     ; 1.013      ;
+-------+---------------------------------------+----------------------------------------------------+-----------------------------------------+-----------------------------------------+--------------+------------+------------+


+------------------------------------------------------------------------------------------------------------------------------------------------------------------------+
; Fast 1200mV 0C Model Recovery: 'btn_in'                                                                                                                                ;
+--------+----------------------+---------------------------------------+-----------------------------------------+-------------+--------------+------------+------------+
; Slack  ; From Node            ; To Node                               ; Launch Clock                            ; Latch Clock ; Relationship ; Clock Skew ; Data Delay ;
+--------+----------------------+---------------------------------------+-----------------------------------------+-------------+--------------+------------+------------+
; -1.263 ; PC:PC_inst|PC_reg[0] ; ControleSinal:io_signal_control|saida ; DivisorFrequencia:Divisor_inst|clkSaida ; btn_in      ; 1.000        ; 0.392      ; 2.632      ;
; -1.261 ; PC:PC_inst|PC_reg[5] ; ControleSinal:io_signal_control|saida ; DivisorFrequencia:Divisor_inst|clkSaida ; btn_in      ; 1.000        ; 0.392      ; 2.630      ;
; -1.217 ; PC:PC_inst|PC_reg[3] ; ControleSinal:io_signal_control|saida ; DivisorFrequencia:Divisor_inst|clkSaida ; btn_in      ; 1.000        ; 0.392      ; 2.586      ;
; -1.217 ; PC:PC_inst|PC_reg[2] ; ControleSinal:io_signal_control|saida ; DivisorFrequencia:Divisor_inst|clkSaida ; btn_in      ; 1.000        ; 0.392      ; 2.586      ;
; -1.167 ; PC:PC_inst|PC_reg[4] ; ControleSinal:io_signal_control|saida ; DivisorFrequencia:Divisor_inst|clkSaida ; btn_in      ; 1.000        ; 0.392      ; 2.536      ;
; -1.163 ; PC:PC_inst|PC_reg[1] ; ControleSinal:io_signal_control|saida ; DivisorFrequencia:Divisor_inst|clkSaida ; btn_in      ; 1.000        ; 0.392      ; 2.532      ;
+--------+----------------------+---------------------------------------+-----------------------------------------+-------------+--------------+------------+------------+


+-----------------------------------------------------------------------------------------------------------------------------------------------------------------------+
; Fast 1200mV 0C Model Removal: 'btn_in'                                                                                                                                ;
+-------+----------------------+---------------------------------------+-----------------------------------------+-------------+--------------+------------+------------+
; Slack ; From Node            ; To Node                               ; Launch Clock                            ; Latch Clock ; Relationship ; Clock Skew ; Data Delay ;
+-------+----------------------+---------------------------------------+-----------------------------------------+-------------+--------------+------------+------------+
; 0.685 ; PC:PC_inst|PC_reg[3] ; ControleSinal:io_signal_control|saida ; DivisorFrequencia:Divisor_inst|clkSaida ; btn_in      ; 0.000        ; 0.587      ; 1.386      ;
; 0.959 ; PC:PC_inst|PC_reg[4] ; ControleSinal:io_signal_control|saida ; DivisorFrequencia:Divisor_inst|clkSaida ; btn_in      ; 0.000        ; 0.587      ; 1.660      ;
; 0.981 ; PC:PC_inst|PC_reg[5] ; ControleSinal:io_signal_control|saida ; DivisorFrequencia:Divisor_inst|clkSaida ; btn_in      ; 0.000        ; 0.587      ; 1.682      ;
; 1.098 ; PC:PC_inst|PC_reg[2] ; ControleSinal:io_signal_control|saida ; DivisorFrequencia:Divisor_inst|clkSaida ; btn_in      ; 0.000        ; 0.587      ; 1.799      ;
; 1.134 ; PC:PC_inst|PC_reg[0] ; ControleSinal:io_signal_control|saida ; DivisorFrequencia:Divisor_inst|clkSaida ; btn_in      ; 0.000        ; 0.587      ; 1.835      ;
; 1.165 ; PC:PC_inst|PC_reg[1] ; ControleSinal:io_signal_control|saida ; DivisorFrequencia:Divisor_inst|clkSaida ; btn_in      ; 0.000        ; 0.587      ; 1.866      ;
+-------+----------------------+---------------------------------------+-----------------------------------------+-------------+--------------+------------+------------+


----------------------------------------------
; Fast 1200mV 0C Model Metastability Summary ;
----------------------------------------------
No synchronizer chains to report.


+-----------------------------------------------------------------------------------------------------------+
; Multicorner Timing Analysis Summary                                                                       ;
+------------------------------------------+-------------+-------+----------+---------+---------------------+
; Clock                                    ; Setup       ; Hold  ; Recovery ; Removal ; Minimum Pulse Width ;
+------------------------------------------+-------------+-------+----------+---------+---------------------+
; Worst-case Slack                         ; -150.348    ; 0.200 ; -4.177   ; 0.685   ; -3.000              ;
;  DivisorFrequencia:Divisor_inst|clkSaida ; -150.348    ; 0.203 ; N/A      ; N/A     ; -1.285              ;
;  btn_in                                  ; N/A         ; N/A   ; -4.177   ; 0.685   ; -3.000              ;
;  clk_50                                  ; -3.491      ; 0.200 ; N/A      ; N/A     ; -3.000              ;
; Design-wide TNS                          ; -329282.87  ; 0.0   ; -4.177   ; 0.0     ; -3050.165           ;
;  DivisorFrequencia:Divisor_inst|clkSaida ; -329237.567 ; 0.000 ; N/A      ; N/A     ; -3009.470           ;
;  btn_in                                  ; N/A         ; N/A   ; -4.177   ; 0.000   ; -4.461              ;
;  clk_50                                  ; -45.303     ; 0.000 ; N/A      ; N/A     ; -36.410             ;
+------------------------------------------+-------------+-------+----------+---------+---------------------+


+---------------------------------------------------------------------------------------------------------------------------------------------------------------------------------------------------------------------------------------------------------------------------------------------------------------------------------------------------------------------------------------------------------------------+
; Board Trace Model Assignments                                                                                                                                                                                                                                                                                                                                                                                       ;
+------------------+--------------+-------------------+-------------------------+-------------------------+---------------+---------------------+----------------+------------------+--------+------------------+------------------------+------------------------+--------------+---------------+-----------------+-------+---------------------+--------------------+---------------+-----------------+-------------+
; Pin              ; I/O Standard ; Near Tline Length ; Near Tline L per Length ; Near Tline C per Length ; Near Series R ; Near Differential R ; Near Pull-up R ; Near Pull-down R ; Near C ; Far Tline Length ; Far Tline L per Length ; Far Tline C per Length ; Far Series R ; Far Pull-up R ; Far Pull-down R ; Far C ; Termination Voltage ; Far Differential R ; EBD File Name ; EBD Signal Name ; EBD Far-end ;
+------------------+--------------+-------------------+-------------------------+-------------------------+---------------+---------------------+----------------+------------------+--------+------------------+------------------------+------------------------+--------------+---------------+-----------------+-------+---------------------+--------------------+---------------+-----------------+-------------+
; led_clock        ; 2.5 V        ; 0 in              ; 0 H/in                  ; 0 F/in                  ; short         ; -                   ; open           ; open             ; open   ; 0 in             ; 0 H/in                 ; 0 F/in                 ; short        ; open          ; open            ; open  ; 0 V                 ; -                  ; n/a           ; n/a             ; n/a         ;
; Hex0[0]          ; 2.5 V        ; 0 in              ; 0 H/in                  ; 0 F/in                  ; short         ; -                   ; open           ; open             ; open   ; 0 in             ; 0 H/in                 ; 0 F/in                 ; short        ; open          ; open            ; open  ; 0 V                 ; -                  ; n/a           ; n/a             ; n/a         ;
; Hex0[1]          ; 2.5 V        ; 0 in              ; 0 H/in                  ; 0 F/in                  ; short         ; -                   ; open           ; open             ; open   ; 0 in             ; 0 H/in                 ; 0 F/in                 ; short        ; open          ; open            ; open  ; 0 V                 ; -                  ; n/a           ; n/a             ; n/a         ;
; Hex0[2]          ; 2.5 V        ; 0 in              ; 0 H/in                  ; 0 F/in                  ; short         ; -                   ; open           ; open             ; open   ; 0 in             ; 0 H/in                 ; 0 F/in                 ; short        ; open          ; open            ; open  ; 0 V                 ; -                  ; n/a           ; n/a             ; n/a         ;
; Hex0[3]          ; 2.5 V        ; 0 in              ; 0 H/in                  ; 0 F/in                  ; short         ; -                   ; open           ; open             ; open   ; 0 in             ; 0 H/in                 ; 0 F/in                 ; short        ; open          ; open            ; open  ; 0 V                 ; -                  ; n/a           ; n/a             ; n/a         ;
; Hex0[4]          ; 2.5 V        ; 0 in              ; 0 H/in                  ; 0 F/in                  ; short         ; -                   ; open           ; open             ; open   ; 0 in             ; 0 H/in                 ; 0 F/in                 ; short        ; open          ; open            ; open  ; 0 V                 ; -                  ; n/a           ; n/a             ; n/a         ;
; Hex0[5]          ; 2.5 V        ; 0 in              ; 0 H/in                  ; 0 F/in                  ; short         ; -                   ; open           ; open             ; open   ; 0 in             ; 0 H/in                 ; 0 F/in                 ; short        ; open          ; open            ; open  ; 0 V                 ; -                  ; n/a           ; n/a             ; n/a         ;
; Hex0[6]          ; 2.5 V        ; 0 in              ; 0 H/in                  ; 0 F/in                  ; short         ; -                   ; open           ; open             ; open   ; 0 in             ; 0 H/in                 ; 0 F/in                 ; short        ; open          ; open            ; open  ; 0 V                 ; -                  ; n/a           ; n/a             ; n/a         ;
; Hex1[0]          ; 2.5 V        ; 0 in              ; 0 H/in                  ; 0 F/in                  ; short         ; -                   ; open           ; open             ; open   ; 0 in             ; 0 H/in                 ; 0 F/in                 ; short        ; open          ; open            ; open  ; 0 V                 ; -                  ; n/a           ; n/a             ; n/a         ;
; Hex1[1]          ; 2.5 V        ; 0 in              ; 0 H/in                  ; 0 F/in                  ; short         ; -                   ; open           ; open             ; open   ; 0 in             ; 0 H/in                 ; 0 F/in                 ; short        ; open          ; open            ; open  ; 0 V                 ; -                  ; n/a           ; n/a             ; n/a         ;
; Hex1[2]          ; 2.5 V        ; 0 in              ; 0 H/in                  ; 0 F/in                  ; short         ; -                   ; open           ; open             ; open   ; 0 in             ; 0 H/in                 ; 0 F/in                 ; short        ; open          ; open            ; open  ; 0 V                 ; -                  ; n/a           ; n/a             ; n/a         ;
; Hex1[3]          ; 2.5 V        ; 0 in              ; 0 H/in                  ; 0 F/in                  ; short         ; -                   ; open           ; open             ; open   ; 0 in             ; 0 H/in                 ; 0 F/in                 ; short        ; open          ; open            ; open  ; 0 V                 ; -                  ; n/a           ; n/a             ; n/a         ;
; Hex1[4]          ; 2.5 V        ; 0 in              ; 0 H/in                  ; 0 F/in                  ; short         ; -                   ; open           ; open             ; open   ; 0 in             ; 0 H/in                 ; 0 F/in                 ; short        ; open          ; open            ; open  ; 0 V                 ; -                  ; n/a           ; n/a             ; n/a         ;
; Hex1[5]          ; 2.5 V        ; 0 in              ; 0 H/in                  ; 0 F/in                  ; short         ; -                   ; open           ; open             ; open   ; 0 in             ; 0 H/in                 ; 0 F/in                 ; short        ; open          ; open            ; open  ; 0 V                 ; -                  ; n/a           ; n/a             ; n/a         ;
; Hex1[6]          ; 2.5 V        ; 0 in              ; 0 H/in                  ; 0 F/in                  ; short         ; -                   ; open           ; open             ; open   ; 0 in             ; 0 H/in                 ; 0 F/in                 ; short        ; open          ; open            ; open  ; 0 V                 ; -                  ; n/a           ; n/a             ; n/a         ;
; Hex2[0]          ; 2.5 V        ; 0 in              ; 0 H/in                  ; 0 F/in                  ; short         ; -                   ; open           ; open             ; open   ; 0 in             ; 0 H/in                 ; 0 F/in                 ; short        ; open          ; open            ; open  ; 0 V                 ; -                  ; n/a           ; n/a             ; n/a         ;
; Hex2[1]          ; 2.5 V        ; 0 in              ; 0 H/in                  ; 0 F/in                  ; short         ; -                   ; open           ; open             ; open   ; 0 in             ; 0 H/in                 ; 0 F/in                 ; short        ; open          ; open            ; open  ; 0 V                 ; -                  ; n/a           ; n/a             ; n/a         ;
; Hex2[2]          ; 2.5 V        ; 0 in              ; 0 H/in                  ; 0 F/in                  ; short         ; -                   ; open           ; open             ; open   ; 0 in             ; 0 H/in                 ; 0 F/in                 ; short        ; open          ; open            ; open  ; 0 V                 ; -                  ; n/a           ; n/a             ; n/a         ;
; Hex2[3]          ; 2.5 V        ; 0 in              ; 0 H/in                  ; 0 F/in                  ; short         ; -                   ; open           ; open             ; open   ; 0 in             ; 0 H/in                 ; 0 F/in                 ; short        ; open          ; open            ; open  ; 0 V                 ; -                  ; n/a           ; n/a             ; n/a         ;
; Hex2[4]          ; 2.5 V        ; 0 in              ; 0 H/in                  ; 0 F/in                  ; short         ; -                   ; open           ; open             ; open   ; 0 in             ; 0 H/in                 ; 0 F/in                 ; short        ; open          ; open            ; open  ; 0 V                 ; -                  ; n/a           ; n/a             ; n/a         ;
; Hex2[5]          ; 2.5 V        ; 0 in              ; 0 H/in                  ; 0 F/in                  ; short         ; -                   ; open           ; open             ; open   ; 0 in             ; 0 H/in                 ; 0 F/in                 ; short        ; open          ; open            ; open  ; 0 V                 ; -                  ; n/a           ; n/a             ; n/a         ;
; Hex2[6]          ; 2.5 V        ; 0 in              ; 0 H/in                  ; 0 F/in                  ; short         ; -                   ; open           ; open             ; open   ; 0 in             ; 0 H/in                 ; 0 F/in                 ; short        ; open          ; open            ; open  ; 0 V                 ; -                  ; n/a           ; n/a             ; n/a         ;
; Hex3[0]          ; 2.5 V        ; 0 in              ; 0 H/in                  ; 0 F/in                  ; short         ; -                   ; open           ; open             ; open   ; 0 in             ; 0 H/in                 ; 0 F/in                 ; short        ; open          ; open            ; open  ; 0 V                 ; -                  ; n/a           ; n/a             ; n/a         ;
; Hex3[1]          ; 2.5 V        ; 0 in              ; 0 H/in                  ; 0 F/in                  ; short         ; -                   ; open           ; open             ; open   ; 0 in             ; 0 H/in                 ; 0 F/in                 ; short        ; open          ; open            ; open  ; 0 V                 ; -                  ; n/a           ; n/a             ; n/a         ;
; Hex3[2]          ; 2.5 V        ; 0 in              ; 0 H/in                  ; 0 F/in                  ; short         ; -                   ; open           ; open             ; open   ; 0 in             ; 0 H/in                 ; 0 F/in                 ; short        ; open          ; open            ; open  ; 0 V                 ; -                  ; n/a           ; n/a             ; n/a         ;
; Hex3[3]          ; 2.5 V        ; 0 in              ; 0 H/in                  ; 0 F/in                  ; short         ; -                   ; open           ; open             ; open   ; 0 in             ; 0 H/in                 ; 0 F/in                 ; short        ; open          ; open            ; open  ; 0 V                 ; -                  ; n/a           ; n/a             ; n/a         ;
; Hex3[4]          ; 2.5 V        ; 0 in              ; 0 H/in                  ; 0 F/in                  ; short         ; -                   ; open           ; open             ; open   ; 0 in             ; 0 H/in                 ; 0 F/in                 ; short        ; open          ; open            ; open  ; 0 V                 ; -                  ; n/a           ; n/a             ; n/a         ;
; Hex3[5]          ; 2.5 V        ; 0 in              ; 0 H/in                  ; 0 F/in                  ; short         ; -                   ; open           ; open             ; open   ; 0 in             ; 0 H/in                 ; 0 F/in                 ; short        ; open          ; open            ; open  ; 0 V                 ; -                  ; n/a           ; n/a             ; n/a         ;
; Hex3[6]          ; 2.5 V        ; 0 in              ; 0 H/in                  ; 0 F/in                  ; short         ; -                   ; open           ; open             ; open   ; 0 in             ; 0 H/in                 ; 0 F/in                 ; short        ; open          ; open            ; open  ; 0 V                 ; -                  ; n/a           ; n/a             ; n/a         ;
; Hex4[0]          ; 2.5 V        ; 0 in              ; 0 H/in                  ; 0 F/in                  ; short         ; -                   ; open           ; open             ; open   ; 0 in             ; 0 H/in                 ; 0 F/in                 ; short        ; open          ; open            ; open  ; 0 V                 ; -                  ; n/a           ; n/a             ; n/a         ;
; Hex4[1]          ; 2.5 V        ; 0 in              ; 0 H/in                  ; 0 F/in                  ; short         ; -                   ; open           ; open             ; open   ; 0 in             ; 0 H/in                 ; 0 F/in                 ; short        ; open          ; open            ; open  ; 0 V                 ; -                  ; n/a           ; n/a             ; n/a         ;
; Hex4[2]          ; 2.5 V        ; 0 in              ; 0 H/in                  ; 0 F/in                  ; short         ; -                   ; open           ; open             ; open   ; 0 in             ; 0 H/in                 ; 0 F/in                 ; short        ; open          ; open            ; open  ; 0 V                 ; -                  ; n/a           ; n/a             ; n/a         ;
; Hex4[3]          ; 2.5 V        ; 0 in              ; 0 H/in                  ; 0 F/in                  ; short         ; -                   ; open           ; open             ; open   ; 0 in             ; 0 H/in                 ; 0 F/in                 ; short        ; open          ; open            ; open  ; 0 V                 ; -                  ; n/a           ; n/a             ; n/a         ;
; Hex4[4]          ; 2.5 V        ; 0 in              ; 0 H/in                  ; 0 F/in                  ; short         ; -                   ; open           ; open             ; open   ; 0 in             ; 0 H/in                 ; 0 F/in                 ; short        ; open          ; open            ; open  ; 0 V                 ; -                  ; n/a           ; n/a             ; n/a         ;
; Hex4[5]          ; 2.5 V        ; 0 in              ; 0 H/in                  ; 0 F/in                  ; short         ; -                   ; open           ; open             ; open   ; 0 in             ; 0 H/in                 ; 0 F/in                 ; short        ; open          ; open            ; open  ; 0 V                 ; -                  ; n/a           ; n/a             ; n/a         ;
; Hex4[6]          ; 2.5 V        ; 0 in              ; 0 H/in                  ; 0 F/in                  ; short         ; -                   ; open           ; open             ; open   ; 0 in             ; 0 H/in                 ; 0 F/in                 ; short        ; open          ; open            ; open  ; 0 V                 ; -                  ; n/a           ; n/a             ; n/a         ;
; Hex5[0]          ; 2.5 V        ; 0 in              ; 0 H/in                  ; 0 F/in                  ; short         ; -                   ; open           ; open             ; open   ; 0 in             ; 0 H/in                 ; 0 F/in                 ; short        ; open          ; open            ; open  ; 0 V                 ; -                  ; n/a           ; n/a             ; n/a         ;
; Hex5[1]          ; 2.5 V        ; 0 in              ; 0 H/in                  ; 0 F/in                  ; short         ; -                   ; open           ; open             ; open   ; 0 in             ; 0 H/in                 ; 0 F/in                 ; short        ; open          ; open            ; open  ; 0 V                 ; -                  ; n/a           ; n/a             ; n/a         ;
; Hex5[2]          ; 2.5 V        ; 0 in              ; 0 H/in                  ; 0 F/in                  ; short         ; -                   ; open           ; open             ; open   ; 0 in             ; 0 H/in                 ; 0 F/in                 ; short        ; open          ; open            ; open  ; 0 V                 ; -                  ; n/a           ; n/a             ; n/a         ;
; Hex5[3]          ; 2.5 V        ; 0 in              ; 0 H/in                  ; 0 F/in                  ; short         ; -                   ; open           ; open             ; open   ; 0 in             ; 0 H/in                 ; 0 F/in                 ; short        ; open          ; open            ; open  ; 0 V                 ; -                  ; n/a           ; n/a             ; n/a         ;
; Hex5[4]          ; 2.5 V        ; 0 in              ; 0 H/in                  ; 0 F/in                  ; short         ; -                   ; open           ; open             ; open   ; 0 in             ; 0 H/in                 ; 0 F/in                 ; short        ; open          ; open            ; open  ; 0 V                 ; -                  ; n/a           ; n/a             ; n/a         ;
; Hex5[5]          ; 2.5 V        ; 0 in              ; 0 H/in                  ; 0 F/in                  ; short         ; -                   ; open           ; open             ; open   ; 0 in             ; 0 H/in                 ; 0 F/in                 ; short        ; open          ; open            ; open  ; 0 V                 ; -                  ; n/a           ; n/a             ; n/a         ;
; Hex5[6]          ; 2.5 V        ; 0 in              ; 0 H/in                  ; 0 F/in                  ; short         ; -                   ; open           ; open             ; open   ; 0 in             ; 0 H/in                 ; 0 F/in                 ; short        ; open          ; open            ; open  ; 0 V                 ; -                  ; n/a           ; n/a             ; n/a         ;
; Hex6[0]          ; 2.5 V        ; 0 in              ; 0 H/in                  ; 0 F/in                  ; short         ; -                   ; open           ; open             ; open   ; 0 in             ; 0 H/in                 ; 0 F/in                 ; short        ; open          ; open            ; open  ; 0 V                 ; -                  ; n/a           ; n/a             ; n/a         ;
; Hex6[1]          ; 2.5 V        ; 0 in              ; 0 H/in                  ; 0 F/in                  ; short         ; -                   ; open           ; open             ; open   ; 0 in             ; 0 H/in                 ; 0 F/in                 ; short        ; open          ; open            ; open  ; 0 V                 ; -                  ; n/a           ; n/a             ; n/a         ;
; Hex6[2]          ; 2.5 V        ; 0 in              ; 0 H/in                  ; 0 F/in                  ; short         ; -                   ; open           ; open             ; open   ; 0 in             ; 0 H/in                 ; 0 F/in                 ; short        ; open          ; open            ; open  ; 0 V                 ; -                  ; n/a           ; n/a             ; n/a         ;
; Hex6[3]          ; 2.5 V        ; 0 in              ; 0 H/in                  ; 0 F/in                  ; short         ; -                   ; open           ; open             ; open   ; 0 in             ; 0 H/in                 ; 0 F/in                 ; short        ; open          ; open            ; open  ; 0 V                 ; -                  ; n/a           ; n/a             ; n/a         ;
; Hex6[4]          ; 2.5 V        ; 0 in              ; 0 H/in                  ; 0 F/in                  ; short         ; -                   ; open           ; open             ; open   ; 0 in             ; 0 H/in                 ; 0 F/in                 ; short        ; open          ; open            ; open  ; 0 V                 ; -                  ; n/a           ; n/a             ; n/a         ;
; Hex6[5]          ; 2.5 V        ; 0 in              ; 0 H/in                  ; 0 F/in                  ; short         ; -                   ; open           ; open             ; open   ; 0 in             ; 0 H/in                 ; 0 F/in                 ; short        ; open          ; open            ; open  ; 0 V                 ; -                  ; n/a           ; n/a             ; n/a         ;
; Hex6[6]          ; 2.5 V        ; 0 in              ; 0 H/in                  ; 0 F/in                  ; short         ; -                   ; open           ; open             ; open   ; 0 in             ; 0 H/in                 ; 0 F/in                 ; short        ; open          ; open            ; open  ; 0 V                 ; -                  ; n/a           ; n/a             ; n/a         ;
; Hex7[0]          ; 2.5 V        ; 0 in              ; 0 H/in                  ; 0 F/in                  ; short         ; -                   ; open           ; open             ; open   ; 0 in             ; 0 H/in                 ; 0 F/in                 ; short        ; open          ; open            ; open  ; 0 V                 ; -                  ; n/a           ; n/a             ; n/a         ;
; Hex7[1]          ; 2.5 V        ; 0 in              ; 0 H/in                  ; 0 F/in                  ; short         ; -                   ; open           ; open             ; open   ; 0 in             ; 0 H/in                 ; 0 F/in                 ; short        ; open          ; open            ; open  ; 0 V                 ; -                  ; n/a           ; n/a             ; n/a         ;
; Hex7[2]          ; 2.5 V        ; 0 in              ; 0 H/in                  ; 0 F/in                  ; short         ; -                   ; open           ; open             ; open   ; 0 in             ; 0 H/in                 ; 0 F/in                 ; short        ; open          ; open            ; open  ; 0 V                 ; -                  ; n/a           ; n/a             ; n/a         ;
; Hex7[3]          ; 2.5 V        ; 0 in              ; 0 H/in                  ; 0 F/in                  ; short         ; -                   ; open           ; open             ; open   ; 0 in             ; 0 H/in                 ; 0 F/in                 ; short        ; open          ; open            ; open  ; 0 V                 ; -                  ; n/a           ; n/a             ; n/a         ;
; Hex7[4]          ; 2.5 V        ; 0 in              ; 0 H/in                  ; 0 F/in                  ; short         ; -                   ; open           ; open             ; open   ; 0 in             ; 0 H/in                 ; 0 F/in                 ; short        ; open          ; open            ; open  ; 0 V                 ; -                  ; n/a           ; n/a             ; n/a         ;
; Hex7[5]          ; 2.5 V        ; 0 in              ; 0 H/in                  ; 0 F/in                  ; short         ; -                   ; open           ; open             ; open   ; 0 in             ; 0 H/in                 ; 0 F/in                 ; short        ; open          ; open            ; open  ; 0 V                 ; -                  ; n/a           ; n/a             ; n/a         ;
; Hex7[6]          ; 2.5 V        ; 0 in              ; 0 H/in                  ; 0 F/in                  ; short         ; -                   ; open           ; open             ; open   ; 0 in             ; 0 H/in                 ; 0 F/in                 ; short        ; open          ; open            ; open  ; 0 V                 ; -                  ; n/a           ; n/a             ; n/a         ;
; switches_leds[0] ; 2.5 V        ; 0 in              ; 0 H/in                  ; 0 F/in                  ; short         ; -                   ; open           ; open             ; open   ; 0 in             ; 0 H/in                 ; 0 F/in                 ; short        ; open          ; open            ; open  ; 0 V                 ; -                  ; n/a           ; n/a             ; n/a         ;
; switches_leds[1] ; 2.5 V        ; 0 in              ; 0 H/in                  ; 0 F/in                  ; short         ; -                   ; open           ; open             ; open   ; 0 in             ; 0 H/in                 ; 0 F/in                 ; short        ; open          ; open            ; open  ; 0 V                 ; -                  ; n/a           ; n/a             ; n/a         ;
; switches_leds[2] ; 2.5 V        ; 0 in              ; 0 H/in                  ; 0 F/in                  ; short         ; -                   ; open           ; open             ; open   ; 0 in             ; 0 H/in                 ; 0 F/in                 ; short        ; open          ; open            ; open  ; 0 V                 ; -                  ; n/a           ; n/a             ; n/a         ;
; switches_leds[3] ; 2.5 V        ; 0 in              ; 0 H/in                  ; 0 F/in                  ; short         ; -                   ; open           ; open             ; open   ; 0 in             ; 0 H/in                 ; 0 F/in                 ; short        ; open          ; open            ; open  ; 0 V                 ; -                  ; n/a           ; n/a             ; n/a         ;
; switches_leds[4] ; 2.5 V        ; 0 in              ; 0 H/in                  ; 0 F/in                  ; short         ; -                   ; open           ; open             ; open   ; 0 in             ; 0 H/in                 ; 0 F/in                 ; short        ; open          ; open            ; open  ; 0 V                 ; -                  ; n/a           ; n/a             ; n/a         ;
; switches_leds[5] ; 2.5 V        ; 0 in              ; 0 H/in                  ; 0 F/in                  ; short         ; -                   ; open           ; open             ; open   ; 0 in             ; 0 H/in                 ; 0 F/in                 ; short        ; open          ; open            ; open  ; 0 V                 ; -                  ; n/a           ; n/a             ; n/a         ;
; btn_out          ; 2.5 V        ; 0 in              ; 0 H/in                  ; 0 F/in                  ; short         ; -                   ; open           ; open             ; open   ; 0 in             ; 0 H/in                 ; 0 F/in                 ; short        ; open          ; open            ; open  ; 0 V                 ; -                  ; n/a           ; n/a             ; n/a         ;
; in_sign_out      ; 2.5 V        ; 0 in              ; 0 H/in                  ; 0 F/in                  ; short         ; -                   ; open           ; open             ; open   ; 0 in             ; 0 H/in                 ; 0 F/in                 ; short        ; open          ; open            ; open  ; 0 V                 ; -                  ; n/a           ; n/a             ; n/a         ;
; ~ALTERA_DCLK~    ; 2.5 V        ; 0 in              ; 0 H/in                  ; 0 F/in                  ; short         ; -                   ; open           ; open             ; open   ; 0 in             ; 0 H/in                 ; 0 F/in                 ; short        ; open          ; open            ; open  ; 0 V                 ; -                  ; n/a           ; n/a             ; n/a         ;
; ~ALTERA_nCEO~    ; 2.5 V        ; 0 in              ; 0 H/in                  ; 0 F/in                  ; short         ; -                   ; open           ; open             ; open   ; 0 in             ; 0 H/in                 ; 0 F/in                 ; short        ; open          ; open            ; open  ; 0 V                 ; -                  ; n/a           ; n/a             ; n/a         ;
+------------------+--------------+-------------------+-------------------------+-------------------------+---------------+---------------------+----------------+------------------+--------+------------------+------------------------+------------------------+--------------+---------------+-----------------+-------+---------------------+--------------------+---------------+-----------------+-------------+


+----------------------------------------------------------------------------+
; Input Transition Times                                                     ;
+-------------------------+--------------+-----------------+-----------------+
; Pin                     ; I/O Standard ; 10-90 Rise Time ; 90-10 Fall Time ;
+-------------------------+--------------+-----------------+-----------------+
; switches[0]             ; 2.5 V        ; 2000 ps         ; 2000 ps         ;
; switches[1]             ; 2.5 V        ; 2000 ps         ; 2000 ps         ;
; switches[2]             ; 2.5 V        ; 2000 ps         ; 2000 ps         ;
; switches[3]             ; 2.5 V        ; 2000 ps         ; 2000 ps         ;
; switches[4]             ; 2.5 V        ; 2000 ps         ; 2000 ps         ;
; switches[5]             ; 2.5 V        ; 2000 ps         ; 2000 ps         ;
; btn_in                  ; 2.5 V        ; 2000 ps         ; 2000 ps         ;
; clk_50                  ; 2.5 V        ; 2000 ps         ; 2000 ps         ;
; switches[17]            ; 2.5 V        ; 2000 ps         ; 2000 ps         ;
; switches[16]            ; 2.5 V        ; 2000 ps         ; 2000 ps         ;
; switches[15]            ; 2.5 V        ; 2000 ps         ; 2000 ps         ;
; switches[14]            ; 2.5 V        ; 2000 ps         ; 2000 ps         ;
; switches[13]            ; 2.5 V        ; 2000 ps         ; 2000 ps         ;
; switches[12]            ; 2.5 V        ; 2000 ps         ; 2000 ps         ;
; switches[11]            ; 2.5 V        ; 2000 ps         ; 2000 ps         ;
; switches[10]            ; 2.5 V        ; 2000 ps         ; 2000 ps         ;
; switches[9]             ; 2.5 V        ; 2000 ps         ; 2000 ps         ;
; switches[8]             ; 2.5 V        ; 2000 ps         ; 2000 ps         ;
; switches[7]             ; 2.5 V        ; 2000 ps         ; 2000 ps         ;
; switches[6]             ; 2.5 V        ; 2000 ps         ; 2000 ps         ;
; rst                     ; 2.5 V        ; 2000 ps         ; 2000 ps         ;
; ~ALTERA_ASDO_DATA1~     ; 2.5 V        ; 2000 ps         ; 2000 ps         ;
; ~ALTERA_FLASH_nCE_nCSO~ ; 2.5 V        ; 2000 ps         ; 2000 ps         ;
; ~ALTERA_DATA0~          ; 2.5 V        ; 2000 ps         ; 2000 ps         ;
+-------------------------+--------------+-----------------+-----------------+


+-----------------------------------------------------------------------------------------------------------------------------------------------------------------------------------------------------------------------------------------------------------------------------------------------------------------------------------------------------------------------------------------------------------------------------------------------------------------------------------------------------------------------------------------------------------------------------------------------------------------------------------------------------------------------------------------------+
; Signal Integrity Metrics (Slow 1200mv 0c Model)                                                                                                                                                                                                                                                                                                                                                                                                                                                                                                                                                                                                                                               ;
+------------------+--------------+---------------------+---------------------+------------------------------+------------------------------+---------------------+---------------------+--------------------------------------+--------------------------------------+-----------------------------+-----------------------------+----------------------------+----------------------------+-----------------------------+-----------------------------+--------------------+--------------------+-------------------------------------+-------------------------------------+----------------------------+----------------------------+---------------------------+---------------------------+
; Pin              ; I/O Standard ; Board Delay on Rise ; Board Delay on Fall ; Steady State Voh at FPGA Pin ; Steady State Vol at FPGA Pin ; Voh Max at FPGA Pin ; Vol Min at FPGA Pin ; Ringback Voltage on Rise at FPGA Pin ; Ringback Voltage on Fall at FPGA Pin ; 10-90 Rise Time at FPGA Pin ; 90-10 Fall Time at FPGA Pin ; Monotonic Rise at FPGA Pin ; Monotonic Fall at FPGA Pin ; Steady State Voh at Far-end ; Steady State Vol at Far-end ; Voh Max at Far-end ; Vol Min at Far-end ; Ringback Voltage on Rise at Far-end ; Ringback Voltage on Fall at Far-end ; 10-90 Rise Time at Far-end ; 90-10 Fall Time at Far-end ; Monotonic Rise at Far-end ; Monotonic Fall at Far-end ;
+------------------+--------------+---------------------+---------------------+------------------------------+------------------------------+---------------------+---------------------+--------------------------------------+--------------------------------------+-----------------------------+-----------------------------+----------------------------+----------------------------+-----------------------------+-----------------------------+--------------------+--------------------+-------------------------------------+-------------------------------------+----------------------------+----------------------------+---------------------------+---------------------------+
; led_clock        ; 2.5 V        ; 0 s                 ; 0 s                 ; 2.32 V                       ; 4.49e-09 V                   ; 2.38 V              ; -0.00552 V          ; 0.096 V                              ; 0.019 V                              ; 4.18e-10 s                  ; 3.59e-10 s                  ; No                         ; Yes                        ; 2.32 V                      ; 4.49e-09 V                  ; 2.38 V             ; -0.00552 V         ; 0.096 V                             ; 0.019 V                             ; 4.18e-10 s                 ; 3.59e-10 s                 ; No                        ; Yes                       ;
; Hex0[0]          ; 2.5 V        ; 0 s                 ; 0 s                 ; 2.32 V                       ; 4.49e-09 V                   ; 2.38 V              ; -0.00552 V          ; 0.096 V                              ; 0.019 V                              ; 4.18e-10 s                  ; 3.59e-10 s                  ; No                         ; Yes                        ; 2.32 V                      ; 4.49e-09 V                  ; 2.38 V             ; -0.00552 V         ; 0.096 V                             ; 0.019 V                             ; 4.18e-10 s                 ; 3.59e-10 s                 ; No                        ; Yes                       ;
; Hex0[1]          ; 2.5 V        ; 0 s                 ; 0 s                 ; 2.32 V                       ; 4.49e-09 V                   ; 2.33 V              ; -0.00467 V          ; 0.226 V                              ; 0.087 V                              ; 2.91e-09 s                  ; 2.74e-09 s                  ; Yes                        ; Yes                        ; 2.32 V                      ; 4.49e-09 V                  ; 2.33 V             ; -0.00467 V         ; 0.226 V                             ; 0.087 V                             ; 2.91e-09 s                 ; 2.74e-09 s                 ; Yes                       ; Yes                       ;
; Hex0[2]          ; 2.5 V        ; 0 s                 ; 0 s                 ; 2.32 V                       ; 4.49e-09 V                   ; 2.38 V              ; -0.00552 V          ; 0.096 V                              ; 0.019 V                              ; 4.18e-10 s                  ; 3.59e-10 s                  ; No                         ; Yes                        ; 2.32 V                      ; 4.49e-09 V                  ; 2.38 V             ; -0.00552 V         ; 0.096 V                             ; 0.019 V                             ; 4.18e-10 s                 ; 3.59e-10 s                 ; No                        ; Yes                       ;
; Hex0[3]          ; 2.5 V        ; 0 s                 ; 0 s                 ; 2.32 V                       ; 3.07e-09 V                   ; 2.38 V              ; -0.0144 V           ; 0.227 V                              ; 0.024 V                              ; 3.14e-10 s                  ; 3.39e-10 s                  ; Yes                        ; Yes                        ; 2.32 V                      ; 3.07e-09 V                  ; 2.38 V             ; -0.0144 V          ; 0.227 V                             ; 0.024 V                             ; 3.14e-10 s                 ; 3.39e-10 s                 ; Yes                       ; Yes                       ;
; Hex0[4]          ; 2.5 V        ; 0 s                 ; 0 s                 ; 2.32 V                       ; 3.07e-09 V                   ; 2.38 V              ; -0.0144 V           ; 0.227 V                              ; 0.024 V                              ; 3.14e-10 s                  ; 3.39e-10 s                  ; Yes                        ; Yes                        ; 2.32 V                      ; 3.07e-09 V                  ; 2.38 V             ; -0.0144 V          ; 0.227 V                             ; 0.024 V                             ; 3.14e-10 s                 ; 3.39e-10 s                 ; Yes                       ; Yes                       ;
; Hex0[5]          ; 2.5 V        ; 0 s                 ; 0 s                 ; 2.32 V                       ; 3.07e-09 V                   ; 2.33 V              ; -0.00496 V          ; 0.223 V                              ; 0.086 V                              ; 2.9e-09 s                   ; 2.73e-09 s                  ; Yes                        ; Yes                        ; 2.32 V                      ; 3.07e-09 V                  ; 2.33 V             ; -0.00496 V         ; 0.223 V                             ; 0.086 V                             ; 2.9e-09 s                  ; 2.73e-09 s                 ; Yes                       ; Yes                       ;
; Hex0[6]          ; 2.5 V        ; 0 s                 ; 0 s                 ; 2.32 V                       ; 3.07e-09 V                   ; 2.38 V              ; -0.0144 V           ; 0.227 V                              ; 0.024 V                              ; 3.14e-10 s                  ; 3.39e-10 s                  ; Yes                        ; Yes                        ; 2.32 V                      ; 3.07e-09 V                  ; 2.38 V             ; -0.0144 V          ; 0.227 V                             ; 0.024 V                             ; 3.14e-10 s                 ; 3.39e-10 s                 ; Yes                       ; Yes                       ;
; Hex1[0]          ; 2.5 V        ; 0 s                 ; 0 s                 ; 2.32 V                       ; 3.07e-09 V                   ; 2.38 V              ; -0.0144 V           ; 0.227 V                              ; 0.024 V                              ; 3.14e-10 s                  ; 3.39e-10 s                  ; Yes                        ; Yes                        ; 2.32 V                      ; 3.07e-09 V                  ; 2.38 V             ; -0.0144 V          ; 0.227 V                             ; 0.024 V                             ; 3.14e-10 s                 ; 3.39e-10 s                 ; Yes                       ; Yes                       ;
; Hex1[1]          ; 2.5 V        ; 0 s                 ; 0 s                 ; 2.32 V                       ; 3.07e-09 V                   ; 2.37 V              ; -0.00994 V          ; 0.186 V                              ; 0.028 V                              ; 4.98e-10 s                  ; 4.96e-10 s                  ; Yes                        ; Yes                        ; 2.32 V                      ; 3.07e-09 V                  ; 2.37 V             ; -0.00994 V         ; 0.186 V                             ; 0.028 V                             ; 4.98e-10 s                 ; 4.96e-10 s                 ; Yes                       ; Yes                       ;
; Hex1[2]          ; 2.5 V        ; 0 s                 ; 0 s                 ; 2.32 V                       ; 3.07e-09 V                   ; 2.37 V              ; -0.00994 V          ; 0.186 V                              ; 0.028 V                              ; 4.98e-10 s                  ; 4.96e-10 s                  ; Yes                        ; Yes                        ; 2.32 V                      ; 3.07e-09 V                  ; 2.37 V             ; -0.00994 V         ; 0.186 V                             ; 0.028 V                             ; 4.98e-10 s                 ; 4.96e-10 s                 ; Yes                       ; Yes                       ;
; Hex1[3]          ; 2.5 V        ; 0 s                 ; 0 s                 ; 2.32 V                       ; 3.07e-09 V                   ; 2.37 V              ; -0.00994 V          ; 0.186 V                              ; 0.028 V                              ; 4.98e-10 s                  ; 4.96e-10 s                  ; Yes                        ; Yes                        ; 2.32 V                      ; 3.07e-09 V                  ; 2.37 V             ; -0.00994 V         ; 0.186 V                             ; 0.028 V                             ; 4.98e-10 s                 ; 4.96e-10 s                 ; Yes                       ; Yes                       ;
; Hex1[4]          ; 2.5 V        ; 0 s                 ; 0 s                 ; 2.32 V                       ; 3.07e-09 V                   ; 2.37 V              ; -0.00994 V          ; 0.186 V                              ; 0.028 V                              ; 4.98e-10 s                  ; 4.96e-10 s                  ; Yes                        ; Yes                        ; 2.32 V                      ; 3.07e-09 V                  ; 2.37 V             ; -0.00994 V         ; 0.186 V                             ; 0.028 V                             ; 4.98e-10 s                 ; 4.96e-10 s                 ; Yes                       ; Yes                       ;
; Hex1[5]          ; 2.5 V        ; 0 s                 ; 0 s                 ; 2.32 V                       ; 3.07e-09 V                   ; 2.33 V              ; -0.00496 V          ; 0.223 V                              ; 0.086 V                              ; 2.9e-09 s                   ; 2.73e-09 s                  ; Yes                        ; Yes                        ; 2.32 V                      ; 3.07e-09 V                  ; 2.33 V             ; -0.00496 V         ; 0.223 V                             ; 0.086 V                             ; 2.9e-09 s                  ; 2.73e-09 s                 ; Yes                       ; Yes                       ;
; Hex1[6]          ; 2.5 V        ; 0 s                 ; 0 s                 ; 2.32 V                       ; 3.07e-09 V                   ; 2.33 V              ; -0.00496 V          ; 0.223 V                              ; 0.086 V                              ; 2.9e-09 s                   ; 2.73e-09 s                  ; Yes                        ; Yes                        ; 2.32 V                      ; 3.07e-09 V                  ; 2.33 V             ; -0.00496 V         ; 0.223 V                             ; 0.086 V                             ; 2.9e-09 s                  ; 2.73e-09 s                 ; Yes                       ; Yes                       ;
; Hex2[0]          ; 2.5 V        ; 0 s                 ; 0 s                 ; 2.32 V                       ; 3.07e-09 V                   ; 2.37 V              ; -0.00994 V          ; 0.186 V                              ; 0.028 V                              ; 4.98e-10 s                  ; 4.96e-10 s                  ; Yes                        ; Yes                        ; 2.32 V                      ; 3.07e-09 V                  ; 2.37 V             ; -0.00994 V         ; 0.186 V                             ; 0.028 V                             ; 4.98e-10 s                 ; 4.96e-10 s                 ; Yes                       ; Yes                       ;
; Hex2[1]          ; 2.5 V        ; 0 s                 ; 0 s                 ; 2.32 V                       ; 3.07e-09 V                   ; 2.37 V              ; -0.00994 V          ; 0.186 V                              ; 0.028 V                              ; 4.98e-10 s                  ; 4.96e-10 s                  ; Yes                        ; Yes                        ; 2.32 V                      ; 3.07e-09 V                  ; 2.37 V             ; -0.00994 V         ; 0.186 V                             ; 0.028 V                             ; 4.98e-10 s                 ; 4.96e-10 s                 ; Yes                       ; Yes                       ;
; Hex2[2]          ; 2.5 V        ; 0 s                 ; 0 s                 ; 2.32 V                       ; 3.07e-09 V                   ; 2.37 V              ; -0.00994 V          ; 0.186 V                              ; 0.028 V                              ; 4.98e-10 s                  ; 4.96e-10 s                  ; Yes                        ; Yes                        ; 2.32 V                      ; 3.07e-09 V                  ; 2.37 V             ; -0.00994 V         ; 0.186 V                             ; 0.028 V                             ; 4.98e-10 s                 ; 4.96e-10 s                 ; Yes                       ; Yes                       ;
; Hex2[3]          ; 2.5 V        ; 0 s                 ; 0 s                 ; 2.32 V                       ; 3.07e-09 V                   ; 2.37 V              ; -0.00994 V          ; 0.186 V                              ; 0.028 V                              ; 4.98e-10 s                  ; 4.96e-10 s                  ; Yes                        ; Yes                        ; 2.32 V                      ; 3.07e-09 V                  ; 2.37 V             ; -0.00994 V         ; 0.186 V                             ; 0.028 V                             ; 4.98e-10 s                 ; 4.96e-10 s                 ; Yes                       ; Yes                       ;
; Hex2[4]          ; 2.5 V        ; 0 s                 ; 0 s                 ; 2.32 V                       ; 3.07e-09 V                   ; 2.37 V              ; -0.00994 V          ; 0.186 V                              ; 0.028 V                              ; 4.98e-10 s                  ; 4.96e-10 s                  ; Yes                        ; Yes                        ; 2.32 V                      ; 3.07e-09 V                  ; 2.37 V             ; -0.00994 V         ; 0.186 V                             ; 0.028 V                             ; 4.98e-10 s                 ; 4.96e-10 s                 ; Yes                       ; Yes                       ;
; Hex2[5]          ; 2.5 V        ; 0 s                 ; 0 s                 ; 2.32 V                       ; 3.07e-09 V                   ; 2.37 V              ; -0.00994 V          ; 0.186 V                              ; 0.028 V                              ; 4.98e-10 s                  ; 4.96e-10 s                  ; Yes                        ; Yes                        ; 2.32 V                      ; 3.07e-09 V                  ; 2.37 V             ; -0.00994 V         ; 0.186 V                             ; 0.028 V                             ; 4.98e-10 s                 ; 4.96e-10 s                 ; Yes                       ; Yes                       ;
; Hex2[6]          ; 2.5 V        ; 0 s                 ; 0 s                 ; 2.32 V                       ; 3.07e-09 V                   ; 2.37 V              ; -0.00994 V          ; 0.186 V                              ; 0.028 V                              ; 4.98e-10 s                  ; 4.96e-10 s                  ; Yes                        ; Yes                        ; 2.32 V                      ; 3.07e-09 V                  ; 2.37 V             ; -0.00994 V         ; 0.186 V                             ; 0.028 V                             ; 4.98e-10 s                 ; 4.96e-10 s                 ; Yes                       ; Yes                       ;
; Hex3[0]          ; 2.5 V        ; 0 s                 ; 0 s                 ; 2.32 V                       ; 3.07e-09 V                   ; 2.37 V              ; -0.00994 V          ; 0.186 V                              ; 0.028 V                              ; 4.98e-10 s                  ; 4.96e-10 s                  ; Yes                        ; Yes                        ; 2.32 V                      ; 3.07e-09 V                  ; 2.37 V             ; -0.00994 V         ; 0.186 V                             ; 0.028 V                             ; 4.98e-10 s                 ; 4.96e-10 s                 ; Yes                       ; Yes                       ;
; Hex3[1]          ; 2.5 V        ; 0 s                 ; 0 s                 ; 2.32 V                       ; 3.07e-09 V                   ; 2.38 V              ; -0.0144 V           ; 0.227 V                              ; 0.024 V                              ; 3.14e-10 s                  ; 3.39e-10 s                  ; Yes                        ; Yes                        ; 2.32 V                      ; 3.07e-09 V                  ; 2.38 V             ; -0.0144 V          ; 0.227 V                             ; 0.024 V                             ; 3.14e-10 s                 ; 3.39e-10 s                 ; Yes                       ; Yes                       ;
; Hex3[2]          ; 2.5 V        ; 0 s                 ; 0 s                 ; 2.32 V                       ; 4.49e-09 V                   ; 2.33 V              ; -0.00467 V          ; 0.226 V                              ; 0.087 V                              ; 2.91e-09 s                  ; 2.74e-09 s                  ; Yes                        ; Yes                        ; 2.32 V                      ; 4.49e-09 V                  ; 2.33 V             ; -0.00467 V         ; 0.226 V                             ; 0.087 V                             ; 2.91e-09 s                 ; 2.74e-09 s                 ; Yes                       ; Yes                       ;
; Hex3[3]          ; 2.5 V        ; 0 s                 ; 0 s                 ; 2.32 V                       ; 4.49e-09 V                   ; 2.38 V              ; -0.00552 V          ; 0.096 V                              ; 0.019 V                              ; 4.18e-10 s                  ; 3.59e-10 s                  ; No                         ; Yes                        ; 2.32 V                      ; 4.49e-09 V                  ; 2.38 V             ; -0.00552 V         ; 0.096 V                             ; 0.019 V                             ; 4.18e-10 s                 ; 3.59e-10 s                 ; No                        ; Yes                       ;
; Hex3[4]          ; 2.5 V        ; 0 s                 ; 0 s                 ; 2.32 V                       ; 4.49e-09 V                   ; 2.38 V              ; -0.00552 V          ; 0.096 V                              ; 0.019 V                              ; 4.18e-10 s                  ; 3.59e-10 s                  ; No                         ; Yes                        ; 2.32 V                      ; 4.49e-09 V                  ; 2.38 V             ; -0.00552 V         ; 0.096 V                             ; 0.019 V                             ; 4.18e-10 s                 ; 3.59e-10 s                 ; No                        ; Yes                       ;
; Hex3[5]          ; 2.5 V        ; 0 s                 ; 0 s                 ; 2.32 V                       ; 4.49e-09 V                   ; 2.38 V              ; -0.00552 V          ; 0.096 V                              ; 0.019 V                              ; 4.18e-10 s                  ; 3.59e-10 s                  ; No                         ; Yes                        ; 2.32 V                      ; 4.49e-09 V                  ; 2.38 V             ; -0.00552 V         ; 0.096 V                             ; 0.019 V                             ; 4.18e-10 s                 ; 3.59e-10 s                 ; No                        ; Yes                       ;
; Hex3[6]          ; 2.5 V        ; 0 s                 ; 0 s                 ; 2.32 V                       ; 4.49e-09 V                   ; 2.38 V              ; -0.00552 V          ; 0.096 V                              ; 0.019 V                              ; 4.18e-10 s                  ; 3.59e-10 s                  ; No                         ; Yes                        ; 2.32 V                      ; 4.49e-09 V                  ; 2.38 V             ; -0.00552 V         ; 0.096 V                             ; 0.019 V                             ; 4.18e-10 s                 ; 3.59e-10 s                 ; No                        ; Yes                       ;
; Hex4[0]          ; 2.5 V        ; 0 s                 ; 0 s                 ; 2.32 V                       ; 4.49e-09 V                   ; 2.38 V              ; -0.00552 V          ; 0.096 V                              ; 0.019 V                              ; 4.18e-10 s                  ; 3.59e-10 s                  ; No                         ; Yes                        ; 2.32 V                      ; 4.49e-09 V                  ; 2.38 V             ; -0.00552 V         ; 0.096 V                             ; 0.019 V                             ; 4.18e-10 s                 ; 3.59e-10 s                 ; No                        ; Yes                       ;
; Hex4[1]          ; 2.5 V        ; 0 s                 ; 0 s                 ; 2.32 V                       ; 4.49e-09 V                   ; 2.38 V              ; -0.00552 V          ; 0.096 V                              ; 0.019 V                              ; 4.18e-10 s                  ; 3.59e-10 s                  ; No                         ; Yes                        ; 2.32 V                      ; 4.49e-09 V                  ; 2.38 V             ; -0.00552 V         ; 0.096 V                             ; 0.019 V                             ; 4.18e-10 s                 ; 3.59e-10 s                 ; No                        ; Yes                       ;
; Hex4[2]          ; 2.5 V        ; 0 s                 ; 0 s                 ; 2.32 V                       ; 4.49e-09 V                   ; 2.38 V              ; -0.00552 V          ; 0.096 V                              ; 0.019 V                              ; 4.18e-10 s                  ; 3.59e-10 s                  ; No                         ; Yes                        ; 2.32 V                      ; 4.49e-09 V                  ; 2.38 V             ; -0.00552 V         ; 0.096 V                             ; 0.019 V                             ; 4.18e-10 s                 ; 3.59e-10 s                 ; No                        ; Yes                       ;
; Hex4[3]          ; 2.5 V        ; 0 s                 ; 0 s                 ; 2.32 V                       ; 4.49e-09 V                   ; 2.38 V              ; -0.00552 V          ; 0.096 V                              ; 0.019 V                              ; 4.18e-10 s                  ; 3.59e-10 s                  ; No                         ; Yes                        ; 2.32 V                      ; 4.49e-09 V                  ; 2.38 V             ; -0.00552 V         ; 0.096 V                             ; 0.019 V                             ; 4.18e-10 s                 ; 3.59e-10 s                 ; No                        ; Yes                       ;
; Hex4[4]          ; 2.5 V        ; 0 s                 ; 0 s                 ; 2.32 V                       ; 4.49e-09 V                   ; 2.38 V              ; -0.00552 V          ; 0.096 V                              ; 0.019 V                              ; 4.18e-10 s                  ; 3.59e-10 s                  ; No                         ; Yes                        ; 2.32 V                      ; 4.49e-09 V                  ; 2.38 V             ; -0.00552 V         ; 0.096 V                             ; 0.019 V                             ; 4.18e-10 s                 ; 3.59e-10 s                 ; No                        ; Yes                       ;
; Hex4[5]          ; 2.5 V        ; 0 s                 ; 0 s                 ; 2.32 V                       ; 4.49e-09 V                   ; 2.38 V              ; -0.00552 V          ; 0.096 V                              ; 0.019 V                              ; 4.18e-10 s                  ; 3.59e-10 s                  ; No                         ; Yes                        ; 2.32 V                      ; 4.49e-09 V                  ; 2.38 V             ; -0.00552 V         ; 0.096 V                             ; 0.019 V                             ; 4.18e-10 s                 ; 3.59e-10 s                 ; No                        ; Yes                       ;
; Hex4[6]          ; 2.5 V        ; 0 s                 ; 0 s                 ; 2.32 V                       ; 4.49e-09 V                   ; 2.38 V              ; -0.00552 V          ; 0.096 V                              ; 0.019 V                              ; 4.18e-10 s                  ; 3.59e-10 s                  ; No                         ; Yes                        ; 2.32 V                      ; 4.49e-09 V                  ; 2.38 V             ; -0.00552 V         ; 0.096 V                             ; 0.019 V                             ; 4.18e-10 s                 ; 3.59e-10 s                 ; No                        ; Yes                       ;
; Hex5[0]          ; 2.5 V        ; 0 s                 ; 0 s                 ; 2.32 V                       ; 4.49e-09 V                   ; 2.38 V              ; -0.00552 V          ; 0.096 V                              ; 0.019 V                              ; 4.18e-10 s                  ; 3.59e-10 s                  ; No                         ; Yes                        ; 2.32 V                      ; 4.49e-09 V                  ; 2.38 V             ; -0.00552 V         ; 0.096 V                             ; 0.019 V                             ; 4.18e-10 s                 ; 3.59e-10 s                 ; No                        ; Yes                       ;
; Hex5[1]          ; 2.5 V        ; 0 s                 ; 0 s                 ; 2.32 V                       ; 4.49e-09 V                   ; 2.33 V              ; -0.00467 V          ; 0.226 V                              ; 0.087 V                              ; 2.91e-09 s                  ; 2.74e-09 s                  ; Yes                        ; Yes                        ; 2.32 V                      ; 4.49e-09 V                  ; 2.33 V             ; -0.00467 V         ; 0.226 V                             ; 0.087 V                             ; 2.91e-09 s                 ; 2.74e-09 s                 ; Yes                       ; Yes                       ;
; Hex5[2]          ; 2.5 V        ; 0 s                 ; 0 s                 ; 2.32 V                       ; 4.49e-09 V                   ; 2.38 V              ; -0.00552 V          ; 0.096 V                              ; 0.019 V                              ; 4.18e-10 s                  ; 3.59e-10 s                  ; No                         ; Yes                        ; 2.32 V                      ; 4.49e-09 V                  ; 2.38 V             ; -0.00552 V         ; 0.096 V                             ; 0.019 V                             ; 4.18e-10 s                 ; 3.59e-10 s                 ; No                        ; Yes                       ;
; Hex5[3]          ; 2.5 V        ; 0 s                 ; 0 s                 ; 2.32 V                       ; 4.49e-09 V                   ; 2.38 V              ; -0.00552 V          ; 0.096 V                              ; 0.019 V                              ; 4.18e-10 s                  ; 3.59e-10 s                  ; No                         ; Yes                        ; 2.32 V                      ; 4.49e-09 V                  ; 2.38 V             ; -0.00552 V         ; 0.096 V                             ; 0.019 V                             ; 4.18e-10 s                 ; 3.59e-10 s                 ; No                        ; Yes                       ;
; Hex5[4]          ; 2.5 V        ; 0 s                 ; 0 s                 ; 2.32 V                       ; 4.49e-09 V                   ; 2.38 V              ; -0.00552 V          ; 0.096 V                              ; 0.019 V                              ; 4.18e-10 s                  ; 3.59e-10 s                  ; No                         ; Yes                        ; 2.32 V                      ; 4.49e-09 V                  ; 2.38 V             ; -0.00552 V         ; 0.096 V                             ; 0.019 V                             ; 4.18e-10 s                 ; 3.59e-10 s                 ; No                        ; Yes                       ;
; Hex5[5]          ; 2.5 V        ; 0 s                 ; 0 s                 ; 2.32 V                       ; 4.49e-09 V                   ; 2.38 V              ; -0.00552 V          ; 0.096 V                              ; 0.019 V                              ; 4.18e-10 s                  ; 3.59e-10 s                  ; No                         ; Yes                        ; 2.32 V                      ; 4.49e-09 V                  ; 2.38 V             ; -0.00552 V         ; 0.096 V                             ; 0.019 V                             ; 4.18e-10 s                 ; 3.59e-10 s                 ; No                        ; Yes                       ;
; Hex5[6]          ; 2.5 V        ; 0 s                 ; 0 s                 ; 2.32 V                       ; 4.49e-09 V                   ; 2.38 V              ; -0.00552 V          ; 0.096 V                              ; 0.019 V                              ; 4.18e-10 s                  ; 3.59e-10 s                  ; No                         ; Yes                        ; 2.32 V                      ; 4.49e-09 V                  ; 2.38 V             ; -0.00552 V         ; 0.096 V                             ; 0.019 V                             ; 4.18e-10 s                 ; 3.59e-10 s                 ; No                        ; Yes                       ;
; Hex6[0]          ; 2.5 V        ; 0 s                 ; 0 s                 ; 2.32 V                       ; 4.49e-09 V                   ; 2.38 V              ; -0.00552 V          ; 0.096 V                              ; 0.019 V                              ; 4.18e-10 s                  ; 3.59e-10 s                  ; No                         ; Yes                        ; 2.32 V                      ; 4.49e-09 V                  ; 2.38 V             ; -0.00552 V         ; 0.096 V                             ; 0.019 V                             ; 4.18e-10 s                 ; 3.59e-10 s                 ; No                        ; Yes                       ;
; Hex6[1]          ; 2.5 V        ; 0 s                 ; 0 s                 ; 2.32 V                       ; 4.49e-09 V                   ; 2.38 V              ; -0.00552 V          ; 0.096 V                              ; 0.019 V                              ; 4.18e-10 s                  ; 3.59e-10 s                  ; No                         ; Yes                        ; 2.32 V                      ; 4.49e-09 V                  ; 2.38 V             ; -0.00552 V         ; 0.096 V                             ; 0.019 V                             ; 4.18e-10 s                 ; 3.59e-10 s                 ; No                        ; Yes                       ;
; Hex6[2]          ; 2.5 V        ; 0 s                 ; 0 s                 ; 2.32 V                       ; 4.49e-09 V                   ; 2.38 V              ; -0.00552 V          ; 0.096 V                              ; 0.019 V                              ; 4.18e-10 s                  ; 3.59e-10 s                  ; No                         ; Yes                        ; 2.32 V                      ; 4.49e-09 V                  ; 2.38 V             ; -0.00552 V         ; 0.096 V                             ; 0.019 V                             ; 4.18e-10 s                 ; 3.59e-10 s                 ; No                        ; Yes                       ;
; Hex6[3]          ; 2.5 V        ; 0 s                 ; 0 s                 ; 2.32 V                       ; 4.49e-09 V                   ; 2.38 V              ; -0.00552 V          ; 0.096 V                              ; 0.019 V                              ; 4.18e-10 s                  ; 3.59e-10 s                  ; No                         ; Yes                        ; 2.32 V                      ; 4.49e-09 V                  ; 2.38 V             ; -0.00552 V         ; 0.096 V                             ; 0.019 V                             ; 4.18e-10 s                 ; 3.59e-10 s                 ; No                        ; Yes                       ;
; Hex6[4]          ; 2.5 V        ; 0 s                 ; 0 s                 ; 2.32 V                       ; 4.49e-09 V                   ; 2.38 V              ; -0.00552 V          ; 0.096 V                              ; 0.019 V                              ; 4.18e-10 s                  ; 3.59e-10 s                  ; No                         ; Yes                        ; 2.32 V                      ; 4.49e-09 V                  ; 2.38 V             ; -0.00552 V         ; 0.096 V                             ; 0.019 V                             ; 4.18e-10 s                 ; 3.59e-10 s                 ; No                        ; Yes                       ;
; Hex6[5]          ; 2.5 V        ; 0 s                 ; 0 s                 ; 2.32 V                       ; 4.49e-09 V                   ; 2.33 V              ; -0.00467 V          ; 0.226 V                              ; 0.087 V                              ; 2.91e-09 s                  ; 2.74e-09 s                  ; Yes                        ; Yes                        ; 2.32 V                      ; 4.49e-09 V                  ; 2.33 V             ; -0.00467 V         ; 0.226 V                             ; 0.087 V                             ; 2.91e-09 s                 ; 2.74e-09 s                 ; Yes                       ; Yes                       ;
; Hex6[6]          ; 2.5 V        ; 0 s                 ; 0 s                 ; 2.32 V                       ; 4.49e-09 V                   ; 2.38 V              ; -0.00552 V          ; 0.096 V                              ; 0.019 V                              ; 4.18e-10 s                  ; 3.59e-10 s                  ; No                         ; Yes                        ; 2.32 V                      ; 4.49e-09 V                  ; 2.38 V             ; -0.00552 V         ; 0.096 V                             ; 0.019 V                             ; 4.18e-10 s                 ; 3.59e-10 s                 ; No                        ; Yes                       ;
; Hex7[0]          ; 2.5 V        ; 0 s                 ; 0 s                 ; 2.32 V                       ; 4.49e-09 V                   ; 2.38 V              ; -0.00552 V          ; 0.096 V                              ; 0.019 V                              ; 4.18e-10 s                  ; 3.59e-10 s                  ; No                         ; Yes                        ; 2.32 V                      ; 4.49e-09 V                  ; 2.38 V             ; -0.00552 V         ; 0.096 V                             ; 0.019 V                             ; 4.18e-10 s                 ; 3.59e-10 s                 ; No                        ; Yes                       ;
; Hex7[1]          ; 2.5 V        ; 0 s                 ; 0 s                 ; 2.32 V                       ; 4.49e-09 V                   ; 2.38 V              ; -0.00552 V          ; 0.096 V                              ; 0.019 V                              ; 4.18e-10 s                  ; 3.59e-10 s                  ; No                         ; Yes                        ; 2.32 V                      ; 4.49e-09 V                  ; 2.38 V             ; -0.00552 V         ; 0.096 V                             ; 0.019 V                             ; 4.18e-10 s                 ; 3.59e-10 s                 ; No                        ; Yes                       ;
; Hex7[2]          ; 2.5 V        ; 0 s                 ; 0 s                 ; 2.32 V                       ; 4.49e-09 V                   ; 2.38 V              ; -0.00552 V          ; 0.096 V                              ; 0.019 V                              ; 4.18e-10 s                  ; 3.59e-10 s                  ; No                         ; Yes                        ; 2.32 V                      ; 4.49e-09 V                  ; 2.38 V             ; -0.00552 V         ; 0.096 V                             ; 0.019 V                             ; 4.18e-10 s                 ; 3.59e-10 s                 ; No                        ; Yes                       ;
; Hex7[3]          ; 2.5 V        ; 0 s                 ; 0 s                 ; 2.32 V                       ; 4.49e-09 V                   ; 2.38 V              ; -0.00552 V          ; 0.096 V                              ; 0.019 V                              ; 4.18e-10 s                  ; 3.59e-10 s                  ; No                         ; Yes                        ; 2.32 V                      ; 4.49e-09 V                  ; 2.38 V             ; -0.00552 V         ; 0.096 V                             ; 0.019 V                             ; 4.18e-10 s                 ; 3.59e-10 s                 ; No                        ; Yes                       ;
; Hex7[4]          ; 2.5 V        ; 0 s                 ; 0 s                 ; 2.32 V                       ; 4.49e-09 V                   ; 2.38 V              ; -0.00552 V          ; 0.096 V                              ; 0.019 V                              ; 4.18e-10 s                  ; 3.59e-10 s                  ; No                         ; Yes                        ; 2.32 V                      ; 4.49e-09 V                  ; 2.38 V             ; -0.00552 V         ; 0.096 V                             ; 0.019 V                             ; 4.18e-10 s                 ; 3.59e-10 s                 ; No                        ; Yes                       ;
; Hex7[5]          ; 2.5 V        ; 0 s                 ; 0 s                 ; 2.32 V                       ; 4.49e-09 V                   ; 2.38 V              ; -0.00552 V          ; 0.096 V                              ; 0.019 V                              ; 4.18e-10 s                  ; 3.59e-10 s                  ; No                         ; Yes                        ; 2.32 V                      ; 4.49e-09 V                  ; 2.38 V             ; -0.00552 V         ; 0.096 V                             ; 0.019 V                             ; 4.18e-10 s                 ; 3.59e-10 s                 ; No                        ; Yes                       ;
; Hex7[6]          ; 2.5 V        ; 0 s                 ; 0 s                 ; 2.32 V                       ; 4.49e-09 V                   ; 2.38 V              ; -0.00552 V          ; 0.096 V                              ; 0.019 V                              ; 4.18e-10 s                  ; 3.59e-10 s                  ; No                         ; Yes                        ; 2.32 V                      ; 4.49e-09 V                  ; 2.38 V             ; -0.00552 V         ; 0.096 V                             ; 0.019 V                             ; 4.18e-10 s                 ; 3.59e-10 s                 ; No                        ; Yes                       ;
; switches_leds[0] ; 2.5 V        ; 0 s                 ; 0 s                 ; 2.32 V                       ; 4.49e-09 V                   ; 2.38 V              ; -0.00552 V          ; 0.096 V                              ; 0.019 V                              ; 4.18e-10 s                  ; 3.59e-10 s                  ; No                         ; Yes                        ; 2.32 V                      ; 4.49e-09 V                  ; 2.38 V             ; -0.00552 V         ; 0.096 V                             ; 0.019 V                             ; 4.18e-10 s                 ; 3.59e-10 s                 ; No                        ; Yes                       ;
; switches_leds[1] ; 2.5 V        ; 0 s                 ; 0 s                 ; 2.32 V                       ; 4.49e-09 V                   ; 2.38 V              ; -0.00552 V          ; 0.096 V                              ; 0.019 V                              ; 4.18e-10 s                  ; 3.59e-10 s                  ; No                         ; Yes                        ; 2.32 V                      ; 4.49e-09 V                  ; 2.38 V             ; -0.00552 V         ; 0.096 V                             ; 0.019 V                             ; 4.18e-10 s                 ; 3.59e-10 s                 ; No                        ; Yes                       ;
; switches_leds[2] ; 2.5 V        ; 0 s                 ; 0 s                 ; 2.32 V                       ; 4.49e-09 V                   ; 2.38 V              ; -0.00552 V          ; 0.096 V                              ; 0.019 V                              ; 4.18e-10 s                  ; 3.59e-10 s                  ; No                         ; Yes                        ; 2.32 V                      ; 4.49e-09 V                  ; 2.38 V             ; -0.00552 V         ; 0.096 V                             ; 0.019 V                             ; 4.18e-10 s                 ; 3.59e-10 s                 ; No                        ; Yes                       ;
; switches_leds[3] ; 2.5 V        ; 0 s                 ; 0 s                 ; 2.32 V                       ; 4.49e-09 V                   ; 2.33 V              ; -0.00467 V          ; 0.226 V                              ; 0.087 V                              ; 2.91e-09 s                  ; 2.74e-09 s                  ; Yes                        ; Yes                        ; 2.32 V                      ; 4.49e-09 V                  ; 2.33 V             ; -0.00467 V         ; 0.226 V                             ; 0.087 V                             ; 2.91e-09 s                 ; 2.74e-09 s                 ; Yes                       ; Yes                       ;
; switches_leds[4] ; 2.5 V        ; 0 s                 ; 0 s                 ; 2.32 V                       ; 4.49e-09 V                   ; 2.38 V              ; -0.00552 V          ; 0.096 V                              ; 0.019 V                              ; 4.18e-10 s                  ; 3.59e-10 s                  ; No                         ; Yes                        ; 2.32 V                      ; 4.49e-09 V                  ; 2.38 V             ; -0.00552 V         ; 0.096 V                             ; 0.019 V                             ; 4.18e-10 s                 ; 3.59e-10 s                 ; No                        ; Yes                       ;
; switches_leds[5] ; 2.5 V        ; 0 s                 ; 0 s                 ; 2.32 V                       ; 4.49e-09 V                   ; 2.38 V              ; -0.00552 V          ; 0.096 V                              ; 0.019 V                              ; 4.18e-10 s                  ; 3.59e-10 s                  ; No                         ; Yes                        ; 2.32 V                      ; 4.49e-09 V                  ; 2.38 V             ; -0.00552 V         ; 0.096 V                             ; 0.019 V                             ; 4.18e-10 s                 ; 3.59e-10 s                 ; No                        ; Yes                       ;
; btn_out          ; 2.5 V        ; 0 s                 ; 0 s                 ; 2.32 V                       ; 3.07e-09 V                   ; 2.38 V              ; -0.0144 V           ; 0.227 V                              ; 0.024 V                              ; 3.14e-10 s                  ; 3.39e-10 s                  ; Yes                        ; Yes                        ; 2.32 V                      ; 3.07e-09 V                  ; 2.38 V             ; -0.0144 V          ; 0.227 V                             ; 0.024 V                             ; 3.14e-10 s                 ; 3.39e-10 s                 ; Yes                       ; Yes                       ;
; in_sign_out      ; 2.5 V        ; 0 s                 ; 0 s                 ; 2.32 V                       ; 4.49e-09 V                   ; 2.38 V              ; -0.00552 V          ; 0.096 V                              ; 0.019 V                              ; 4.18e-10 s                  ; 3.59e-10 s                  ; No                         ; Yes                        ; 2.32 V                      ; 4.49e-09 V                  ; 2.38 V             ; -0.00552 V         ; 0.096 V                             ; 0.019 V                             ; 4.18e-10 s                 ; 3.59e-10 s                 ; No                        ; Yes                       ;
; ~ALTERA_DCLK~    ; 2.5 V        ; 0 s                 ; 0 s                 ; 2.32 V                       ; 2.67e-09 V                   ; 2.38 V              ; -0.0485 V           ; 0.167 V                              ; 0.096 V                              ; 2.95e-10 s                  ; 2.73e-10 s                  ; Yes                        ; Yes                        ; 2.32 V                      ; 2.67e-09 V                  ; 2.38 V             ; -0.0485 V          ; 0.167 V                             ; 0.096 V                             ; 2.95e-10 s                 ; 2.73e-10 s                 ; Yes                       ; Yes                       ;
; ~ALTERA_nCEO~    ; 2.5 V        ; 0 s                 ; 0 s                 ; 2.32 V                       ; 4.18e-09 V                   ; 2.38 V              ; -0.00483 V          ; 0.152 V                              ; 0.012 V                              ; 4.81e-10 s                  ; 6.29e-10 s                  ; Yes                        ; Yes                        ; 2.32 V                      ; 4.18e-09 V                  ; 2.38 V             ; -0.00483 V         ; 0.152 V                             ; 0.012 V                             ; 4.81e-10 s                 ; 6.29e-10 s                 ; Yes                       ; Yes                       ;
+------------------+--------------+---------------------+---------------------+------------------------------+------------------------------+---------------------+---------------------+--------------------------------------+--------------------------------------+-----------------------------+-----------------------------+----------------------------+----------------------------+-----------------------------+-----------------------------+--------------------+--------------------+-------------------------------------+-------------------------------------+----------------------------+----------------------------+---------------------------+---------------------------+


+-----------------------------------------------------------------------------------------------------------------------------------------------------------------------------------------------------------------------------------------------------------------------------------------------------------------------------------------------------------------------------------------------------------------------------------------------------------------------------------------------------------------------------------------------------------------------------------------------------------------------------------------------------------------------------------------------+
; Signal Integrity Metrics (Slow 1200mv 85c Model)                                                                                                                                                                                                                                                                                                                                                                                                                                                                                                                                                                                                                                              ;
+------------------+--------------+---------------------+---------------------+------------------------------+------------------------------+---------------------+---------------------+--------------------------------------+--------------------------------------+-----------------------------+-----------------------------+----------------------------+----------------------------+-----------------------------+-----------------------------+--------------------+--------------------+-------------------------------------+-------------------------------------+----------------------------+----------------------------+---------------------------+---------------------------+
; Pin              ; I/O Standard ; Board Delay on Rise ; Board Delay on Fall ; Steady State Voh at FPGA Pin ; Steady State Vol at FPGA Pin ; Voh Max at FPGA Pin ; Vol Min at FPGA Pin ; Ringback Voltage on Rise at FPGA Pin ; Ringback Voltage on Fall at FPGA Pin ; 10-90 Rise Time at FPGA Pin ; 90-10 Fall Time at FPGA Pin ; Monotonic Rise at FPGA Pin ; Monotonic Fall at FPGA Pin ; Steady State Voh at Far-end ; Steady State Vol at Far-end ; Voh Max at Far-end ; Vol Min at Far-end ; Ringback Voltage on Rise at Far-end ; Ringback Voltage on Fall at Far-end ; 10-90 Rise Time at Far-end ; 90-10 Fall Time at Far-end ; Monotonic Rise at Far-end ; Monotonic Fall at Far-end ;
+------------------+--------------+---------------------+---------------------+------------------------------+------------------------------+---------------------+---------------------+--------------------------------------+--------------------------------------+-----------------------------+-----------------------------+----------------------------+----------------------------+-----------------------------+-----------------------------+--------------------+--------------------+-------------------------------------+-------------------------------------+----------------------------+----------------------------+---------------------------+---------------------------+
; led_clock        ; 2.5 V        ; 0 s                 ; 0 s                 ; 2.32 V                       ; 6.92e-07 V                   ; 2.35 V              ; -0.00996 V          ; 0.121 V                              ; 0.03 V                               ; 4.64e-10 s                  ; 4.47e-10 s                  ; Yes                        ; Yes                        ; 2.32 V                      ; 6.92e-07 V                  ; 2.35 V             ; -0.00996 V         ; 0.121 V                             ; 0.03 V                              ; 4.64e-10 s                 ; 4.47e-10 s                 ; Yes                       ; Yes                       ;
; Hex0[0]          ; 2.5 V        ; 0 s                 ; 0 s                 ; 2.32 V                       ; 6.92e-07 V                   ; 2.35 V              ; -0.00996 V          ; 0.121 V                              ; 0.03 V                               ; 4.64e-10 s                  ; 4.47e-10 s                  ; Yes                        ; Yes                        ; 2.32 V                      ; 6.92e-07 V                  ; 2.35 V             ; -0.00996 V         ; 0.121 V                             ; 0.03 V                              ; 4.64e-10 s                 ; 4.47e-10 s                 ; Yes                       ; Yes                       ;
; Hex0[1]          ; 2.5 V        ; 0 s                 ; 0 s                 ; 2.32 V                       ; 6.92e-07 V                   ; 2.33 V              ; -0.00265 V          ; 0.133 V                              ; 0.056 V                              ; 3.55e-09 s                  ; 3.31e-09 s                  ; Yes                        ; Yes                        ; 2.32 V                      ; 6.92e-07 V                  ; 2.33 V             ; -0.00265 V         ; 0.133 V                             ; 0.056 V                             ; 3.55e-09 s                 ; 3.31e-09 s                 ; Yes                       ; Yes                       ;
; Hex0[2]          ; 2.5 V        ; 0 s                 ; 0 s                 ; 2.32 V                       ; 6.92e-07 V                   ; 2.35 V              ; -0.00996 V          ; 0.121 V                              ; 0.03 V                               ; 4.64e-10 s                  ; 4.47e-10 s                  ; Yes                        ; Yes                        ; 2.32 V                      ; 6.92e-07 V                  ; 2.35 V             ; -0.00996 V         ; 0.121 V                             ; 0.03 V                              ; 4.64e-10 s                 ; 4.47e-10 s                 ; Yes                       ; Yes                       ;
; Hex0[3]          ; 2.5 V        ; 0 s                 ; 0 s                 ; 2.32 V                       ; 4.67e-07 V                   ; 2.36 V              ; -0.00552 V          ; 0.11 V                               ; 0.007 V                              ; 4.54e-10 s                  ; 4.35e-10 s                  ; Yes                        ; Yes                        ; 2.32 V                      ; 4.67e-07 V                  ; 2.36 V             ; -0.00552 V         ; 0.11 V                              ; 0.007 V                             ; 4.54e-10 s                 ; 4.35e-10 s                 ; Yes                       ; Yes                       ;
; Hex0[4]          ; 2.5 V        ; 0 s                 ; 0 s                 ; 2.32 V                       ; 4.67e-07 V                   ; 2.36 V              ; -0.00552 V          ; 0.11 V                               ; 0.007 V                              ; 4.54e-10 s                  ; 4.35e-10 s                  ; Yes                        ; Yes                        ; 2.32 V                      ; 4.67e-07 V                  ; 2.36 V             ; -0.00552 V         ; 0.11 V                              ; 0.007 V                             ; 4.54e-10 s                 ; 4.35e-10 s                 ; Yes                       ; Yes                       ;
; Hex0[5]          ; 2.5 V        ; 0 s                 ; 0 s                 ; 2.32 V                       ; 4.67e-07 V                   ; 2.33 V              ; -0.00269 V          ; 0.13 V                               ; 0.055 V                              ; 3.54e-09 s                  ; 3.29e-09 s                  ; Yes                        ; Yes                        ; 2.32 V                      ; 4.67e-07 V                  ; 2.33 V             ; -0.00269 V         ; 0.13 V                              ; 0.055 V                             ; 3.54e-09 s                 ; 3.29e-09 s                 ; Yes                       ; Yes                       ;
; Hex0[6]          ; 2.5 V        ; 0 s                 ; 0 s                 ; 2.32 V                       ; 4.67e-07 V                   ; 2.36 V              ; -0.00552 V          ; 0.11 V                               ; 0.007 V                              ; 4.54e-10 s                  ; 4.35e-10 s                  ; Yes                        ; Yes                        ; 2.32 V                      ; 4.67e-07 V                  ; 2.36 V             ; -0.00552 V         ; 0.11 V                              ; 0.007 V                             ; 4.54e-10 s                 ; 4.35e-10 s                 ; Yes                       ; Yes                       ;
; Hex1[0]          ; 2.5 V        ; 0 s                 ; 0 s                 ; 2.32 V                       ; 4.67e-07 V                   ; 2.36 V              ; -0.00552 V          ; 0.11 V                               ; 0.007 V                              ; 4.54e-10 s                  ; 4.35e-10 s                  ; Yes                        ; Yes                        ; 2.32 V                      ; 4.67e-07 V                  ; 2.36 V             ; -0.00552 V         ; 0.11 V                              ; 0.007 V                             ; 4.54e-10 s                 ; 4.35e-10 s                 ; Yes                       ; Yes                       ;
; Hex1[1]          ; 2.5 V        ; 0 s                 ; 0 s                 ; 2.32 V                       ; 4.67e-07 V                   ; 2.35 V              ; -0.00942 V          ; 0.116 V                              ; 0.033 V                              ; 6.66e-10 s                  ; 6.27e-10 s                  ; Yes                        ; Yes                        ; 2.32 V                      ; 4.67e-07 V                  ; 2.35 V             ; -0.00942 V         ; 0.116 V                             ; 0.033 V                             ; 6.66e-10 s                 ; 6.27e-10 s                 ; Yes                       ; Yes                       ;
; Hex1[2]          ; 2.5 V        ; 0 s                 ; 0 s                 ; 2.32 V                       ; 4.67e-07 V                   ; 2.35 V              ; -0.00942 V          ; 0.116 V                              ; 0.033 V                              ; 6.66e-10 s                  ; 6.27e-10 s                  ; Yes                        ; Yes                        ; 2.32 V                      ; 4.67e-07 V                  ; 2.35 V             ; -0.00942 V         ; 0.116 V                             ; 0.033 V                             ; 6.66e-10 s                 ; 6.27e-10 s                 ; Yes                       ; Yes                       ;
; Hex1[3]          ; 2.5 V        ; 0 s                 ; 0 s                 ; 2.32 V                       ; 4.67e-07 V                   ; 2.35 V              ; -0.00942 V          ; 0.116 V                              ; 0.033 V                              ; 6.66e-10 s                  ; 6.27e-10 s                  ; Yes                        ; Yes                        ; 2.32 V                      ; 4.67e-07 V                  ; 2.35 V             ; -0.00942 V         ; 0.116 V                             ; 0.033 V                             ; 6.66e-10 s                 ; 6.27e-10 s                 ; Yes                       ; Yes                       ;
; Hex1[4]          ; 2.5 V        ; 0 s                 ; 0 s                 ; 2.32 V                       ; 4.67e-07 V                   ; 2.35 V              ; -0.00942 V          ; 0.116 V                              ; 0.033 V                              ; 6.66e-10 s                  ; 6.27e-10 s                  ; Yes                        ; Yes                        ; 2.32 V                      ; 4.67e-07 V                  ; 2.35 V             ; -0.00942 V         ; 0.116 V                             ; 0.033 V                             ; 6.66e-10 s                 ; 6.27e-10 s                 ; Yes                       ; Yes                       ;
; Hex1[5]          ; 2.5 V        ; 0 s                 ; 0 s                 ; 2.32 V                       ; 4.67e-07 V                   ; 2.33 V              ; -0.00269 V          ; 0.13 V                               ; 0.055 V                              ; 3.54e-09 s                  ; 3.29e-09 s                  ; Yes                        ; Yes                        ; 2.32 V                      ; 4.67e-07 V                  ; 2.33 V             ; -0.00269 V         ; 0.13 V                              ; 0.055 V                             ; 3.54e-09 s                 ; 3.29e-09 s                 ; Yes                       ; Yes                       ;
; Hex1[6]          ; 2.5 V        ; 0 s                 ; 0 s                 ; 2.32 V                       ; 4.67e-07 V                   ; 2.33 V              ; -0.00269 V          ; 0.13 V                               ; 0.055 V                              ; 3.54e-09 s                  ; 3.29e-09 s                  ; Yes                        ; Yes                        ; 2.32 V                      ; 4.67e-07 V                  ; 2.33 V             ; -0.00269 V         ; 0.13 V                              ; 0.055 V                             ; 3.54e-09 s                 ; 3.29e-09 s                 ; Yes                       ; Yes                       ;
; Hex2[0]          ; 2.5 V        ; 0 s                 ; 0 s                 ; 2.32 V                       ; 4.67e-07 V                   ; 2.35 V              ; -0.00942 V          ; 0.116 V                              ; 0.033 V                              ; 6.66e-10 s                  ; 6.27e-10 s                  ; Yes                        ; Yes                        ; 2.32 V                      ; 4.67e-07 V                  ; 2.35 V             ; -0.00942 V         ; 0.116 V                             ; 0.033 V                             ; 6.66e-10 s                 ; 6.27e-10 s                 ; Yes                       ; Yes                       ;
; Hex2[1]          ; 2.5 V        ; 0 s                 ; 0 s                 ; 2.32 V                       ; 4.67e-07 V                   ; 2.35 V              ; -0.00942 V          ; 0.116 V                              ; 0.033 V                              ; 6.66e-10 s                  ; 6.27e-10 s                  ; Yes                        ; Yes                        ; 2.32 V                      ; 4.67e-07 V                  ; 2.35 V             ; -0.00942 V         ; 0.116 V                             ; 0.033 V                             ; 6.66e-10 s                 ; 6.27e-10 s                 ; Yes                       ; Yes                       ;
; Hex2[2]          ; 2.5 V        ; 0 s                 ; 0 s                 ; 2.32 V                       ; 4.67e-07 V                   ; 2.35 V              ; -0.00942 V          ; 0.116 V                              ; 0.033 V                              ; 6.66e-10 s                  ; 6.27e-10 s                  ; Yes                        ; Yes                        ; 2.32 V                      ; 4.67e-07 V                  ; 2.35 V             ; -0.00942 V         ; 0.116 V                             ; 0.033 V                             ; 6.66e-10 s                 ; 6.27e-10 s                 ; Yes                       ; Yes                       ;
; Hex2[3]          ; 2.5 V        ; 0 s                 ; 0 s                 ; 2.32 V                       ; 4.67e-07 V                   ; 2.35 V              ; -0.00942 V          ; 0.116 V                              ; 0.033 V                              ; 6.66e-10 s                  ; 6.27e-10 s                  ; Yes                        ; Yes                        ; 2.32 V                      ; 4.67e-07 V                  ; 2.35 V             ; -0.00942 V         ; 0.116 V                             ; 0.033 V                             ; 6.66e-10 s                 ; 6.27e-10 s                 ; Yes                       ; Yes                       ;
; Hex2[4]          ; 2.5 V        ; 0 s                 ; 0 s                 ; 2.32 V                       ; 4.67e-07 V                   ; 2.35 V              ; -0.00942 V          ; 0.116 V                              ; 0.033 V                              ; 6.66e-10 s                  ; 6.27e-10 s                  ; Yes                        ; Yes                        ; 2.32 V                      ; 4.67e-07 V                  ; 2.35 V             ; -0.00942 V         ; 0.116 V                             ; 0.033 V                             ; 6.66e-10 s                 ; 6.27e-10 s                 ; Yes                       ; Yes                       ;
; Hex2[5]          ; 2.5 V        ; 0 s                 ; 0 s                 ; 2.32 V                       ; 4.67e-07 V                   ; 2.35 V              ; -0.00942 V          ; 0.116 V                              ; 0.033 V                              ; 6.66e-10 s                  ; 6.27e-10 s                  ; Yes                        ; Yes                        ; 2.32 V                      ; 4.67e-07 V                  ; 2.35 V             ; -0.00942 V         ; 0.116 V                             ; 0.033 V                             ; 6.66e-10 s                 ; 6.27e-10 s                 ; Yes                       ; Yes                       ;
; Hex2[6]          ; 2.5 V        ; 0 s                 ; 0 s                 ; 2.32 V                       ; 4.67e-07 V                   ; 2.35 V              ; -0.00942 V          ; 0.116 V                              ; 0.033 V                              ; 6.66e-10 s                  ; 6.27e-10 s                  ; Yes                        ; Yes                        ; 2.32 V                      ; 4.67e-07 V                  ; 2.35 V             ; -0.00942 V         ; 0.116 V                             ; 0.033 V                             ; 6.66e-10 s                 ; 6.27e-10 s                 ; Yes                       ; Yes                       ;
; Hex3[0]          ; 2.5 V        ; 0 s                 ; 0 s                 ; 2.32 V                       ; 4.67e-07 V                   ; 2.35 V              ; -0.00942 V          ; 0.116 V                              ; 0.033 V                              ; 6.66e-10 s                  ; 6.27e-10 s                  ; Yes                        ; Yes                        ; 2.32 V                      ; 4.67e-07 V                  ; 2.35 V             ; -0.00942 V         ; 0.116 V                             ; 0.033 V                             ; 6.66e-10 s                 ; 6.27e-10 s                 ; Yes                       ; Yes                       ;
; Hex3[1]          ; 2.5 V        ; 0 s                 ; 0 s                 ; 2.32 V                       ; 4.67e-07 V                   ; 2.36 V              ; -0.00552 V          ; 0.11 V                               ; 0.007 V                              ; 4.54e-10 s                  ; 4.35e-10 s                  ; Yes                        ; Yes                        ; 2.32 V                      ; 4.67e-07 V                  ; 2.36 V             ; -0.00552 V         ; 0.11 V                              ; 0.007 V                             ; 4.54e-10 s                 ; 4.35e-10 s                 ; Yes                       ; Yes                       ;
; Hex3[2]          ; 2.5 V        ; 0 s                 ; 0 s                 ; 2.32 V                       ; 6.92e-07 V                   ; 2.33 V              ; -0.00265 V          ; 0.133 V                              ; 0.056 V                              ; 3.55e-09 s                  ; 3.31e-09 s                  ; Yes                        ; Yes                        ; 2.32 V                      ; 6.92e-07 V                  ; 2.33 V             ; -0.00265 V         ; 0.133 V                             ; 0.056 V                             ; 3.55e-09 s                 ; 3.31e-09 s                 ; Yes                       ; Yes                       ;
; Hex3[3]          ; 2.5 V        ; 0 s                 ; 0 s                 ; 2.32 V                       ; 6.92e-07 V                   ; 2.35 V              ; -0.00996 V          ; 0.121 V                              ; 0.03 V                               ; 4.64e-10 s                  ; 4.47e-10 s                  ; Yes                        ; Yes                        ; 2.32 V                      ; 6.92e-07 V                  ; 2.35 V             ; -0.00996 V         ; 0.121 V                             ; 0.03 V                              ; 4.64e-10 s                 ; 4.47e-10 s                 ; Yes                       ; Yes                       ;
; Hex3[4]          ; 2.5 V        ; 0 s                 ; 0 s                 ; 2.32 V                       ; 6.92e-07 V                   ; 2.35 V              ; -0.00996 V          ; 0.121 V                              ; 0.03 V                               ; 4.64e-10 s                  ; 4.47e-10 s                  ; Yes                        ; Yes                        ; 2.32 V                      ; 6.92e-07 V                  ; 2.35 V             ; -0.00996 V         ; 0.121 V                             ; 0.03 V                              ; 4.64e-10 s                 ; 4.47e-10 s                 ; Yes                       ; Yes                       ;
; Hex3[5]          ; 2.5 V        ; 0 s                 ; 0 s                 ; 2.32 V                       ; 6.92e-07 V                   ; 2.35 V              ; -0.00996 V          ; 0.121 V                              ; 0.03 V                               ; 4.64e-10 s                  ; 4.47e-10 s                  ; Yes                        ; Yes                        ; 2.32 V                      ; 6.92e-07 V                  ; 2.35 V             ; -0.00996 V         ; 0.121 V                             ; 0.03 V                              ; 4.64e-10 s                 ; 4.47e-10 s                 ; Yes                       ; Yes                       ;
; Hex3[6]          ; 2.5 V        ; 0 s                 ; 0 s                 ; 2.32 V                       ; 6.92e-07 V                   ; 2.35 V              ; -0.00996 V          ; 0.121 V                              ; 0.03 V                               ; 4.64e-10 s                  ; 4.47e-10 s                  ; Yes                        ; Yes                        ; 2.32 V                      ; 6.92e-07 V                  ; 2.35 V             ; -0.00996 V         ; 0.121 V                             ; 0.03 V                              ; 4.64e-10 s                 ; 4.47e-10 s                 ; Yes                       ; Yes                       ;
; Hex4[0]          ; 2.5 V        ; 0 s                 ; 0 s                 ; 2.32 V                       ; 6.92e-07 V                   ; 2.35 V              ; -0.00996 V          ; 0.121 V                              ; 0.03 V                               ; 4.64e-10 s                  ; 4.47e-10 s                  ; Yes                        ; Yes                        ; 2.32 V                      ; 6.92e-07 V                  ; 2.35 V             ; -0.00996 V         ; 0.121 V                             ; 0.03 V                              ; 4.64e-10 s                 ; 4.47e-10 s                 ; Yes                       ; Yes                       ;
; Hex4[1]          ; 2.5 V        ; 0 s                 ; 0 s                 ; 2.32 V                       ; 6.92e-07 V                   ; 2.35 V              ; -0.00996 V          ; 0.121 V                              ; 0.03 V                               ; 4.64e-10 s                  ; 4.47e-10 s                  ; Yes                        ; Yes                        ; 2.32 V                      ; 6.92e-07 V                  ; 2.35 V             ; -0.00996 V         ; 0.121 V                             ; 0.03 V                              ; 4.64e-10 s                 ; 4.47e-10 s                 ; Yes                       ; Yes                       ;
; Hex4[2]          ; 2.5 V        ; 0 s                 ; 0 s                 ; 2.32 V                       ; 6.92e-07 V                   ; 2.35 V              ; -0.00996 V          ; 0.121 V                              ; 0.03 V                               ; 4.64e-10 s                  ; 4.47e-10 s                  ; Yes                        ; Yes                        ; 2.32 V                      ; 6.92e-07 V                  ; 2.35 V             ; -0.00996 V         ; 0.121 V                             ; 0.03 V                              ; 4.64e-10 s                 ; 4.47e-10 s                 ; Yes                       ; Yes                       ;
; Hex4[3]          ; 2.5 V        ; 0 s                 ; 0 s                 ; 2.32 V                       ; 6.92e-07 V                   ; 2.35 V              ; -0.00996 V          ; 0.121 V                              ; 0.03 V                               ; 4.64e-10 s                  ; 4.47e-10 s                  ; Yes                        ; Yes                        ; 2.32 V                      ; 6.92e-07 V                  ; 2.35 V             ; -0.00996 V         ; 0.121 V                             ; 0.03 V                              ; 4.64e-10 s                 ; 4.47e-10 s                 ; Yes                       ; Yes                       ;
; Hex4[4]          ; 2.5 V        ; 0 s                 ; 0 s                 ; 2.32 V                       ; 6.92e-07 V                   ; 2.35 V              ; -0.00996 V          ; 0.121 V                              ; 0.03 V                               ; 4.64e-10 s                  ; 4.47e-10 s                  ; Yes                        ; Yes                        ; 2.32 V                      ; 6.92e-07 V                  ; 2.35 V             ; -0.00996 V         ; 0.121 V                             ; 0.03 V                              ; 4.64e-10 s                 ; 4.47e-10 s                 ; Yes                       ; Yes                       ;
; Hex4[5]          ; 2.5 V        ; 0 s                 ; 0 s                 ; 2.32 V                       ; 6.92e-07 V                   ; 2.35 V              ; -0.00996 V          ; 0.121 V                              ; 0.03 V                               ; 4.64e-10 s                  ; 4.47e-10 s                  ; Yes                        ; Yes                        ; 2.32 V                      ; 6.92e-07 V                  ; 2.35 V             ; -0.00996 V         ; 0.121 V                             ; 0.03 V                              ; 4.64e-10 s                 ; 4.47e-10 s                 ; Yes                       ; Yes                       ;
; Hex4[6]          ; 2.5 V        ; 0 s                 ; 0 s                 ; 2.32 V                       ; 6.92e-07 V                   ; 2.35 V              ; -0.00996 V          ; 0.121 V                              ; 0.03 V                               ; 4.64e-10 s                  ; 4.47e-10 s                  ; Yes                        ; Yes                        ; 2.32 V                      ; 6.92e-07 V                  ; 2.35 V             ; -0.00996 V         ; 0.121 V                             ; 0.03 V                              ; 4.64e-10 s                 ; 4.47e-10 s                 ; Yes                       ; Yes                       ;
; Hex5[0]          ; 2.5 V        ; 0 s                 ; 0 s                 ; 2.32 V                       ; 6.92e-07 V                   ; 2.35 V              ; -0.00996 V          ; 0.121 V                              ; 0.03 V                               ; 4.64e-10 s                  ; 4.47e-10 s                  ; Yes                        ; Yes                        ; 2.32 V                      ; 6.92e-07 V                  ; 2.35 V             ; -0.00996 V         ; 0.121 V                             ; 0.03 V                              ; 4.64e-10 s                 ; 4.47e-10 s                 ; Yes                       ; Yes                       ;
; Hex5[1]          ; 2.5 V        ; 0 s                 ; 0 s                 ; 2.32 V                       ; 6.92e-07 V                   ; 2.33 V              ; -0.00265 V          ; 0.133 V                              ; 0.056 V                              ; 3.55e-09 s                  ; 3.31e-09 s                  ; Yes                        ; Yes                        ; 2.32 V                      ; 6.92e-07 V                  ; 2.33 V             ; -0.00265 V         ; 0.133 V                             ; 0.056 V                             ; 3.55e-09 s                 ; 3.31e-09 s                 ; Yes                       ; Yes                       ;
; Hex5[2]          ; 2.5 V        ; 0 s                 ; 0 s                 ; 2.32 V                       ; 6.92e-07 V                   ; 2.35 V              ; -0.00996 V          ; 0.121 V                              ; 0.03 V                               ; 4.64e-10 s                  ; 4.47e-10 s                  ; Yes                        ; Yes                        ; 2.32 V                      ; 6.92e-07 V                  ; 2.35 V             ; -0.00996 V         ; 0.121 V                             ; 0.03 V                              ; 4.64e-10 s                 ; 4.47e-10 s                 ; Yes                       ; Yes                       ;
; Hex5[3]          ; 2.5 V        ; 0 s                 ; 0 s                 ; 2.32 V                       ; 6.92e-07 V                   ; 2.35 V              ; -0.00996 V          ; 0.121 V                              ; 0.03 V                               ; 4.64e-10 s                  ; 4.47e-10 s                  ; Yes                        ; Yes                        ; 2.32 V                      ; 6.92e-07 V                  ; 2.35 V             ; -0.00996 V         ; 0.121 V                             ; 0.03 V                              ; 4.64e-10 s                 ; 4.47e-10 s                 ; Yes                       ; Yes                       ;
; Hex5[4]          ; 2.5 V        ; 0 s                 ; 0 s                 ; 2.32 V                       ; 6.92e-07 V                   ; 2.35 V              ; -0.00996 V          ; 0.121 V                              ; 0.03 V                               ; 4.64e-10 s                  ; 4.47e-10 s                  ; Yes                        ; Yes                        ; 2.32 V                      ; 6.92e-07 V                  ; 2.35 V             ; -0.00996 V         ; 0.121 V                             ; 0.03 V                              ; 4.64e-10 s                 ; 4.47e-10 s                 ; Yes                       ; Yes                       ;
; Hex5[5]          ; 2.5 V        ; 0 s                 ; 0 s                 ; 2.32 V                       ; 6.92e-07 V                   ; 2.35 V              ; -0.00996 V          ; 0.121 V                              ; 0.03 V                               ; 4.64e-10 s                  ; 4.47e-10 s                  ; Yes                        ; Yes                        ; 2.32 V                      ; 6.92e-07 V                  ; 2.35 V             ; -0.00996 V         ; 0.121 V                             ; 0.03 V                              ; 4.64e-10 s                 ; 4.47e-10 s                 ; Yes                       ; Yes                       ;
; Hex5[6]          ; 2.5 V        ; 0 s                 ; 0 s                 ; 2.32 V                       ; 6.92e-07 V                   ; 2.35 V              ; -0.00996 V          ; 0.121 V                              ; 0.03 V                               ; 4.64e-10 s                  ; 4.47e-10 s                  ; Yes                        ; Yes                        ; 2.32 V                      ; 6.92e-07 V                  ; 2.35 V             ; -0.00996 V         ; 0.121 V                             ; 0.03 V                              ; 4.64e-10 s                 ; 4.47e-10 s                 ; Yes                       ; Yes                       ;
; Hex6[0]          ; 2.5 V        ; 0 s                 ; 0 s                 ; 2.32 V                       ; 6.92e-07 V                   ; 2.35 V              ; -0.00996 V          ; 0.121 V                              ; 0.03 V                               ; 4.64e-10 s                  ; 4.47e-10 s                  ; Yes                        ; Yes                        ; 2.32 V                      ; 6.92e-07 V                  ; 2.35 V             ; -0.00996 V         ; 0.121 V                             ; 0.03 V                              ; 4.64e-10 s                 ; 4.47e-10 s                 ; Yes                       ; Yes                       ;
; Hex6[1]          ; 2.5 V        ; 0 s                 ; 0 s                 ; 2.32 V                       ; 6.92e-07 V                   ; 2.35 V              ; -0.00996 V          ; 0.121 V                              ; 0.03 V                               ; 4.64e-10 s                  ; 4.47e-10 s                  ; Yes                        ; Yes                        ; 2.32 V                      ; 6.92e-07 V                  ; 2.35 V             ; -0.00996 V         ; 0.121 V                             ; 0.03 V                              ; 4.64e-10 s                 ; 4.47e-10 s                 ; Yes                       ; Yes                       ;
; Hex6[2]          ; 2.5 V        ; 0 s                 ; 0 s                 ; 2.32 V                       ; 6.92e-07 V                   ; 2.35 V              ; -0.00996 V          ; 0.121 V                              ; 0.03 V                               ; 4.64e-10 s                  ; 4.47e-10 s                  ; Yes                        ; Yes                        ; 2.32 V                      ; 6.92e-07 V                  ; 2.35 V             ; -0.00996 V         ; 0.121 V                             ; 0.03 V                              ; 4.64e-10 s                 ; 4.47e-10 s                 ; Yes                       ; Yes                       ;
; Hex6[3]          ; 2.5 V        ; 0 s                 ; 0 s                 ; 2.32 V                       ; 6.92e-07 V                   ; 2.35 V              ; -0.00996 V          ; 0.121 V                              ; 0.03 V                               ; 4.64e-10 s                  ; 4.47e-10 s                  ; Yes                        ; Yes                        ; 2.32 V                      ; 6.92e-07 V                  ; 2.35 V             ; -0.00996 V         ; 0.121 V                             ; 0.03 V                              ; 4.64e-10 s                 ; 4.47e-10 s                 ; Yes                       ; Yes                       ;
; Hex6[4]          ; 2.5 V        ; 0 s                 ; 0 s                 ; 2.32 V                       ; 6.92e-07 V                   ; 2.35 V              ; -0.00996 V          ; 0.121 V                              ; 0.03 V                               ; 4.64e-10 s                  ; 4.47e-10 s                  ; Yes                        ; Yes                        ; 2.32 V                      ; 6.92e-07 V                  ; 2.35 V             ; -0.00996 V         ; 0.121 V                             ; 0.03 V                              ; 4.64e-10 s                 ; 4.47e-10 s                 ; Yes                       ; Yes                       ;
; Hex6[5]          ; 2.5 V        ; 0 s                 ; 0 s                 ; 2.32 V                       ; 6.92e-07 V                   ; 2.33 V              ; -0.00265 V          ; 0.133 V                              ; 0.056 V                              ; 3.55e-09 s                  ; 3.31e-09 s                  ; Yes                        ; Yes                        ; 2.32 V                      ; 6.92e-07 V                  ; 2.33 V             ; -0.00265 V         ; 0.133 V                             ; 0.056 V                             ; 3.55e-09 s                 ; 3.31e-09 s                 ; Yes                       ; Yes                       ;
; Hex6[6]          ; 2.5 V        ; 0 s                 ; 0 s                 ; 2.32 V                       ; 6.92e-07 V                   ; 2.35 V              ; -0.00996 V          ; 0.121 V                              ; 0.03 V                               ; 4.64e-10 s                  ; 4.47e-10 s                  ; Yes                        ; Yes                        ; 2.32 V                      ; 6.92e-07 V                  ; 2.35 V             ; -0.00996 V         ; 0.121 V                             ; 0.03 V                              ; 4.64e-10 s                 ; 4.47e-10 s                 ; Yes                       ; Yes                       ;
; Hex7[0]          ; 2.5 V        ; 0 s                 ; 0 s                 ; 2.32 V                       ; 6.92e-07 V                   ; 2.35 V              ; -0.00996 V          ; 0.121 V                              ; 0.03 V                               ; 4.64e-10 s                  ; 4.47e-10 s                  ; Yes                        ; Yes                        ; 2.32 V                      ; 6.92e-07 V                  ; 2.35 V             ; -0.00996 V         ; 0.121 V                             ; 0.03 V                              ; 4.64e-10 s                 ; 4.47e-10 s                 ; Yes                       ; Yes                       ;
; Hex7[1]          ; 2.5 V        ; 0 s                 ; 0 s                 ; 2.32 V                       ; 6.92e-07 V                   ; 2.35 V              ; -0.00996 V          ; 0.121 V                              ; 0.03 V                               ; 4.64e-10 s                  ; 4.47e-10 s                  ; Yes                        ; Yes                        ; 2.32 V                      ; 6.92e-07 V                  ; 2.35 V             ; -0.00996 V         ; 0.121 V                             ; 0.03 V                              ; 4.64e-10 s                 ; 4.47e-10 s                 ; Yes                       ; Yes                       ;
; Hex7[2]          ; 2.5 V        ; 0 s                 ; 0 s                 ; 2.32 V                       ; 6.92e-07 V                   ; 2.35 V              ; -0.00996 V          ; 0.121 V                              ; 0.03 V                               ; 4.64e-10 s                  ; 4.47e-10 s                  ; Yes                        ; Yes                        ; 2.32 V                      ; 6.92e-07 V                  ; 2.35 V             ; -0.00996 V         ; 0.121 V                             ; 0.03 V                              ; 4.64e-10 s                 ; 4.47e-10 s                 ; Yes                       ; Yes                       ;
; Hex7[3]          ; 2.5 V        ; 0 s                 ; 0 s                 ; 2.32 V                       ; 6.92e-07 V                   ; 2.35 V              ; -0.00996 V          ; 0.121 V                              ; 0.03 V                               ; 4.64e-10 s                  ; 4.47e-10 s                  ; Yes                        ; Yes                        ; 2.32 V                      ; 6.92e-07 V                  ; 2.35 V             ; -0.00996 V         ; 0.121 V                             ; 0.03 V                              ; 4.64e-10 s                 ; 4.47e-10 s                 ; Yes                       ; Yes                       ;
; Hex7[4]          ; 2.5 V        ; 0 s                 ; 0 s                 ; 2.32 V                       ; 6.92e-07 V                   ; 2.35 V              ; -0.00996 V          ; 0.121 V                              ; 0.03 V                               ; 4.64e-10 s                  ; 4.47e-10 s                  ; Yes                        ; Yes                        ; 2.32 V                      ; 6.92e-07 V                  ; 2.35 V             ; -0.00996 V         ; 0.121 V                             ; 0.03 V                              ; 4.64e-10 s                 ; 4.47e-10 s                 ; Yes                       ; Yes                       ;
; Hex7[5]          ; 2.5 V        ; 0 s                 ; 0 s                 ; 2.32 V                       ; 6.92e-07 V                   ; 2.35 V              ; -0.00996 V          ; 0.121 V                              ; 0.03 V                               ; 4.64e-10 s                  ; 4.47e-10 s                  ; Yes                        ; Yes                        ; 2.32 V                      ; 6.92e-07 V                  ; 2.35 V             ; -0.00996 V         ; 0.121 V                             ; 0.03 V                              ; 4.64e-10 s                 ; 4.47e-10 s                 ; Yes                       ; Yes                       ;
; Hex7[6]          ; 2.5 V        ; 0 s                 ; 0 s                 ; 2.32 V                       ; 6.92e-07 V                   ; 2.35 V              ; -0.00996 V          ; 0.121 V                              ; 0.03 V                               ; 4.64e-10 s                  ; 4.47e-10 s                  ; Yes                        ; Yes                        ; 2.32 V                      ; 6.92e-07 V                  ; 2.35 V             ; -0.00996 V         ; 0.121 V                             ; 0.03 V                              ; 4.64e-10 s                 ; 4.47e-10 s                 ; Yes                       ; Yes                       ;
; switches_leds[0] ; 2.5 V        ; 0 s                 ; 0 s                 ; 2.32 V                       ; 6.92e-07 V                   ; 2.35 V              ; -0.00996 V          ; 0.121 V                              ; 0.03 V                               ; 4.64e-10 s                  ; 4.47e-10 s                  ; Yes                        ; Yes                        ; 2.32 V                      ; 6.92e-07 V                  ; 2.35 V             ; -0.00996 V         ; 0.121 V                             ; 0.03 V                              ; 4.64e-10 s                 ; 4.47e-10 s                 ; Yes                       ; Yes                       ;
; switches_leds[1] ; 2.5 V        ; 0 s                 ; 0 s                 ; 2.32 V                       ; 6.92e-07 V                   ; 2.35 V              ; -0.00996 V          ; 0.121 V                              ; 0.03 V                               ; 4.64e-10 s                  ; 4.47e-10 s                  ; Yes                        ; Yes                        ; 2.32 V                      ; 6.92e-07 V                  ; 2.35 V             ; -0.00996 V         ; 0.121 V                             ; 0.03 V                              ; 4.64e-10 s                 ; 4.47e-10 s                 ; Yes                       ; Yes                       ;
; switches_leds[2] ; 2.5 V        ; 0 s                 ; 0 s                 ; 2.32 V                       ; 6.92e-07 V                   ; 2.35 V              ; -0.00996 V          ; 0.121 V                              ; 0.03 V                               ; 4.64e-10 s                  ; 4.47e-10 s                  ; Yes                        ; Yes                        ; 2.32 V                      ; 6.92e-07 V                  ; 2.35 V             ; -0.00996 V         ; 0.121 V                             ; 0.03 V                              ; 4.64e-10 s                 ; 4.47e-10 s                 ; Yes                       ; Yes                       ;
; switches_leds[3] ; 2.5 V        ; 0 s                 ; 0 s                 ; 2.32 V                       ; 6.92e-07 V                   ; 2.33 V              ; -0.00265 V          ; 0.133 V                              ; 0.056 V                              ; 3.55e-09 s                  ; 3.31e-09 s                  ; Yes                        ; Yes                        ; 2.32 V                      ; 6.92e-07 V                  ; 2.33 V             ; -0.00265 V         ; 0.133 V                             ; 0.056 V                             ; 3.55e-09 s                 ; 3.31e-09 s                 ; Yes                       ; Yes                       ;
; switches_leds[4] ; 2.5 V        ; 0 s                 ; 0 s                 ; 2.32 V                       ; 6.92e-07 V                   ; 2.35 V              ; -0.00996 V          ; 0.121 V                              ; 0.03 V                               ; 4.64e-10 s                  ; 4.47e-10 s                  ; Yes                        ; Yes                        ; 2.32 V                      ; 6.92e-07 V                  ; 2.35 V             ; -0.00996 V         ; 0.121 V                             ; 0.03 V                              ; 4.64e-10 s                 ; 4.47e-10 s                 ; Yes                       ; Yes                       ;
; switches_leds[5] ; 2.5 V        ; 0 s                 ; 0 s                 ; 2.32 V                       ; 6.92e-07 V                   ; 2.35 V              ; -0.00996 V          ; 0.121 V                              ; 0.03 V                               ; 4.64e-10 s                  ; 4.47e-10 s                  ; Yes                        ; Yes                        ; 2.32 V                      ; 6.92e-07 V                  ; 2.35 V             ; -0.00996 V         ; 0.121 V                             ; 0.03 V                              ; 4.64e-10 s                 ; 4.47e-10 s                 ; Yes                       ; Yes                       ;
; btn_out          ; 2.5 V        ; 0 s                 ; 0 s                 ; 2.32 V                       ; 4.67e-07 V                   ; 2.36 V              ; -0.00552 V          ; 0.11 V                               ; 0.007 V                              ; 4.54e-10 s                  ; 4.35e-10 s                  ; Yes                        ; Yes                        ; 2.32 V                      ; 4.67e-07 V                  ; 2.36 V             ; -0.00552 V         ; 0.11 V                              ; 0.007 V                             ; 4.54e-10 s                 ; 4.35e-10 s                 ; Yes                       ; Yes                       ;
; in_sign_out      ; 2.5 V        ; 0 s                 ; 0 s                 ; 2.32 V                       ; 6.92e-07 V                   ; 2.35 V              ; -0.00996 V          ; 0.121 V                              ; 0.03 V                               ; 4.64e-10 s                  ; 4.47e-10 s                  ; Yes                        ; Yes                        ; 2.32 V                      ; 6.92e-07 V                  ; 2.35 V             ; -0.00996 V         ; 0.121 V                             ; 0.03 V                              ; 4.64e-10 s                 ; 4.47e-10 s                 ; Yes                       ; Yes                       ;
; ~ALTERA_DCLK~    ; 2.5 V        ; 0 s                 ; 0 s                 ; 2.32 V                       ; 3.75e-07 V                   ; 2.35 V              ; -0.0109 V           ; 0.084 V                              ; 0.027 V                              ; 4.31e-10 s                  ; 3.61e-10 s                  ; Yes                        ; Yes                        ; 2.32 V                      ; 3.75e-07 V                  ; 2.35 V             ; -0.0109 V          ; 0.084 V                             ; 0.027 V                             ; 4.31e-10 s                 ; 3.61e-10 s                 ; Yes                       ; Yes                       ;
; ~ALTERA_nCEO~    ; 2.5 V        ; 0 s                 ; 0 s                 ; 2.32 V                       ; 6.15e-07 V                   ; 2.35 V              ; -0.00712 V          ; 0.093 V                              ; 0.02 V                               ; 6.21e-10 s                  ; 7.9e-10 s                   ; Yes                        ; Yes                        ; 2.32 V                      ; 6.15e-07 V                  ; 2.35 V             ; -0.00712 V         ; 0.093 V                             ; 0.02 V                              ; 6.21e-10 s                 ; 7.9e-10 s                  ; Yes                       ; Yes                       ;
+------------------+--------------+---------------------+---------------------+------------------------------+------------------------------+---------------------+---------------------+--------------------------------------+--------------------------------------+-----------------------------+-----------------------------+----------------------------+----------------------------+-----------------------------+-----------------------------+--------------------+--------------------+-------------------------------------+-------------------------------------+----------------------------+----------------------------+---------------------------+---------------------------+


+-----------------------------------------------------------------------------------------------------------------------------------------------------------------------------------------------------------------------------------------------------------------------------------------------------------------------------------------------------------------------------------------------------------------------------------------------------------------------------------------------------------------------------------------------------------------------------------------------------------------------------------------------------------------------------------------------+
; Signal Integrity Metrics (Fast 1200mv 0c Model)                                                                                                                                                                                                                                                                                                                                                                                                                                                                                                                                                                                                                                               ;
+------------------+--------------+---------------------+---------------------+------------------------------+------------------------------+---------------------+---------------------+--------------------------------------+--------------------------------------+-----------------------------+-----------------------------+----------------------------+----------------------------+-----------------------------+-----------------------------+--------------------+--------------------+-------------------------------------+-------------------------------------+----------------------------+----------------------------+---------------------------+---------------------------+
; Pin              ; I/O Standard ; Board Delay on Rise ; Board Delay on Fall ; Steady State Voh at FPGA Pin ; Steady State Vol at FPGA Pin ; Voh Max at FPGA Pin ; Vol Min at FPGA Pin ; Ringback Voltage on Rise at FPGA Pin ; Ringback Voltage on Fall at FPGA Pin ; 10-90 Rise Time at FPGA Pin ; 90-10 Fall Time at FPGA Pin ; Monotonic Rise at FPGA Pin ; Monotonic Fall at FPGA Pin ; Steady State Voh at Far-end ; Steady State Vol at Far-end ; Voh Max at Far-end ; Vol Min at Far-end ; Ringback Voltage on Rise at Far-end ; Ringback Voltage on Fall at Far-end ; 10-90 Rise Time at Far-end ; 90-10 Fall Time at Far-end ; Monotonic Rise at Far-end ; Monotonic Fall at Far-end ;
+------------------+--------------+---------------------+---------------------+------------------------------+------------------------------+---------------------+---------------------+--------------------------------------+--------------------------------------+-----------------------------+-----------------------------+----------------------------+----------------------------+-----------------------------+-----------------------------+--------------------+--------------------+-------------------------------------+-------------------------------------+----------------------------+----------------------------+---------------------------+---------------------------+
; led_clock        ; 2.5 V        ; 0 s                 ; 0 s                 ; 2.62 V                       ; 4.05e-08 V                   ; 2.72 V              ; -0.0349 V           ; 0.173 V                              ; 0.1 V                                ; 2.72e-10 s                  ; 2.69e-10 s                  ; Yes                        ; Yes                        ; 2.62 V                      ; 4.05e-08 V                  ; 2.72 V             ; -0.0349 V          ; 0.173 V                             ; 0.1 V                               ; 2.72e-10 s                 ; 2.69e-10 s                 ; Yes                       ; Yes                       ;
; Hex0[0]          ; 2.5 V        ; 0 s                 ; 0 s                 ; 2.62 V                       ; 4.05e-08 V                   ; 2.72 V              ; -0.0349 V           ; 0.173 V                              ; 0.1 V                                ; 2.72e-10 s                  ; 2.69e-10 s                  ; Yes                        ; Yes                        ; 2.62 V                      ; 4.05e-08 V                  ; 2.72 V             ; -0.0349 V          ; 0.173 V                             ; 0.1 V                               ; 2.72e-10 s                 ; 2.69e-10 s                 ; Yes                       ; Yes                       ;
; Hex0[1]          ; 2.5 V        ; 0 s                 ; 0 s                 ; 2.62 V                       ; 4.05e-08 V                   ; 2.64 V              ; -0.0113 V           ; 0.208 V                              ; 0.179 V                              ; 2.38e-09 s                  ; 2.23e-09 s                  ; No                         ; Yes                        ; 2.62 V                      ; 4.05e-08 V                  ; 2.64 V             ; -0.0113 V          ; 0.208 V                             ; 0.179 V                             ; 2.38e-09 s                 ; 2.23e-09 s                 ; No                        ; Yes                       ;
; Hex0[2]          ; 2.5 V        ; 0 s                 ; 0 s                 ; 2.62 V                       ; 4.05e-08 V                   ; 2.72 V              ; -0.0349 V           ; 0.173 V                              ; 0.1 V                                ; 2.72e-10 s                  ; 2.69e-10 s                  ; Yes                        ; Yes                        ; 2.62 V                      ; 4.05e-08 V                  ; 2.72 V             ; -0.0349 V          ; 0.173 V                             ; 0.1 V                               ; 2.72e-10 s                 ; 2.69e-10 s                 ; Yes                       ; Yes                       ;
; Hex0[3]          ; 2.5 V        ; 0 s                 ; 0 s                 ; 2.62 V                       ; 2.74e-08 V                   ; 2.73 V              ; -0.0384 V           ; 0.169 V                              ; 0.089 V                              ; 2.7e-10 s                   ; 2.62e-10 s                  ; Yes                        ; Yes                        ; 2.62 V                      ; 2.74e-08 V                  ; 2.73 V             ; -0.0384 V          ; 0.169 V                             ; 0.089 V                             ; 2.7e-10 s                  ; 2.62e-10 s                 ; Yes                       ; Yes                       ;
; Hex0[4]          ; 2.5 V        ; 0 s                 ; 0 s                 ; 2.62 V                       ; 2.74e-08 V                   ; 2.73 V              ; -0.0384 V           ; 0.169 V                              ; 0.089 V                              ; 2.7e-10 s                   ; 2.62e-10 s                  ; Yes                        ; Yes                        ; 2.62 V                      ; 2.74e-08 V                  ; 2.73 V             ; -0.0384 V          ; 0.169 V                             ; 0.089 V                             ; 2.7e-10 s                  ; 2.62e-10 s                 ; Yes                       ; Yes                       ;
; Hex0[5]          ; 2.5 V        ; 0 s                 ; 0 s                 ; 2.62 V                       ; 2.74e-08 V                   ; 2.64 V              ; -0.0117 V           ; 0.202 V                              ; 0.176 V                              ; 2.38e-09 s                  ; 2.22e-09 s                  ; No                         ; Yes                        ; 2.62 V                      ; 2.74e-08 V                  ; 2.64 V             ; -0.0117 V          ; 0.202 V                             ; 0.176 V                             ; 2.38e-09 s                 ; 2.22e-09 s                 ; No                        ; Yes                       ;
; Hex0[6]          ; 2.5 V        ; 0 s                 ; 0 s                 ; 2.62 V                       ; 2.74e-08 V                   ; 2.73 V              ; -0.0384 V           ; 0.169 V                              ; 0.089 V                              ; 2.7e-10 s                   ; 2.62e-10 s                  ; Yes                        ; Yes                        ; 2.62 V                      ; 2.74e-08 V                  ; 2.73 V             ; -0.0384 V          ; 0.169 V                             ; 0.089 V                             ; 2.7e-10 s                  ; 2.62e-10 s                 ; Yes                       ; Yes                       ;
; Hex1[0]          ; 2.5 V        ; 0 s                 ; 0 s                 ; 2.62 V                       ; 2.74e-08 V                   ; 2.73 V              ; -0.0384 V           ; 0.169 V                              ; 0.089 V                              ; 2.7e-10 s                   ; 2.62e-10 s                  ; Yes                        ; Yes                        ; 2.62 V                      ; 2.74e-08 V                  ; 2.73 V             ; -0.0384 V          ; 0.169 V                             ; 0.089 V                             ; 2.7e-10 s                  ; 2.62e-10 s                 ; Yes                       ; Yes                       ;
; Hex1[1]          ; 2.5 V        ; 0 s                 ; 0 s                 ; 2.62 V                       ; 2.74e-08 V                   ; 2.71 V              ; -0.0317 V           ; 0.148 V                              ; 0.064 V                              ; 4.51e-10 s                  ; 4.15e-10 s                  ; No                         ; Yes                        ; 2.62 V                      ; 2.74e-08 V                  ; 2.71 V             ; -0.0317 V          ; 0.148 V                             ; 0.064 V                             ; 4.51e-10 s                 ; 4.15e-10 s                 ; No                        ; Yes                       ;
; Hex1[2]          ; 2.5 V        ; 0 s                 ; 0 s                 ; 2.62 V                       ; 2.74e-08 V                   ; 2.71 V              ; -0.0317 V           ; 0.148 V                              ; 0.064 V                              ; 4.51e-10 s                  ; 4.15e-10 s                  ; No                         ; Yes                        ; 2.62 V                      ; 2.74e-08 V                  ; 2.71 V             ; -0.0317 V          ; 0.148 V                             ; 0.064 V                             ; 4.51e-10 s                 ; 4.15e-10 s                 ; No                        ; Yes                       ;
; Hex1[3]          ; 2.5 V        ; 0 s                 ; 0 s                 ; 2.62 V                       ; 2.74e-08 V                   ; 2.71 V              ; -0.0317 V           ; 0.148 V                              ; 0.064 V                              ; 4.51e-10 s                  ; 4.15e-10 s                  ; No                         ; Yes                        ; 2.62 V                      ; 2.74e-08 V                  ; 2.71 V             ; -0.0317 V          ; 0.148 V                             ; 0.064 V                             ; 4.51e-10 s                 ; 4.15e-10 s                 ; No                        ; Yes                       ;
; Hex1[4]          ; 2.5 V        ; 0 s                 ; 0 s                 ; 2.62 V                       ; 2.74e-08 V                   ; 2.71 V              ; -0.0317 V           ; 0.148 V                              ; 0.064 V                              ; 4.51e-10 s                  ; 4.15e-10 s                  ; No                         ; Yes                        ; 2.62 V                      ; 2.74e-08 V                  ; 2.71 V             ; -0.0317 V          ; 0.148 V                             ; 0.064 V                             ; 4.51e-10 s                 ; 4.15e-10 s                 ; No                        ; Yes                       ;
; Hex1[5]          ; 2.5 V        ; 0 s                 ; 0 s                 ; 2.62 V                       ; 2.74e-08 V                   ; 2.64 V              ; -0.0117 V           ; 0.202 V                              ; 0.176 V                              ; 2.38e-09 s                  ; 2.22e-09 s                  ; No                         ; Yes                        ; 2.62 V                      ; 2.74e-08 V                  ; 2.64 V             ; -0.0117 V          ; 0.202 V                             ; 0.176 V                             ; 2.38e-09 s                 ; 2.22e-09 s                 ; No                        ; Yes                       ;
; Hex1[6]          ; 2.5 V        ; 0 s                 ; 0 s                 ; 2.62 V                       ; 2.74e-08 V                   ; 2.64 V              ; -0.0117 V           ; 0.202 V                              ; 0.176 V                              ; 2.38e-09 s                  ; 2.22e-09 s                  ; No                         ; Yes                        ; 2.62 V                      ; 2.74e-08 V                  ; 2.64 V             ; -0.0117 V          ; 0.202 V                             ; 0.176 V                             ; 2.38e-09 s                 ; 2.22e-09 s                 ; No                        ; Yes                       ;
; Hex2[0]          ; 2.5 V        ; 0 s                 ; 0 s                 ; 2.62 V                       ; 2.74e-08 V                   ; 2.71 V              ; -0.0317 V           ; 0.148 V                              ; 0.064 V                              ; 4.51e-10 s                  ; 4.15e-10 s                  ; No                         ; Yes                        ; 2.62 V                      ; 2.74e-08 V                  ; 2.71 V             ; -0.0317 V          ; 0.148 V                             ; 0.064 V                             ; 4.51e-10 s                 ; 4.15e-10 s                 ; No                        ; Yes                       ;
; Hex2[1]          ; 2.5 V        ; 0 s                 ; 0 s                 ; 2.62 V                       ; 2.74e-08 V                   ; 2.71 V              ; -0.0317 V           ; 0.148 V                              ; 0.064 V                              ; 4.51e-10 s                  ; 4.15e-10 s                  ; No                         ; Yes                        ; 2.62 V                      ; 2.74e-08 V                  ; 2.71 V             ; -0.0317 V          ; 0.148 V                             ; 0.064 V                             ; 4.51e-10 s                 ; 4.15e-10 s                 ; No                        ; Yes                       ;
; Hex2[2]          ; 2.5 V        ; 0 s                 ; 0 s                 ; 2.62 V                       ; 2.74e-08 V                   ; 2.71 V              ; -0.0317 V           ; 0.148 V                              ; 0.064 V                              ; 4.51e-10 s                  ; 4.15e-10 s                  ; No                         ; Yes                        ; 2.62 V                      ; 2.74e-08 V                  ; 2.71 V             ; -0.0317 V          ; 0.148 V                             ; 0.064 V                             ; 4.51e-10 s                 ; 4.15e-10 s                 ; No                        ; Yes                       ;
; Hex2[3]          ; 2.5 V        ; 0 s                 ; 0 s                 ; 2.62 V                       ; 2.74e-08 V                   ; 2.71 V              ; -0.0317 V           ; 0.148 V                              ; 0.064 V                              ; 4.51e-10 s                  ; 4.15e-10 s                  ; No                         ; Yes                        ; 2.62 V                      ; 2.74e-08 V                  ; 2.71 V             ; -0.0317 V          ; 0.148 V                             ; 0.064 V                             ; 4.51e-10 s                 ; 4.15e-10 s                 ; No                        ; Yes                       ;
; Hex2[4]          ; 2.5 V        ; 0 s                 ; 0 s                 ; 2.62 V                       ; 2.74e-08 V                   ; 2.71 V              ; -0.0317 V           ; 0.148 V                              ; 0.064 V                              ; 4.51e-10 s                  ; 4.15e-10 s                  ; No                         ; Yes                        ; 2.62 V                      ; 2.74e-08 V                  ; 2.71 V             ; -0.0317 V          ; 0.148 V                             ; 0.064 V                             ; 4.51e-10 s                 ; 4.15e-10 s                 ; No                        ; Yes                       ;
; Hex2[5]          ; 2.5 V        ; 0 s                 ; 0 s                 ; 2.62 V                       ; 2.74e-08 V                   ; 2.71 V              ; -0.0317 V           ; 0.148 V                              ; 0.064 V                              ; 4.51e-10 s                  ; 4.15e-10 s                  ; No                         ; Yes                        ; 2.62 V                      ; 2.74e-08 V                  ; 2.71 V             ; -0.0317 V          ; 0.148 V                             ; 0.064 V                             ; 4.51e-10 s                 ; 4.15e-10 s                 ; No                        ; Yes                       ;
; Hex2[6]          ; 2.5 V        ; 0 s                 ; 0 s                 ; 2.62 V                       ; 2.74e-08 V                   ; 2.71 V              ; -0.0317 V           ; 0.148 V                              ; 0.064 V                              ; 4.51e-10 s                  ; 4.15e-10 s                  ; No                         ; Yes                        ; 2.62 V                      ; 2.74e-08 V                  ; 2.71 V             ; -0.0317 V          ; 0.148 V                             ; 0.064 V                             ; 4.51e-10 s                 ; 4.15e-10 s                 ; No                        ; Yes                       ;
; Hex3[0]          ; 2.5 V        ; 0 s                 ; 0 s                 ; 2.62 V                       ; 2.74e-08 V                   ; 2.71 V              ; -0.0317 V           ; 0.148 V                              ; 0.064 V                              ; 4.51e-10 s                  ; 4.15e-10 s                  ; No                         ; Yes                        ; 2.62 V                      ; 2.74e-08 V                  ; 2.71 V             ; -0.0317 V          ; 0.148 V                             ; 0.064 V                             ; 4.51e-10 s                 ; 4.15e-10 s                 ; No                        ; Yes                       ;
; Hex3[1]          ; 2.5 V        ; 0 s                 ; 0 s                 ; 2.62 V                       ; 2.74e-08 V                   ; 2.73 V              ; -0.0384 V           ; 0.169 V                              ; 0.089 V                              ; 2.7e-10 s                   ; 2.62e-10 s                  ; Yes                        ; Yes                        ; 2.62 V                      ; 2.74e-08 V                  ; 2.73 V             ; -0.0384 V          ; 0.169 V                             ; 0.089 V                             ; 2.7e-10 s                  ; 2.62e-10 s                 ; Yes                       ; Yes                       ;
; Hex3[2]          ; 2.5 V        ; 0 s                 ; 0 s                 ; 2.62 V                       ; 4.05e-08 V                   ; 2.64 V              ; -0.0113 V           ; 0.208 V                              ; 0.179 V                              ; 2.38e-09 s                  ; 2.23e-09 s                  ; No                         ; Yes                        ; 2.62 V                      ; 4.05e-08 V                  ; 2.64 V             ; -0.0113 V          ; 0.208 V                             ; 0.179 V                             ; 2.38e-09 s                 ; 2.23e-09 s                 ; No                        ; Yes                       ;
; Hex3[3]          ; 2.5 V        ; 0 s                 ; 0 s                 ; 2.62 V                       ; 4.05e-08 V                   ; 2.72 V              ; -0.0349 V           ; 0.173 V                              ; 0.1 V                                ; 2.72e-10 s                  ; 2.69e-10 s                  ; Yes                        ; Yes                        ; 2.62 V                      ; 4.05e-08 V                  ; 2.72 V             ; -0.0349 V          ; 0.173 V                             ; 0.1 V                               ; 2.72e-10 s                 ; 2.69e-10 s                 ; Yes                       ; Yes                       ;
; Hex3[4]          ; 2.5 V        ; 0 s                 ; 0 s                 ; 2.62 V                       ; 4.05e-08 V                   ; 2.72 V              ; -0.0349 V           ; 0.173 V                              ; 0.1 V                                ; 2.72e-10 s                  ; 2.69e-10 s                  ; Yes                        ; Yes                        ; 2.62 V                      ; 4.05e-08 V                  ; 2.72 V             ; -0.0349 V          ; 0.173 V                             ; 0.1 V                               ; 2.72e-10 s                 ; 2.69e-10 s                 ; Yes                       ; Yes                       ;
; Hex3[5]          ; 2.5 V        ; 0 s                 ; 0 s                 ; 2.62 V                       ; 4.05e-08 V                   ; 2.72 V              ; -0.0349 V           ; 0.173 V                              ; 0.1 V                                ; 2.72e-10 s                  ; 2.69e-10 s                  ; Yes                        ; Yes                        ; 2.62 V                      ; 4.05e-08 V                  ; 2.72 V             ; -0.0349 V          ; 0.173 V                             ; 0.1 V                               ; 2.72e-10 s                 ; 2.69e-10 s                 ; Yes                       ; Yes                       ;
; Hex3[6]          ; 2.5 V        ; 0 s                 ; 0 s                 ; 2.62 V                       ; 4.05e-08 V                   ; 2.72 V              ; -0.0349 V           ; 0.173 V                              ; 0.1 V                                ; 2.72e-10 s                  ; 2.69e-10 s                  ; Yes                        ; Yes                        ; 2.62 V                      ; 4.05e-08 V                  ; 2.72 V             ; -0.0349 V          ; 0.173 V                             ; 0.1 V                               ; 2.72e-10 s                 ; 2.69e-10 s                 ; Yes                       ; Yes                       ;
; Hex4[0]          ; 2.5 V        ; 0 s                 ; 0 s                 ; 2.62 V                       ; 4.05e-08 V                   ; 2.72 V              ; -0.0349 V           ; 0.173 V                              ; 0.1 V                                ; 2.72e-10 s                  ; 2.69e-10 s                  ; Yes                        ; Yes                        ; 2.62 V                      ; 4.05e-08 V                  ; 2.72 V             ; -0.0349 V          ; 0.173 V                             ; 0.1 V                               ; 2.72e-10 s                 ; 2.69e-10 s                 ; Yes                       ; Yes                       ;
; Hex4[1]          ; 2.5 V        ; 0 s                 ; 0 s                 ; 2.62 V                       ; 4.05e-08 V                   ; 2.72 V              ; -0.0349 V           ; 0.173 V                              ; 0.1 V                                ; 2.72e-10 s                  ; 2.69e-10 s                  ; Yes                        ; Yes                        ; 2.62 V                      ; 4.05e-08 V                  ; 2.72 V             ; -0.0349 V          ; 0.173 V                             ; 0.1 V                               ; 2.72e-10 s                 ; 2.69e-10 s                 ; Yes                       ; Yes                       ;
; Hex4[2]          ; 2.5 V        ; 0 s                 ; 0 s                 ; 2.62 V                       ; 4.05e-08 V                   ; 2.72 V              ; -0.0349 V           ; 0.173 V                              ; 0.1 V                                ; 2.72e-10 s                  ; 2.69e-10 s                  ; Yes                        ; Yes                        ; 2.62 V                      ; 4.05e-08 V                  ; 2.72 V             ; -0.0349 V          ; 0.173 V                             ; 0.1 V                               ; 2.72e-10 s                 ; 2.69e-10 s                 ; Yes                       ; Yes                       ;
; Hex4[3]          ; 2.5 V        ; 0 s                 ; 0 s                 ; 2.62 V                       ; 4.05e-08 V                   ; 2.72 V              ; -0.0349 V           ; 0.173 V                              ; 0.1 V                                ; 2.72e-10 s                  ; 2.69e-10 s                  ; Yes                        ; Yes                        ; 2.62 V                      ; 4.05e-08 V                  ; 2.72 V             ; -0.0349 V          ; 0.173 V                             ; 0.1 V                               ; 2.72e-10 s                 ; 2.69e-10 s                 ; Yes                       ; Yes                       ;
; Hex4[4]          ; 2.5 V        ; 0 s                 ; 0 s                 ; 2.62 V                       ; 4.05e-08 V                   ; 2.72 V              ; -0.0349 V           ; 0.173 V                              ; 0.1 V                                ; 2.72e-10 s                  ; 2.69e-10 s                  ; Yes                        ; Yes                        ; 2.62 V                      ; 4.05e-08 V                  ; 2.72 V             ; -0.0349 V          ; 0.173 V                             ; 0.1 V                               ; 2.72e-10 s                 ; 2.69e-10 s                 ; Yes                       ; Yes                       ;
; Hex4[5]          ; 2.5 V        ; 0 s                 ; 0 s                 ; 2.62 V                       ; 4.05e-08 V                   ; 2.72 V              ; -0.0349 V           ; 0.173 V                              ; 0.1 V                                ; 2.72e-10 s                  ; 2.69e-10 s                  ; Yes                        ; Yes                        ; 2.62 V                      ; 4.05e-08 V                  ; 2.72 V             ; -0.0349 V          ; 0.173 V                             ; 0.1 V                               ; 2.72e-10 s                 ; 2.69e-10 s                 ; Yes                       ; Yes                       ;
; Hex4[6]          ; 2.5 V        ; 0 s                 ; 0 s                 ; 2.62 V                       ; 4.05e-08 V                   ; 2.72 V              ; -0.0349 V           ; 0.173 V                              ; 0.1 V                                ; 2.72e-10 s                  ; 2.69e-10 s                  ; Yes                        ; Yes                        ; 2.62 V                      ; 4.05e-08 V                  ; 2.72 V             ; -0.0349 V          ; 0.173 V                             ; 0.1 V                               ; 2.72e-10 s                 ; 2.69e-10 s                 ; Yes                       ; Yes                       ;
; Hex5[0]          ; 2.5 V        ; 0 s                 ; 0 s                 ; 2.62 V                       ; 4.05e-08 V                   ; 2.72 V              ; -0.0349 V           ; 0.173 V                              ; 0.1 V                                ; 2.72e-10 s                  ; 2.69e-10 s                  ; Yes                        ; Yes                        ; 2.62 V                      ; 4.05e-08 V                  ; 2.72 V             ; -0.0349 V          ; 0.173 V                             ; 0.1 V                               ; 2.72e-10 s                 ; 2.69e-10 s                 ; Yes                       ; Yes                       ;
; Hex5[1]          ; 2.5 V        ; 0 s                 ; 0 s                 ; 2.62 V                       ; 4.05e-08 V                   ; 2.64 V              ; -0.0113 V           ; 0.208 V                              ; 0.179 V                              ; 2.38e-09 s                  ; 2.23e-09 s                  ; No                         ; Yes                        ; 2.62 V                      ; 4.05e-08 V                  ; 2.64 V             ; -0.0113 V          ; 0.208 V                             ; 0.179 V                             ; 2.38e-09 s                 ; 2.23e-09 s                 ; No                        ; Yes                       ;
; Hex5[2]          ; 2.5 V        ; 0 s                 ; 0 s                 ; 2.62 V                       ; 4.05e-08 V                   ; 2.72 V              ; -0.0349 V           ; 0.173 V                              ; 0.1 V                                ; 2.72e-10 s                  ; 2.69e-10 s                  ; Yes                        ; Yes                        ; 2.62 V                      ; 4.05e-08 V                  ; 2.72 V             ; -0.0349 V          ; 0.173 V                             ; 0.1 V                               ; 2.72e-10 s                 ; 2.69e-10 s                 ; Yes                       ; Yes                       ;
; Hex5[3]          ; 2.5 V        ; 0 s                 ; 0 s                 ; 2.62 V                       ; 4.05e-08 V                   ; 2.72 V              ; -0.0349 V           ; 0.173 V                              ; 0.1 V                                ; 2.72e-10 s                  ; 2.69e-10 s                  ; Yes                        ; Yes                        ; 2.62 V                      ; 4.05e-08 V                  ; 2.72 V             ; -0.0349 V          ; 0.173 V                             ; 0.1 V                               ; 2.72e-10 s                 ; 2.69e-10 s                 ; Yes                       ; Yes                       ;
; Hex5[4]          ; 2.5 V        ; 0 s                 ; 0 s                 ; 2.62 V                       ; 4.05e-08 V                   ; 2.72 V              ; -0.0349 V           ; 0.173 V                              ; 0.1 V                                ; 2.72e-10 s                  ; 2.69e-10 s                  ; Yes                        ; Yes                        ; 2.62 V                      ; 4.05e-08 V                  ; 2.72 V             ; -0.0349 V          ; 0.173 V                             ; 0.1 V                               ; 2.72e-10 s                 ; 2.69e-10 s                 ; Yes                       ; Yes                       ;
; Hex5[5]          ; 2.5 V        ; 0 s                 ; 0 s                 ; 2.62 V                       ; 4.05e-08 V                   ; 2.72 V              ; -0.0349 V           ; 0.173 V                              ; 0.1 V                                ; 2.72e-10 s                  ; 2.69e-10 s                  ; Yes                        ; Yes                        ; 2.62 V                      ; 4.05e-08 V                  ; 2.72 V             ; -0.0349 V          ; 0.173 V                             ; 0.1 V                               ; 2.72e-10 s                 ; 2.69e-10 s                 ; Yes                       ; Yes                       ;
; Hex5[6]          ; 2.5 V        ; 0 s                 ; 0 s                 ; 2.62 V                       ; 4.05e-08 V                   ; 2.72 V              ; -0.0349 V           ; 0.173 V                              ; 0.1 V                                ; 2.72e-10 s                  ; 2.69e-10 s                  ; Yes                        ; Yes                        ; 2.62 V                      ; 4.05e-08 V                  ; 2.72 V             ; -0.0349 V          ; 0.173 V                             ; 0.1 V                               ; 2.72e-10 s                 ; 2.69e-10 s                 ; Yes                       ; Yes                       ;
; Hex6[0]          ; 2.5 V        ; 0 s                 ; 0 s                 ; 2.62 V                       ; 4.05e-08 V                   ; 2.72 V              ; -0.0349 V           ; 0.173 V                              ; 0.1 V                                ; 2.72e-10 s                  ; 2.69e-10 s                  ; Yes                        ; Yes                        ; 2.62 V                      ; 4.05e-08 V                  ; 2.72 V             ; -0.0349 V          ; 0.173 V                             ; 0.1 V                               ; 2.72e-10 s                 ; 2.69e-10 s                 ; Yes                       ; Yes                       ;
; Hex6[1]          ; 2.5 V        ; 0 s                 ; 0 s                 ; 2.62 V                       ; 4.05e-08 V                   ; 2.72 V              ; -0.0349 V           ; 0.173 V                              ; 0.1 V                                ; 2.72e-10 s                  ; 2.69e-10 s                  ; Yes                        ; Yes                        ; 2.62 V                      ; 4.05e-08 V                  ; 2.72 V             ; -0.0349 V          ; 0.173 V                             ; 0.1 V                               ; 2.72e-10 s                 ; 2.69e-10 s                 ; Yes                       ; Yes                       ;
; Hex6[2]          ; 2.5 V        ; 0 s                 ; 0 s                 ; 2.62 V                       ; 4.05e-08 V                   ; 2.72 V              ; -0.0349 V           ; 0.173 V                              ; 0.1 V                                ; 2.72e-10 s                  ; 2.69e-10 s                  ; Yes                        ; Yes                        ; 2.62 V                      ; 4.05e-08 V                  ; 2.72 V             ; -0.0349 V          ; 0.173 V                             ; 0.1 V                               ; 2.72e-10 s                 ; 2.69e-10 s                 ; Yes                       ; Yes                       ;
; Hex6[3]          ; 2.5 V        ; 0 s                 ; 0 s                 ; 2.62 V                       ; 4.05e-08 V                   ; 2.72 V              ; -0.0349 V           ; 0.173 V                              ; 0.1 V                                ; 2.72e-10 s                  ; 2.69e-10 s                  ; Yes                        ; Yes                        ; 2.62 V                      ; 4.05e-08 V                  ; 2.72 V             ; -0.0349 V          ; 0.173 V                             ; 0.1 V                               ; 2.72e-10 s                 ; 2.69e-10 s                 ; Yes                       ; Yes                       ;
; Hex6[4]          ; 2.5 V        ; 0 s                 ; 0 s                 ; 2.62 V                       ; 4.05e-08 V                   ; 2.72 V              ; -0.0349 V           ; 0.173 V                              ; 0.1 V                                ; 2.72e-10 s                  ; 2.69e-10 s                  ; Yes                        ; Yes                        ; 2.62 V                      ; 4.05e-08 V                  ; 2.72 V             ; -0.0349 V          ; 0.173 V                             ; 0.1 V                               ; 2.72e-10 s                 ; 2.69e-10 s                 ; Yes                       ; Yes                       ;
; Hex6[5]          ; 2.5 V        ; 0 s                 ; 0 s                 ; 2.62 V                       ; 4.05e-08 V                   ; 2.64 V              ; -0.0113 V           ; 0.208 V                              ; 0.179 V                              ; 2.38e-09 s                  ; 2.23e-09 s                  ; No                         ; Yes                        ; 2.62 V                      ; 4.05e-08 V                  ; 2.64 V             ; -0.0113 V          ; 0.208 V                             ; 0.179 V                             ; 2.38e-09 s                 ; 2.23e-09 s                 ; No                        ; Yes                       ;
; Hex6[6]          ; 2.5 V        ; 0 s                 ; 0 s                 ; 2.62 V                       ; 4.05e-08 V                   ; 2.72 V              ; -0.0349 V           ; 0.173 V                              ; 0.1 V                                ; 2.72e-10 s                  ; 2.69e-10 s                  ; Yes                        ; Yes                        ; 2.62 V                      ; 4.05e-08 V                  ; 2.72 V             ; -0.0349 V          ; 0.173 V                             ; 0.1 V                               ; 2.72e-10 s                 ; 2.69e-10 s                 ; Yes                       ; Yes                       ;
; Hex7[0]          ; 2.5 V        ; 0 s                 ; 0 s                 ; 2.62 V                       ; 4.05e-08 V                   ; 2.72 V              ; -0.0349 V           ; 0.173 V                              ; 0.1 V                                ; 2.72e-10 s                  ; 2.69e-10 s                  ; Yes                        ; Yes                        ; 2.62 V                      ; 4.05e-08 V                  ; 2.72 V             ; -0.0349 V          ; 0.173 V                             ; 0.1 V                               ; 2.72e-10 s                 ; 2.69e-10 s                 ; Yes                       ; Yes                       ;
; Hex7[1]          ; 2.5 V        ; 0 s                 ; 0 s                 ; 2.62 V                       ; 4.05e-08 V                   ; 2.72 V              ; -0.0349 V           ; 0.173 V                              ; 0.1 V                                ; 2.72e-10 s                  ; 2.69e-10 s                  ; Yes                        ; Yes                        ; 2.62 V                      ; 4.05e-08 V                  ; 2.72 V             ; -0.0349 V          ; 0.173 V                             ; 0.1 V                               ; 2.72e-10 s                 ; 2.69e-10 s                 ; Yes                       ; Yes                       ;
; Hex7[2]          ; 2.5 V        ; 0 s                 ; 0 s                 ; 2.62 V                       ; 4.05e-08 V                   ; 2.72 V              ; -0.0349 V           ; 0.173 V                              ; 0.1 V                                ; 2.72e-10 s                  ; 2.69e-10 s                  ; Yes                        ; Yes                        ; 2.62 V                      ; 4.05e-08 V                  ; 2.72 V             ; -0.0349 V          ; 0.173 V                             ; 0.1 V                               ; 2.72e-10 s                 ; 2.69e-10 s                 ; Yes                       ; Yes                       ;
; Hex7[3]          ; 2.5 V        ; 0 s                 ; 0 s                 ; 2.62 V                       ; 4.05e-08 V                   ; 2.72 V              ; -0.0349 V           ; 0.173 V                              ; 0.1 V                                ; 2.72e-10 s                  ; 2.69e-10 s                  ; Yes                        ; Yes                        ; 2.62 V                      ; 4.05e-08 V                  ; 2.72 V             ; -0.0349 V          ; 0.173 V                             ; 0.1 V                               ; 2.72e-10 s                 ; 2.69e-10 s                 ; Yes                       ; Yes                       ;
; Hex7[4]          ; 2.5 V        ; 0 s                 ; 0 s                 ; 2.62 V                       ; 4.05e-08 V                   ; 2.72 V              ; -0.0349 V           ; 0.173 V                              ; 0.1 V                                ; 2.72e-10 s                  ; 2.69e-10 s                  ; Yes                        ; Yes                        ; 2.62 V                      ; 4.05e-08 V                  ; 2.72 V             ; -0.0349 V          ; 0.173 V                             ; 0.1 V                               ; 2.72e-10 s                 ; 2.69e-10 s                 ; Yes                       ; Yes                       ;
; Hex7[5]          ; 2.5 V        ; 0 s                 ; 0 s                 ; 2.62 V                       ; 4.05e-08 V                   ; 2.72 V              ; -0.0349 V           ; 0.173 V                              ; 0.1 V                                ; 2.72e-10 s                  ; 2.69e-10 s                  ; Yes                        ; Yes                        ; 2.62 V                      ; 4.05e-08 V                  ; 2.72 V             ; -0.0349 V          ; 0.173 V                             ; 0.1 V                               ; 2.72e-10 s                 ; 2.69e-10 s                 ; Yes                       ; Yes                       ;
; Hex7[6]          ; 2.5 V        ; 0 s                 ; 0 s                 ; 2.62 V                       ; 4.05e-08 V                   ; 2.72 V              ; -0.0349 V           ; 0.173 V                              ; 0.1 V                                ; 2.72e-10 s                  ; 2.69e-10 s                  ; Yes                        ; Yes                        ; 2.62 V                      ; 4.05e-08 V                  ; 2.72 V             ; -0.0349 V          ; 0.173 V                             ; 0.1 V                               ; 2.72e-10 s                 ; 2.69e-10 s                 ; Yes                       ; Yes                       ;
; switches_leds[0] ; 2.5 V        ; 0 s                 ; 0 s                 ; 2.62 V                       ; 4.05e-08 V                   ; 2.72 V              ; -0.0349 V           ; 0.173 V                              ; 0.1 V                                ; 2.72e-10 s                  ; 2.69e-10 s                  ; Yes                        ; Yes                        ; 2.62 V                      ; 4.05e-08 V                  ; 2.72 V             ; -0.0349 V          ; 0.173 V                             ; 0.1 V                               ; 2.72e-10 s                 ; 2.69e-10 s                 ; Yes                       ; Yes                       ;
; switches_leds[1] ; 2.5 V        ; 0 s                 ; 0 s                 ; 2.62 V                       ; 4.05e-08 V                   ; 2.72 V              ; -0.0349 V           ; 0.173 V                              ; 0.1 V                                ; 2.72e-10 s                  ; 2.69e-10 s                  ; Yes                        ; Yes                        ; 2.62 V                      ; 4.05e-08 V                  ; 2.72 V             ; -0.0349 V          ; 0.173 V                             ; 0.1 V                               ; 2.72e-10 s                 ; 2.69e-10 s                 ; Yes                       ; Yes                       ;
; switches_leds[2] ; 2.5 V        ; 0 s                 ; 0 s                 ; 2.62 V                       ; 4.05e-08 V                   ; 2.72 V              ; -0.0349 V           ; 0.173 V                              ; 0.1 V                                ; 2.72e-10 s                  ; 2.69e-10 s                  ; Yes                        ; Yes                        ; 2.62 V                      ; 4.05e-08 V                  ; 2.72 V             ; -0.0349 V          ; 0.173 V                             ; 0.1 V                               ; 2.72e-10 s                 ; 2.69e-10 s                 ; Yes                       ; Yes                       ;
; switches_leds[3] ; 2.5 V        ; 0 s                 ; 0 s                 ; 2.62 V                       ; 4.05e-08 V                   ; 2.64 V              ; -0.0113 V           ; 0.208 V                              ; 0.179 V                              ; 2.38e-09 s                  ; 2.23e-09 s                  ; No                         ; Yes                        ; 2.62 V                      ; 4.05e-08 V                  ; 2.64 V             ; -0.0113 V          ; 0.208 V                             ; 0.179 V                             ; 2.38e-09 s                 ; 2.23e-09 s                 ; No                        ; Yes                       ;
; switches_leds[4] ; 2.5 V        ; 0 s                 ; 0 s                 ; 2.62 V                       ; 4.05e-08 V                   ; 2.72 V              ; -0.0349 V           ; 0.173 V                              ; 0.1 V                                ; 2.72e-10 s                  ; 2.69e-10 s                  ; Yes                        ; Yes                        ; 2.62 V                      ; 4.05e-08 V                  ; 2.72 V             ; -0.0349 V          ; 0.173 V                             ; 0.1 V                               ; 2.72e-10 s                 ; 2.69e-10 s                 ; Yes                       ; Yes                       ;
; switches_leds[5] ; 2.5 V        ; 0 s                 ; 0 s                 ; 2.62 V                       ; 4.05e-08 V                   ; 2.72 V              ; -0.0349 V           ; 0.173 V                              ; 0.1 V                                ; 2.72e-10 s                  ; 2.69e-10 s                  ; Yes                        ; Yes                        ; 2.62 V                      ; 4.05e-08 V                  ; 2.72 V             ; -0.0349 V          ; 0.173 V                             ; 0.1 V                               ; 2.72e-10 s                 ; 2.69e-10 s                 ; Yes                       ; Yes                       ;
; btn_out          ; 2.5 V        ; 0 s                 ; 0 s                 ; 2.62 V                       ; 2.74e-08 V                   ; 2.73 V              ; -0.0384 V           ; 0.169 V                              ; 0.089 V                              ; 2.7e-10 s                   ; 2.62e-10 s                  ; Yes                        ; Yes                        ; 2.62 V                      ; 2.74e-08 V                  ; 2.73 V             ; -0.0384 V          ; 0.169 V                             ; 0.089 V                             ; 2.7e-10 s                  ; 2.62e-10 s                 ; Yes                       ; Yes                       ;
; in_sign_out      ; 2.5 V        ; 0 s                 ; 0 s                 ; 2.62 V                       ; 4.05e-08 V                   ; 2.72 V              ; -0.0349 V           ; 0.173 V                              ; 0.1 V                                ; 2.72e-10 s                  ; 2.69e-10 s                  ; Yes                        ; Yes                        ; 2.62 V                      ; 4.05e-08 V                  ; 2.72 V             ; -0.0349 V          ; 0.173 V                             ; 0.1 V                               ; 2.72e-10 s                 ; 2.69e-10 s                 ; Yes                       ; Yes                       ;
; ~ALTERA_DCLK~    ; 2.5 V        ; 0 s                 ; 0 s                 ; 2.62 V                       ; 2.22e-08 V                   ; 2.74 V              ; -0.06 V             ; 0.158 V                              ; 0.08 V                               ; 2.68e-10 s                  ; 2.19e-10 s                  ; Yes                        ; Yes                        ; 2.62 V                      ; 2.22e-08 V                  ; 2.74 V             ; -0.06 V            ; 0.158 V                             ; 0.08 V                              ; 2.68e-10 s                 ; 2.19e-10 s                 ; Yes                       ; Yes                       ;
; ~ALTERA_nCEO~    ; 2.5 V        ; 0 s                 ; 0 s                 ; 2.62 V                       ; 3.54e-08 V                   ; 2.7 V               ; -0.00943 V          ; 0.276 V                              ; 0.035 V                              ; 3.19e-10 s                  ; 4.99e-10 s                  ; No                         ; Yes                        ; 2.62 V                      ; 3.54e-08 V                  ; 2.7 V              ; -0.00943 V         ; 0.276 V                             ; 0.035 V                             ; 3.19e-10 s                 ; 4.99e-10 s                 ; No                        ; Yes                       ;
+------------------+--------------+---------------------+---------------------+------------------------------+------------------------------+---------------------+---------------------+--------------------------------------+--------------------------------------+-----------------------------+-----------------------------+----------------------------+----------------------------+-----------------------------+-----------------------------+--------------------+--------------------+-------------------------------------+-------------------------------------+----------------------------+----------------------------+---------------------------+---------------------------+


+---------------------------------------------------------------------------------------------------------------------------------------+
; Setup Transfers                                                                                                                       ;
+-----------------------------------------+-----------------------------------------+--------------+--------------+----------+----------+
; From Clock                              ; To Clock                                ; RR Paths     ; FR Paths     ; RF Paths ; FF Paths ;
+-----------------------------------------+-----------------------------------------+--------------+--------------+----------+----------+
; clk_50                                  ; clk_50                                  ; 450          ; 0            ; 0        ; 0        ;
; DivisorFrequencia:Divisor_inst|clkSaida ; clk_50                                  ; 1            ; 1            ; 0        ; 0        ;
; btn_in                                  ; DivisorFrequencia:Divisor_inst|clkSaida ; 0            ; 64           ; 0        ; 32       ;
; DivisorFrequencia:Divisor_inst|clkSaida ; DivisorFrequencia:Divisor_inst|clkSaida ; > 2147483647 ; > 2147483647 ; 107744   ; 18781217 ;
+-----------------------------------------+-----------------------------------------+--------------+--------------+----------+----------+
Entries labeled "false path" only account for clock-to-clock false paths and not path-based false paths. As a result, actual path counts may be lower than reported.


+---------------------------------------------------------------------------------------------------------------------------------------+
; Hold Transfers                                                                                                                        ;
+-----------------------------------------+-----------------------------------------+--------------+--------------+----------+----------+
; From Clock                              ; To Clock                                ; RR Paths     ; FR Paths     ; RF Paths ; FF Paths ;
+-----------------------------------------+-----------------------------------------+--------------+--------------+----------+----------+
; clk_50                                  ; clk_50                                  ; 450          ; 0            ; 0        ; 0        ;
; DivisorFrequencia:Divisor_inst|clkSaida ; clk_50                                  ; 1            ; 1            ; 0        ; 0        ;
; btn_in                                  ; DivisorFrequencia:Divisor_inst|clkSaida ; 0            ; 64           ; 0        ; 32       ;
; DivisorFrequencia:Divisor_inst|clkSaida ; DivisorFrequencia:Divisor_inst|clkSaida ; > 2147483647 ; > 2147483647 ; 107744   ; 18781217 ;
+-----------------------------------------+-----------------------------------------+--------------+--------------+----------+----------+
Entries labeled "false path" only account for clock-to-clock false paths and not path-based false paths. As a result, actual path counts may be lower than reported.


+------------------------------------------------------------------------------------------------+
; Recovery Transfers                                                                             ;
+-----------------------------------------+----------+----------+----------+----------+----------+
; From Clock                              ; To Clock ; RR Paths ; FR Paths ; RF Paths ; FF Paths ;
+-----------------------------------------+----------+----------+----------+----------+----------+
; DivisorFrequencia:Divisor_inst|clkSaida ; btn_in   ; 0        ; 0        ; 0        ; 93       ;
+-----------------------------------------+----------+----------+----------+----------+----------+
Entries labeled "false path" only account for clock-to-clock false paths and not path-based false paths. As a result, actual path counts may be lower than reported.


+------------------------------------------------------------------------------------------------+
; Removal Transfers                                                                              ;
+-----------------------------------------+----------+----------+----------+----------+----------+
; From Clock                              ; To Clock ; RR Paths ; FR Paths ; RF Paths ; FF Paths ;
+-----------------------------------------+----------+----------+----------+----------+----------+
; DivisorFrequencia:Divisor_inst|clkSaida ; btn_in   ; 0        ; 0        ; 0        ; 93       ;
+-----------------------------------------+----------+----------+----------+----------+----------+
Entries labeled "false path" only account for clock-to-clock false paths and not path-based false paths. As a result, actual path counts may be lower than reported.


---------------
; Report TCCS ;
---------------
No dedicated SERDES Transmitter circuitry present in device or used in design


---------------
; Report RSKM ;
---------------
No non-DPA dedicated SERDES Receiver circuitry present in device or used in design


+------------------------------------------------+
; Unconstrained Paths Summary                    ;
+---------------------------------+-------+------+
; Property                        ; Setup ; Hold ;
+---------------------------------+-------+------+
; Illegal Clocks                  ; 0     ; 0    ;
; Unconstrained Clocks            ; 0     ; 0    ;
; Unconstrained Input Ports       ; 20    ; 20   ;
; Unconstrained Input Port Paths  ; 157   ; 157  ;
; Unconstrained Output Ports      ; 65    ; 65   ;
; Unconstrained Output Port Paths ; 1610  ; 1610 ;
+---------------------------------+-------+------+


+--------------------------------------------------------------------------------------------------------+
; Clock Status Summary                                                                                   ;
+-----------------------------------------+-----------------------------------------+------+-------------+
; Target                                  ; Clock                                   ; Type ; Status      ;
+-----------------------------------------+-----------------------------------------+------+-------------+
; DivisorFrequencia:Divisor_inst|clkSaida ; DivisorFrequencia:Divisor_inst|clkSaida ; Base ; Constrained ;
; btn_in                                  ; btn_in                                  ; Base ; Constrained ;
; clk_50                                  ; clk_50                                  ; Base ; Constrained ;
+-----------------------------------------+-----------------------------------------+------+-------------+


+-----------------------------------------------------------------------------------------------------+
; Unconstrained Input Ports                                                                           ;
+--------------+--------------------------------------------------------------------------------------+
; Input Port   ; Comment                                                                              ;
+--------------+--------------------------------------------------------------------------------------+
; btn_in       ; No input delay, min/max delays, false-path exceptions, or max skew assignments found ;
; rst          ; No input delay, min/max delays, false-path exceptions, or max skew assignments found ;
; switches[0]  ; No input delay, min/max delays, false-path exceptions, or max skew assignments found ;
; switches[1]  ; No input delay, min/max delays, false-path exceptions, or max skew assignments found ;
; switches[2]  ; No input delay, min/max delays, false-path exceptions, or max skew assignments found ;
; switches[3]  ; No input delay, min/max delays, false-path exceptions, or max skew assignments found ;
; switches[4]  ; No input delay, min/max delays, false-path exceptions, or max skew assignments found ;
; switches[5]  ; No input delay, min/max delays, false-path exceptions, or max skew assignments found ;
; switches[6]  ; No input delay, min/max delays, false-path exceptions, or max skew assignments found ;
; switches[7]  ; No input delay, min/max delays, false-path exceptions, or max skew assignments found ;
; switches[8]  ; No input delay, min/max delays, false-path exceptions, or max skew assignments found ;
; switches[9]  ; No input delay, min/max delays, false-path exceptions, or max skew assignments found ;
; switches[10] ; No input delay, min/max delays, false-path exceptions, or max skew assignments found ;
; switches[11] ; No input delay, min/max delays, false-path exceptions, or max skew assignments found ;
; switches[12] ; No input delay, min/max delays, false-path exceptions, or max skew assignments found ;
; switches[13] ; No input delay, min/max delays, false-path exceptions, or max skew assignments found ;
; switches[14] ; No input delay, min/max delays, false-path exceptions, or max skew assignments found ;
; switches[15] ; No input delay, min/max delays, false-path exceptions, or max skew assignments found ;
; switches[16] ; No input delay, min/max delays, false-path exceptions, or max skew assignments found ;
; switches[17] ; No input delay, min/max delays, false-path exceptions, or max skew assignments found ;
+--------------+--------------------------------------------------------------------------------------+


+----------------------------------------------------------------------------------------------------------+
; Unconstrained Output Ports                                                                               ;
+------------------+---------------------------------------------------------------------------------------+
; Output Port      ; Comment                                                                               ;
+------------------+---------------------------------------------------------------------------------------+
; Hex0[0]          ; No output delay, min/max delays, false-path exceptions, or max skew assignments found ;
; Hex0[1]          ; No output delay, min/max delays, false-path exceptions, or max skew assignments found ;
; Hex0[2]          ; No output delay, min/max delays, false-path exceptions, or max skew assignments found ;
; Hex0[3]          ; No output delay, min/max delays, false-path exceptions, or max skew assignments found ;
; Hex0[4]          ; No output delay, min/max delays, false-path exceptions, or max skew assignments found ;
; Hex0[5]          ; No output delay, min/max delays, false-path exceptions, or max skew assignments found ;
; Hex0[6]          ; No output delay, min/max delays, false-path exceptions, or max skew assignments found ;
; Hex1[0]          ; No output delay, min/max delays, false-path exceptions, or max skew assignments found ;
; Hex1[1]          ; No output delay, min/max delays, false-path exceptions, or max skew assignments found ;
; Hex1[2]          ; No output delay, min/max delays, false-path exceptions, or max skew assignments found ;
; Hex1[3]          ; No output delay, min/max delays, false-path exceptions, or max skew assignments found ;
; Hex1[4]          ; No output delay, min/max delays, false-path exceptions, or max skew assignments found ;
; Hex1[5]          ; No output delay, min/max delays, false-path exceptions, or max skew assignments found ;
; Hex1[6]          ; No output delay, min/max delays, false-path exceptions, or max skew assignments found ;
; Hex2[0]          ; No output delay, min/max delays, false-path exceptions, or max skew assignments found ;
; Hex2[1]          ; No output delay, min/max delays, false-path exceptions, or max skew assignments found ;
; Hex2[2]          ; No output delay, min/max delays, false-path exceptions, or max skew assignments found ;
; Hex2[3]          ; No output delay, min/max delays, false-path exceptions, or max skew assignments found ;
; Hex2[4]          ; No output delay, min/max delays, false-path exceptions, or max skew assignments found ;
; Hex2[5]          ; No output delay, min/max delays, false-path exceptions, or max skew assignments found ;
; Hex2[6]          ; No output delay, min/max delays, false-path exceptions, or max skew assignments found ;
; Hex3[0]          ; No output delay, min/max delays, false-path exceptions, or max skew assignments found ;
; Hex3[1]          ; No output delay, min/max delays, false-path exceptions, or max skew assignments found ;
; Hex3[2]          ; No output delay, min/max delays, false-path exceptions, or max skew assignments found ;
; Hex3[3]          ; No output delay, min/max delays, false-path exceptions, or max skew assignments found ;
; Hex3[4]          ; No output delay, min/max delays, false-path exceptions, or max skew assignments found ;
; Hex3[5]          ; No output delay, min/max delays, false-path exceptions, or max skew assignments found ;
; Hex3[6]          ; No output delay, min/max delays, false-path exceptions, or max skew assignments found ;
; Hex4[0]          ; No output delay, min/max delays, false-path exceptions, or max skew assignments found ;
; Hex4[1]          ; No output delay, min/max delays, false-path exceptions, or max skew assignments found ;
; Hex4[2]          ; No output delay, min/max delays, false-path exceptions, or max skew assignments found ;
; Hex4[3]          ; No output delay, min/max delays, false-path exceptions, or max skew assignments found ;
; Hex4[4]          ; No output delay, min/max delays, false-path exceptions, or max skew assignments found ;
; Hex4[5]          ; No output delay, min/max delays, false-path exceptions, or max skew assignments found ;
; Hex4[6]          ; No output delay, min/max delays, false-path exceptions, or max skew assignments found ;
; Hex5[0]          ; No output delay, min/max delays, false-path exceptions, or max skew assignments found ;
; Hex5[1]          ; No output delay, min/max delays, false-path exceptions, or max skew assignments found ;
; Hex5[2]          ; No output delay, min/max delays, false-path exceptions, or max skew assignments found ;
; Hex5[3]          ; No output delay, min/max delays, false-path exceptions, or max skew assignments found ;
; Hex5[4]          ; No output delay, min/max delays, false-path exceptions, or max skew assignments found ;
; Hex5[5]          ; No output delay, min/max delays, false-path exceptions, or max skew assignments found ;
; Hex5[6]          ; No output delay, min/max delays, false-path exceptions, or max skew assignments found ;
; Hex6[0]          ; No output delay, min/max delays, false-path exceptions, or max skew assignments found ;
; Hex6[1]          ; No output delay, min/max delays, false-path exceptions, or max skew assignments found ;
; Hex6[2]          ; No output delay, min/max delays, false-path exceptions, or max skew assignments found ;
; Hex6[3]          ; No output delay, min/max delays, false-path exceptions, or max skew assignments found ;
; Hex6[4]          ; No output delay, min/max delays, false-path exceptions, or max skew assignments found ;
; Hex6[5]          ; No output delay, min/max delays, false-path exceptions, or max skew assignments found ;
; Hex6[6]          ; No output delay, min/max delays, false-path exceptions, or max skew assignments found ;
; Hex7[0]          ; No output delay, min/max delays, false-path exceptions, or max skew assignments found ;
; Hex7[1]          ; No output delay, min/max delays, false-path exceptions, or max skew assignments found ;
; Hex7[2]          ; No output delay, min/max delays, false-path exceptions, or max skew assignments found ;
; Hex7[3]          ; No output delay, min/max delays, false-path exceptions, or max skew assignments found ;
; Hex7[4]          ; No output delay, min/max delays, false-path exceptions, or max skew assignments found ;
; Hex7[5]          ; No output delay, min/max delays, false-path exceptions, or max skew assignments found ;
; Hex7[6]          ; No output delay, min/max delays, false-path exceptions, or max skew assignments found ;
; btn_out          ; No output delay, min/max delays, false-path exceptions, or max skew assignments found ;
; in_sign_out      ; No output delay, min/max delays, false-path exceptions, or max skew assignments found ;
; led_clock        ; No output delay, min/max delays, false-path exceptions, or max skew assignments found ;
; switches_leds[0] ; No output delay, min/max delays, false-path exceptions, or max skew assignments found ;
; switches_leds[1] ; No output delay, min/max delays, false-path exceptions, or max skew assignments found ;
; switches_leds[2] ; No output delay, min/max delays, false-path exceptions, or max skew assignments found ;
; switches_leds[3] ; No output delay, min/max delays, false-path exceptions, or max skew assignments found ;
; switches_leds[4] ; No output delay, min/max delays, false-path exceptions, or max skew assignments found ;
; switches_leds[5] ; No output delay, min/max delays, false-path exceptions, or max skew assignments found ;
+------------------+---------------------------------------------------------------------------------------+


+-----------------------------------------------------------------------------------------------------+
; Unconstrained Input Ports                                                                           ;
+--------------+--------------------------------------------------------------------------------------+
; Input Port   ; Comment                                                                              ;
+--------------+--------------------------------------------------------------------------------------+
; btn_in       ; No input delay, min/max delays, false-path exceptions, or max skew assignments found ;
; rst          ; No input delay, min/max delays, false-path exceptions, or max skew assignments found ;
; switches[0]  ; No input delay, min/max delays, false-path exceptions, or max skew assignments found ;
; switches[1]  ; No input delay, min/max delays, false-path exceptions, or max skew assignments found ;
; switches[2]  ; No input delay, min/max delays, false-path exceptions, or max skew assignments found ;
; switches[3]  ; No input delay, min/max delays, false-path exceptions, or max skew assignments found ;
; switches[4]  ; No input delay, min/max delays, false-path exceptions, or max skew assignments found ;
; switches[5]  ; No input delay, min/max delays, false-path exceptions, or max skew assignments found ;
; switches[6]  ; No input delay, min/max delays, false-path exceptions, or max skew assignments found ;
; switches[7]  ; No input delay, min/max delays, false-path exceptions, or max skew assignments found ;
; switches[8]  ; No input delay, min/max delays, false-path exceptions, or max skew assignments found ;
; switches[9]  ; No input delay, min/max delays, false-path exceptions, or max skew assignments found ;
; switches[10] ; No input delay, min/max delays, false-path exceptions, or max skew assignments found ;
; switches[11] ; No input delay, min/max delays, false-path exceptions, or max skew assignments found ;
; switches[12] ; No input delay, min/max delays, false-path exceptions, or max skew assignments found ;
; switches[13] ; No input delay, min/max delays, false-path exceptions, or max skew assignments found ;
; switches[14] ; No input delay, min/max delays, false-path exceptions, or max skew assignments found ;
; switches[15] ; No input delay, min/max delays, false-path exceptions, or max skew assignments found ;
; switches[16] ; No input delay, min/max delays, false-path exceptions, or max skew assignments found ;
; switches[17] ; No input delay, min/max delays, false-path exceptions, or max skew assignments found ;
+--------------+--------------------------------------------------------------------------------------+


+----------------------------------------------------------------------------------------------------------+
; Unconstrained Output Ports                                                                               ;
+------------------+---------------------------------------------------------------------------------------+
; Output Port      ; Comment                                                                               ;
+------------------+---------------------------------------------------------------------------------------+
; Hex0[0]          ; No output delay, min/max delays, false-path exceptions, or max skew assignments found ;
; Hex0[1]          ; No output delay, min/max delays, false-path exceptions, or max skew assignments found ;
; Hex0[2]          ; No output delay, min/max delays, false-path exceptions, or max skew assignments found ;
; Hex0[3]          ; No output delay, min/max delays, false-path exceptions, or max skew assignments found ;
; Hex0[4]          ; No output delay, min/max delays, false-path exceptions, or max skew assignments found ;
; Hex0[5]          ; No output delay, min/max delays, false-path exceptions, or max skew assignments found ;
; Hex0[6]          ; No output delay, min/max delays, false-path exceptions, or max skew assignments found ;
; Hex1[0]          ; No output delay, min/max delays, false-path exceptions, or max skew assignments found ;
; Hex1[1]          ; No output delay, min/max delays, false-path exceptions, or max skew assignments found ;
; Hex1[2]          ; No output delay, min/max delays, false-path exceptions, or max skew assignments found ;
; Hex1[3]          ; No output delay, min/max delays, false-path exceptions, or max skew assignments found ;
; Hex1[4]          ; No output delay, min/max delays, false-path exceptions, or max skew assignments found ;
; Hex1[5]          ; No output delay, min/max delays, false-path exceptions, or max skew assignments found ;
; Hex1[6]          ; No output delay, min/max delays, false-path exceptions, or max skew assignments found ;
; Hex2[0]          ; No output delay, min/max delays, false-path exceptions, or max skew assignments found ;
; Hex2[1]          ; No output delay, min/max delays, false-path exceptions, or max skew assignments found ;
; Hex2[2]          ; No output delay, min/max delays, false-path exceptions, or max skew assignments found ;
; Hex2[3]          ; No output delay, min/max delays, false-path exceptions, or max skew assignments found ;
; Hex2[4]          ; No output delay, min/max delays, false-path exceptions, or max skew assignments found ;
; Hex2[5]          ; No output delay, min/max delays, false-path exceptions, or max skew assignments found ;
; Hex2[6]          ; No output delay, min/max delays, false-path exceptions, or max skew assignments found ;
; Hex3[0]          ; No output delay, min/max delays, false-path exceptions, or max skew assignments found ;
; Hex3[1]          ; No output delay, min/max delays, false-path exceptions, or max skew assignments found ;
; Hex3[2]          ; No output delay, min/max delays, false-path exceptions, or max skew assignments found ;
; Hex3[3]          ; No output delay, min/max delays, false-path exceptions, or max skew assignments found ;
; Hex3[4]          ; No output delay, min/max delays, false-path exceptions, or max skew assignments found ;
; Hex3[5]          ; No output delay, min/max delays, false-path exceptions, or max skew assignments found ;
; Hex3[6]          ; No output delay, min/max delays, false-path exceptions, or max skew assignments found ;
; Hex4[0]          ; No output delay, min/max delays, false-path exceptions, or max skew assignments found ;
; Hex4[1]          ; No output delay, min/max delays, false-path exceptions, or max skew assignments found ;
; Hex4[2]          ; No output delay, min/max delays, false-path exceptions, or max skew assignments found ;
; Hex4[3]          ; No output delay, min/max delays, false-path exceptions, or max skew assignments found ;
; Hex4[4]          ; No output delay, min/max delays, false-path exceptions, or max skew assignments found ;
; Hex4[5]          ; No output delay, min/max delays, false-path exceptions, or max skew assignments found ;
; Hex4[6]          ; No output delay, min/max delays, false-path exceptions, or max skew assignments found ;
; Hex5[0]          ; No output delay, min/max delays, false-path exceptions, or max skew assignments found ;
; Hex5[1]          ; No output delay, min/max delays, false-path exceptions, or max skew assignments found ;
; Hex5[2]          ; No output delay, min/max delays, false-path exceptions, or max skew assignments found ;
; Hex5[3]          ; No output delay, min/max delays, false-path exceptions, or max skew assignments found ;
; Hex5[4]          ; No output delay, min/max delays, false-path exceptions, or max skew assignments found ;
; Hex5[5]          ; No output delay, min/max delays, false-path exceptions, or max skew assignments found ;
; Hex5[6]          ; No output delay, min/max delays, false-path exceptions, or max skew assignments found ;
; Hex6[0]          ; No output delay, min/max delays, false-path exceptions, or max skew assignments found ;
; Hex6[1]          ; No output delay, min/max delays, false-path exceptions, or max skew assignments found ;
; Hex6[2]          ; No output delay, min/max delays, false-path exceptions, or max skew assignments found ;
; Hex6[3]          ; No output delay, min/max delays, false-path exceptions, or max skew assignments found ;
; Hex6[4]          ; No output delay, min/max delays, false-path exceptions, or max skew assignments found ;
; Hex6[5]          ; No output delay, min/max delays, false-path exceptions, or max skew assignments found ;
; Hex6[6]          ; No output delay, min/max delays, false-path exceptions, or max skew assignments found ;
; Hex7[0]          ; No output delay, min/max delays, false-path exceptions, or max skew assignments found ;
; Hex7[1]          ; No output delay, min/max delays, false-path exceptions, or max skew assignments found ;
; Hex7[2]          ; No output delay, min/max delays, false-path exceptions, or max skew assignments found ;
; Hex7[3]          ; No output delay, min/max delays, false-path exceptions, or max skew assignments found ;
; Hex7[4]          ; No output delay, min/max delays, false-path exceptions, or max skew assignments found ;
; Hex7[5]          ; No output delay, min/max delays, false-path exceptions, or max skew assignments found ;
; Hex7[6]          ; No output delay, min/max delays, false-path exceptions, or max skew assignments found ;
; btn_out          ; No output delay, min/max delays, false-path exceptions, or max skew assignments found ;
; in_sign_out      ; No output delay, min/max delays, false-path exceptions, or max skew assignments found ;
; led_clock        ; No output delay, min/max delays, false-path exceptions, or max skew assignments found ;
; switches_leds[0] ; No output delay, min/max delays, false-path exceptions, or max skew assignments found ;
; switches_leds[1] ; No output delay, min/max delays, false-path exceptions, or max skew assignments found ;
; switches_leds[2] ; No output delay, min/max delays, false-path exceptions, or max skew assignments found ;
; switches_leds[3] ; No output delay, min/max delays, false-path exceptions, or max skew assignments found ;
; switches_leds[4] ; No output delay, min/max delays, false-path exceptions, or max skew assignments found ;
; switches_leds[5] ; No output delay, min/max delays, false-path exceptions, or max skew assignments found ;
+------------------+---------------------------------------------------------------------------------------+


+--------------------------+
; Timing Analyzer Messages ;
+--------------------------+
Info: *******************************************************************
Info: Running Quartus Prime Timing Analyzer
    Info: Version 21.1.0 Build 842 10/21/2021 SJ Lite Edition
    Info: Processing started: Mon Jun 22 22:55:19 2026
Info: Command: quartus_sta cpu -c cpu
Info: qsta_default_script.tcl version: #1
Warning (18236): Number of processors has not been specified which may cause overloading on shared machines.  Set the global assignment NUM_PARALLEL_PROCESSORS in your QSF to an appropriate value for best performance.
Info (20030): Parallel compilation is enabled and will use 8 of the 8 processors detected
Info (21077): Low junction temperature is 0 degrees C
Info (21077): High junction temperature is 85 degrees C
Critical Warning (332012): Synopsys Design Constraints File file not found: 'cpu.sdc'. A Synopsys Design Constraints File is required by the Timing Analyzer to get proper timing constraints. Without it, the Compiler will not properly optimize the design.
Info (332142): No user constrained base clocks found in the design. Calling "derive_clocks -period 1.0"
Info (332105): Deriving Clocks
    Info (332105): create_clock -period 1.000 -name DivisorFrequencia:Divisor_inst|clkSaida DivisorFrequencia:Divisor_inst|clkSaida
    Info (332105): create_clock -period 1.000 -name btn_in btn_in
    Info (332105): create_clock -period 1.000 -name clk_50 clk_50
Info (332143): No user constrained clock uncertainty found in the design. Calling "derive_clock_uncertainty"
Info (332123): Deriving Clock Uncertainty. Please refer to report_sdc in the Timing Analyzer to see clock uncertainties.
Info: Found TIMING_ANALYZER_REPORT_SCRIPT_INCLUDE_DEFAULT_ANALYSIS = ON
Info: Analyzing Slow 1200mV 85C Model
Critical Warning (332148): Timing requirements not met
    Info (11105): For recommendations on closing timing, run Report Timing Closure Recommendations in the Timing Analyzer.
Info (332146): Worst-case setup slack is -150.348
    Info (332119):     Slack       End Point TNS Clock 
    Info (332119): ========= =================== =====================
    Info (332119):  -150.348         -329237.567 DivisorFrequencia:Divisor_inst|clkSaida 
    Info (332119):    -3.491             -45.303 clk_50 
Info (332146): Worst-case hold slack is 0.442
    Info (332119):     Slack       End Point TNS Clock 
    Info (332119): ========= =================== =====================
    Info (332119):     0.442               0.000 clk_50 
    Info (332119):     0.450               0.000 DivisorFrequencia:Divisor_inst|clkSaida 
Info (332146): Worst-case recovery slack is -4.177
    Info (332119):     Slack       End Point TNS Clock 
    Info (332119): ========= =================== =====================
    Info (332119):    -4.177              -4.177 btn_in 
Info (332146): Worst-case removal slack is 2.092
    Info (332119):     Slack       End Point TNS Clock 
    Info (332119): ========= =================== =====================
    Info (332119):     2.092               0.000 btn_in 
Info (332146): Worst-case minimum pulse width slack is -3.000
    Info (332119):     Slack       End Point TNS Clock 
    Info (332119): ========= =================== =====================
    Info (332119):    -3.000             -36.410 clk_50 
    Info (332119):    -3.000              -4.285 btn_in 
    Info (332119):    -1.285           -3009.470 DivisorFrequencia:Divisor_inst|clkSaida 
Info: Analyzing Slow 1200mV 0C Model
Info (334003): Started post-fitting delay annotation
Info (334004): Delay annotation completed successfully
Info (332123): Deriving Clock Uncertainty. Please refer to report_sdc in the Timing Analyzer to see clock uncertainties.
Critical Warning (332148): Timing requirements not met
    Info (11105): For recommendations on closing timing, run Report Timing Closure Recommendations in the Timing Analyzer.
Info (332146): Worst-case setup slack is -135.905
    Info (332119):     Slack       End Point TNS Clock 
    Info (332119): ========= =================== =====================
    Info (332119):  -135.905         -297868.339 DivisorFrequencia:Divisor_inst|clkSaida 
    Info (332119):    -3.154             -38.140 clk_50 
Info (332146): Worst-case hold slack is 0.400
    Info (332119):     Slack       End Point TNS Clock 
    Info (332119): ========= =================== =====================
    Info (332119):     0.400               0.000 clk_50 
    Info (332119):     0.406               0.000 DivisorFrequencia:Divisor_inst|clkSaida 
Info (332146): Worst-case recovery slack is -3.662
    Info (332119):     Slack       End Point TNS Clock 
    Info (332119): ========= =================== =====================
    Info (332119):    -3.662              -3.662 btn_in 
Info (332146): Worst-case removal slack is 1.848
    Info (332119):     Slack       End Point TNS Clock 
    Info (332119): ========= =================== =====================
    Info (332119):     1.848               0.000 btn_in 
Info (332146): Worst-case minimum pulse width slack is -3.000
    Info (332119):     Slack       End Point TNS Clock 
    Info (332119): ========= =================== =====================
    Info (332119):    -3.000             -36.410 clk_50 
    Info (332119):    -3.000              -4.285 btn_in 
    Info (332119):    -1.285           -3009.470 DivisorFrequencia:Divisor_inst|clkSaida 
Info: Analyzing Fast 1200mV 0C Model
Info (332123): Deriving Clock Uncertainty. Please refer to report_sdc in the Timing Analyzer to see clock uncertainties.
Critical Warning (332148): Timing requirements not met
    Info (11105): For recommendations on closing timing, run Report Timing Closure Recommendations in the Timing Analyzer.
Info (332146): Worst-case setup slack is -74.864
    Info (332119):     Slack       End Point TNS Clock 
    Info (332119): ========= =================== =====================
    Info (332119):   -74.864         -163297.372 DivisorFrequencia:Divisor_inst|clkSaida 
    Info (332119):    -1.220              -9.270 clk_50 
Info (332146): Worst-case hold slack is 0.200
    Info (332119):     Slack       End Point TNS Clock 
    Info (332119): ========= =================== =====================
    Info (332119):     0.200               0.000 clk_50 
    Info (332119):     0.203               0.000 DivisorFrequencia:Divisor_inst|clkSaida 
Info (332146): Worst-case recovery slack is -1.263
    Info (332119):     Slack       End Point TNS Clock 
    Info (332119): ========= =================== =====================
    Info (332119):    -1.263              -1.263 btn_in 
Info (332146): Worst-case removal slack is 0.685
    Info (332119):     Slack       End Point TNS Clock 
    Info (332119): ========= =================== =====================
    Info (332119):     0.685               0.000 btn_in 
Info (332146): Worst-case minimum pulse width slack is -3.000
    Info (332119):     Slack       End Point TNS Clock 
    Info (332119): ========= =================== =====================
    Info (332119):    -3.000             -30.613 clk_50 
    Info (332119):    -3.000              -4.461 btn_in 
    Info (332119):    -1.000           -2342.000 DivisorFrequencia:Divisor_inst|clkSaida 
Info (332102): Design is not fully constrained for setup requirements
Info (332102): Design is not fully constrained for hold requirements
Info: Quartus Prime Timing Analyzer was successful. 0 errors, 5 warnings
    Info: Peak virtual memory: 5375 megabytes
    Info: Processing ended: Mon Jun 22 22:56:05 2026
    Info: Elapsed time: 00:00:46
    Info: Total CPU time (on all processors): 00:00:47


