Timing Analyzer report for cpu
Wed Jul  1 14:27:36 2026
Quartus Prime Version 21.1.0 Build 842 10/21/2021 SJ Lite Edition


---------------------
; Table of Contents ;
---------------------
  1. Legal Notice
  2. Timing Analyzer Summary
  3. Parallel Compilation
  4. Clocks
  5. Slow 1200mV 85C Model Fmax Summary
  6. Timing Closure Recommendations
  7. Slow 1200mV 85C Model Setup Summary
  8. Slow 1200mV 85C Model Hold Summary
  9. Slow 1200mV 85C Model Recovery Summary
 10. Slow 1200mV 85C Model Removal Summary
 11. Slow 1200mV 85C Model Minimum Pulse Width Summary
 12. Slow 1200mV 85C Model Setup: 'DivisorFrequencia:Divisor_inst|clkSaida'
 13. Slow 1200mV 85C Model Setup: 'clk_50'
 14. Slow 1200mV 85C Model Hold: 'clk_50'
 15. Slow 1200mV 85C Model Hold: 'DivisorFrequencia:Divisor_inst|clkSaida'
 16. Slow 1200mV 85C Model Recovery: 'btn_in'
 17. Slow 1200mV 85C Model Removal: 'btn_in'
 18. Slow 1200mV 85C Model Metastability Summary
 19. Slow 1200mV 0C Model Fmax Summary
 20. Slow 1200mV 0C Model Setup Summary
 21. Slow 1200mV 0C Model Hold Summary
 22. Slow 1200mV 0C Model Recovery Summary
 23. Slow 1200mV 0C Model Removal Summary
 24. Slow 1200mV 0C Model Minimum Pulse Width Summary
 25. Slow 1200mV 0C Model Setup: 'DivisorFrequencia:Divisor_inst|clkSaida'
 26. Slow 1200mV 0C Model Setup: 'clk_50'
 27. Slow 1200mV 0C Model Hold: 'clk_50'
 28. Slow 1200mV 0C Model Hold: 'DivisorFrequencia:Divisor_inst|clkSaida'
 29. Slow 1200mV 0C Model Recovery: 'btn_in'
 30. Slow 1200mV 0C Model Removal: 'btn_in'
 31. Slow 1200mV 0C Model Metastability Summary
 32. Fast 1200mV 0C Model Setup Summary
 33. Fast 1200mV 0C Model Hold Summary
 34. Fast 1200mV 0C Model Recovery Summary
 35. Fast 1200mV 0C Model Removal Summary
 36. Fast 1200mV 0C Model Minimum Pulse Width Summary
 37. Fast 1200mV 0C Model Setup: 'DivisorFrequencia:Divisor_inst|clkSaida'
 38. Fast 1200mV 0C Model Setup: 'clk_50'
 39. Fast 1200mV 0C Model Hold: 'clk_50'
 40. Fast 1200mV 0C Model Hold: 'DivisorFrequencia:Divisor_inst|clkSaida'
 41. Fast 1200mV 0C Model Recovery: 'btn_in'
 42. Fast 1200mV 0C Model Removal: 'btn_in'
 43. Fast 1200mV 0C Model Metastability Summary
 44. Multicorner Timing Analysis Summary
 45. Board Trace Model Assignments
 46. Input Transition Times
 47. Signal Integrity Metrics (Slow 1200mv 0c Model)
 48. Signal Integrity Metrics (Slow 1200mv 85c Model)
 49. Signal Integrity Metrics (Fast 1200mv 0c Model)
 50. Setup Transfers
 51. Hold Transfers
 52. Recovery Transfers
 53. Removal Transfers
 54. Report TCCS
 55. Report RSKM
 56. Unconstrained Paths Summary
 57. Clock Status Summary
 58. Unconstrained Input Ports
 59. Unconstrained Output Ports
 60. Unconstrained Input Ports
 61. Unconstrained Output Ports
 62. Timing Analyzer Messages



----------------
; Legal Notice ;
----------------
Copyright (C) 2021  Intel Corporation. All rights reserved.
Your use of Intel Corporation's design tools, logic functions 
and other software and tools, and any partner logic 
functions, and any output files from any of the foregoing 
(including device programming or simulation files), and any 
associated documentation or information are expressly subject 
to the terms and conditions of the Intel Program License 
Subscription Agreement, the Intel Quartus Prime License Agreement,
the Intel FPGA IP License Agreement, or other applicable license
agreement, including, without limitation, that your use is for
the sole purpose of programming logic devices manufactured by
Intel and sold by Intel or its authorized distributors.  Please
refer to the applicable agreement for further details, at
https://fpgasoftware.intel.com/eula.



+-----------------------------------------------------------------------------+
; Timing Analyzer Summary                                                     ;
+-----------------------+-----------------------------------------------------+
; Quartus Prime Version ; Version 21.1.0 Build 842 10/21/2021 SJ Lite Edition ;
; Timing Analyzer       ; Legacy Timing Analyzer                              ;
; Revision Name         ; cpu                                                 ;
; Device Family         ; Cyclone IV E                                        ;
; Device Name           ; EP4CE115F29C7                                       ;
; Timing Models         ; Final                                               ;
; Delay Model           ; Combined                                            ;
; Rise/Fall Delays      ; Enabled                                             ;
+-----------------------+-----------------------------------------------------+


+------------------------------------------+
; Parallel Compilation                     ;
+----------------------------+-------------+
; Processors                 ; Number      ;
+----------------------------+-------------+
; Number detected on machine ; 8           ;
; Maximum allowed            ; 8           ;
;                            ;             ;
; Average used               ; 2.05        ;
; Maximum used               ; 8           ;
;                            ;             ;
; Usage by Processor         ; % Time Used ;
;     Processor 1            ; 100.0%      ;
;     Processor 2            ;  68.4%      ;
;     Processor 3            ;  33.8%      ;
;     Processors 4-8         ;   0.7%      ;
+----------------------------+-------------+


+--------------------------------------------------------------------------------------------------------------------------------------------------------------------------------------------------------------------------------------------------+
; Clocks                                                                                                                                                                                                                                           ;
+-----------------------------------------+------+--------+------------+-------+-------+------------+-----------+-------------+-------+--------+-----------+------------+----------+--------+--------+---------------------------------------------+
; Clock Name                              ; Type ; Period ; Frequency  ; Rise  ; Fall  ; Duty Cycle ; Divide by ; Multiply by ; Phase ; Offset ; Edge List ; Edge Shift ; Inverted ; Master ; Source ; Targets                                     ;
+-----------------------------------------+------+--------+------------+-------+-------+------------+-----------+-------------+-------+--------+-----------+------------+----------+--------+--------+---------------------------------------------+
; btn_in                                  ; Base ; 1.000  ; 1000.0 MHz ; 0.000 ; 0.500 ;            ;           ;             ;       ;        ;           ;            ;          ;        ;        ; { btn_in }                                  ;
; clk_50                                  ; Base ; 1.000  ; 1000.0 MHz ; 0.000 ; 0.500 ;            ;           ;             ;       ;        ;           ;            ;          ;        ;        ; { clk_50 }                                  ;
; DivisorFrequencia:Divisor_inst|clkSaida ; Base ; 1.000  ; 1000.0 MHz ; 0.000 ; 0.500 ;            ;           ;             ;       ;        ;           ;            ;          ;        ;        ; { DivisorFrequencia:Divisor_inst|clkSaida } ;
+-----------------------------------------+------+--------+------------+-------+-------+------------+-----------+-------------+-------+--------+-----------+------------+----------+--------+--------+---------------------------------------------+


+-------------------------------------------------------------------------------+
; Slow 1200mV 85C Model Fmax Summary                                            ;
+------------+-----------------+-----------------------------------------+------+
; Fmax       ; Restricted Fmax ; Clock Name                              ; Note ;
+------------+-----------------+-----------------------------------------+------+
; 3.27 MHz   ; 3.27 MHz        ; DivisorFrequencia:Divisor_inst|clkSaida ;      ;
; 222.57 MHz ; 222.57 MHz      ; clk_50                                  ;      ;
+------------+-----------------+-----------------------------------------+------+
This panel reports FMAX for every clock in the design, regardless of the user-specified clock periods.  FMAX is only computed for paths where the source and destination registers or ports are driven by the same clock.  Paths of different clocks, including generated clocks, are ignored.  For paths between a clock and its inversion, FMAX is computed as if the rising and falling edges are scaled along with FMAX, such that the duty cycle (in terms of a percentage) is maintained. Altera recommends that you always use clock constraints and other slack reports for sign-off analysis.


----------------------------------
; Timing Closure Recommendations ;
----------------------------------
HTML report is unavailable in plain text report export.


+--------------------------------------------------------------------+
; Slow 1200mV 85C Model Setup Summary                                ;
+-----------------------------------------+----------+---------------+
; Clock                                   ; Slack    ; End Point TNS ;
+-----------------------------------------+----------+---------------+
; DivisorFrequencia:Divisor_inst|clkSaida ; -152.504 ; -334971.877   ;
; clk_50                                  ; -3.493   ; -45.309       ;
+-----------------------------------------+----------+---------------+


+-----------------------------------------------------------------+
; Slow 1200mV 85C Model Hold Summary                              ;
+-----------------------------------------+-------+---------------+
; Clock                                   ; Slack ; End Point TNS ;
+-----------------------------------------+-------+---------------+
; clk_50                                  ; 0.442 ; 0.000         ;
; DivisorFrequencia:Divisor_inst|clkSaida ; 0.883 ; 0.000         ;
+-----------------------------------------+-------+---------------+


+----------------------------------------+
; Slow 1200mV 85C Model Recovery Summary ;
+--------+--------+----------------------+
; Clock  ; Slack  ; End Point TNS        ;
+--------+--------+----------------------+
; btn_in ; -5.873 ; -10.561              ;
+--------+--------+----------------------+


+---------------------------------------+
; Slow 1200mV 85C Model Removal Summary ;
+--------+-------+----------------------+
; Clock  ; Slack ; End Point TNS        ;
+--------+-------+----------------------+
; btn_in ; 3.181 ; 0.000                ;
+--------+-------+----------------------+


+------------------------------------------------------------------+
; Slow 1200mV 85C Model Minimum Pulse Width Summary                ;
+-----------------------------------------+--------+---------------+
; Clock                                   ; Slack  ; End Point TNS ;
+-----------------------------------------+--------+---------------+
; clk_50                                  ; -3.000 ; -36.410       ;
; btn_in                                  ; -3.000 ; -5.570        ;
; DivisorFrequencia:Divisor_inst|clkSaida ; -1.285 ; -3009.470     ;
+-----------------------------------------+--------+---------------+


+------------------------------------------------------------------------------------------------------------------------------------------------------------------------------------------------------+
; Slow 1200mV 85C Model Setup: 'DivisorFrequencia:Divisor_inst|clkSaida'                                                                                                                               ;
+----------+----------------------+---------------------------------------+-----------------------------------------+-----------------------------------------+--------------+------------+------------+
; Slack    ; From Node            ; To Node                               ; Launch Clock                            ; Latch Clock                             ; Relationship ; Clock Skew ; Data Delay ;
+----------+----------------------+---------------------------------------+-----------------------------------------+-----------------------------------------+--------------+------------+------------+
; -152.504 ; PC:PC_inst|PC_reg[1] ; banco:banco_inst|registradores[2][9]  ; DivisorFrequencia:Divisor_inst|clkSaida ; DivisorFrequencia:Divisor_inst|clkSaida ; 0.500        ; -0.084     ; 152.918    ;
; -152.486 ; PC:PC_inst|PC_reg[2] ; banco:banco_inst|registradores[2][9]  ; DivisorFrequencia:Divisor_inst|clkSaida ; DivisorFrequencia:Divisor_inst|clkSaida ; 0.500        ; -0.084     ; 152.900    ;
; -152.346 ; PC:PC_inst|PC_reg[0] ; banco:banco_inst|registradores[2][9]  ; DivisorFrequencia:Divisor_inst|clkSaida ; DivisorFrequencia:Divisor_inst|clkSaida ; 0.500        ; -0.085     ; 152.759    ;
; -152.267 ; PC:PC_inst|PC_reg[4] ; banco:banco_inst|registradores[2][9]  ; DivisorFrequencia:Divisor_inst|clkSaida ; DivisorFrequencia:Divisor_inst|clkSaida ; 0.500        ; -0.084     ; 152.681    ;
; -152.214 ; PC:PC_inst|PC_reg[3] ; banco:banco_inst|registradores[2][9]  ; DivisorFrequencia:Divisor_inst|clkSaida ; DivisorFrequencia:Divisor_inst|clkSaida ; 0.500        ; -0.084     ; 152.628    ;
; -152.151 ; PC:PC_inst|PC_reg[1] ; banco:banco_inst|registradores[5][30] ; DivisorFrequencia:Divisor_inst|clkSaida ; DivisorFrequencia:Divisor_inst|clkSaida ; 0.500        ; 0.318      ; 152.967    ;
; -152.148 ; PC:PC_inst|PC_reg[1] ; banco:banco_inst|registradores[1][30] ; DivisorFrequencia:Divisor_inst|clkSaida ; DivisorFrequencia:Divisor_inst|clkSaida ; 0.500        ; 0.321      ; 152.967    ;
; -152.146 ; PC:PC_inst|PC_reg[1] ; banco:banco_inst|registradores[4][9]  ; DivisorFrequencia:Divisor_inst|clkSaida ; DivisorFrequencia:Divisor_inst|clkSaida ; 0.500        ; 0.295      ; 152.939    ;
; -152.133 ; PC:PC_inst|PC_reg[2] ; banco:banco_inst|registradores[5][30] ; DivisorFrequencia:Divisor_inst|clkSaida ; DivisorFrequencia:Divisor_inst|clkSaida ; 0.500        ; 0.318      ; 152.949    ;
; -152.130 ; PC:PC_inst|PC_reg[2] ; banco:banco_inst|registradores[1][30] ; DivisorFrequencia:Divisor_inst|clkSaida ; DivisorFrequencia:Divisor_inst|clkSaida ; 0.500        ; 0.321      ; 152.949    ;
; -152.128 ; PC:PC_inst|PC_reg[2] ; banco:banco_inst|registradores[4][9]  ; DivisorFrequencia:Divisor_inst|clkSaida ; DivisorFrequencia:Divisor_inst|clkSaida ; 0.500        ; 0.295      ; 152.921    ;
; -152.113 ; PC:PC_inst|PC_reg[1] ; banco:banco_inst|registradores[6][9]  ; DivisorFrequencia:Divisor_inst|clkSaida ; DivisorFrequencia:Divisor_inst|clkSaida ; 0.500        ; 0.327      ; 152.938    ;
; -152.095 ; PC:PC_inst|PC_reg[2] ; banco:banco_inst|registradores[6][9]  ; DivisorFrequencia:Divisor_inst|clkSaida ; DivisorFrequencia:Divisor_inst|clkSaida ; 0.500        ; 0.327      ; 152.920    ;
; -152.026 ; PC:PC_inst|PC_reg[5] ; banco:banco_inst|registradores[2][9]  ; DivisorFrequencia:Divisor_inst|clkSaida ; DivisorFrequencia:Divisor_inst|clkSaida ; 0.500        ; -0.084     ; 152.440    ;
; -151.993 ; PC:PC_inst|PC_reg[0] ; banco:banco_inst|registradores[5][30] ; DivisorFrequencia:Divisor_inst|clkSaida ; DivisorFrequencia:Divisor_inst|clkSaida ; 0.500        ; 0.317      ; 152.808    ;
; -151.990 ; PC:PC_inst|PC_reg[0] ; banco:banco_inst|registradores[1][30] ; DivisorFrequencia:Divisor_inst|clkSaida ; DivisorFrequencia:Divisor_inst|clkSaida ; 0.500        ; 0.320      ; 152.808    ;
; -151.988 ; PC:PC_inst|PC_reg[0] ; banco:banco_inst|registradores[4][9]  ; DivisorFrequencia:Divisor_inst|clkSaida ; DivisorFrequencia:Divisor_inst|clkSaida ; 0.500        ; 0.294      ; 152.780    ;
; -151.955 ; PC:PC_inst|PC_reg[0] ; banco:banco_inst|registradores[6][9]  ; DivisorFrequencia:Divisor_inst|clkSaida ; DivisorFrequencia:Divisor_inst|clkSaida ; 0.500        ; 0.326      ; 152.779    ;
; -151.914 ; PC:PC_inst|PC_reg[4] ; banco:banco_inst|registradores[5][30] ; DivisorFrequencia:Divisor_inst|clkSaida ; DivisorFrequencia:Divisor_inst|clkSaida ; 0.500        ; 0.318      ; 152.730    ;
; -151.911 ; PC:PC_inst|PC_reg[4] ; banco:banco_inst|registradores[1][30] ; DivisorFrequencia:Divisor_inst|clkSaida ; DivisorFrequencia:Divisor_inst|clkSaida ; 0.500        ; 0.321      ; 152.730    ;
; -151.909 ; PC:PC_inst|PC_reg[4] ; banco:banco_inst|registradores[4][9]  ; DivisorFrequencia:Divisor_inst|clkSaida ; DivisorFrequencia:Divisor_inst|clkSaida ; 0.500        ; 0.295      ; 152.702    ;
; -151.902 ; PC:PC_inst|PC_reg[1] ; banco:banco_inst|registradores[3][9]  ; DivisorFrequencia:Divisor_inst|clkSaida ; DivisorFrequencia:Divisor_inst|clkSaida ; 0.500        ; 0.303      ; 152.703    ;
; -151.900 ; PC:PC_inst|PC_reg[1] ; banco:banco_inst|registradores[2][4]  ; DivisorFrequencia:Divisor_inst|clkSaida ; DivisorFrequencia:Divisor_inst|clkSaida ; 0.500        ; 0.332      ; 152.730    ;
; -151.884 ; PC:PC_inst|PC_reg[2] ; banco:banco_inst|registradores[3][9]  ; DivisorFrequencia:Divisor_inst|clkSaida ; DivisorFrequencia:Divisor_inst|clkSaida ; 0.500        ; 0.303      ; 152.685    ;
; -151.882 ; PC:PC_inst|PC_reg[2] ; banco:banco_inst|registradores[2][4]  ; DivisorFrequencia:Divisor_inst|clkSaida ; DivisorFrequencia:Divisor_inst|clkSaida ; 0.500        ; 0.332      ; 152.712    ;
; -151.876 ; PC:PC_inst|PC_reg[4] ; banco:banco_inst|registradores[6][9]  ; DivisorFrequencia:Divisor_inst|clkSaida ; DivisorFrequencia:Divisor_inst|clkSaida ; 0.500        ; 0.327      ; 152.701    ;
; -151.861 ; PC:PC_inst|PC_reg[3] ; banco:banco_inst|registradores[5][30] ; DivisorFrequencia:Divisor_inst|clkSaida ; DivisorFrequencia:Divisor_inst|clkSaida ; 0.500        ; 0.318      ; 152.677    ;
; -151.858 ; PC:PC_inst|PC_reg[3] ; banco:banco_inst|registradores[1][30] ; DivisorFrequencia:Divisor_inst|clkSaida ; DivisorFrequencia:Divisor_inst|clkSaida ; 0.500        ; 0.321      ; 152.677    ;
; -151.856 ; PC:PC_inst|PC_reg[3] ; banco:banco_inst|registradores[4][9]  ; DivisorFrequencia:Divisor_inst|clkSaida ; DivisorFrequencia:Divisor_inst|clkSaida ; 0.500        ; 0.295      ; 152.649    ;
; -151.845 ; PC:PC_inst|PC_reg[1] ; banco:banco_inst|registradores[1][9]  ; DivisorFrequencia:Divisor_inst|clkSaida ; DivisorFrequencia:Divisor_inst|clkSaida ; 0.500        ; 0.336      ; 152.679    ;
; -151.827 ; PC:PC_inst|PC_reg[2] ; banco:banco_inst|registradores[1][9]  ; DivisorFrequencia:Divisor_inst|clkSaida ; DivisorFrequencia:Divisor_inst|clkSaida ; 0.500        ; 0.336      ; 152.661    ;
; -151.823 ; PC:PC_inst|PC_reg[3] ; banco:banco_inst|registradores[6][9]  ; DivisorFrequencia:Divisor_inst|clkSaida ; DivisorFrequencia:Divisor_inst|clkSaida ; 0.500        ; 0.327      ; 152.648    ;
; -151.789 ; PC:PC_inst|PC_reg[1] ; banco:banco_inst|registradores[6][30] ; DivisorFrequencia:Divisor_inst|clkSaida ; DivisorFrequencia:Divisor_inst|clkSaida ; 0.500        ; 0.331      ; 152.618    ;
; -151.783 ; PC:PC_inst|PC_reg[1] ; banco:banco_inst|registradores[5][9]  ; DivisorFrequencia:Divisor_inst|clkSaida ; DivisorFrequencia:Divisor_inst|clkSaida ; 0.500        ; 0.291      ; 152.572    ;
; -151.771 ; PC:PC_inst|PC_reg[2] ; banco:banco_inst|registradores[6][30] ; DivisorFrequencia:Divisor_inst|clkSaida ; DivisorFrequencia:Divisor_inst|clkSaida ; 0.500        ; 0.331      ; 152.600    ;
; -151.765 ; PC:PC_inst|PC_reg[2] ; banco:banco_inst|registradores[5][9]  ; DivisorFrequencia:Divisor_inst|clkSaida ; DivisorFrequencia:Divisor_inst|clkSaida ; 0.500        ; 0.291      ; 152.554    ;
; -151.761 ; PC:PC_inst|PC_reg[1] ; banco:banco_inst|registradores[1][25] ; DivisorFrequencia:Divisor_inst|clkSaida ; DivisorFrequencia:Divisor_inst|clkSaida ; 0.500        ; 0.292      ; 152.551    ;
; -151.758 ; PC:PC_inst|PC_reg[1] ; banco:banco_inst|registradores[3][25] ; DivisorFrequencia:Divisor_inst|clkSaida ; DivisorFrequencia:Divisor_inst|clkSaida ; 0.500        ; 0.296      ; 152.552    ;
; -151.753 ; PC:PC_inst|PC_reg[7] ; banco:banco_inst|registradores[2][9]  ; DivisorFrequencia:Divisor_inst|clkSaida ; DivisorFrequencia:Divisor_inst|clkSaida ; 0.500        ; -0.522     ; 151.729    ;
; -151.744 ; PC:PC_inst|PC_reg[0] ; banco:banco_inst|registradores[3][9]  ; DivisorFrequencia:Divisor_inst|clkSaida ; DivisorFrequencia:Divisor_inst|clkSaida ; 0.500        ; 0.302      ; 152.544    ;
; -151.743 ; PC:PC_inst|PC_reg[2] ; banco:banco_inst|registradores[1][25] ; DivisorFrequencia:Divisor_inst|clkSaida ; DivisorFrequencia:Divisor_inst|clkSaida ; 0.500        ; 0.292      ; 152.533    ;
; -151.742 ; PC:PC_inst|PC_reg[0] ; banco:banco_inst|registradores[2][4]  ; DivisorFrequencia:Divisor_inst|clkSaida ; DivisorFrequencia:Divisor_inst|clkSaida ; 0.500        ; 0.331      ; 152.571    ;
; -151.740 ; PC:PC_inst|PC_reg[2] ; banco:banco_inst|registradores[3][25] ; DivisorFrequencia:Divisor_inst|clkSaida ; DivisorFrequencia:Divisor_inst|clkSaida ; 0.500        ; 0.296      ; 152.534    ;
; -151.720 ; PC:PC_inst|PC_reg[1] ; banco:banco_inst|registradores[3][30] ; DivisorFrequencia:Divisor_inst|clkSaida ; DivisorFrequencia:Divisor_inst|clkSaida ; 0.500        ; 0.331      ; 152.549    ;
; -151.702 ; PC:PC_inst|PC_reg[2] ; banco:banco_inst|registradores[3][30] ; DivisorFrequencia:Divisor_inst|clkSaida ; DivisorFrequencia:Divisor_inst|clkSaida ; 0.500        ; 0.331      ; 152.531    ;
; -151.687 ; PC:PC_inst|PC_reg[0] ; banco:banco_inst|registradores[1][9]  ; DivisorFrequencia:Divisor_inst|clkSaida ; DivisorFrequencia:Divisor_inst|clkSaida ; 0.500        ; 0.335      ; 152.520    ;
; -151.685 ; PC:PC_inst|PC_reg[1] ; banco:banco_inst|registradores[3][0]  ; DivisorFrequencia:Divisor_inst|clkSaida ; DivisorFrequencia:Divisor_inst|clkSaida ; 0.500        ; 0.331      ; 152.514    ;
; -151.673 ; PC:PC_inst|PC_reg[5] ; banco:banco_inst|registradores[5][30] ; DivisorFrequencia:Divisor_inst|clkSaida ; DivisorFrequencia:Divisor_inst|clkSaida ; 0.500        ; 0.318      ; 152.489    ;
; -151.670 ; PC:PC_inst|PC_reg[5] ; banco:banco_inst|registradores[1][30] ; DivisorFrequencia:Divisor_inst|clkSaida ; DivisorFrequencia:Divisor_inst|clkSaida ; 0.500        ; 0.321      ; 152.489    ;
; -151.669 ; PC:PC_inst|PC_reg[1] ; banco:banco_inst|registradores[4][25] ; DivisorFrequencia:Divisor_inst|clkSaida ; DivisorFrequencia:Divisor_inst|clkSaida ; 0.500        ; 0.321      ; 152.488    ;
; -151.668 ; PC:PC_inst|PC_reg[5] ; banco:banco_inst|registradores[4][9]  ; DivisorFrequencia:Divisor_inst|clkSaida ; DivisorFrequencia:Divisor_inst|clkSaida ; 0.500        ; 0.295      ; 152.461    ;
; -151.667 ; PC:PC_inst|PC_reg[2] ; banco:banco_inst|registradores[3][0]  ; DivisorFrequencia:Divisor_inst|clkSaida ; DivisorFrequencia:Divisor_inst|clkSaida ; 0.500        ; 0.331      ; 152.496    ;
; -151.665 ; PC:PC_inst|PC_reg[4] ; banco:banco_inst|registradores[3][9]  ; DivisorFrequencia:Divisor_inst|clkSaida ; DivisorFrequencia:Divisor_inst|clkSaida ; 0.500        ; 0.303      ; 152.466    ;
; -151.663 ; PC:PC_inst|PC_reg[1] ; banco:banco_inst|registradores[5][21] ; DivisorFrequencia:Divisor_inst|clkSaida ; DivisorFrequencia:Divisor_inst|clkSaida ; 0.500        ; -0.089     ; 152.072    ;
; -151.663 ; PC:PC_inst|PC_reg[4] ; banco:banco_inst|registradores[2][4]  ; DivisorFrequencia:Divisor_inst|clkSaida ; DivisorFrequencia:Divisor_inst|clkSaida ; 0.500        ; 0.332      ; 152.493    ;
; -151.660 ; PC:PC_inst|PC_reg[1] ; banco:banco_inst|registradores[6][25] ; DivisorFrequencia:Divisor_inst|clkSaida ; DivisorFrequencia:Divisor_inst|clkSaida ; 0.500        ; 0.326      ; 152.484    ;
; -151.659 ; PC:PC_inst|PC_reg[1] ; banco:banco_inst|registradores[4][30] ; DivisorFrequencia:Divisor_inst|clkSaida ; DivisorFrequencia:Divisor_inst|clkSaida ; 0.500        ; 0.298      ; 152.455    ;
; -151.651 ; PC:PC_inst|PC_reg[2] ; banco:banco_inst|registradores[4][25] ; DivisorFrequencia:Divisor_inst|clkSaida ; DivisorFrequencia:Divisor_inst|clkSaida ; 0.500        ; 0.321      ; 152.470    ;
; -151.645 ; PC:PC_inst|PC_reg[2] ; banco:banco_inst|registradores[5][21] ; DivisorFrequencia:Divisor_inst|clkSaida ; DivisorFrequencia:Divisor_inst|clkSaida ; 0.500        ; -0.089     ; 152.054    ;
; -151.642 ; PC:PC_inst|PC_reg[2] ; banco:banco_inst|registradores[6][25] ; DivisorFrequencia:Divisor_inst|clkSaida ; DivisorFrequencia:Divisor_inst|clkSaida ; 0.500        ; 0.326      ; 152.466    ;
; -151.641 ; PC:PC_inst|PC_reg[2] ; banco:banco_inst|registradores[4][30] ; DivisorFrequencia:Divisor_inst|clkSaida ; DivisorFrequencia:Divisor_inst|clkSaida ; 0.500        ; 0.298      ; 152.437    ;
; -151.635 ; PC:PC_inst|PC_reg[5] ; banco:banco_inst|registradores[6][9]  ; DivisorFrequencia:Divisor_inst|clkSaida ; DivisorFrequencia:Divisor_inst|clkSaida ; 0.500        ; 0.327      ; 152.460    ;
; -151.631 ; PC:PC_inst|PC_reg[0] ; banco:banco_inst|registradores[6][30] ; DivisorFrequencia:Divisor_inst|clkSaida ; DivisorFrequencia:Divisor_inst|clkSaida ; 0.500        ; 0.330      ; 152.459    ;
; -151.625 ; PC:PC_inst|PC_reg[0] ; banco:banco_inst|registradores[5][9]  ; DivisorFrequencia:Divisor_inst|clkSaida ; DivisorFrequencia:Divisor_inst|clkSaida ; 0.500        ; 0.290      ; 152.413    ;
; -151.612 ; PC:PC_inst|PC_reg[3] ; banco:banco_inst|registradores[3][9]  ; DivisorFrequencia:Divisor_inst|clkSaida ; DivisorFrequencia:Divisor_inst|clkSaida ; 0.500        ; 0.303      ; 152.413    ;
; -151.610 ; PC:PC_inst|PC_reg[3] ; banco:banco_inst|registradores[2][4]  ; DivisorFrequencia:Divisor_inst|clkSaida ; DivisorFrequencia:Divisor_inst|clkSaida ; 0.500        ; 0.332      ; 152.440    ;
; -151.608 ; PC:PC_inst|PC_reg[4] ; banco:banco_inst|registradores[1][9]  ; DivisorFrequencia:Divisor_inst|clkSaida ; DivisorFrequencia:Divisor_inst|clkSaida ; 0.500        ; 0.336      ; 152.442    ;
; -151.607 ; PC:PC_inst|PC_reg[1] ; banco:banco_inst|registradores[1][21] ; DivisorFrequencia:Divisor_inst|clkSaida ; DivisorFrequencia:Divisor_inst|clkSaida ; 0.500        ; 0.263      ; 152.368    ;
; -151.603 ; PC:PC_inst|PC_reg[0] ; banco:banco_inst|registradores[1][25] ; DivisorFrequencia:Divisor_inst|clkSaida ; DivisorFrequencia:Divisor_inst|clkSaida ; 0.500        ; 0.291      ; 152.392    ;
; -151.600 ; PC:PC_inst|PC_reg[0] ; banco:banco_inst|registradores[3][25] ; DivisorFrequencia:Divisor_inst|clkSaida ; DivisorFrequencia:Divisor_inst|clkSaida ; 0.500        ; 0.295      ; 152.393    ;
; -151.589 ; PC:PC_inst|PC_reg[2] ; banco:banco_inst|registradores[1][21] ; DivisorFrequencia:Divisor_inst|clkSaida ; DivisorFrequencia:Divisor_inst|clkSaida ; 0.500        ; 0.263      ; 152.350    ;
; -151.562 ; PC:PC_inst|PC_reg[0] ; banco:banco_inst|registradores[3][30] ; DivisorFrequencia:Divisor_inst|clkSaida ; DivisorFrequencia:Divisor_inst|clkSaida ; 0.500        ; 0.330      ; 152.390    ;
; -151.555 ; PC:PC_inst|PC_reg[3] ; banco:banco_inst|registradores[1][9]  ; DivisorFrequencia:Divisor_inst|clkSaida ; DivisorFrequencia:Divisor_inst|clkSaida ; 0.500        ; 0.336      ; 152.389    ;
; -151.552 ; PC:PC_inst|PC_reg[4] ; banco:banco_inst|registradores[6][30] ; DivisorFrequencia:Divisor_inst|clkSaida ; DivisorFrequencia:Divisor_inst|clkSaida ; 0.500        ; 0.331      ; 152.381    ;
; -151.546 ; PC:PC_inst|PC_reg[4] ; banco:banco_inst|registradores[5][9]  ; DivisorFrequencia:Divisor_inst|clkSaida ; DivisorFrequencia:Divisor_inst|clkSaida ; 0.500        ; 0.291      ; 152.335    ;
; -151.542 ; PC:PC_inst|PC_reg[1] ; banco:banco_inst|registradores[4][21] ; DivisorFrequencia:Divisor_inst|clkSaida ; DivisorFrequencia:Divisor_inst|clkSaida ; 0.500        ; 0.295      ; 152.335    ;
; -151.527 ; PC:PC_inst|PC_reg[0] ; banco:banco_inst|registradores[3][0]  ; DivisorFrequencia:Divisor_inst|clkSaida ; DivisorFrequencia:Divisor_inst|clkSaida ; 0.500        ; 0.330      ; 152.355    ;
; -151.525 ; PC:PC_inst|PC_reg[1] ; banco:banco_inst|registradores[6][20] ; DivisorFrequencia:Divisor_inst|clkSaida ; DivisorFrequencia:Divisor_inst|clkSaida ; 0.500        ; 0.302      ; 152.325    ;
; -151.524 ; PC:PC_inst|PC_reg[4] ; banco:banco_inst|registradores[1][25] ; DivisorFrequencia:Divisor_inst|clkSaida ; DivisorFrequencia:Divisor_inst|clkSaida ; 0.500        ; 0.292      ; 152.314    ;
; -151.524 ; PC:PC_inst|PC_reg[2] ; banco:banco_inst|registradores[4][21] ; DivisorFrequencia:Divisor_inst|clkSaida ; DivisorFrequencia:Divisor_inst|clkSaida ; 0.500        ; 0.295      ; 152.317    ;
; -151.521 ; PC:PC_inst|PC_reg[4] ; banco:banco_inst|registradores[3][25] ; DivisorFrequencia:Divisor_inst|clkSaida ; DivisorFrequencia:Divisor_inst|clkSaida ; 0.500        ; 0.296      ; 152.315    ;
; -151.511 ; PC:PC_inst|PC_reg[0] ; banco:banco_inst|registradores[4][25] ; DivisorFrequencia:Divisor_inst|clkSaida ; DivisorFrequencia:Divisor_inst|clkSaida ; 0.500        ; 0.320      ; 152.329    ;
; -151.508 ; PC:PC_inst|PC_reg[1] ; banco:banco_inst|registradores[6][21] ; DivisorFrequencia:Divisor_inst|clkSaida ; DivisorFrequencia:Divisor_inst|clkSaida ; 0.500        ; 0.327      ; 152.333    ;
; -151.507 ; PC:PC_inst|PC_reg[2] ; banco:banco_inst|registradores[6][20] ; DivisorFrequencia:Divisor_inst|clkSaida ; DivisorFrequencia:Divisor_inst|clkSaida ; 0.500        ; 0.302      ; 152.307    ;
; -151.505 ; PC:PC_inst|PC_reg[0] ; banco:banco_inst|registradores[5][21] ; DivisorFrequencia:Divisor_inst|clkSaida ; DivisorFrequencia:Divisor_inst|clkSaida ; 0.500        ; -0.090     ; 151.913    ;
; -151.502 ; PC:PC_inst|PC_reg[0] ; banco:banco_inst|registradores[6][25] ; DivisorFrequencia:Divisor_inst|clkSaida ; DivisorFrequencia:Divisor_inst|clkSaida ; 0.500        ; 0.325      ; 152.325    ;
; -151.501 ; PC:PC_inst|PC_reg[0] ; banco:banco_inst|registradores[4][30] ; DivisorFrequencia:Divisor_inst|clkSaida ; DivisorFrequencia:Divisor_inst|clkSaida ; 0.500        ; 0.297      ; 152.296    ;
; -151.499 ; PC:PC_inst|PC_reg[3] ; banco:banco_inst|registradores[6][30] ; DivisorFrequencia:Divisor_inst|clkSaida ; DivisorFrequencia:Divisor_inst|clkSaida ; 0.500        ; 0.331      ; 152.328    ;
; -151.496 ; PC:PC_inst|PC_reg[1] ; banco:banco_inst|registradores[3][20] ; DivisorFrequencia:Divisor_inst|clkSaida ; DivisorFrequencia:Divisor_inst|clkSaida ; 0.500        ; 0.334      ; 152.328    ;
; -151.493 ; PC:PC_inst|PC_reg[3] ; banco:banco_inst|registradores[5][9]  ; DivisorFrequencia:Divisor_inst|clkSaida ; DivisorFrequencia:Divisor_inst|clkSaida ; 0.500        ; 0.291      ; 152.282    ;
; -151.490 ; PC:PC_inst|PC_reg[2] ; banco:banco_inst|registradores[6][21] ; DivisorFrequencia:Divisor_inst|clkSaida ; DivisorFrequencia:Divisor_inst|clkSaida ; 0.500        ; 0.327      ; 152.315    ;
; -151.483 ; PC:PC_inst|PC_reg[4] ; banco:banco_inst|registradores[3][30] ; DivisorFrequencia:Divisor_inst|clkSaida ; DivisorFrequencia:Divisor_inst|clkSaida ; 0.500        ; 0.331      ; 152.312    ;
; -151.479 ; PC:PC_inst|PC_reg[1] ; banco:banco_inst|registradores[1][20] ; DivisorFrequencia:Divisor_inst|clkSaida ; DivisorFrequencia:Divisor_inst|clkSaida ; 0.500        ; 0.336      ; 152.313    ;
; -151.478 ; PC:PC_inst|PC_reg[2] ; banco:banco_inst|registradores[3][20] ; DivisorFrequencia:Divisor_inst|clkSaida ; DivisorFrequencia:Divisor_inst|clkSaida ; 0.500        ; 0.334      ; 152.310    ;
; -151.471 ; PC:PC_inst|PC_reg[3] ; banco:banco_inst|registradores[1][25] ; DivisorFrequencia:Divisor_inst|clkSaida ; DivisorFrequencia:Divisor_inst|clkSaida ; 0.500        ; 0.292      ; 152.261    ;
; -151.468 ; PC:PC_inst|PC_reg[3] ; banco:banco_inst|registradores[3][25] ; DivisorFrequencia:Divisor_inst|clkSaida ; DivisorFrequencia:Divisor_inst|clkSaida ; 0.500        ; 0.296      ; 152.262    ;
; -151.464 ; PC:PC_inst|PC_reg[1] ; banco:banco_inst|registradores[2][20] ; DivisorFrequencia:Divisor_inst|clkSaida ; DivisorFrequencia:Divisor_inst|clkSaida ; 0.500        ; 0.326      ; 152.288    ;
; -151.461 ; PC:PC_inst|PC_reg[2] ; banco:banco_inst|registradores[1][20] ; DivisorFrequencia:Divisor_inst|clkSaida ; DivisorFrequencia:Divisor_inst|clkSaida ; 0.500        ; 0.336      ; 152.295    ;
; -151.459 ; PC:PC_inst|PC_reg[1] ; banco:banco_inst|registradores[1][28] ; DivisorFrequencia:Divisor_inst|clkSaida ; DivisorFrequencia:Divisor_inst|clkSaida ; 0.500        ; 0.263      ; 152.220    ;
; -151.456 ; PC:PC_inst|PC_reg[1] ; banco:banco_inst|registradores[1][12] ; DivisorFrequencia:Divisor_inst|clkSaida ; DivisorFrequencia:Divisor_inst|clkSaida ; 0.500        ; 0.371      ; 152.325    ;
+----------+----------------------+---------------------------------------+-----------------------------------------+-----------------------------------------+--------------+------------+------------+


+--------------------------------------------------------------------------------------------------------------------------------------------------------------------------+
; Slow 1200mV 85C Model Setup: 'clk_50'                                                                                                                                    ;
+--------+---------------------------------------------+---------------------------------------------+--------------+-------------+--------------+------------+------------+
; Slack  ; From Node                                   ; To Node                                     ; Launch Clock ; Latch Clock ; Relationship ; Clock Skew ; Data Delay ;
+--------+---------------------------------------------+---------------------------------------------+--------------+-------------+--------------+------------+------------+
; -3.493 ; DivisorFrequencia:Divisor_inst|contador[15] ; DivisorFrequencia:Divisor_inst|clkSaida     ; clk_50       ; clk_50      ; 1.000        ; -0.078     ; 4.413      ;
; -3.486 ; DivisorFrequencia:Divisor_inst|contador[12] ; DivisorFrequencia:Divisor_inst|clkSaida     ; clk_50       ; clk_50      ; 1.000        ; -0.078     ; 4.406      ;
; -3.399 ; DivisorFrequencia:Divisor_inst|contador[23] ; DivisorFrequencia:Divisor_inst|clkSaida     ; clk_50       ; clk_50      ; 1.000        ; -0.078     ; 4.319      ;
; -3.391 ; DivisorFrequencia:Divisor_inst|contador[21] ; DivisorFrequencia:Divisor_inst|clkSaida     ; clk_50       ; clk_50      ; 1.000        ; -0.078     ; 4.311      ;
; -3.387 ; DivisorFrequencia:Divisor_inst|contador[2]  ; DivisorFrequencia:Divisor_inst|clkSaida     ; clk_50       ; clk_50      ; 1.000        ; -0.080     ; 4.305      ;
; -3.353 ; DivisorFrequencia:Divisor_inst|contador[22] ; DivisorFrequencia:Divisor_inst|clkSaida     ; clk_50       ; clk_50      ; 1.000        ; -0.078     ; 4.273      ;
; -3.325 ; DivisorFrequencia:Divisor_inst|contador[7]  ; DivisorFrequencia:Divisor_inst|clkSaida     ; clk_50       ; clk_50      ; 1.000        ; -0.080     ; 4.243      ;
; -3.304 ; DivisorFrequencia:Divisor_inst|contador[14] ; DivisorFrequencia:Divisor_inst|clkSaida     ; clk_50       ; clk_50      ; 1.000        ; -0.078     ; 4.224      ;
; -3.286 ; DivisorFrequencia:Divisor_inst|contador[5]  ; DivisorFrequencia:Divisor_inst|clkSaida     ; clk_50       ; clk_50      ; 1.000        ; -0.080     ; 4.204      ;
; -3.280 ; DivisorFrequencia:Divisor_inst|contador[18] ; DivisorFrequencia:Divisor_inst|clkSaida     ; clk_50       ; clk_50      ; 1.000        ; -0.078     ; 4.200      ;
; -3.271 ; DivisorFrequencia:Divisor_inst|contador[19] ; DivisorFrequencia:Divisor_inst|clkSaida     ; clk_50       ; clk_50      ; 1.000        ; -0.078     ; 4.191      ;
; -3.264 ; DivisorFrequencia:Divisor_inst|contador[3]  ; DivisorFrequencia:Divisor_inst|clkSaida     ; clk_50       ; clk_50      ; 1.000        ; -0.080     ; 4.182      ;
; -3.247 ; DivisorFrequencia:Divisor_inst|contador[6]  ; DivisorFrequencia:Divisor_inst|clkSaida     ; clk_50       ; clk_50      ; 1.000        ; -0.080     ; 4.165      ;
; -3.220 ; DivisorFrequencia:Divisor_inst|contador[0]  ; DivisorFrequencia:Divisor_inst|clkSaida     ; clk_50       ; clk_50      ; 1.000        ; -0.080     ; 4.138      ;
; -3.187 ; DivisorFrequencia:Divisor_inst|contador[13] ; DivisorFrequencia:Divisor_inst|clkSaida     ; clk_50       ; clk_50      ; 1.000        ; -0.078     ; 4.107      ;
; -3.183 ; DivisorFrequencia:Divisor_inst|contador[4]  ; DivisorFrequencia:Divisor_inst|clkSaida     ; clk_50       ; clk_50      ; 1.000        ; -0.080     ; 4.101      ;
; -3.111 ; DivisorFrequencia:Divisor_inst|contador[9]  ; DivisorFrequencia:Divisor_inst|clkSaida     ; clk_50       ; clk_50      ; 1.000        ; -0.080     ; 4.029      ;
; -3.093 ; DivisorFrequencia:Divisor_inst|contador[20] ; DivisorFrequencia:Divisor_inst|clkSaida     ; clk_50       ; clk_50      ; 1.000        ; -0.078     ; 4.013      ;
; -3.090 ; DivisorFrequencia:Divisor_inst|contador[16] ; DivisorFrequencia:Divisor_inst|clkSaida     ; clk_50       ; clk_50      ; 1.000        ; -0.078     ; 4.010      ;
; -3.086 ; DivisorFrequencia:Divisor_inst|contador[11] ; DivisorFrequencia:Divisor_inst|clkSaida     ; clk_50       ; clk_50      ; 1.000        ; -0.080     ; 4.004      ;
; -3.046 ; DivisorFrequencia:Divisor_inst|contador[10] ; DivisorFrequencia:Divisor_inst|clkSaida     ; clk_50       ; clk_50      ; 1.000        ; -0.080     ; 3.964      ;
; -3.026 ; DivisorFrequencia:Divisor_inst|contador[1]  ; DivisorFrequencia:Divisor_inst|clkSaida     ; clk_50       ; clk_50      ; 1.000        ; -0.080     ; 3.944      ;
; -3.016 ; DivisorFrequencia:Divisor_inst|contador[8]  ; DivisorFrequencia:Divisor_inst|clkSaida     ; clk_50       ; clk_50      ; 1.000        ; -0.080     ; 3.934      ;
; -2.974 ; DivisorFrequencia:Divisor_inst|contador[17] ; DivisorFrequencia:Divisor_inst|clkSaida     ; clk_50       ; clk_50      ; 1.000        ; -0.078     ; 3.894      ;
; -2.847 ; DivisorFrequencia:Divisor_inst|contador[24] ; DivisorFrequencia:Divisor_inst|clkSaida     ; clk_50       ; clk_50      ; 1.000        ; -0.078     ; 3.767      ;
; -2.290 ; DivisorFrequencia:Divisor_inst|contador[1]  ; DivisorFrequencia:Divisor_inst|contador[24] ; clk_50       ; clk_50      ; 1.000        ; -0.082     ; 3.206      ;
; -2.205 ; DivisorFrequencia:Divisor_inst|contador[0]  ; DivisorFrequencia:Divisor_inst|contador[24] ; clk_50       ; clk_50      ; 1.000        ; -0.082     ; 3.121      ;
; -2.165 ; DivisorFrequencia:Divisor_inst|contador[0]  ; DivisorFrequencia:Divisor_inst|contador[23] ; clk_50       ; clk_50      ; 1.000        ; -0.082     ; 3.081      ;
; -2.159 ; DivisorFrequencia:Divisor_inst|contador[3]  ; DivisorFrequencia:Divisor_inst|contador[24] ; clk_50       ; clk_50      ; 1.000        ; -0.082     ; 3.075      ;
; -2.158 ; DivisorFrequencia:Divisor_inst|contador[1]  ; DivisorFrequencia:Divisor_inst|contador[22] ; clk_50       ; clk_50      ; 1.000        ; -0.082     ; 3.074      ;
; -2.139 ; DivisorFrequencia:Divisor_inst|contador[1]  ; DivisorFrequencia:Divisor_inst|contador[23] ; clk_50       ; clk_50      ; 1.000        ; -0.082     ; 3.055      ;
; -2.112 ; DivisorFrequencia:Divisor_inst|contador[15] ; DivisorFrequencia:Divisor_inst|contador[0]  ; clk_50       ; clk_50      ; 1.000        ; -0.079     ; 3.031      ;
; -2.112 ; DivisorFrequencia:Divisor_inst|contador[15] ; DivisorFrequencia:Divisor_inst|contador[1]  ; clk_50       ; clk_50      ; 1.000        ; -0.079     ; 3.031      ;
; -2.112 ; DivisorFrequencia:Divisor_inst|contador[15] ; DivisorFrequencia:Divisor_inst|contador[4]  ; clk_50       ; clk_50      ; 1.000        ; -0.079     ; 3.031      ;
; -2.112 ; DivisorFrequencia:Divisor_inst|contador[15] ; DivisorFrequencia:Divisor_inst|contador[5]  ; clk_50       ; clk_50      ; 1.000        ; -0.079     ; 3.031      ;
; -2.105 ; DivisorFrequencia:Divisor_inst|contador[12] ; DivisorFrequencia:Divisor_inst|contador[0]  ; clk_50       ; clk_50      ; 1.000        ; -0.079     ; 3.024      ;
; -2.105 ; DivisorFrequencia:Divisor_inst|contador[12] ; DivisorFrequencia:Divisor_inst|contador[1]  ; clk_50       ; clk_50      ; 1.000        ; -0.079     ; 3.024      ;
; -2.105 ; DivisorFrequencia:Divisor_inst|contador[12] ; DivisorFrequencia:Divisor_inst|contador[4]  ; clk_50       ; clk_50      ; 1.000        ; -0.079     ; 3.024      ;
; -2.105 ; DivisorFrequencia:Divisor_inst|contador[12] ; DivisorFrequencia:Divisor_inst|contador[5]  ; clk_50       ; clk_50      ; 1.000        ; -0.079     ; 3.024      ;
; -2.074 ; DivisorFrequencia:Divisor_inst|contador[2]  ; DivisorFrequencia:Divisor_inst|contador[24] ; clk_50       ; clk_50      ; 1.000        ; -0.082     ; 2.990      ;
; -2.073 ; DivisorFrequencia:Divisor_inst|contador[0]  ; DivisorFrequencia:Divisor_inst|contador[22] ; clk_50       ; clk_50      ; 1.000        ; -0.082     ; 2.989      ;
; -2.034 ; DivisorFrequencia:Divisor_inst|contador[2]  ; DivisorFrequencia:Divisor_inst|contador[23] ; clk_50       ; clk_50      ; 1.000        ; -0.082     ; 2.950      ;
; -2.033 ; DivisorFrequencia:Divisor_inst|contador[0]  ; DivisorFrequencia:Divisor_inst|contador[21] ; clk_50       ; clk_50      ; 1.000        ; -0.082     ; 2.949      ;
; -2.028 ; DivisorFrequencia:Divisor_inst|contador[5]  ; DivisorFrequencia:Divisor_inst|contador[24] ; clk_50       ; clk_50      ; 1.000        ; -0.082     ; 2.944      ;
; -2.027 ; DivisorFrequencia:Divisor_inst|contador[3]  ; DivisorFrequencia:Divisor_inst|contador[22] ; clk_50       ; clk_50      ; 1.000        ; -0.082     ; 2.943      ;
; -2.026 ; DivisorFrequencia:Divisor_inst|contador[1]  ; DivisorFrequencia:Divisor_inst|contador[20] ; clk_50       ; clk_50      ; 1.000        ; -0.082     ; 2.942      ;
; -2.018 ; DivisorFrequencia:Divisor_inst|contador[23] ; DivisorFrequencia:Divisor_inst|contador[0]  ; clk_50       ; clk_50      ; 1.000        ; -0.079     ; 2.937      ;
; -2.018 ; DivisorFrequencia:Divisor_inst|contador[23] ; DivisorFrequencia:Divisor_inst|contador[1]  ; clk_50       ; clk_50      ; 1.000        ; -0.079     ; 2.937      ;
; -2.018 ; DivisorFrequencia:Divisor_inst|contador[23] ; DivisorFrequencia:Divisor_inst|contador[4]  ; clk_50       ; clk_50      ; 1.000        ; -0.079     ; 2.937      ;
; -2.018 ; DivisorFrequencia:Divisor_inst|contador[23] ; DivisorFrequencia:Divisor_inst|contador[5]  ; clk_50       ; clk_50      ; 1.000        ; -0.079     ; 2.937      ;
; -2.010 ; DivisorFrequencia:Divisor_inst|contador[21] ; DivisorFrequencia:Divisor_inst|contador[0]  ; clk_50       ; clk_50      ; 1.000        ; -0.079     ; 2.929      ;
; -2.010 ; DivisorFrequencia:Divisor_inst|contador[21] ; DivisorFrequencia:Divisor_inst|contador[1]  ; clk_50       ; clk_50      ; 1.000        ; -0.079     ; 2.929      ;
; -2.010 ; DivisorFrequencia:Divisor_inst|contador[21] ; DivisorFrequencia:Divisor_inst|contador[4]  ; clk_50       ; clk_50      ; 1.000        ; -0.079     ; 2.929      ;
; -2.010 ; DivisorFrequencia:Divisor_inst|contador[21] ; DivisorFrequencia:Divisor_inst|contador[5]  ; clk_50       ; clk_50      ; 1.000        ; -0.079     ; 2.929      ;
; -2.008 ; DivisorFrequencia:Divisor_inst|contador[3]  ; DivisorFrequencia:Divisor_inst|contador[23] ; clk_50       ; clk_50      ; 1.000        ; -0.082     ; 2.924      ;
; -2.007 ; DivisorFrequencia:Divisor_inst|contador[1]  ; DivisorFrequencia:Divisor_inst|contador[21] ; clk_50       ; clk_50      ; 1.000        ; -0.082     ; 2.923      ;
; -1.990 ; DivisorFrequencia:Divisor_inst|contador[2]  ; DivisorFrequencia:Divisor_inst|contador[0]  ; clk_50       ; clk_50      ; 1.000        ; -0.081     ; 2.907      ;
; -1.990 ; DivisorFrequencia:Divisor_inst|contador[2]  ; DivisorFrequencia:Divisor_inst|contador[1]  ; clk_50       ; clk_50      ; 1.000        ; -0.081     ; 2.907      ;
; -1.990 ; DivisorFrequencia:Divisor_inst|contador[2]  ; DivisorFrequencia:Divisor_inst|contador[4]  ; clk_50       ; clk_50      ; 1.000        ; -0.081     ; 2.907      ;
; -1.990 ; DivisorFrequencia:Divisor_inst|contador[2]  ; DivisorFrequencia:Divisor_inst|contador[5]  ; clk_50       ; clk_50      ; 1.000        ; -0.081     ; 2.907      ;
; -1.972 ; DivisorFrequencia:Divisor_inst|contador[22] ; DivisorFrequencia:Divisor_inst|contador[0]  ; clk_50       ; clk_50      ; 1.000        ; -0.079     ; 2.891      ;
; -1.972 ; DivisorFrequencia:Divisor_inst|contador[22] ; DivisorFrequencia:Divisor_inst|contador[1]  ; clk_50       ; clk_50      ; 1.000        ; -0.079     ; 2.891      ;
; -1.972 ; DivisorFrequencia:Divisor_inst|contador[22] ; DivisorFrequencia:Divisor_inst|contador[4]  ; clk_50       ; clk_50      ; 1.000        ; -0.079     ; 2.891      ;
; -1.972 ; DivisorFrequencia:Divisor_inst|contador[22] ; DivisorFrequencia:Divisor_inst|contador[5]  ; clk_50       ; clk_50      ; 1.000        ; -0.079     ; 2.891      ;
; -1.942 ; DivisorFrequencia:Divisor_inst|contador[2]  ; DivisorFrequencia:Divisor_inst|contador[22] ; clk_50       ; clk_50      ; 1.000        ; -0.082     ; 2.858      ;
; -1.941 ; DivisorFrequencia:Divisor_inst|contador[0]  ; DivisorFrequencia:Divisor_inst|contador[20] ; clk_50       ; clk_50      ; 1.000        ; -0.082     ; 2.857      ;
; -1.938 ; DivisorFrequencia:Divisor_inst|contador[4]  ; DivisorFrequencia:Divisor_inst|contador[24] ; clk_50       ; clk_50      ; 1.000        ; -0.082     ; 2.854      ;
; -1.930 ; DivisorFrequencia:Divisor_inst|contador[7]  ; DivisorFrequencia:Divisor_inst|contador[0]  ; clk_50       ; clk_50      ; 1.000        ; -0.081     ; 2.847      ;
; -1.930 ; DivisorFrequencia:Divisor_inst|contador[7]  ; DivisorFrequencia:Divisor_inst|contador[1]  ; clk_50       ; clk_50      ; 1.000        ; -0.081     ; 2.847      ;
; -1.930 ; DivisorFrequencia:Divisor_inst|contador[7]  ; DivisorFrequencia:Divisor_inst|contador[4]  ; clk_50       ; clk_50      ; 1.000        ; -0.081     ; 2.847      ;
; -1.930 ; DivisorFrequencia:Divisor_inst|contador[7]  ; DivisorFrequencia:Divisor_inst|contador[5]  ; clk_50       ; clk_50      ; 1.000        ; -0.081     ; 2.847      ;
; -1.923 ; DivisorFrequencia:Divisor_inst|contador[14] ; DivisorFrequencia:Divisor_inst|contador[0]  ; clk_50       ; clk_50      ; 1.000        ; -0.079     ; 2.842      ;
; -1.923 ; DivisorFrequencia:Divisor_inst|contador[14] ; DivisorFrequencia:Divisor_inst|contador[1]  ; clk_50       ; clk_50      ; 1.000        ; -0.079     ; 2.842      ;
; -1.923 ; DivisorFrequencia:Divisor_inst|contador[14] ; DivisorFrequencia:Divisor_inst|contador[4]  ; clk_50       ; clk_50      ; 1.000        ; -0.079     ; 2.842      ;
; -1.923 ; DivisorFrequencia:Divisor_inst|contador[14] ; DivisorFrequencia:Divisor_inst|contador[5]  ; clk_50       ; clk_50      ; 1.000        ; -0.079     ; 2.842      ;
; -1.907 ; DivisorFrequencia:Divisor_inst|contador[4]  ; DivisorFrequencia:Divisor_inst|contador[23] ; clk_50       ; clk_50      ; 1.000        ; -0.082     ; 2.823      ;
; -1.902 ; DivisorFrequencia:Divisor_inst|contador[2]  ; DivisorFrequencia:Divisor_inst|contador[21] ; clk_50       ; clk_50      ; 1.000        ; -0.082     ; 2.818      ;
; -1.901 ; DivisorFrequencia:Divisor_inst|contador[0]  ; DivisorFrequencia:Divisor_inst|contador[19] ; clk_50       ; clk_50      ; 1.000        ; -0.082     ; 2.817      ;
; -1.899 ; DivisorFrequencia:Divisor_inst|contador[18] ; DivisorFrequencia:Divisor_inst|contador[0]  ; clk_50       ; clk_50      ; 1.000        ; -0.079     ; 2.818      ;
; -1.899 ; DivisorFrequencia:Divisor_inst|contador[18] ; DivisorFrequencia:Divisor_inst|contador[1]  ; clk_50       ; clk_50      ; 1.000        ; -0.079     ; 2.818      ;
; -1.899 ; DivisorFrequencia:Divisor_inst|contador[18] ; DivisorFrequencia:Divisor_inst|contador[4]  ; clk_50       ; clk_50      ; 1.000        ; -0.079     ; 2.818      ;
; -1.899 ; DivisorFrequencia:Divisor_inst|contador[18] ; DivisorFrequencia:Divisor_inst|contador[5]  ; clk_50       ; clk_50      ; 1.000        ; -0.079     ; 2.818      ;
; -1.896 ; DivisorFrequencia:Divisor_inst|contador[5]  ; DivisorFrequencia:Divisor_inst|contador[22] ; clk_50       ; clk_50      ; 1.000        ; -0.082     ; 2.812      ;
; -1.895 ; DivisorFrequencia:Divisor_inst|contador[3]  ; DivisorFrequencia:Divisor_inst|contador[20] ; clk_50       ; clk_50      ; 1.000        ; -0.082     ; 2.811      ;
; -1.894 ; DivisorFrequencia:Divisor_inst|contador[1]  ; DivisorFrequencia:Divisor_inst|contador[18] ; clk_50       ; clk_50      ; 1.000        ; -0.082     ; 2.810      ;
; -1.892 ; DivisorFrequencia:Divisor_inst|contador[7]  ; DivisorFrequencia:Divisor_inst|contador[24] ; clk_50       ; clk_50      ; 1.000        ; -0.082     ; 2.808      ;
; -1.890 ; DivisorFrequencia:Divisor_inst|contador[19] ; DivisorFrequencia:Divisor_inst|contador[0]  ; clk_50       ; clk_50      ; 1.000        ; -0.079     ; 2.809      ;
; -1.890 ; DivisorFrequencia:Divisor_inst|contador[19] ; DivisorFrequencia:Divisor_inst|contador[1]  ; clk_50       ; clk_50      ; 1.000        ; -0.079     ; 2.809      ;
; -1.890 ; DivisorFrequencia:Divisor_inst|contador[19] ; DivisorFrequencia:Divisor_inst|contador[4]  ; clk_50       ; clk_50      ; 1.000        ; -0.079     ; 2.809      ;
; -1.890 ; DivisorFrequencia:Divisor_inst|contador[19] ; DivisorFrequencia:Divisor_inst|contador[5]  ; clk_50       ; clk_50      ; 1.000        ; -0.079     ; 2.809      ;
; -1.889 ; DivisorFrequencia:Divisor_inst|contador[5]  ; DivisorFrequencia:Divisor_inst|contador[0]  ; clk_50       ; clk_50      ; 1.000        ; -0.081     ; 2.806      ;
; -1.889 ; DivisorFrequencia:Divisor_inst|contador[5]  ; DivisorFrequencia:Divisor_inst|contador[1]  ; clk_50       ; clk_50      ; 1.000        ; -0.081     ; 2.806      ;
; -1.889 ; DivisorFrequencia:Divisor_inst|contador[5]  ; DivisorFrequencia:Divisor_inst|contador[4]  ; clk_50       ; clk_50      ; 1.000        ; -0.081     ; 2.806      ;
; -1.889 ; DivisorFrequencia:Divisor_inst|contador[5]  ; DivisorFrequencia:Divisor_inst|contador[5]  ; clk_50       ; clk_50      ; 1.000        ; -0.081     ; 2.806      ;
; -1.877 ; DivisorFrequencia:Divisor_inst|contador[5]  ; DivisorFrequencia:Divisor_inst|contador[23] ; clk_50       ; clk_50      ; 1.000        ; -0.082     ; 2.793      ;
; -1.876 ; DivisorFrequencia:Divisor_inst|contador[3]  ; DivisorFrequencia:Divisor_inst|contador[21] ; clk_50       ; clk_50      ; 1.000        ; -0.082     ; 2.792      ;
; -1.875 ; DivisorFrequencia:Divisor_inst|contador[1]  ; DivisorFrequencia:Divisor_inst|contador[19] ; clk_50       ; clk_50      ; 1.000        ; -0.082     ; 2.791      ;
; -1.867 ; DivisorFrequencia:Divisor_inst|contador[3]  ; DivisorFrequencia:Divisor_inst|contador[0]  ; clk_50       ; clk_50      ; 1.000        ; -0.081     ; 2.784      ;
; -1.867 ; DivisorFrequencia:Divisor_inst|contador[3]  ; DivisorFrequencia:Divisor_inst|contador[1]  ; clk_50       ; clk_50      ; 1.000        ; -0.081     ; 2.784      ;
; -1.867 ; DivisorFrequencia:Divisor_inst|contador[3]  ; DivisorFrequencia:Divisor_inst|contador[4]  ; clk_50       ; clk_50      ; 1.000        ; -0.081     ; 2.784      ;
+--------+---------------------------------------------+---------------------------------------------+--------------+-------------+--------------+------------+------------+


+-------------------------------------------------------------------------------------------------------------------------------------------------------------------------+
; Slow 1200mV 85C Model Hold: 'clk_50'                                                                                                                                    ;
+-------+---------------------------------------------+---------------------------------------------+--------------+-------------+--------------+------------+------------+
; Slack ; From Node                                   ; To Node                                     ; Launch Clock ; Latch Clock ; Relationship ; Clock Skew ; Data Delay ;
+-------+---------------------------------------------+---------------------------------------------+--------------+-------------+--------------+------------+------------+
; 0.442 ; DivisorFrequencia:Divisor_inst|contador[24] ; DivisorFrequencia:Divisor_inst|contador[24] ; clk_50       ; clk_50      ; 0.000        ; 0.080      ; 0.708      ;
; 0.641 ; DivisorFrequencia:Divisor_inst|contador[15] ; DivisorFrequencia:Divisor_inst|contador[15] ; clk_50       ; clk_50      ; 0.000        ; 0.080      ; 0.907      ;
; 0.642 ; DivisorFrequencia:Divisor_inst|contador[17] ; DivisorFrequencia:Divisor_inst|contador[17] ; clk_50       ; clk_50      ; 0.000        ; 0.080      ; 0.908      ;
; 0.642 ; DivisorFrequencia:Divisor_inst|contador[13] ; DivisorFrequencia:Divisor_inst|contador[13] ; clk_50       ; clk_50      ; 0.000        ; 0.080      ; 0.908      ;
; 0.643 ; DivisorFrequencia:Divisor_inst|contador[23] ; DivisorFrequencia:Divisor_inst|contador[23] ; clk_50       ; clk_50      ; 0.000        ; 0.080      ; 0.909      ;
; 0.645 ; DivisorFrequencia:Divisor_inst|contador[21] ; DivisorFrequencia:Divisor_inst|contador[21] ; clk_50       ; clk_50      ; 0.000        ; 0.080      ; 0.911      ;
; 0.645 ; DivisorFrequencia:Divisor_inst|contador[19] ; DivisorFrequencia:Divisor_inst|contador[19] ; clk_50       ; clk_50      ; 0.000        ; 0.080      ; 0.911      ;
; 0.645 ; DivisorFrequencia:Divisor_inst|contador[18] ; DivisorFrequencia:Divisor_inst|contador[18] ; clk_50       ; clk_50      ; 0.000        ; 0.080      ; 0.911      ;
; 0.645 ; DivisorFrequencia:Divisor_inst|contador[12] ; DivisorFrequencia:Divisor_inst|contador[12] ; clk_50       ; clk_50      ; 0.000        ; 0.080      ; 0.911      ;
; 0.646 ; DivisorFrequencia:Divisor_inst|contador[14] ; DivisorFrequencia:Divisor_inst|contador[14] ; clk_50       ; clk_50      ; 0.000        ; 0.080      ; 0.912      ;
; 0.647 ; DivisorFrequencia:Divisor_inst|contador[16] ; DivisorFrequencia:Divisor_inst|contador[16] ; clk_50       ; clk_50      ; 0.000        ; 0.080      ; 0.913      ;
; 0.648 ; DivisorFrequencia:Divisor_inst|contador[20] ; DivisorFrequencia:Divisor_inst|contador[20] ; clk_50       ; clk_50      ; 0.000        ; 0.080      ; 0.914      ;
; 0.654 ; DivisorFrequencia:Divisor_inst|contador[11] ; DivisorFrequencia:Divisor_inst|contador[11] ; clk_50       ; clk_50      ; 0.000        ; 0.081      ; 0.921      ;
; 0.654 ; DivisorFrequencia:Divisor_inst|contador[9]  ; DivisorFrequencia:Divisor_inst|contador[9]  ; clk_50       ; clk_50      ; 0.000        ; 0.081      ; 0.921      ;
; 0.655 ; DivisorFrequencia:Divisor_inst|contador[7]  ; DivisorFrequencia:Divisor_inst|contador[7]  ; clk_50       ; clk_50      ; 0.000        ; 0.081      ; 0.922      ;
; 0.657 ; DivisorFrequencia:Divisor_inst|contador[3]  ; DivisorFrequencia:Divisor_inst|contador[3]  ; clk_50       ; clk_50      ; 0.000        ; 0.081      ; 0.924      ;
; 0.657 ; DivisorFrequencia:Divisor_inst|contador[2]  ; DivisorFrequencia:Divisor_inst|contador[2]  ; clk_50       ; clk_50      ; 0.000        ; 0.081      ; 0.924      ;
; 0.659 ; DivisorFrequencia:Divisor_inst|contador[10] ; DivisorFrequencia:Divisor_inst|contador[10] ; clk_50       ; clk_50      ; 0.000        ; 0.081      ; 0.926      ;
; 0.660 ; DivisorFrequencia:Divisor_inst|contador[8]  ; DivisorFrequencia:Divisor_inst|contador[8]  ; clk_50       ; clk_50      ; 0.000        ; 0.081      ; 0.927      ;
; 0.660 ; DivisorFrequencia:Divisor_inst|contador[6]  ; DivisorFrequencia:Divisor_inst|contador[6]  ; clk_50       ; clk_50      ; 0.000        ; 0.081      ; 0.927      ;
; 0.811 ; DivisorFrequencia:Divisor_inst|contador[22] ; DivisorFrequencia:Divisor_inst|contador[22] ; clk_50       ; clk_50      ; 0.000        ; 0.080      ; 1.077      ;
; 0.959 ; DivisorFrequencia:Divisor_inst|contador[13] ; DivisorFrequencia:Divisor_inst|contador[14] ; clk_50       ; clk_50      ; 0.000        ; 0.080      ; 1.225      ;
; 0.959 ; DivisorFrequencia:Divisor_inst|contador[15] ; DivisorFrequencia:Divisor_inst|contador[16] ; clk_50       ; clk_50      ; 0.000        ; 0.080      ; 1.225      ;
; 0.960 ; DivisorFrequencia:Divisor_inst|contador[17] ; DivisorFrequencia:Divisor_inst|contador[18] ; clk_50       ; clk_50      ; 0.000        ; 0.080      ; 1.226      ;
; 0.961 ; DivisorFrequencia:Divisor_inst|contador[23] ; DivisorFrequencia:Divisor_inst|contador[24] ; clk_50       ; clk_50      ; 0.000        ; 0.080      ; 1.227      ;
; 0.962 ; DivisorFrequencia:Divisor_inst|contador[19] ; DivisorFrequencia:Divisor_inst|contador[20] ; clk_50       ; clk_50      ; 0.000        ; 0.080      ; 1.228      ;
; 0.962 ; DivisorFrequencia:Divisor_inst|contador[21] ; DivisorFrequencia:Divisor_inst|contador[22] ; clk_50       ; clk_50      ; 0.000        ; 0.080      ; 1.228      ;
; 0.972 ; DivisorFrequencia:Divisor_inst|contador[9]  ; DivisorFrequencia:Divisor_inst|contador[10] ; clk_50       ; clk_50      ; 0.000        ; 0.081      ; 1.239      ;
; 0.972 ; DivisorFrequencia:Divisor_inst|contador[12] ; DivisorFrequencia:Divisor_inst|contador[13] ; clk_50       ; clk_50      ; 0.000        ; 0.080      ; 1.238      ;
; 0.972 ; DivisorFrequencia:Divisor_inst|contador[18] ; DivisorFrequencia:Divisor_inst|contador[19] ; clk_50       ; clk_50      ; 0.000        ; 0.080      ; 1.238      ;
; 0.973 ; DivisorFrequencia:Divisor_inst|contador[7]  ; DivisorFrequencia:Divisor_inst|contador[8]  ; clk_50       ; clk_50      ; 0.000        ; 0.081      ; 1.240      ;
; 0.973 ; DivisorFrequencia:Divisor_inst|contador[14] ; DivisorFrequencia:Divisor_inst|contador[15] ; clk_50       ; clk_50      ; 0.000        ; 0.080      ; 1.239      ;
; 0.974 ; DivisorFrequencia:Divisor_inst|contador[11] ; DivisorFrequencia:Divisor_inst|contador[12] ; clk_50       ; clk_50      ; 0.000        ; 0.079      ; 1.239      ;
; 0.974 ; DivisorFrequencia:Divisor_inst|contador[1]  ; DivisorFrequencia:Divisor_inst|contador[2]  ; clk_50       ; clk_50      ; 0.000        ; 0.081      ; 1.241      ;
; 0.974 ; DivisorFrequencia:Divisor_inst|contador[16] ; DivisorFrequencia:Divisor_inst|contador[17] ; clk_50       ; clk_50      ; 0.000        ; 0.080      ; 1.240      ;
; 0.975 ; DivisorFrequencia:Divisor_inst|contador[5]  ; DivisorFrequencia:Divisor_inst|contador[6]  ; clk_50       ; clk_50      ; 0.000        ; 0.081      ; 1.242      ;
; 0.975 ; DivisorFrequencia:Divisor_inst|contador[20] ; DivisorFrequencia:Divisor_inst|contador[21] ; clk_50       ; clk_50      ; 0.000        ; 0.080      ; 1.241      ;
; 0.977 ; DivisorFrequencia:Divisor_inst|contador[12] ; DivisorFrequencia:Divisor_inst|contador[14] ; clk_50       ; clk_50      ; 0.000        ; 0.080      ; 1.243      ;
; 0.977 ; DivisorFrequencia:Divisor_inst|contador[18] ; DivisorFrequencia:Divisor_inst|contador[20] ; clk_50       ; clk_50      ; 0.000        ; 0.080      ; 1.243      ;
; 0.978 ; DivisorFrequencia:Divisor_inst|contador[14] ; DivisorFrequencia:Divisor_inst|contador[16] ; clk_50       ; clk_50      ; 0.000        ; 0.080      ; 1.244      ;
; 0.979 ; DivisorFrequencia:Divisor_inst|contador[16] ; DivisorFrequencia:Divisor_inst|contador[18] ; clk_50       ; clk_50      ; 0.000        ; 0.080      ; 1.245      ;
; 0.980 ; DivisorFrequencia:Divisor_inst|contador[20] ; DivisorFrequencia:Divisor_inst|contador[22] ; clk_50       ; clk_50      ; 0.000        ; 0.080      ; 1.246      ;
; 0.984 ; DivisorFrequencia:Divisor_inst|contador[2]  ; DivisorFrequencia:Divisor_inst|contador[3]  ; clk_50       ; clk_50      ; 0.000        ; 0.081      ; 1.251      ;
; 0.986 ; DivisorFrequencia:Divisor_inst|contador[10] ; DivisorFrequencia:Divisor_inst|contador[11] ; clk_50       ; clk_50      ; 0.000        ; 0.081      ; 1.253      ;
; 0.987 ; DivisorFrequencia:Divisor_inst|contador[8]  ; DivisorFrequencia:Divisor_inst|contador[9]  ; clk_50       ; clk_50      ; 0.000        ; 0.081      ; 1.254      ;
; 0.987 ; DivisorFrequencia:Divisor_inst|contador[6]  ; DivisorFrequencia:Divisor_inst|contador[7]  ; clk_50       ; clk_50      ; 0.000        ; 0.081      ; 1.254      ;
; 0.988 ; DivisorFrequencia:Divisor_inst|contador[0]  ; DivisorFrequencia:Divisor_inst|contador[2]  ; clk_50       ; clk_50      ; 0.000        ; 0.081      ; 1.255      ;
; 0.992 ; DivisorFrequencia:Divisor_inst|contador[8]  ; DivisorFrequencia:Divisor_inst|contador[10] ; clk_50       ; clk_50      ; 0.000        ; 0.081      ; 1.259      ;
; 0.992 ; DivisorFrequencia:Divisor_inst|contador[6]  ; DivisorFrequencia:Divisor_inst|contador[8]  ; clk_50       ; clk_50      ; 0.000        ; 0.081      ; 1.259      ;
; 0.993 ; DivisorFrequencia:Divisor_inst|contador[10] ; DivisorFrequencia:Divisor_inst|contador[12] ; clk_50       ; clk_50      ; 0.000        ; 0.079      ; 1.258      ;
; 0.993 ; DivisorFrequencia:Divisor_inst|contador[4]  ; DivisorFrequencia:Divisor_inst|contador[6]  ; clk_50       ; clk_50      ; 0.000        ; 0.081      ; 1.260      ;
; 1.080 ; DivisorFrequencia:Divisor_inst|contador[13] ; DivisorFrequencia:Divisor_inst|contador[15] ; clk_50       ; clk_50      ; 0.000        ; 0.080      ; 1.346      ;
; 1.080 ; DivisorFrequencia:Divisor_inst|contador[15] ; DivisorFrequencia:Divisor_inst|contador[17] ; clk_50       ; clk_50      ; 0.000        ; 0.080      ; 1.346      ;
; 1.081 ; DivisorFrequencia:Divisor_inst|contador[17] ; DivisorFrequencia:Divisor_inst|contador[19] ; clk_50       ; clk_50      ; 0.000        ; 0.080      ; 1.347      ;
; 1.083 ; DivisorFrequencia:Divisor_inst|contador[21] ; DivisorFrequencia:Divisor_inst|contador[23] ; clk_50       ; clk_50      ; 0.000        ; 0.080      ; 1.349      ;
; 1.083 ; DivisorFrequencia:Divisor_inst|contador[19] ; DivisorFrequencia:Divisor_inst|contador[21] ; clk_50       ; clk_50      ; 0.000        ; 0.080      ; 1.349      ;
; 1.085 ; DivisorFrequencia:Divisor_inst|contador[13] ; DivisorFrequencia:Divisor_inst|contador[16] ; clk_50       ; clk_50      ; 0.000        ; 0.080      ; 1.351      ;
; 1.085 ; DivisorFrequencia:Divisor_inst|contador[15] ; DivisorFrequencia:Divisor_inst|contador[18] ; clk_50       ; clk_50      ; 0.000        ; 0.080      ; 1.351      ;
; 1.086 ; DivisorFrequencia:Divisor_inst|contador[17] ; DivisorFrequencia:Divisor_inst|contador[20] ; clk_50       ; clk_50      ; 0.000        ; 0.080      ; 1.352      ;
; 1.088 ; DivisorFrequencia:Divisor_inst|contador[21] ; DivisorFrequencia:Divisor_inst|contador[24] ; clk_50       ; clk_50      ; 0.000        ; 0.080      ; 1.354      ;
; 1.088 ; DivisorFrequencia:Divisor_inst|contador[19] ; DivisorFrequencia:Divisor_inst|contador[22] ; clk_50       ; clk_50      ; 0.000        ; 0.080      ; 1.354      ;
; 1.093 ; DivisorFrequencia:Divisor_inst|contador[9]  ; DivisorFrequencia:Divisor_inst|contador[11] ; clk_50       ; clk_50      ; 0.000        ; 0.081      ; 1.360      ;
; 1.094 ; DivisorFrequencia:Divisor_inst|contador[7]  ; DivisorFrequencia:Divisor_inst|contador[9]  ; clk_50       ; clk_50      ; 0.000        ; 0.081      ; 1.361      ;
; 1.095 ; DivisorFrequencia:Divisor_inst|contador[11] ; DivisorFrequencia:Divisor_inst|contador[13] ; clk_50       ; clk_50      ; 0.000        ; 0.079      ; 1.360      ;
; 1.095 ; DivisorFrequencia:Divisor_inst|contador[1]  ; DivisorFrequencia:Divisor_inst|contador[3]  ; clk_50       ; clk_50      ; 0.000        ; 0.081      ; 1.362      ;
; 1.096 ; DivisorFrequencia:Divisor_inst|contador[5]  ; DivisorFrequencia:Divisor_inst|contador[7]  ; clk_50       ; clk_50      ; 0.000        ; 0.081      ; 1.363      ;
; 1.098 ; DivisorFrequencia:Divisor_inst|contador[12] ; DivisorFrequencia:Divisor_inst|contador[15] ; clk_50       ; clk_50      ; 0.000        ; 0.080      ; 1.364      ;
; 1.098 ; DivisorFrequencia:Divisor_inst|contador[18] ; DivisorFrequencia:Divisor_inst|contador[21] ; clk_50       ; clk_50      ; 0.000        ; 0.080      ; 1.364      ;
; 1.099 ; DivisorFrequencia:Divisor_inst|contador[7]  ; DivisorFrequencia:Divisor_inst|contador[10] ; clk_50       ; clk_50      ; 0.000        ; 0.081      ; 1.366      ;
; 1.099 ; DivisorFrequencia:Divisor_inst|contador[14] ; DivisorFrequencia:Divisor_inst|contador[17] ; clk_50       ; clk_50      ; 0.000        ; 0.080      ; 1.365      ;
; 1.100 ; DivisorFrequencia:Divisor_inst|contador[11] ; DivisorFrequencia:Divisor_inst|contador[14] ; clk_50       ; clk_50      ; 0.000        ; 0.079      ; 1.365      ;
; 1.100 ; DivisorFrequencia:Divisor_inst|contador[9]  ; DivisorFrequencia:Divisor_inst|contador[12] ; clk_50       ; clk_50      ; 0.000        ; 0.079      ; 1.365      ;
; 1.100 ; DivisorFrequencia:Divisor_inst|contador[3]  ; DivisorFrequencia:Divisor_inst|contador[6]  ; clk_50       ; clk_50      ; 0.000        ; 0.081      ; 1.367      ;
; 1.100 ; DivisorFrequencia:Divisor_inst|contador[16] ; DivisorFrequencia:Divisor_inst|contador[19] ; clk_50       ; clk_50      ; 0.000        ; 0.080      ; 1.366      ;
; 1.101 ; DivisorFrequencia:Divisor_inst|contador[5]  ; DivisorFrequencia:Divisor_inst|contador[8]  ; clk_50       ; clk_50      ; 0.000        ; 0.081      ; 1.368      ;
; 1.101 ; DivisorFrequencia:Divisor_inst|contador[20] ; DivisorFrequencia:Divisor_inst|contador[23] ; clk_50       ; clk_50      ; 0.000        ; 0.080      ; 1.367      ;
; 1.103 ; DivisorFrequencia:Divisor_inst|contador[12] ; DivisorFrequencia:Divisor_inst|contador[16] ; clk_50       ; clk_50      ; 0.000        ; 0.080      ; 1.369      ;
; 1.103 ; DivisorFrequencia:Divisor_inst|contador[18] ; DivisorFrequencia:Divisor_inst|contador[22] ; clk_50       ; clk_50      ; 0.000        ; 0.080      ; 1.369      ;
; 1.104 ; DivisorFrequencia:Divisor_inst|contador[14] ; DivisorFrequencia:Divisor_inst|contador[18] ; clk_50       ; clk_50      ; 0.000        ; 0.080      ; 1.370      ;
; 1.105 ; DivisorFrequencia:Divisor_inst|contador[16] ; DivisorFrequencia:Divisor_inst|contador[20] ; clk_50       ; clk_50      ; 0.000        ; 0.080      ; 1.371      ;
; 1.106 ; DivisorFrequencia:Divisor_inst|contador[20] ; DivisorFrequencia:Divisor_inst|contador[24] ; clk_50       ; clk_50      ; 0.000        ; 0.080      ; 1.372      ;
; 1.109 ; DivisorFrequencia:Divisor_inst|contador[0]  ; DivisorFrequencia:Divisor_inst|contador[3]  ; clk_50       ; clk_50      ; 0.000        ; 0.081      ; 1.376      ;
; 1.113 ; DivisorFrequencia:Divisor_inst|contador[8]  ; DivisorFrequencia:Divisor_inst|contador[11] ; clk_50       ; clk_50      ; 0.000        ; 0.081      ; 1.380      ;
; 1.113 ; DivisorFrequencia:Divisor_inst|contador[6]  ; DivisorFrequencia:Divisor_inst|contador[9]  ; clk_50       ; clk_50      ; 0.000        ; 0.081      ; 1.380      ;
; 1.114 ; DivisorFrequencia:Divisor_inst|contador[10] ; DivisorFrequencia:Divisor_inst|contador[13] ; clk_50       ; clk_50      ; 0.000        ; 0.079      ; 1.379      ;
; 1.114 ; DivisorFrequencia:Divisor_inst|contador[4]  ; DivisorFrequencia:Divisor_inst|contador[7]  ; clk_50       ; clk_50      ; 0.000        ; 0.081      ; 1.381      ;
; 1.115 ; DivisorFrequencia:Divisor_inst|contador[2]  ; DivisorFrequencia:Divisor_inst|contador[6]  ; clk_50       ; clk_50      ; 0.000        ; 0.081      ; 1.382      ;
; 1.118 ; DivisorFrequencia:Divisor_inst|contador[6]  ; DivisorFrequencia:Divisor_inst|contador[10] ; clk_50       ; clk_50      ; 0.000        ; 0.081      ; 1.385      ;
; 1.119 ; DivisorFrequencia:Divisor_inst|contador[10] ; DivisorFrequencia:Divisor_inst|contador[14] ; clk_50       ; clk_50      ; 0.000        ; 0.079      ; 1.384      ;
; 1.119 ; DivisorFrequencia:Divisor_inst|contador[4]  ; DivisorFrequencia:Divisor_inst|contador[8]  ; clk_50       ; clk_50      ; 0.000        ; 0.081      ; 1.386      ;
; 1.120 ; DivisorFrequencia:Divisor_inst|contador[8]  ; DivisorFrequencia:Divisor_inst|contador[12] ; clk_50       ; clk_50      ; 0.000        ; 0.079      ; 1.385      ;
; 1.138 ; DivisorFrequencia:Divisor_inst|contador[22] ; DivisorFrequencia:Divisor_inst|contador[23] ; clk_50       ; clk_50      ; 0.000        ; 0.080      ; 1.404      ;
; 1.143 ; DivisorFrequencia:Divisor_inst|contador[22] ; DivisorFrequencia:Divisor_inst|contador[24] ; clk_50       ; clk_50      ; 0.000        ; 0.080      ; 1.409      ;
; 1.170 ; DivisorFrequencia:Divisor_inst|contador[0]  ; DivisorFrequencia:Divisor_inst|contador[0]  ; clk_50       ; clk_50      ; 0.000        ; 0.081      ; 1.437      ;
; 1.206 ; DivisorFrequencia:Divisor_inst|contador[13] ; DivisorFrequencia:Divisor_inst|contador[17] ; clk_50       ; clk_50      ; 0.000        ; 0.080      ; 1.472      ;
; 1.206 ; DivisorFrequencia:Divisor_inst|contador[15] ; DivisorFrequencia:Divisor_inst|contador[19] ; clk_50       ; clk_50      ; 0.000        ; 0.080      ; 1.472      ;
; 1.207 ; DivisorFrequencia:Divisor_inst|contador[17] ; DivisorFrequencia:Divisor_inst|contador[21] ; clk_50       ; clk_50      ; 0.000        ; 0.080      ; 1.473      ;
; 1.209 ; DivisorFrequencia:Divisor_inst|contador[19] ; DivisorFrequencia:Divisor_inst|contador[23] ; clk_50       ; clk_50      ; 0.000        ; 0.080      ; 1.475      ;
; 1.211 ; DivisorFrequencia:Divisor_inst|contador[13] ; DivisorFrequencia:Divisor_inst|contador[18] ; clk_50       ; clk_50      ; 0.000        ; 0.080      ; 1.477      ;
; 1.211 ; DivisorFrequencia:Divisor_inst|contador[15] ; DivisorFrequencia:Divisor_inst|contador[20] ; clk_50       ; clk_50      ; 0.000        ; 0.080      ; 1.477      ;
+-------+---------------------------------------------+---------------------------------------------+--------------+-------------+--------------+------------+------------+


+----------------------------------------------------------------------------------------------------------------------------------------------------------------------------------------------------------------------------------+
; Slow 1200mV 85C Model Hold: 'DivisorFrequencia:Divisor_inst|clkSaida'                                                                                                                                                            ;
+-------+----------------------------------------+----------------------------------------------------+-----------------------------------------+-----------------------------------------+--------------+------------+------------+
; Slack ; From Node                              ; To Node                                            ; Launch Clock                            ; Latch Clock                             ; Relationship ; Clock Skew ; Data Delay ;
+-------+----------------------------------------+----------------------------------------------------+-----------------------------------------+-----------------------------------------+--------------+------------+------------+
; 0.883 ; ControleSinal:io_signal_control|saida  ; ControleSaida:display_controller|valor_exibido[5]  ; btn_in                                  ; DivisorFrequencia:Divisor_inst|clkSaida ; -0.500       ; 0.991      ; 1.590      ;
; 0.893 ; ControleSinal:io_signal_control|saida  ; ControleSaida:display_controller|valor_exibido[17] ; btn_in                                  ; DivisorFrequencia:Divisor_inst|clkSaida ; -0.500       ; 1.004      ; 1.613      ;
; 0.913 ; SP[5]                                  ; SP[5]                                              ; DivisorFrequencia:Divisor_inst|clkSaida ; DivisorFrequencia:Divisor_inst|clkSaida ; 0.000        ; 0.079      ; 1.178      ;
; 0.999 ; SP[0]                                  ; SP[0]                                              ; DivisorFrequencia:Divisor_inst|clkSaida ; DivisorFrequencia:Divisor_inst|clkSaida ; 0.000        ; 0.079      ; 1.264      ;
; 1.017 ; SP[1]                                  ; SP[1]                                              ; DivisorFrequencia:Divisor_inst|clkSaida ; DivisorFrequencia:Divisor_inst|clkSaida ; 0.000        ; 0.079      ; 1.282      ;
; 1.128 ; ControleSinal:io_signal_control|saida  ; ControleSaida:display_controller|valor_exibido[6]  ; btn_in                                  ; DivisorFrequencia:Divisor_inst|clkSaida ; -0.500       ; 1.006      ; 1.850      ;
; 1.133 ; ControleSinal:io_signal_control|saida  ; ControleSaida:display_controller|valor_exibido[8]  ; btn_in                                  ; DivisorFrequencia:Divisor_inst|clkSaida ; -0.500       ; 1.004      ; 1.853      ;
; 1.133 ; ControleSinal:io_signal_control|saida  ; ControleSaida:display_controller|valor_exibido[7]  ; btn_in                                  ; DivisorFrequencia:Divisor_inst|clkSaida ; -0.500       ; 1.006      ; 1.855      ;
; 1.134 ; ControleSinal:io_signal_control|saida  ; ControleSaida:display_controller|valor_exibido[16] ; btn_in                                  ; DivisorFrequencia:Divisor_inst|clkSaida ; -0.500       ; 1.006      ; 1.856      ;
; 1.134 ; ControleSinal:io_signal_control|saida  ; ControleSaida:display_controller|valor_exibido[15] ; btn_in                                  ; DivisorFrequencia:Divisor_inst|clkSaida ; -0.500       ; 1.006      ; 1.856      ;
; 1.135 ; ControleSinal:io_signal_control|saida  ; ControleSaida:display_controller|valor_exibido[10] ; btn_in                                  ; DivisorFrequencia:Divisor_inst|clkSaida ; -0.500       ; 1.006      ; 1.857      ;
; 1.156 ; SP[2]                                  ; SP[2]                                              ; DivisorFrequencia:Divisor_inst|clkSaida ; DivisorFrequencia:Divisor_inst|clkSaida ; 0.000        ; 0.079      ; 1.421      ;
; 1.185 ; ControleSinal:io_signal_control|saida  ; ControleSaida:display_controller|valor_exibido[13] ; btn_in                                  ; DivisorFrequencia:Divisor_inst|clkSaida ; -0.500       ; 1.005      ; 1.906      ;
; 1.191 ; ControleSinal:io_signal_control|saida  ; ControleSaida:display_controller|valor_exibido[23] ; btn_in                                  ; DivisorFrequencia:Divisor_inst|clkSaida ; -0.500       ; 1.005      ; 1.912      ;
; 1.191 ; ControleSinal:io_signal_control|saida  ; ControleSaida:display_controller|valor_exibido[19] ; btn_in                                  ; DivisorFrequencia:Divisor_inst|clkSaida ; -0.500       ; 1.005      ; 1.912      ;
; 1.192 ; ControleSinal:io_signal_control|saida  ; ControleSaida:display_controller|valor_exibido[29] ; btn_in                                  ; DivisorFrequencia:Divisor_inst|clkSaida ; -0.500       ; 1.005      ; 1.913      ;
; 1.192 ; ControleSinal:io_signal_control|saida  ; ControleSaida:display_controller|valor_exibido[25] ; btn_in                                  ; DivisorFrequencia:Divisor_inst|clkSaida ; -0.500       ; 1.005      ; 1.913      ;
; 1.192 ; ControleSinal:io_signal_control|saida  ; ControleSaida:display_controller|valor_exibido[24] ; btn_in                                  ; DivisorFrequencia:Divisor_inst|clkSaida ; -0.500       ; 1.005      ; 1.913      ;
; 1.192 ; ControleSinal:io_signal_control|saida  ; ControleSaida:display_controller|valor_exibido[20] ; btn_in                                  ; DivisorFrequencia:Divisor_inst|clkSaida ; -0.500       ; 1.005      ; 1.913      ;
; 1.193 ; ControleSinal:io_signal_control|saida  ; ControleSaida:display_controller|valor_exibido[30] ; btn_in                                  ; DivisorFrequencia:Divisor_inst|clkSaida ; -0.500       ; 1.005      ; 1.914      ;
; 1.193 ; ControleSinal:io_signal_control|saida  ; ControleSaida:display_controller|valor_exibido[21] ; btn_in                                  ; DivisorFrequencia:Divisor_inst|clkSaida ; -0.500       ; 1.005      ; 1.914      ;
; 1.195 ; ControleSinal:io_signal_control|saida  ; ControleSaida:display_controller|valor_exibido[27] ; btn_in                                  ; DivisorFrequencia:Divisor_inst|clkSaida ; -0.500       ; 1.005      ; 1.916      ;
; 1.195 ; ControleSinal:io_signal_control|saida  ; ControleSaida:display_controller|valor_exibido[26] ; btn_in                                  ; DivisorFrequencia:Divisor_inst|clkSaida ; -0.500       ; 1.005      ; 1.916      ;
; 1.195 ; ControleSinal:io_signal_control|saida  ; ControleSaida:display_controller|valor_exibido[18] ; btn_in                                  ; DivisorFrequencia:Divisor_inst|clkSaida ; -0.500       ; 1.005      ; 1.916      ;
; 1.208 ; ControleSinal:io_signal_control|saida  ; ControleSaida:display_controller|valor_exibido[0]  ; btn_in                                  ; DivisorFrequencia:Divisor_inst|clkSaida ; -0.500       ; 1.006      ; 1.930      ;
; 1.209 ; ControleSinal:io_signal_control|saida  ; ControleSaida:display_controller|valor_exibido[4]  ; btn_in                                  ; DivisorFrequencia:Divisor_inst|clkSaida ; -0.500       ; 1.006      ; 1.931      ;
; 1.210 ; ControleSinal:io_signal_control|saida  ; ControleSaida:display_controller|valor_exibido[14] ; btn_in                                  ; DivisorFrequencia:Divisor_inst|clkSaida ; -0.500       ; 1.006      ; 1.932      ;
; 1.210 ; ControleSinal:io_signal_control|saida  ; ControleSaida:display_controller|valor_exibido[9]  ; btn_in                                  ; DivisorFrequencia:Divisor_inst|clkSaida ; -0.500       ; 1.006      ; 1.932      ;
; 1.211 ; ControleSinal:io_signal_control|saida  ; ControleSaida:display_controller|valor_exibido[3]  ; btn_in                                  ; DivisorFrequencia:Divisor_inst|clkSaida ; -0.500       ; 1.000      ; 1.927      ;
; 1.211 ; ControleSinal:io_signal_control|saida  ; ControleSaida:display_controller|valor_exibido[2]  ; btn_in                                  ; DivisorFrequencia:Divisor_inst|clkSaida ; -0.500       ; 1.006      ; 1.933      ;
; 1.212 ; ControleSinal:io_signal_control|saida  ; ControleSaida:display_controller|valor_exibido[11] ; btn_in                                  ; DivisorFrequencia:Divisor_inst|clkSaida ; -0.500       ; 1.006      ; 1.934      ;
; 1.214 ; ControleSinal:io_signal_control|saida  ; ControleSaida:display_controller|valor_exibido[12] ; btn_in                                  ; DivisorFrequencia:Divisor_inst|clkSaida ; -0.500       ; 1.006      ; 1.936      ;
; 1.214 ; ControleSinal:io_signal_control|saida  ; ControleSaida:display_controller|valor_exibido[1]  ; btn_in                                  ; DivisorFrequencia:Divisor_inst|clkSaida ; -0.500       ; 1.006      ; 1.936      ;
; 1.269 ; SP[3]                                  ; SP[3]                                              ; DivisorFrequencia:Divisor_inst|clkSaida ; DivisorFrequencia:Divisor_inst|clkSaida ; 0.000        ; 0.079      ; 1.534      ;
; 1.314 ; SP[0]                                  ; SP[1]                                              ; DivisorFrequencia:Divisor_inst|clkSaida ; DivisorFrequencia:Divisor_inst|clkSaida ; 0.000        ; 0.079      ; 1.579      ;
; 1.350 ; SP[1]                                  ; SP[2]                                              ; DivisorFrequencia:Divisor_inst|clkSaida ; DivisorFrequencia:Divisor_inst|clkSaida ; 0.000        ; 0.079      ; 1.615      ;
; 1.360 ; PC:PC_inst|PC_reg[27]                  ; PC:PC_inst|PC_reg[27]                              ; DivisorFrequencia:Divisor_inst|clkSaida ; DivisorFrequencia:Divisor_inst|clkSaida ; 0.000        ; 0.097      ; 1.643      ;
; 1.368 ; ControleSinal:io_signal_control|saida  ; ControleSaida:display_controller|valor_exibido[31] ; btn_in                                  ; DivisorFrequencia:Divisor_inst|clkSaida ; -0.500       ; 1.006      ; 2.090      ;
; 1.372 ; ControleSinal:io_signal_control|saida  ; ControleSaida:display_controller|valor_exibido[28] ; btn_in                                  ; DivisorFrequencia:Divisor_inst|clkSaida ; -0.500       ; 1.006      ; 2.094      ;
; 1.373 ; ControleSinal:io_signal_control|saida  ; ControleSaida:display_controller|valor_exibido[22] ; btn_in                                  ; DivisorFrequencia:Divisor_inst|clkSaida ; -0.500       ; 1.006      ; 2.095      ;
; 1.391 ; SP[4]                                  ; SP[4]                                              ; DivisorFrequencia:Divisor_inst|clkSaida ; DivisorFrequencia:Divisor_inst|clkSaida ; 0.000        ; 0.079      ; 1.656      ;
; 1.429 ; banco:banco_inst|registradores[3][29]  ; ControleSaida:display_controller|valor_exibido[29] ; DivisorFrequencia:Divisor_inst|clkSaida ; DivisorFrequencia:Divisor_inst|clkSaida ; 0.000        ; 0.124      ; 1.739      ;
; 1.439 ; SP[0]                                  ; SP[2]                                              ; DivisorFrequencia:Divisor_inst|clkSaida ; DivisorFrequencia:Divisor_inst|clkSaida ; 0.000        ; 0.079      ; 1.704      ;
; 1.472 ; SP[1]                                  ; SP[3]                                              ; DivisorFrequencia:Divisor_inst|clkSaida ; DivisorFrequencia:Divisor_inst|clkSaida ; 0.000        ; 0.079      ; 1.737      ;
; 1.476 ; SP[1]                                  ; SP[4]                                              ; DivisorFrequencia:Divisor_inst|clkSaida ; DivisorFrequencia:Divisor_inst|clkSaida ; 0.000        ; 0.079      ; 1.741      ;
; 1.481 ; SP[3]                                  ; SP[4]                                              ; DivisorFrequencia:Divisor_inst|clkSaida ; DivisorFrequencia:Divisor_inst|clkSaida ; 0.000        ; 0.079      ; 1.746      ;
; 1.561 ; SP[0]                                  ; SP[3]                                              ; DivisorFrequencia:Divisor_inst|clkSaida ; DivisorFrequencia:Divisor_inst|clkSaida ; 0.000        ; 0.079      ; 1.826      ;
; 1.565 ; SP[0]                                  ; SP[4]                                              ; DivisorFrequencia:Divisor_inst|clkSaida ; DivisorFrequencia:Divisor_inst|clkSaida ; 0.000        ; 0.079      ; 1.830      ;
; 1.577 ; PC:PC_inst|PC_reg[21]                  ; PC:PC_inst|PC_reg[21]                              ; DivisorFrequencia:Divisor_inst|clkSaida ; DivisorFrequencia:Divisor_inst|clkSaida ; 0.000        ; 0.097      ; 1.860      ;
; 1.591 ; SP[2]                                  ; SP[4]                                              ; DivisorFrequencia:Divisor_inst|clkSaida ; DivisorFrequencia:Divisor_inst|clkSaida ; 0.000        ; 0.079      ; 1.856      ;
; 1.594 ; SP[2]                                  ; SP[3]                                              ; DivisorFrequencia:Divisor_inst|clkSaida ; DivisorFrequencia:Divisor_inst|clkSaida ; 0.000        ; 0.079      ; 1.859      ;
; 1.599 ; SP[1]                                  ; SP[5]                                              ; DivisorFrequencia:Divisor_inst|clkSaida ; DivisorFrequencia:Divisor_inst|clkSaida ; 0.000        ; 0.079      ; 1.864      ;
; 1.604 ; SP[3]                                  ; SP[5]                                              ; DivisorFrequencia:Divisor_inst|clkSaida ; DivisorFrequencia:Divisor_inst|clkSaida ; 0.000        ; 0.079      ; 1.869      ;
; 1.621 ; PC:PC_inst|PC_reg[26]                  ; PC:PC_inst|PC_reg[27]                              ; DivisorFrequencia:Divisor_inst|clkSaida ; DivisorFrequencia:Divisor_inst|clkSaida ; 0.000        ; 0.097      ; 1.904      ;
; 1.688 ; SP[0]                                  ; SP[5]                                              ; DivisorFrequencia:Divisor_inst|clkSaida ; DivisorFrequencia:Divisor_inst|clkSaida ; 0.000        ; 0.079      ; 1.953      ;
; 1.715 ; banco:banco_inst|registradores[3][14]  ; ControleSaida:display_controller|valor_exibido[14] ; DivisorFrequencia:Divisor_inst|clkSaida ; DivisorFrequencia:Divisor_inst|clkSaida ; 0.000        ; 0.144      ; 2.045      ;
; 1.721 ; SP[2]                                  ; SP[5]                                              ; DivisorFrequencia:Divisor_inst|clkSaida ; DivisorFrequencia:Divisor_inst|clkSaida ; 0.000        ; 0.079      ; 1.986      ;
; 1.730 ; PC:PC_inst|PC_reg[22]                  ; PC:PC_inst|PC_reg[27]                              ; DivisorFrequencia:Divisor_inst|clkSaida ; DivisorFrequencia:Divisor_inst|clkSaida ; 0.000        ; 0.089      ; 2.005      ;
; 1.732 ; banco:banco_inst|registradores[3][3]   ; ControleSaida:display_controller|valor_exibido[3]  ; DivisorFrequencia:Divisor_inst|clkSaida ; DivisorFrequencia:Divisor_inst|clkSaida ; 0.000        ; 0.119      ; 2.037      ;
; 1.746 ; banco:banco_inst|registradores[3][30]  ; ControleSaida:display_controller|valor_exibido[30] ; DivisorFrequencia:Divisor_inst|clkSaida ; DivisorFrequencia:Divisor_inst|clkSaida ; 0.000        ; 0.124      ; 2.056      ;
; 1.757 ; PC:PC_inst|PC_reg[20]                  ; PC:PC_inst|PC_reg[21]                              ; DivisorFrequencia:Divisor_inst|clkSaida ; DivisorFrequencia:Divisor_inst|clkSaida ; 0.000        ; 0.089      ; 2.032      ;
; 1.794 ; PC:PC_inst|PC_reg[24]                  ; PC:PC_inst|PC_reg[27]                              ; DivisorFrequencia:Divisor_inst|clkSaida ; DivisorFrequencia:Divisor_inst|clkSaida ; 0.000        ; 0.097      ; 2.077      ;
; 1.830 ; SP[4]                                  ; SP[5]                                              ; DivisorFrequencia:Divisor_inst|clkSaida ; DivisorFrequencia:Divisor_inst|clkSaida ; 0.000        ; 0.079      ; 2.095      ;
; 1.842 ; PC:PC_inst|PC_reg[19]                  ; PC:PC_inst|PC_reg[19]                              ; DivisorFrequencia:Divisor_inst|clkSaida ; DivisorFrequencia:Divisor_inst|clkSaida ; 0.000        ; 0.097      ; 2.125      ;
; 1.855 ; PC:PC_inst|PC_reg[20]                  ; PC:PC_inst|PC_reg[27]                              ; DivisorFrequencia:Divisor_inst|clkSaida ; DivisorFrequencia:Divisor_inst|clkSaida ; 0.000        ; 0.089      ; 2.130      ;
; 1.867 ; banco:banco_inst|registradores[3][6]   ; ControleSaida:display_controller|valor_exibido[6]  ; DivisorFrequencia:Divisor_inst|clkSaida ; DivisorFrequencia:Divisor_inst|clkSaida ; 0.000        ; 0.124      ; 2.177      ;
; 1.871 ; banco:banco_inst|registradores[3][23]  ; ControleSaida:display_controller|valor_exibido[23] ; DivisorFrequencia:Divisor_inst|clkSaida ; DivisorFrequencia:Divisor_inst|clkSaida ; 0.000        ; 0.113      ; 2.170      ;
; 1.880 ; banco:banco_inst|registradores[3][28]  ; ControleSaida:display_controller|valor_exibido[28] ; DivisorFrequencia:Divisor_inst|clkSaida ; DivisorFrequencia:Divisor_inst|clkSaida ; 0.000        ; 0.126      ; 2.192      ;
; 1.881 ; PC:PC_inst|PC_reg[28]                  ; PC:PC_inst|PC_reg[28]                              ; DivisorFrequencia:Divisor_inst|clkSaida ; DivisorFrequencia:Divisor_inst|clkSaida ; 0.000        ; 0.097      ; 2.164      ;
; 1.892 ; banco:banco_inst|registradores[3][27]  ; ControleSaida:display_controller|valor_exibido[27] ; DivisorFrequencia:Divisor_inst|clkSaida ; DivisorFrequencia:Divisor_inst|clkSaida ; 0.000        ; 0.124      ; 2.202      ;
; 1.942 ; ControleSinal:out_signal_control|saida ; PC:PC_inst|PC_reg[7]                               ; btn_in                                  ; DivisorFrequencia:Divisor_inst|clkSaida ; 0.000        ; 1.013      ; 3.171      ;
; 1.958 ; banco:banco_inst|registradores[3][9]   ; ControleSaida:display_controller|valor_exibido[9]  ; DivisorFrequencia:Divisor_inst|clkSaida ; DivisorFrequencia:Divisor_inst|clkSaida ; 0.000        ; 0.153      ; 2.297      ;
; 1.961 ; banco:banco_inst|registradores[3][26]  ; ControleSaida:display_controller|valor_exibido[26] ; DivisorFrequencia:Divisor_inst|clkSaida ; DivisorFrequencia:Divisor_inst|clkSaida ; 0.000        ; 0.131      ; 2.278      ;
; 1.976 ; ControleSinal:out_signal_control|saida ; PC:PC_inst|PC_reg[24]                              ; btn_in                                  ; DivisorFrequencia:Divisor_inst|clkSaida ; 0.000        ; 0.996      ; 3.188      ;
; 1.976 ; ControleSinal:out_signal_control|saida ; PC:PC_inst|PC_reg[21]                              ; btn_in                                  ; DivisorFrequencia:Divisor_inst|clkSaida ; 0.000        ; 0.996      ; 3.188      ;
; 1.976 ; ControleSinal:out_signal_control|saida ; PC:PC_inst|PC_reg[18]                              ; btn_in                                  ; DivisorFrequencia:Divisor_inst|clkSaida ; 0.000        ; 0.996      ; 3.188      ;
; 1.976 ; ControleSinal:out_signal_control|saida ; PC:PC_inst|PC_reg[19]                              ; btn_in                                  ; DivisorFrequencia:Divisor_inst|clkSaida ; 0.000        ; 0.996      ; 3.188      ;
; 1.976 ; ControleSinal:out_signal_control|saida ; PC:PC_inst|PC_reg[27]                              ; btn_in                                  ; DivisorFrequencia:Divisor_inst|clkSaida ; 0.000        ; 0.996      ; 3.188      ;
; 1.976 ; ControleSinal:out_signal_control|saida ; PC:PC_inst|PC_reg[26]                              ; btn_in                                  ; DivisorFrequencia:Divisor_inst|clkSaida ; 0.000        ; 0.996      ; 3.188      ;
; 1.976 ; ControleSinal:out_signal_control|saida ; PC:PC_inst|PC_reg[28]                              ; btn_in                                  ; DivisorFrequencia:Divisor_inst|clkSaida ; 0.000        ; 0.996      ; 3.188      ;
; 1.976 ; ControleSinal:out_signal_control|saida ; PC:PC_inst|PC_reg[30]                              ; btn_in                                  ; DivisorFrequencia:Divisor_inst|clkSaida ; 0.000        ; 0.996      ; 3.188      ;
; 1.976 ; ControleSinal:out_signal_control|saida ; PC:PC_inst|PC_reg[15]                              ; btn_in                                  ; DivisorFrequencia:Divisor_inst|clkSaida ; 0.000        ; 0.996      ; 3.188      ;
; 1.976 ; ControleSinal:out_signal_control|saida ; PC:PC_inst|PC_reg[11]                              ; btn_in                                  ; DivisorFrequencia:Divisor_inst|clkSaida ; 0.000        ; 0.996      ; 3.188      ;
; 1.978 ; PC:PC_inst|PC_reg[11]                  ; PC:PC_inst|PC_reg[11]                              ; DivisorFrequencia:Divisor_inst|clkSaida ; DivisorFrequencia:Divisor_inst|clkSaida ; 0.000        ; 0.097      ; 2.261      ;
; 1.978 ; ControleSinal:out_signal_control|saida ; PC:PC_inst|PC_reg[9]                               ; btn_in                                  ; DivisorFrequencia:Divisor_inst|clkSaida ; 0.000        ; 1.004      ; 3.198      ;
; 1.978 ; ControleSinal:out_signal_control|saida ; PC:PC_inst|PC_reg[22]                              ; btn_in                                  ; DivisorFrequencia:Divisor_inst|clkSaida ; 0.000        ; 1.004      ; 3.198      ;
; 1.978 ; ControleSinal:out_signal_control|saida ; PC:PC_inst|PC_reg[20]                              ; btn_in                                  ; DivisorFrequencia:Divisor_inst|clkSaida ; 0.000        ; 1.004      ; 3.198      ;
; 1.978 ; ControleSinal:out_signal_control|saida ; PC:PC_inst|PC_reg[14]                              ; btn_in                                  ; DivisorFrequencia:Divisor_inst|clkSaida ; 0.000        ; 1.004      ; 3.198      ;
; 1.978 ; ControleSinal:out_signal_control|saida ; PC:PC_inst|PC_reg[16]                              ; btn_in                                  ; DivisorFrequencia:Divisor_inst|clkSaida ; 0.000        ; 1.004      ; 3.198      ;
; 1.978 ; ControleSinal:out_signal_control|saida ; PC:PC_inst|PC_reg[13]                              ; btn_in                                  ; DivisorFrequencia:Divisor_inst|clkSaida ; 0.000        ; 1.004      ; 3.198      ;
; 1.978 ; ControleSinal:out_signal_control|saida ; PC:PC_inst|PC_reg[12]                              ; btn_in                                  ; DivisorFrequencia:Divisor_inst|clkSaida ; 0.000        ; 1.004      ; 3.198      ;
; 1.978 ; ControleSinal:out_signal_control|saida ; PC:PC_inst|PC_reg[31]                              ; btn_in                                  ; DivisorFrequencia:Divisor_inst|clkSaida ; 0.000        ; 1.004      ; 3.198      ;
; 1.988 ; banco:banco_inst|registradores[3][16]  ; ControleSaida:display_controller|valor_exibido[16] ; DivisorFrequencia:Divisor_inst|clkSaida ; DivisorFrequencia:Divisor_inst|clkSaida ; 0.000        ; 0.128      ; 2.302      ;
; 1.991 ; PC:PC_inst|PC_reg[21]                  ; PC:PC_inst|PC_reg[27]                              ; DivisorFrequencia:Divisor_inst|clkSaida ; DivisorFrequencia:Divisor_inst|clkSaida ; 0.000        ; 0.097      ; 2.274      ;
; 2.006 ; PC:PC_inst|PC_reg[16]                  ; PC:PC_inst|PC_reg[21]                              ; DivisorFrequencia:Divisor_inst|clkSaida ; DivisorFrequencia:Divisor_inst|clkSaida ; 0.000        ; 0.089      ; 2.281      ;
; 2.012 ; PC:PC_inst|PC_reg[26]                  ; PC:PC_inst|PC_reg[26]                              ; DivisorFrequencia:Divisor_inst|clkSaida ; DivisorFrequencia:Divisor_inst|clkSaida ; 0.000        ; 0.097      ; 2.295      ;
; 2.014 ; PC:PC_inst|PC_reg[15]                  ; PC:PC_inst|PC_reg[15]                              ; DivisorFrequencia:Divisor_inst|clkSaida ; DivisorFrequencia:Divisor_inst|clkSaida ; 0.000        ; 0.097      ; 2.297      ;
; 2.023 ; banco:banco_inst|registradores[3][20]  ; ControleSaida:display_controller|valor_exibido[20] ; DivisorFrequencia:Divisor_inst|clkSaida ; DivisorFrequencia:Divisor_inst|clkSaida ; 0.000        ; 0.121      ; 2.330      ;
; 2.026 ; banco:banco_inst|registradores[3][4]   ; ControleSaida:display_controller|valor_exibido[4]  ; DivisorFrequencia:Divisor_inst|clkSaida ; DivisorFrequencia:Divisor_inst|clkSaida ; 0.000        ; 0.153      ; 2.365      ;
; 2.029 ; PC:PC_inst|PC_reg[18]                  ; PC:PC_inst|PC_reg[21]                              ; DivisorFrequencia:Divisor_inst|clkSaida ; DivisorFrequencia:Divisor_inst|clkSaida ; 0.000        ; 0.097      ; 2.312      ;
+-------+----------------------------------------+----------------------------------------------------+-----------------------------------------+-----------------------------------------+--------------+------------+------------+


+-------------------------------------------------------------------------------------------------------------------------------------------------------------------------+
; Slow 1200mV 85C Model Recovery: 'btn_in'                                                                                                                                ;
+--------+----------------------+----------------------------------------+-----------------------------------------+-------------+--------------+------------+------------+
; Slack  ; From Node            ; To Node                                ; Launch Clock                            ; Latch Clock ; Relationship ; Clock Skew ; Data Delay ;
+--------+----------------------+----------------------------------------+-----------------------------------------+-------------+--------------+------------+------------+
; -5.873 ; PC:PC_inst|PC_reg[4] ; ControleSinal:out_signal_control|saida ; DivisorFrequencia:Divisor_inst|clkSaida ; btn_in      ; 1.000        ; -0.575     ; 6.286      ;
; -5.861 ; PC:PC_inst|PC_reg[1] ; ControleSinal:out_signal_control|saida ; DivisorFrequencia:Divisor_inst|clkSaida ; btn_in      ; 1.000        ; -0.575     ; 6.274      ;
; -5.855 ; PC:PC_inst|PC_reg[2] ; ControleSinal:out_signal_control|saida ; DivisorFrequencia:Divisor_inst|clkSaida ; btn_in      ; 1.000        ; -0.575     ; 6.268      ;
; -5.703 ; PC:PC_inst|PC_reg[0] ; ControleSinal:out_signal_control|saida ; DivisorFrequencia:Divisor_inst|clkSaida ; btn_in      ; 1.000        ; -0.576     ; 6.115      ;
; -5.589 ; PC:PC_inst|PC_reg[3] ; ControleSinal:out_signal_control|saida ; DivisorFrequencia:Divisor_inst|clkSaida ; btn_in      ; 1.000        ; -0.575     ; 6.002      ;
; -5.551 ; PC:PC_inst|PC_reg[5] ; ControleSinal:out_signal_control|saida ; DivisorFrequencia:Divisor_inst|clkSaida ; btn_in      ; 1.000        ; -0.575     ; 5.964      ;
; -5.304 ; PC:PC_inst|PC_reg[7] ; ControleSinal:out_signal_control|saida ; DivisorFrequencia:Divisor_inst|clkSaida ; btn_in      ; 1.000        ; -1.013     ; 5.279      ;
; -4.838 ; PC:PC_inst|PC_reg[6] ; ControleSinal:out_signal_control|saida ; DivisorFrequencia:Divisor_inst|clkSaida ; btn_in      ; 1.000        ; -0.576     ; 5.250      ;
; -4.688 ; PC:PC_inst|PC_reg[7] ; ControleSinal:io_signal_control|saida  ; DivisorFrequencia:Divisor_inst|clkSaida ; btn_in      ; 1.000        ; -1.013     ; 4.663      ;
; -4.333 ; PC:PC_inst|PC_reg[6] ; ControleSinal:io_signal_control|saida  ; DivisorFrequencia:Divisor_inst|clkSaida ; btn_in      ; 1.000        ; -0.576     ; 4.745      ;
; -3.755 ; PC:PC_inst|PC_reg[2] ; ControleSinal:io_signal_control|saida  ; DivisorFrequencia:Divisor_inst|clkSaida ; btn_in      ; 1.000        ; -0.575     ; 4.168      ;
; -3.628 ; PC:PC_inst|PC_reg[1] ; ControleSinal:io_signal_control|saida  ; DivisorFrequencia:Divisor_inst|clkSaida ; btn_in      ; 1.000        ; -0.575     ; 4.041      ;
; -3.471 ; PC:PC_inst|PC_reg[3] ; ControleSinal:io_signal_control|saida  ; DivisorFrequencia:Divisor_inst|clkSaida ; btn_in      ; 1.000        ; -0.575     ; 3.884      ;
; -3.236 ; PC:PC_inst|PC_reg[4] ; ControleSinal:io_signal_control|saida  ; DivisorFrequencia:Divisor_inst|clkSaida ; btn_in      ; 1.000        ; -0.575     ; 3.649      ;
; -3.030 ; PC:PC_inst|PC_reg[5] ; ControleSinal:io_signal_control|saida  ; DivisorFrequencia:Divisor_inst|clkSaida ; btn_in      ; 1.000        ; -0.575     ; 3.443      ;
; -2.932 ; PC:PC_inst|PC_reg[0] ; ControleSinal:io_signal_control|saida  ; DivisorFrequencia:Divisor_inst|clkSaida ; btn_in      ; 1.000        ; -0.576     ; 3.344      ;
+--------+----------------------+----------------------------------------+-----------------------------------------+-------------+--------------+------------+------------+


+------------------------------------------------------------------------------------------------------------------------------------------------------------------------+
; Slow 1200mV 85C Model Removal: 'btn_in'                                                                                                                                ;
+-------+----------------------+----------------------------------------+-----------------------------------------+-------------+--------------+------------+------------+
; Slack ; From Node            ; To Node                                ; Launch Clock                            ; Latch Clock ; Relationship ; Clock Skew ; Data Delay ;
+-------+----------------------+----------------------------------------+-----------------------------------------+-------------+--------------+------------+------------+
; 3.181 ; PC:PC_inst|PC_reg[0] ; ControleSinal:io_signal_control|saida  ; DivisorFrequencia:Divisor_inst|clkSaida ; btn_in      ; 0.000        ; -0.259     ; 3.138      ;
; 3.312 ; PC:PC_inst|PC_reg[4] ; ControleSinal:out_signal_control|saida ; DivisorFrequencia:Divisor_inst|clkSaida ; btn_in      ; 0.000        ; -0.258     ; 3.270      ;
; 3.329 ; PC:PC_inst|PC_reg[5] ; ControleSinal:io_signal_control|saida  ; DivisorFrequencia:Divisor_inst|clkSaida ; btn_in      ; 0.000        ; -0.258     ; 3.287      ;
; 3.417 ; PC:PC_inst|PC_reg[4] ; ControleSinal:io_signal_control|saida  ; DivisorFrequencia:Divisor_inst|clkSaida ; btn_in      ; 0.000        ; -0.258     ; 3.375      ;
; 3.456 ; PC:PC_inst|PC_reg[7] ; ControleSinal:out_signal_control|saida ; DivisorFrequencia:Divisor_inst|clkSaida ; btn_in      ; 0.000        ; -0.679     ; 2.993      ;
; 3.468 ; PC:PC_inst|PC_reg[5] ; ControleSinal:out_signal_control|saida ; DivisorFrequencia:Divisor_inst|clkSaida ; btn_in      ; 0.000        ; -0.258     ; 3.426      ;
; 3.564 ; PC:PC_inst|PC_reg[0] ; ControleSinal:out_signal_control|saida ; DivisorFrequencia:Divisor_inst|clkSaida ; btn_in      ; 0.000        ; -0.259     ; 3.521      ;
; 3.635 ; PC:PC_inst|PC_reg[1] ; ControleSinal:out_signal_control|saida ; DivisorFrequencia:Divisor_inst|clkSaida ; btn_in      ; 0.000        ; -0.258     ; 3.593      ;
; 3.648 ; PC:PC_inst|PC_reg[6] ; ControleSinal:out_signal_control|saida ; DivisorFrequencia:Divisor_inst|clkSaida ; btn_in      ; 0.000        ; -0.259     ; 3.605      ;
; 3.726 ; PC:PC_inst|PC_reg[3] ; ControleSinal:io_signal_control|saida  ; DivisorFrequencia:Divisor_inst|clkSaida ; btn_in      ; 0.000        ; -0.258     ; 3.684      ;
; 3.746 ; PC:PC_inst|PC_reg[2] ; ControleSinal:out_signal_control|saida ; DivisorFrequencia:Divisor_inst|clkSaida ; btn_in      ; 0.000        ; -0.258     ; 3.704      ;
; 3.824 ; PC:PC_inst|PC_reg[3] ; ControleSinal:out_signal_control|saida ; DivisorFrequencia:Divisor_inst|clkSaida ; btn_in      ; 0.000        ; -0.258     ; 3.782      ;
; 3.870 ; PC:PC_inst|PC_reg[1] ; ControleSinal:io_signal_control|saida  ; DivisorFrequencia:Divisor_inst|clkSaida ; btn_in      ; 0.000        ; -0.258     ; 3.828      ;
; 4.031 ; PC:PC_inst|PC_reg[2] ; ControleSinal:io_signal_control|saida  ; DivisorFrequencia:Divisor_inst|clkSaida ; btn_in      ; 0.000        ; -0.258     ; 3.989      ;
; 4.536 ; PC:PC_inst|PC_reg[6] ; ControleSinal:io_signal_control|saida  ; DivisorFrequencia:Divisor_inst|clkSaida ; btn_in      ; 0.000        ; -0.259     ; 4.493      ;
; 4.779 ; PC:PC_inst|PC_reg[7] ; ControleSinal:io_signal_control|saida  ; DivisorFrequencia:Divisor_inst|clkSaida ; btn_in      ; 0.000        ; -0.679     ; 4.316      ;
+-------+----------------------+----------------------------------------+-----------------------------------------+-------------+--------------+------------+------------+


-----------------------------------------------
; Slow 1200mV 85C Model Metastability Summary ;
-----------------------------------------------
No synchronizer chains to report.


+-------------------------------------------------------------------------------+
; Slow 1200mV 0C Model Fmax Summary                                             ;
+------------+-----------------+-----------------------------------------+------+
; Fmax       ; Restricted Fmax ; Clock Name                              ; Note ;
+------------+-----------------+-----------------------------------------+------+
; 3.6 MHz    ; 3.6 MHz         ; DivisorFrequencia:Divisor_inst|clkSaida ;      ;
; 240.73 MHz ; 240.73 MHz      ; clk_50                                  ;      ;
+------------+-----------------+-----------------------------------------+------+
This panel reports FMAX for every clock in the design, regardless of the user-specified clock periods.  FMAX is only computed for paths where the source and destination registers or ports are driven by the same clock.  Paths of different clocks, including generated clocks, are ignored.  For paths between a clock and its inversion, FMAX is computed as if the rising and falling edges are scaled along with FMAX, such that the duty cycle (in terms of a percentage) is maintained. Altera recommends that you always use clock constraints and other slack reports for sign-off analysis.


+--------------------------------------------------------------------+
; Slow 1200mV 0C Model Setup Summary                                 ;
+-----------------------------------------+----------+---------------+
; Clock                                   ; Slack    ; End Point TNS ;
+-----------------------------------------+----------+---------------+
; DivisorFrequencia:Divisor_inst|clkSaida ; -138.254 ; -303441.940   ;
; clk_50                                  ; -3.154   ; -38.144       ;
+-----------------------------------------+----------+---------------+


+-----------------------------------------------------------------+
; Slow 1200mV 0C Model Hold Summary                               ;
+-----------------------------------------+-------+---------------+
; Clock                                   ; Slack ; End Point TNS ;
+-----------------------------------------+-------+---------------+
; clk_50                                  ; 0.400 ; 0.000         ;
; DivisorFrequencia:Divisor_inst|clkSaida ; 0.832 ; 0.000         ;
+-----------------------------------------+-------+---------------+


+---------------------------------------+
; Slow 1200mV 0C Model Recovery Summary ;
+--------+--------+---------------------+
; Clock  ; Slack  ; End Point TNS       ;
+--------+--------+---------------------+
; btn_in ; -5.227 ; -9.309              ;
+--------+--------+---------------------+


+--------------------------------------+
; Slow 1200mV 0C Model Removal Summary ;
+--------+-------+---------------------+
; Clock  ; Slack ; End Point TNS       ;
+--------+-------+---------------------+
; btn_in ; 2.849 ; 0.000               ;
+--------+-------+---------------------+


+------------------------------------------------------------------+
; Slow 1200mV 0C Model Minimum Pulse Width Summary                 ;
+-----------------------------------------+--------+---------------+
; Clock                                   ; Slack  ; End Point TNS ;
+-----------------------------------------+--------+---------------+
; clk_50                                  ; -3.000 ; -36.410       ;
; btn_in                                  ; -3.000 ; -5.570        ;
; DivisorFrequencia:Divisor_inst|clkSaida ; -1.285 ; -3009.470     ;
+-----------------------------------------+--------+---------------+


+------------------------------------------------------------------------------------------------------------------------------------------------------------------------------------------------------+
; Slow 1200mV 0C Model Setup: 'DivisorFrequencia:Divisor_inst|clkSaida'                                                                                                                                ;
+----------+----------------------+---------------------------------------+-----------------------------------------+-----------------------------------------+--------------+------------+------------+
; Slack    ; From Node            ; To Node                               ; Launch Clock                            ; Latch Clock                             ; Relationship ; Clock Skew ; Data Delay ;
+----------+----------------------+---------------------------------------+-----------------------------------------+-----------------------------------------+--------------+------------+------------+
; -138.254 ; PC:PC_inst|PC_reg[1] ; banco:banco_inst|registradores[2][9]  ; DivisorFrequencia:Divisor_inst|clkSaida ; DivisorFrequencia:Divisor_inst|clkSaida ; 0.500        ; -0.004     ; 138.749    ;
; -138.248 ; PC:PC_inst|PC_reg[2] ; banco:banco_inst|registradores[2][9]  ; DivisorFrequencia:Divisor_inst|clkSaida ; DivisorFrequencia:Divisor_inst|clkSaida ; 0.500        ; -0.004     ; 138.743    ;
; -138.090 ; PC:PC_inst|PC_reg[0] ; banco:banco_inst|registradores[2][9]  ; DivisorFrequencia:Divisor_inst|clkSaida ; DivisorFrequencia:Divisor_inst|clkSaida ; 0.500        ; -0.005     ; 138.584    ;
; -138.010 ; PC:PC_inst|PC_reg[4] ; banco:banco_inst|registradores[2][9]  ; DivisorFrequencia:Divisor_inst|clkSaida ; DivisorFrequencia:Divisor_inst|clkSaida ; 0.500        ; -0.004     ; 138.505    ;
; -138.009 ; PC:PC_inst|PC_reg[3] ; banco:banco_inst|registradores[2][9]  ; DivisorFrequencia:Divisor_inst|clkSaida ; DivisorFrequencia:Divisor_inst|clkSaida ; 0.500        ; -0.004     ; 138.504    ;
; -137.948 ; PC:PC_inst|PC_reg[1] ; banco:banco_inst|registradores[5][30] ; DivisorFrequencia:Divisor_inst|clkSaida ; DivisorFrequencia:Divisor_inst|clkSaida ; 0.500        ; 0.362      ; 138.809    ;
; -137.944 ; PC:PC_inst|PC_reg[1] ; banco:banco_inst|registradores[1][30] ; DivisorFrequencia:Divisor_inst|clkSaida ; DivisorFrequencia:Divisor_inst|clkSaida ; 0.500        ; 0.366      ; 138.809    ;
; -137.942 ; PC:PC_inst|PC_reg[2] ; banco:banco_inst|registradores[5][30] ; DivisorFrequencia:Divisor_inst|clkSaida ; DivisorFrequencia:Divisor_inst|clkSaida ; 0.500        ; 0.362      ; 138.803    ;
; -137.940 ; PC:PC_inst|PC_reg[1] ; banco:banco_inst|registradores[4][9]  ; DivisorFrequencia:Divisor_inst|clkSaida ; DivisorFrequencia:Divisor_inst|clkSaida ; 0.500        ; 0.338      ; 138.777    ;
; -137.938 ; PC:PC_inst|PC_reg[2] ; banco:banco_inst|registradores[1][30] ; DivisorFrequencia:Divisor_inst|clkSaida ; DivisorFrequencia:Divisor_inst|clkSaida ; 0.500        ; 0.366      ; 138.803    ;
; -137.934 ; PC:PC_inst|PC_reg[2] ; banco:banco_inst|registradores[4][9]  ; DivisorFrequencia:Divisor_inst|clkSaida ; DivisorFrequencia:Divisor_inst|clkSaida ; 0.500        ; 0.338      ; 138.771    ;
; -137.906 ; PC:PC_inst|PC_reg[1] ; banco:banco_inst|registradores[6][9]  ; DivisorFrequencia:Divisor_inst|clkSaida ; DivisorFrequencia:Divisor_inst|clkSaida ; 0.500        ; 0.370      ; 138.775    ;
; -137.900 ; PC:PC_inst|PC_reg[2] ; banco:banco_inst|registradores[6][9]  ; DivisorFrequencia:Divisor_inst|clkSaida ; DivisorFrequencia:Divisor_inst|clkSaida ; 0.500        ; 0.370      ; 138.769    ;
; -137.784 ; PC:PC_inst|PC_reg[0] ; banco:banco_inst|registradores[5][30] ; DivisorFrequencia:Divisor_inst|clkSaida ; DivisorFrequencia:Divisor_inst|clkSaida ; 0.500        ; 0.361      ; 138.644    ;
; -137.780 ; PC:PC_inst|PC_reg[0] ; banco:banco_inst|registradores[1][30] ; DivisorFrequencia:Divisor_inst|clkSaida ; DivisorFrequencia:Divisor_inst|clkSaida ; 0.500        ; 0.365      ; 138.644    ;
; -137.776 ; PC:PC_inst|PC_reg[0] ; banco:banco_inst|registradores[4][9]  ; DivisorFrequencia:Divisor_inst|clkSaida ; DivisorFrequencia:Divisor_inst|clkSaida ; 0.500        ; 0.337      ; 138.612    ;
; -137.748 ; PC:PC_inst|PC_reg[1] ; banco:banco_inst|registradores[2][4]  ; DivisorFrequencia:Divisor_inst|clkSaida ; DivisorFrequencia:Divisor_inst|clkSaida ; 0.500        ; 0.377      ; 138.624    ;
; -137.742 ; PC:PC_inst|PC_reg[0] ; banco:banco_inst|registradores[6][9]  ; DivisorFrequencia:Divisor_inst|clkSaida ; DivisorFrequencia:Divisor_inst|clkSaida ; 0.500        ; 0.369      ; 138.610    ;
; -137.742 ; PC:PC_inst|PC_reg[2] ; banco:banco_inst|registradores[2][4]  ; DivisorFrequencia:Divisor_inst|clkSaida ; DivisorFrequencia:Divisor_inst|clkSaida ; 0.500        ; 0.377      ; 138.618    ;
; -137.704 ; PC:PC_inst|PC_reg[4] ; banco:banco_inst|registradores[5][30] ; DivisorFrequencia:Divisor_inst|clkSaida ; DivisorFrequencia:Divisor_inst|clkSaida ; 0.500        ; 0.362      ; 138.565    ;
; -137.703 ; PC:PC_inst|PC_reg[3] ; banco:banco_inst|registradores[5][30] ; DivisorFrequencia:Divisor_inst|clkSaida ; DivisorFrequencia:Divisor_inst|clkSaida ; 0.500        ; 0.362      ; 138.564    ;
; -137.700 ; PC:PC_inst|PC_reg[4] ; banco:banco_inst|registradores[1][30] ; DivisorFrequencia:Divisor_inst|clkSaida ; DivisorFrequencia:Divisor_inst|clkSaida ; 0.500        ; 0.366      ; 138.565    ;
; -137.699 ; PC:PC_inst|PC_reg[3] ; banco:banco_inst|registradores[1][30] ; DivisorFrequencia:Divisor_inst|clkSaida ; DivisorFrequencia:Divisor_inst|clkSaida ; 0.500        ; 0.366      ; 138.564    ;
; -137.696 ; PC:PC_inst|PC_reg[4] ; banco:banco_inst|registradores[4][9]  ; DivisorFrequencia:Divisor_inst|clkSaida ; DivisorFrequencia:Divisor_inst|clkSaida ; 0.500        ; 0.338      ; 138.533    ;
; -137.695 ; PC:PC_inst|PC_reg[3] ; banco:banco_inst|registradores[4][9]  ; DivisorFrequencia:Divisor_inst|clkSaida ; DivisorFrequencia:Divisor_inst|clkSaida ; 0.500        ; 0.338      ; 138.532    ;
; -137.693 ; PC:PC_inst|PC_reg[1] ; banco:banco_inst|registradores[3][9]  ; DivisorFrequencia:Divisor_inst|clkSaida ; DivisorFrequencia:Divisor_inst|clkSaida ; 0.500        ; 0.346      ; 138.538    ;
; -137.687 ; PC:PC_inst|PC_reg[2] ; banco:banco_inst|registradores[3][9]  ; DivisorFrequencia:Divisor_inst|clkSaida ; DivisorFrequencia:Divisor_inst|clkSaida ; 0.500        ; 0.346      ; 138.532    ;
; -137.662 ; PC:PC_inst|PC_reg[4] ; banco:banco_inst|registradores[6][9]  ; DivisorFrequencia:Divisor_inst|clkSaida ; DivisorFrequencia:Divisor_inst|clkSaida ; 0.500        ; 0.370      ; 138.531    ;
; -137.661 ; PC:PC_inst|PC_reg[3] ; banco:banco_inst|registradores[6][9]  ; DivisorFrequencia:Divisor_inst|clkSaida ; DivisorFrequencia:Divisor_inst|clkSaida ; 0.500        ; 0.370      ; 138.530    ;
; -137.628 ; PC:PC_inst|PC_reg[1] ; banco:banco_inst|registradores[1][9]  ; DivisorFrequencia:Divisor_inst|clkSaida ; DivisorFrequencia:Divisor_inst|clkSaida ; 0.500        ; 0.379      ; 138.506    ;
; -137.625 ; PC:PC_inst|PC_reg[5] ; banco:banco_inst|registradores[2][9]  ; DivisorFrequencia:Divisor_inst|clkSaida ; DivisorFrequencia:Divisor_inst|clkSaida ; 0.500        ; -0.004     ; 138.120    ;
; -137.622 ; PC:PC_inst|PC_reg[2] ; banco:banco_inst|registradores[1][9]  ; DivisorFrequencia:Divisor_inst|clkSaida ; DivisorFrequencia:Divisor_inst|clkSaida ; 0.500        ; 0.379      ; 138.500    ;
; -137.620 ; PC:PC_inst|PC_reg[1] ; banco:banco_inst|registradores[6][30] ; DivisorFrequencia:Divisor_inst|clkSaida ; DivisorFrequencia:Divisor_inst|clkSaida ; 0.500        ; 0.375      ; 138.494    ;
; -137.614 ; PC:PC_inst|PC_reg[2] ; banco:banco_inst|registradores[6][30] ; DivisorFrequencia:Divisor_inst|clkSaida ; DivisorFrequencia:Divisor_inst|clkSaida ; 0.500        ; 0.375      ; 138.488    ;
; -137.607 ; PC:PC_inst|PC_reg[1] ; banco:banco_inst|registradores[5][9]  ; DivisorFrequencia:Divisor_inst|clkSaida ; DivisorFrequencia:Divisor_inst|clkSaida ; 0.500        ; 0.334      ; 138.440    ;
; -137.601 ; PC:PC_inst|PC_reg[2] ; banco:banco_inst|registradores[5][9]  ; DivisorFrequencia:Divisor_inst|clkSaida ; DivisorFrequencia:Divisor_inst|clkSaida ; 0.500        ; 0.334      ; 138.434    ;
; -137.584 ; PC:PC_inst|PC_reg[0] ; banco:banco_inst|registradores[2][4]  ; DivisorFrequencia:Divisor_inst|clkSaida ; DivisorFrequencia:Divisor_inst|clkSaida ; 0.500        ; 0.376      ; 138.459    ;
; -137.552 ; PC:PC_inst|PC_reg[1] ; banco:banco_inst|registradores[3][30] ; DivisorFrequencia:Divisor_inst|clkSaida ; DivisorFrequencia:Divisor_inst|clkSaida ; 0.500        ; 0.377      ; 138.428    ;
; -137.550 ; PC:PC_inst|PC_reg[1] ; banco:banco_inst|registradores[1][25] ; DivisorFrequencia:Divisor_inst|clkSaida ; DivisorFrequencia:Divisor_inst|clkSaida ; 0.500        ; 0.343      ; 138.392    ;
; -137.548 ; PC:PC_inst|PC_reg[1] ; banco:banco_inst|registradores[3][25] ; DivisorFrequencia:Divisor_inst|clkSaida ; DivisorFrequencia:Divisor_inst|clkSaida ; 0.500        ; 0.346      ; 138.393    ;
; -137.546 ; PC:PC_inst|PC_reg[2] ; banco:banco_inst|registradores[3][30] ; DivisorFrequencia:Divisor_inst|clkSaida ; DivisorFrequencia:Divisor_inst|clkSaida ; 0.500        ; 0.377      ; 138.422    ;
; -137.544 ; PC:PC_inst|PC_reg[2] ; banco:banco_inst|registradores[1][25] ; DivisorFrequencia:Divisor_inst|clkSaida ; DivisorFrequencia:Divisor_inst|clkSaida ; 0.500        ; 0.343      ; 138.386    ;
; -137.542 ; PC:PC_inst|PC_reg[2] ; banco:banco_inst|registradores[3][25] ; DivisorFrequencia:Divisor_inst|clkSaida ; DivisorFrequencia:Divisor_inst|clkSaida ; 0.500        ; 0.346      ; 138.387    ;
; -137.535 ; PC:PC_inst|PC_reg[1] ; banco:banco_inst|registradores[5][21] ; DivisorFrequencia:Divisor_inst|clkSaida ; DivisorFrequencia:Divisor_inst|clkSaida ; 0.500        ; -0.011     ; 138.023    ;
; -137.529 ; PC:PC_inst|PC_reg[0] ; banco:banco_inst|registradores[3][9]  ; DivisorFrequencia:Divisor_inst|clkSaida ; DivisorFrequencia:Divisor_inst|clkSaida ; 0.500        ; 0.345      ; 138.373    ;
; -137.529 ; PC:PC_inst|PC_reg[2] ; banco:banco_inst|registradores[5][21] ; DivisorFrequencia:Divisor_inst|clkSaida ; DivisorFrequencia:Divisor_inst|clkSaida ; 0.500        ; -0.011     ; 138.017    ;
; -137.520 ; PC:PC_inst|PC_reg[1] ; banco:banco_inst|registradores[3][0]  ; DivisorFrequencia:Divisor_inst|clkSaida ; DivisorFrequencia:Divisor_inst|clkSaida ; 0.500        ; 0.376      ; 138.395    ;
; -137.514 ; PC:PC_inst|PC_reg[2] ; banco:banco_inst|registradores[3][0]  ; DivisorFrequencia:Divisor_inst|clkSaida ; DivisorFrequencia:Divisor_inst|clkSaida ; 0.500        ; 0.376      ; 138.389    ;
; -137.504 ; PC:PC_inst|PC_reg[4] ; banco:banco_inst|registradores[2][4]  ; DivisorFrequencia:Divisor_inst|clkSaida ; DivisorFrequencia:Divisor_inst|clkSaida ; 0.500        ; 0.377      ; 138.380    ;
; -137.503 ; PC:PC_inst|PC_reg[3] ; banco:banco_inst|registradores[2][4]  ; DivisorFrequencia:Divisor_inst|clkSaida ; DivisorFrequencia:Divisor_inst|clkSaida ; 0.500        ; 0.377      ; 138.379    ;
; -137.502 ; PC:PC_inst|PC_reg[1] ; banco:banco_inst|registradores[4][30] ; DivisorFrequencia:Divisor_inst|clkSaida ; DivisorFrequencia:Divisor_inst|clkSaida ; 0.500        ; 0.342      ; 138.343    ;
; -137.496 ; PC:PC_inst|PC_reg[2] ; banco:banco_inst|registradores[4][30] ; DivisorFrequencia:Divisor_inst|clkSaida ; DivisorFrequencia:Divisor_inst|clkSaida ; 0.500        ; 0.342      ; 138.337    ;
; -137.492 ; PC:PC_inst|PC_reg[1] ; banco:banco_inst|registradores[1][21] ; DivisorFrequencia:Divisor_inst|clkSaida ; DivisorFrequencia:Divisor_inst|clkSaida ; 0.500        ; 0.312      ; 138.303    ;
; -137.486 ; PC:PC_inst|PC_reg[2] ; banco:banco_inst|registradores[1][21] ; DivisorFrequencia:Divisor_inst|clkSaida ; DivisorFrequencia:Divisor_inst|clkSaida ; 0.500        ; 0.312      ; 138.297    ;
; -137.469 ; PC:PC_inst|PC_reg[1] ; banco:banco_inst|registradores[4][25] ; DivisorFrequencia:Divisor_inst|clkSaida ; DivisorFrequencia:Divisor_inst|clkSaida ; 0.500        ; 0.364      ; 138.332    ;
; -137.468 ; PC:PC_inst|PC_reg[7] ; banco:banco_inst|registradores[2][9]  ; DivisorFrequencia:Divisor_inst|clkSaida ; DivisorFrequencia:Divisor_inst|clkSaida ; 0.500        ; -0.389     ; 137.578    ;
; -137.464 ; PC:PC_inst|PC_reg[0] ; banco:banco_inst|registradores[1][9]  ; DivisorFrequencia:Divisor_inst|clkSaida ; DivisorFrequencia:Divisor_inst|clkSaida ; 0.500        ; 0.378      ; 138.341    ;
; -137.463 ; PC:PC_inst|PC_reg[2] ; banco:banco_inst|registradores[4][25] ; DivisorFrequencia:Divisor_inst|clkSaida ; DivisorFrequencia:Divisor_inst|clkSaida ; 0.500        ; 0.364      ; 138.326    ;
; -137.460 ; PC:PC_inst|PC_reg[1] ; banco:banco_inst|registradores[6][25] ; DivisorFrequencia:Divisor_inst|clkSaida ; DivisorFrequencia:Divisor_inst|clkSaida ; 0.500        ; 0.370      ; 138.329    ;
; -137.456 ; PC:PC_inst|PC_reg[0] ; banco:banco_inst|registradores[6][30] ; DivisorFrequencia:Divisor_inst|clkSaida ; DivisorFrequencia:Divisor_inst|clkSaida ; 0.500        ; 0.374      ; 138.329    ;
; -137.454 ; PC:PC_inst|PC_reg[2] ; banco:banco_inst|registradores[6][25] ; DivisorFrequencia:Divisor_inst|clkSaida ; DivisorFrequencia:Divisor_inst|clkSaida ; 0.500        ; 0.370      ; 138.323    ;
; -137.449 ; PC:PC_inst|PC_reg[4] ; banco:banco_inst|registradores[3][9]  ; DivisorFrequencia:Divisor_inst|clkSaida ; DivisorFrequencia:Divisor_inst|clkSaida ; 0.500        ; 0.346      ; 138.294    ;
; -137.448 ; PC:PC_inst|PC_reg[3] ; banco:banco_inst|registradores[3][9]  ; DivisorFrequencia:Divisor_inst|clkSaida ; DivisorFrequencia:Divisor_inst|clkSaida ; 0.500        ; 0.346      ; 138.293    ;
; -137.443 ; PC:PC_inst|PC_reg[0] ; banco:banco_inst|registradores[5][9]  ; DivisorFrequencia:Divisor_inst|clkSaida ; DivisorFrequencia:Divisor_inst|clkSaida ; 0.500        ; 0.333      ; 138.275    ;
; -137.427 ; PC:PC_inst|PC_reg[1] ; banco:banco_inst|registradores[4][21] ; DivisorFrequencia:Divisor_inst|clkSaida ; DivisorFrequencia:Divisor_inst|clkSaida ; 0.500        ; 0.338      ; 138.264    ;
; -137.421 ; PC:PC_inst|PC_reg[2] ; banco:banco_inst|registradores[4][21] ; DivisorFrequencia:Divisor_inst|clkSaida ; DivisorFrequencia:Divisor_inst|clkSaida ; 0.500        ; 0.338      ; 138.258    ;
; -137.394 ; PC:PC_inst|PC_reg[1] ; banco:banco_inst|registradores[6][21] ; DivisorFrequencia:Divisor_inst|clkSaida ; DivisorFrequencia:Divisor_inst|clkSaida ; 0.500        ; 0.370      ; 138.263    ;
; -137.388 ; PC:PC_inst|PC_reg[0] ; banco:banco_inst|registradores[3][30] ; DivisorFrequencia:Divisor_inst|clkSaida ; DivisorFrequencia:Divisor_inst|clkSaida ; 0.500        ; 0.376      ; 138.263    ;
; -137.388 ; PC:PC_inst|PC_reg[2] ; banco:banco_inst|registradores[6][21] ; DivisorFrequencia:Divisor_inst|clkSaida ; DivisorFrequencia:Divisor_inst|clkSaida ; 0.500        ; 0.370      ; 138.257    ;
; -137.386 ; PC:PC_inst|PC_reg[0] ; banco:banco_inst|registradores[1][25] ; DivisorFrequencia:Divisor_inst|clkSaida ; DivisorFrequencia:Divisor_inst|clkSaida ; 0.500        ; 0.342      ; 138.227    ;
; -137.384 ; PC:PC_inst|PC_reg[4] ; banco:banco_inst|registradores[1][9]  ; DivisorFrequencia:Divisor_inst|clkSaida ; DivisorFrequencia:Divisor_inst|clkSaida ; 0.500        ; 0.379      ; 138.262    ;
; -137.384 ; PC:PC_inst|PC_reg[0] ; banco:banco_inst|registradores[3][25] ; DivisorFrequencia:Divisor_inst|clkSaida ; DivisorFrequencia:Divisor_inst|clkSaida ; 0.500        ; 0.345      ; 138.228    ;
; -137.383 ; PC:PC_inst|PC_reg[3] ; banco:banco_inst|registradores[1][9]  ; DivisorFrequencia:Divisor_inst|clkSaida ; DivisorFrequencia:Divisor_inst|clkSaida ; 0.500        ; 0.379      ; 138.261    ;
; -137.376 ; PC:PC_inst|PC_reg[4] ; banco:banco_inst|registradores[6][30] ; DivisorFrequencia:Divisor_inst|clkSaida ; DivisorFrequencia:Divisor_inst|clkSaida ; 0.500        ; 0.375      ; 138.250    ;
; -137.375 ; PC:PC_inst|PC_reg[3] ; banco:banco_inst|registradores[6][30] ; DivisorFrequencia:Divisor_inst|clkSaida ; DivisorFrequencia:Divisor_inst|clkSaida ; 0.500        ; 0.375      ; 138.249    ;
; -137.371 ; PC:PC_inst|PC_reg[0] ; banco:banco_inst|registradores[5][21] ; DivisorFrequencia:Divisor_inst|clkSaida ; DivisorFrequencia:Divisor_inst|clkSaida ; 0.500        ; -0.012     ; 137.858    ;
; -137.363 ; PC:PC_inst|PC_reg[4] ; banco:banco_inst|registradores[5][9]  ; DivisorFrequencia:Divisor_inst|clkSaida ; DivisorFrequencia:Divisor_inst|clkSaida ; 0.500        ; 0.334      ; 138.196    ;
; -137.362 ; PC:PC_inst|PC_reg[3] ; banco:banco_inst|registradores[5][9]  ; DivisorFrequencia:Divisor_inst|clkSaida ; DivisorFrequencia:Divisor_inst|clkSaida ; 0.500        ; 0.334      ; 138.195    ;
; -137.356 ; PC:PC_inst|PC_reg[0] ; banco:banco_inst|registradores[3][0]  ; DivisorFrequencia:Divisor_inst|clkSaida ; DivisorFrequencia:Divisor_inst|clkSaida ; 0.500        ; 0.375      ; 138.230    ;
; -137.338 ; PC:PC_inst|PC_reg[0] ; banco:banco_inst|registradores[4][30] ; DivisorFrequencia:Divisor_inst|clkSaida ; DivisorFrequencia:Divisor_inst|clkSaida ; 0.500        ; 0.341      ; 138.178    ;
; -137.328 ; PC:PC_inst|PC_reg[0] ; banco:banco_inst|registradores[1][21] ; DivisorFrequencia:Divisor_inst|clkSaida ; DivisorFrequencia:Divisor_inst|clkSaida ; 0.500        ; 0.311      ; 138.138    ;
; -137.322 ; PC:PC_inst|PC_reg[1] ; banco:banco_inst|registradores[6][20] ; DivisorFrequencia:Divisor_inst|clkSaida ; DivisorFrequencia:Divisor_inst|clkSaida ; 0.500        ; 0.346      ; 138.167    ;
; -137.320 ; PC:PC_inst|PC_reg[1] ; banco:banco_inst|registradores[1][20] ; DivisorFrequencia:Divisor_inst|clkSaida ; DivisorFrequencia:Divisor_inst|clkSaida ; 0.500        ; 0.379      ; 138.198    ;
; -137.319 ; PC:PC_inst|PC_reg[5] ; banco:banco_inst|registradores[5][30] ; DivisorFrequencia:Divisor_inst|clkSaida ; DivisorFrequencia:Divisor_inst|clkSaida ; 0.500        ; 0.362      ; 138.180    ;
; -137.316 ; PC:PC_inst|PC_reg[2] ; banco:banco_inst|registradores[6][20] ; DivisorFrequencia:Divisor_inst|clkSaida ; DivisorFrequencia:Divisor_inst|clkSaida ; 0.500        ; 0.346      ; 138.161    ;
; -137.315 ; PC:PC_inst|PC_reg[5] ; banco:banco_inst|registradores[1][30] ; DivisorFrequencia:Divisor_inst|clkSaida ; DivisorFrequencia:Divisor_inst|clkSaida ; 0.500        ; 0.366      ; 138.180    ;
; -137.314 ; PC:PC_inst|PC_reg[2] ; banco:banco_inst|registradores[1][20] ; DivisorFrequencia:Divisor_inst|clkSaida ; DivisorFrequencia:Divisor_inst|clkSaida ; 0.500        ; 0.379      ; 138.192    ;
; -137.312 ; PC:PC_inst|PC_reg[1] ; banco:banco_inst|registradores[1][12] ; DivisorFrequencia:Divisor_inst|clkSaida ; DivisorFrequencia:Divisor_inst|clkSaida ; 0.500        ; 0.413      ; 138.224    ;
; -137.311 ; PC:PC_inst|PC_reg[5] ; banco:banco_inst|registradores[4][9]  ; DivisorFrequencia:Divisor_inst|clkSaida ; DivisorFrequencia:Divisor_inst|clkSaida ; 0.500        ; 0.338      ; 138.148    ;
; -137.308 ; PC:PC_inst|PC_reg[4] ; banco:banco_inst|registradores[3][30] ; DivisorFrequencia:Divisor_inst|clkSaida ; DivisorFrequencia:Divisor_inst|clkSaida ; 0.500        ; 0.377      ; 138.184    ;
; -137.307 ; PC:PC_inst|PC_reg[3] ; banco:banco_inst|registradores[3][30] ; DivisorFrequencia:Divisor_inst|clkSaida ; DivisorFrequencia:Divisor_inst|clkSaida ; 0.500        ; 0.377      ; 138.183    ;
; -137.306 ; PC:PC_inst|PC_reg[4] ; banco:banco_inst|registradores[1][25] ; DivisorFrequencia:Divisor_inst|clkSaida ; DivisorFrequencia:Divisor_inst|clkSaida ; 0.500        ; 0.343      ; 138.148    ;
; -137.306 ; PC:PC_inst|PC_reg[2] ; banco:banco_inst|registradores[1][12] ; DivisorFrequencia:Divisor_inst|clkSaida ; DivisorFrequencia:Divisor_inst|clkSaida ; 0.500        ; 0.413      ; 138.218    ;
; -137.305 ; PC:PC_inst|PC_reg[3] ; banco:banco_inst|registradores[1][25] ; DivisorFrequencia:Divisor_inst|clkSaida ; DivisorFrequencia:Divisor_inst|clkSaida ; 0.500        ; 0.343      ; 138.147    ;
; -137.305 ; PC:PC_inst|PC_reg[0] ; banco:banco_inst|registradores[4][25] ; DivisorFrequencia:Divisor_inst|clkSaida ; DivisorFrequencia:Divisor_inst|clkSaida ; 0.500        ; 0.363      ; 138.167    ;
; -137.304 ; PC:PC_inst|PC_reg[4] ; banco:banco_inst|registradores[3][25] ; DivisorFrequencia:Divisor_inst|clkSaida ; DivisorFrequencia:Divisor_inst|clkSaida ; 0.500        ; 0.346      ; 138.149    ;
; -137.303 ; PC:PC_inst|PC_reg[3] ; banco:banco_inst|registradores[3][25] ; DivisorFrequencia:Divisor_inst|clkSaida ; DivisorFrequencia:Divisor_inst|clkSaida ; 0.500        ; 0.346      ; 138.148    ;
; -137.296 ; PC:PC_inst|PC_reg[0] ; banco:banco_inst|registradores[6][25] ; DivisorFrequencia:Divisor_inst|clkSaida ; DivisorFrequencia:Divisor_inst|clkSaida ; 0.500        ; 0.369      ; 138.164    ;
; -137.293 ; PC:PC_inst|PC_reg[1] ; banco:banco_inst|registradores[3][20] ; DivisorFrequencia:Divisor_inst|clkSaida ; DivisorFrequencia:Divisor_inst|clkSaida ; 0.500        ; 0.378      ; 138.170    ;
; -137.291 ; PC:PC_inst|PC_reg[4] ; banco:banco_inst|registradores[5][21] ; DivisorFrequencia:Divisor_inst|clkSaida ; DivisorFrequencia:Divisor_inst|clkSaida ; 0.500        ; -0.011     ; 137.779    ;
+----------+----------------------+---------------------------------------+-----------------------------------------+-----------------------------------------+--------------+------------+------------+


+--------------------------------------------------------------------------------------------------------------------------------------------------------------------------+
; Slow 1200mV 0C Model Setup: 'clk_50'                                                                                                                                     ;
+--------+---------------------------------------------+---------------------------------------------+--------------+-------------+--------------+------------+------------+
; Slack  ; From Node                                   ; To Node                                     ; Launch Clock ; Latch Clock ; Relationship ; Clock Skew ; Data Delay ;
+--------+---------------------------------------------+---------------------------------------------+--------------+-------------+--------------+------------+------------+
; -3.154 ; DivisorFrequencia:Divisor_inst|contador[15] ; DivisorFrequencia:Divisor_inst|clkSaida     ; clk_50       ; clk_50      ; 1.000        ; -0.070     ; 4.083      ;
; -3.149 ; DivisorFrequencia:Divisor_inst|contador[12] ; DivisorFrequencia:Divisor_inst|clkSaida     ; clk_50       ; clk_50      ; 1.000        ; -0.070     ; 4.078      ;
; -3.072 ; DivisorFrequencia:Divisor_inst|contador[23] ; DivisorFrequencia:Divisor_inst|clkSaida     ; clk_50       ; clk_50      ; 1.000        ; -0.070     ; 4.001      ;
; -3.065 ; DivisorFrequencia:Divisor_inst|contador[21] ; DivisorFrequencia:Divisor_inst|clkSaida     ; clk_50       ; clk_50      ; 1.000        ; -0.070     ; 3.994      ;
; -3.043 ; DivisorFrequencia:Divisor_inst|contador[2]  ; DivisorFrequencia:Divisor_inst|clkSaida     ; clk_50       ; clk_50      ; 1.000        ; -0.071     ; 3.971      ;
; -3.035 ; DivisorFrequencia:Divisor_inst|contador[22] ; DivisorFrequencia:Divisor_inst|clkSaida     ; clk_50       ; clk_50      ; 1.000        ; -0.070     ; 3.964      ;
; -2.994 ; DivisorFrequencia:Divisor_inst|contador[14] ; DivisorFrequencia:Divisor_inst|clkSaida     ; clk_50       ; clk_50      ; 1.000        ; -0.070     ; 3.923      ;
; -2.978 ; DivisorFrequencia:Divisor_inst|contador[7]  ; DivisorFrequencia:Divisor_inst|clkSaida     ; clk_50       ; clk_50      ; 1.000        ; -0.071     ; 3.906      ;
; -2.959 ; DivisorFrequencia:Divisor_inst|contador[18] ; DivisorFrequencia:Divisor_inst|clkSaida     ; clk_50       ; clk_50      ; 1.000        ; -0.070     ; 3.888      ;
; -2.952 ; DivisorFrequencia:Divisor_inst|contador[19] ; DivisorFrequencia:Divisor_inst|clkSaida     ; clk_50       ; clk_50      ; 1.000        ; -0.070     ; 3.881      ;
; -2.924 ; DivisorFrequencia:Divisor_inst|contador[3]  ; DivisorFrequencia:Divisor_inst|clkSaida     ; clk_50       ; clk_50      ; 1.000        ; -0.071     ; 3.852      ;
; -2.912 ; DivisorFrequencia:Divisor_inst|contador[6]  ; DivisorFrequencia:Divisor_inst|clkSaida     ; clk_50       ; clk_50      ; 1.000        ; -0.071     ; 3.840      ;
; -2.907 ; DivisorFrequencia:Divisor_inst|contador[5]  ; DivisorFrequencia:Divisor_inst|clkSaida     ; clk_50       ; clk_50      ; 1.000        ; -0.071     ; 3.835      ;
; -2.884 ; DivisorFrequencia:Divisor_inst|contador[13] ; DivisorFrequencia:Divisor_inst|clkSaida     ; clk_50       ; clk_50      ; 1.000        ; -0.070     ; 3.813      ;
; -2.883 ; DivisorFrequencia:Divisor_inst|contador[0]  ; DivisorFrequencia:Divisor_inst|clkSaida     ; clk_50       ; clk_50      ; 1.000        ; -0.071     ; 3.811      ;
; -2.816 ; DivisorFrequencia:Divisor_inst|contador[4]  ; DivisorFrequencia:Divisor_inst|clkSaida     ; clk_50       ; clk_50      ; 1.000        ; -0.071     ; 3.744      ;
; -2.802 ; DivisorFrequencia:Divisor_inst|contador[20] ; DivisorFrequencia:Divisor_inst|clkSaida     ; clk_50       ; clk_50      ; 1.000        ; -0.070     ; 3.731      ;
; -2.798 ; DivisorFrequencia:Divisor_inst|contador[16] ; DivisorFrequencia:Divisor_inst|clkSaida     ; clk_50       ; clk_50      ; 1.000        ; -0.070     ; 3.727      ;
; -2.786 ; DivisorFrequencia:Divisor_inst|contador[9]  ; DivisorFrequencia:Divisor_inst|clkSaida     ; clk_50       ; clk_50      ; 1.000        ; -0.071     ; 3.714      ;
; -2.754 ; DivisorFrequencia:Divisor_inst|contador[11] ; DivisorFrequencia:Divisor_inst|clkSaida     ; clk_50       ; clk_50      ; 1.000        ; -0.071     ; 3.682      ;
; -2.720 ; DivisorFrequencia:Divisor_inst|contador[10] ; DivisorFrequencia:Divisor_inst|clkSaida     ; clk_50       ; clk_50      ; 1.000        ; -0.071     ; 3.648      ;
; -2.695 ; DivisorFrequencia:Divisor_inst|contador[8]  ; DivisorFrequencia:Divisor_inst|clkSaida     ; clk_50       ; clk_50      ; 1.000        ; -0.071     ; 3.623      ;
; -2.690 ; DivisorFrequencia:Divisor_inst|contador[17] ; DivisorFrequencia:Divisor_inst|clkSaida     ; clk_50       ; clk_50      ; 1.000        ; -0.070     ; 3.619      ;
; -2.675 ; DivisorFrequencia:Divisor_inst|contador[1]  ; DivisorFrequencia:Divisor_inst|clkSaida     ; clk_50       ; clk_50      ; 1.000        ; -0.071     ; 3.603      ;
; -2.551 ; DivisorFrequencia:Divisor_inst|contador[24] ; DivisorFrequencia:Divisor_inst|clkSaida     ; clk_50       ; clk_50      ; 1.000        ; -0.070     ; 3.480      ;
; -1.924 ; DivisorFrequencia:Divisor_inst|contador[1]  ; DivisorFrequencia:Divisor_inst|contador[24] ; clk_50       ; clk_50      ; 1.000        ; -0.073     ; 2.850      ;
; -1.859 ; DivisorFrequencia:Divisor_inst|contador[15] ; DivisorFrequencia:Divisor_inst|contador[0]  ; clk_50       ; clk_50      ; 1.000        ; -0.071     ; 2.787      ;
; -1.859 ; DivisorFrequencia:Divisor_inst|contador[15] ; DivisorFrequencia:Divisor_inst|contador[1]  ; clk_50       ; clk_50      ; 1.000        ; -0.071     ; 2.787      ;
; -1.859 ; DivisorFrequencia:Divisor_inst|contador[15] ; DivisorFrequencia:Divisor_inst|contador[4]  ; clk_50       ; clk_50      ; 1.000        ; -0.071     ; 2.787      ;
; -1.859 ; DivisorFrequencia:Divisor_inst|contador[15] ; DivisorFrequencia:Divisor_inst|contador[5]  ; clk_50       ; clk_50      ; 1.000        ; -0.071     ; 2.787      ;
; -1.854 ; DivisorFrequencia:Divisor_inst|contador[12] ; DivisorFrequencia:Divisor_inst|contador[0]  ; clk_50       ; clk_50      ; 1.000        ; -0.071     ; 2.782      ;
; -1.854 ; DivisorFrequencia:Divisor_inst|contador[12] ; DivisorFrequencia:Divisor_inst|contador[1]  ; clk_50       ; clk_50      ; 1.000        ; -0.071     ; 2.782      ;
; -1.854 ; DivisorFrequencia:Divisor_inst|contador[12] ; DivisorFrequencia:Divisor_inst|contador[4]  ; clk_50       ; clk_50      ; 1.000        ; -0.071     ; 2.782      ;
; -1.854 ; DivisorFrequencia:Divisor_inst|contador[12] ; DivisorFrequencia:Divisor_inst|contador[5]  ; clk_50       ; clk_50      ; 1.000        ; -0.071     ; 2.782      ;
; -1.850 ; DivisorFrequencia:Divisor_inst|contador[0]  ; DivisorFrequencia:Divisor_inst|contador[24] ; clk_50       ; clk_50      ; 1.000        ; -0.073     ; 2.776      ;
; -1.823 ; DivisorFrequencia:Divisor_inst|contador[0]  ; DivisorFrequencia:Divisor_inst|contador[23] ; clk_50       ; clk_50      ; 1.000        ; -0.073     ; 2.749      ;
; -1.809 ; DivisorFrequencia:Divisor_inst|contador[3]  ; DivisorFrequencia:Divisor_inst|contador[24] ; clk_50       ; clk_50      ; 1.000        ; -0.073     ; 2.735      ;
; -1.808 ; DivisorFrequencia:Divisor_inst|contador[1]  ; DivisorFrequencia:Divisor_inst|contador[22] ; clk_50       ; clk_50      ; 1.000        ; -0.073     ; 2.734      ;
; -1.779 ; DivisorFrequencia:Divisor_inst|contador[1]  ; DivisorFrequencia:Divisor_inst|contador[23] ; clk_50       ; clk_50      ; 1.000        ; -0.073     ; 2.705      ;
; -1.777 ; DivisorFrequencia:Divisor_inst|contador[23] ; DivisorFrequencia:Divisor_inst|contador[0]  ; clk_50       ; clk_50      ; 1.000        ; -0.071     ; 2.705      ;
; -1.777 ; DivisorFrequencia:Divisor_inst|contador[23] ; DivisorFrequencia:Divisor_inst|contador[1]  ; clk_50       ; clk_50      ; 1.000        ; -0.071     ; 2.705      ;
; -1.777 ; DivisorFrequencia:Divisor_inst|contador[23] ; DivisorFrequencia:Divisor_inst|contador[4]  ; clk_50       ; clk_50      ; 1.000        ; -0.071     ; 2.705      ;
; -1.777 ; DivisorFrequencia:Divisor_inst|contador[23] ; DivisorFrequencia:Divisor_inst|contador[5]  ; clk_50       ; clk_50      ; 1.000        ; -0.071     ; 2.705      ;
; -1.770 ; DivisorFrequencia:Divisor_inst|contador[21] ; DivisorFrequencia:Divisor_inst|contador[0]  ; clk_50       ; clk_50      ; 1.000        ; -0.071     ; 2.698      ;
; -1.770 ; DivisorFrequencia:Divisor_inst|contador[21] ; DivisorFrequencia:Divisor_inst|contador[1]  ; clk_50       ; clk_50      ; 1.000        ; -0.071     ; 2.698      ;
; -1.770 ; DivisorFrequencia:Divisor_inst|contador[21] ; DivisorFrequencia:Divisor_inst|contador[4]  ; clk_50       ; clk_50      ; 1.000        ; -0.071     ; 2.698      ;
; -1.770 ; DivisorFrequencia:Divisor_inst|contador[21] ; DivisorFrequencia:Divisor_inst|contador[5]  ; clk_50       ; clk_50      ; 1.000        ; -0.071     ; 2.698      ;
; -1.740 ; DivisorFrequencia:Divisor_inst|contador[22] ; DivisorFrequencia:Divisor_inst|contador[0]  ; clk_50       ; clk_50      ; 1.000        ; -0.071     ; 2.668      ;
; -1.740 ; DivisorFrequencia:Divisor_inst|contador[22] ; DivisorFrequencia:Divisor_inst|contador[1]  ; clk_50       ; clk_50      ; 1.000        ; -0.071     ; 2.668      ;
; -1.740 ; DivisorFrequencia:Divisor_inst|contador[22] ; DivisorFrequencia:Divisor_inst|contador[4]  ; clk_50       ; clk_50      ; 1.000        ; -0.071     ; 2.668      ;
; -1.740 ; DivisorFrequencia:Divisor_inst|contador[22] ; DivisorFrequencia:Divisor_inst|contador[5]  ; clk_50       ; clk_50      ; 1.000        ; -0.071     ; 2.668      ;
; -1.734 ; DivisorFrequencia:Divisor_inst|contador[2]  ; DivisorFrequencia:Divisor_inst|contador[24] ; clk_50       ; clk_50      ; 1.000        ; -0.073     ; 2.660      ;
; -1.734 ; DivisorFrequencia:Divisor_inst|contador[0]  ; DivisorFrequencia:Divisor_inst|contador[22] ; clk_50       ; clk_50      ; 1.000        ; -0.073     ; 2.660      ;
; -1.723 ; DivisorFrequencia:Divisor_inst|contador[2]  ; DivisorFrequencia:Divisor_inst|contador[0]  ; clk_50       ; clk_50      ; 1.000        ; -0.072     ; 2.650      ;
; -1.723 ; DivisorFrequencia:Divisor_inst|contador[2]  ; DivisorFrequencia:Divisor_inst|contador[1]  ; clk_50       ; clk_50      ; 1.000        ; -0.072     ; 2.650      ;
; -1.723 ; DivisorFrequencia:Divisor_inst|contador[2]  ; DivisorFrequencia:Divisor_inst|contador[4]  ; clk_50       ; clk_50      ; 1.000        ; -0.072     ; 2.650      ;
; -1.723 ; DivisorFrequencia:Divisor_inst|contador[2]  ; DivisorFrequencia:Divisor_inst|contador[5]  ; clk_50       ; clk_50      ; 1.000        ; -0.072     ; 2.650      ;
; -1.707 ; DivisorFrequencia:Divisor_inst|contador[0]  ; DivisorFrequencia:Divisor_inst|contador[21] ; clk_50       ; clk_50      ; 1.000        ; -0.073     ; 2.633      ;
; -1.707 ; DivisorFrequencia:Divisor_inst|contador[2]  ; DivisorFrequencia:Divisor_inst|contador[23] ; clk_50       ; clk_50      ; 1.000        ; -0.073     ; 2.633      ;
; -1.699 ; DivisorFrequencia:Divisor_inst|contador[14] ; DivisorFrequencia:Divisor_inst|contador[0]  ; clk_50       ; clk_50      ; 1.000        ; -0.071     ; 2.627      ;
; -1.699 ; DivisorFrequencia:Divisor_inst|contador[14] ; DivisorFrequencia:Divisor_inst|contador[1]  ; clk_50       ; clk_50      ; 1.000        ; -0.071     ; 2.627      ;
; -1.699 ; DivisorFrequencia:Divisor_inst|contador[14] ; DivisorFrequencia:Divisor_inst|contador[4]  ; clk_50       ; clk_50      ; 1.000        ; -0.071     ; 2.627      ;
; -1.699 ; DivisorFrequencia:Divisor_inst|contador[14] ; DivisorFrequencia:Divisor_inst|contador[5]  ; clk_50       ; clk_50      ; 1.000        ; -0.071     ; 2.627      ;
; -1.693 ; DivisorFrequencia:Divisor_inst|contador[5]  ; DivisorFrequencia:Divisor_inst|contador[24] ; clk_50       ; clk_50      ; 1.000        ; -0.073     ; 2.619      ;
; -1.693 ; DivisorFrequencia:Divisor_inst|contador[3]  ; DivisorFrequencia:Divisor_inst|contador[22] ; clk_50       ; clk_50      ; 1.000        ; -0.073     ; 2.619      ;
; -1.692 ; DivisorFrequencia:Divisor_inst|contador[1]  ; DivisorFrequencia:Divisor_inst|contador[20] ; clk_50       ; clk_50      ; 1.000        ; -0.073     ; 2.618      ;
; -1.664 ; DivisorFrequencia:Divisor_inst|contador[18] ; DivisorFrequencia:Divisor_inst|contador[0]  ; clk_50       ; clk_50      ; 1.000        ; -0.071     ; 2.592      ;
; -1.664 ; DivisorFrequencia:Divisor_inst|contador[18] ; DivisorFrequencia:Divisor_inst|contador[1]  ; clk_50       ; clk_50      ; 1.000        ; -0.071     ; 2.592      ;
; -1.664 ; DivisorFrequencia:Divisor_inst|contador[18] ; DivisorFrequencia:Divisor_inst|contador[4]  ; clk_50       ; clk_50      ; 1.000        ; -0.071     ; 2.592      ;
; -1.664 ; DivisorFrequencia:Divisor_inst|contador[18] ; DivisorFrequencia:Divisor_inst|contador[5]  ; clk_50       ; clk_50      ; 1.000        ; -0.071     ; 2.592      ;
; -1.664 ; DivisorFrequencia:Divisor_inst|contador[3]  ; DivisorFrequencia:Divisor_inst|contador[23] ; clk_50       ; clk_50      ; 1.000        ; -0.073     ; 2.590      ;
; -1.663 ; DivisorFrequencia:Divisor_inst|contador[7]  ; DivisorFrequencia:Divisor_inst|contador[0]  ; clk_50       ; clk_50      ; 1.000        ; -0.072     ; 2.590      ;
; -1.663 ; DivisorFrequencia:Divisor_inst|contador[7]  ; DivisorFrequencia:Divisor_inst|contador[1]  ; clk_50       ; clk_50      ; 1.000        ; -0.072     ; 2.590      ;
; -1.663 ; DivisorFrequencia:Divisor_inst|contador[7]  ; DivisorFrequencia:Divisor_inst|contador[4]  ; clk_50       ; clk_50      ; 1.000        ; -0.072     ; 2.590      ;
; -1.663 ; DivisorFrequencia:Divisor_inst|contador[7]  ; DivisorFrequencia:Divisor_inst|contador[5]  ; clk_50       ; clk_50      ; 1.000        ; -0.072     ; 2.590      ;
; -1.663 ; DivisorFrequencia:Divisor_inst|contador[1]  ; DivisorFrequencia:Divisor_inst|contador[21] ; clk_50       ; clk_50      ; 1.000        ; -0.073     ; 2.589      ;
; -1.657 ; DivisorFrequencia:Divisor_inst|contador[19] ; DivisorFrequencia:Divisor_inst|contador[0]  ; clk_50       ; clk_50      ; 1.000        ; -0.071     ; 2.585      ;
; -1.657 ; DivisorFrequencia:Divisor_inst|contador[19] ; DivisorFrequencia:Divisor_inst|contador[1]  ; clk_50       ; clk_50      ; 1.000        ; -0.071     ; 2.585      ;
; -1.657 ; DivisorFrequencia:Divisor_inst|contador[19] ; DivisorFrequencia:Divisor_inst|contador[4]  ; clk_50       ; clk_50      ; 1.000        ; -0.071     ; 2.585      ;
; -1.657 ; DivisorFrequencia:Divisor_inst|contador[19] ; DivisorFrequencia:Divisor_inst|contador[5]  ; clk_50       ; clk_50      ; 1.000        ; -0.071     ; 2.585      ;
; -1.618 ; DivisorFrequencia:Divisor_inst|contador[2]  ; DivisorFrequencia:Divisor_inst|contador[22] ; clk_50       ; clk_50      ; 1.000        ; -0.073     ; 2.544      ;
; -1.618 ; DivisorFrequencia:Divisor_inst|contador[0]  ; DivisorFrequencia:Divisor_inst|contador[20] ; clk_50       ; clk_50      ; 1.000        ; -0.073     ; 2.544      ;
; -1.614 ; DivisorFrequencia:Divisor_inst|contador[4]  ; DivisorFrequencia:Divisor_inst|contador[24] ; clk_50       ; clk_50      ; 1.000        ; -0.073     ; 2.540      ;
; -1.606 ; DivisorFrequencia:Divisor_inst|contador[6]  ; DivisorFrequencia:Divisor_inst|contador[0]  ; clk_50       ; clk_50      ; 1.000        ; -0.072     ; 2.533      ;
; -1.606 ; DivisorFrequencia:Divisor_inst|contador[6]  ; DivisorFrequencia:Divisor_inst|contador[1]  ; clk_50       ; clk_50      ; 1.000        ; -0.072     ; 2.533      ;
; -1.606 ; DivisorFrequencia:Divisor_inst|contador[6]  ; DivisorFrequencia:Divisor_inst|contador[4]  ; clk_50       ; clk_50      ; 1.000        ; -0.072     ; 2.533      ;
; -1.606 ; DivisorFrequencia:Divisor_inst|contador[6]  ; DivisorFrequencia:Divisor_inst|contador[5]  ; clk_50       ; clk_50      ; 1.000        ; -0.072     ; 2.533      ;
; -1.604 ; DivisorFrequencia:Divisor_inst|contador[3]  ; DivisorFrequencia:Divisor_inst|contador[0]  ; clk_50       ; clk_50      ; 1.000        ; -0.072     ; 2.531      ;
; -1.604 ; DivisorFrequencia:Divisor_inst|contador[3]  ; DivisorFrequencia:Divisor_inst|contador[1]  ; clk_50       ; clk_50      ; 1.000        ; -0.072     ; 2.531      ;
; -1.604 ; DivisorFrequencia:Divisor_inst|contador[3]  ; DivisorFrequencia:Divisor_inst|contador[4]  ; clk_50       ; clk_50      ; 1.000        ; -0.072     ; 2.531      ;
; -1.604 ; DivisorFrequencia:Divisor_inst|contador[3]  ; DivisorFrequencia:Divisor_inst|contador[5]  ; clk_50       ; clk_50      ; 1.000        ; -0.072     ; 2.531      ;
; -1.601 ; DivisorFrequencia:Divisor_inst|contador[5]  ; DivisorFrequencia:Divisor_inst|contador[0]  ; clk_50       ; clk_50      ; 1.000        ; -0.072     ; 2.528      ;
; -1.601 ; DivisorFrequencia:Divisor_inst|contador[5]  ; DivisorFrequencia:Divisor_inst|contador[1]  ; clk_50       ; clk_50      ; 1.000        ; -0.072     ; 2.528      ;
; -1.601 ; DivisorFrequencia:Divisor_inst|contador[5]  ; DivisorFrequencia:Divisor_inst|contador[4]  ; clk_50       ; clk_50      ; 1.000        ; -0.072     ; 2.528      ;
; -1.601 ; DivisorFrequencia:Divisor_inst|contador[5]  ; DivisorFrequencia:Divisor_inst|contador[5]  ; clk_50       ; clk_50      ; 1.000        ; -0.072     ; 2.528      ;
; -1.596 ; DivisorFrequencia:Divisor_inst|contador[4]  ; DivisorFrequencia:Divisor_inst|contador[23] ; clk_50       ; clk_50      ; 1.000        ; -0.073     ; 2.522      ;
; -1.591 ; DivisorFrequencia:Divisor_inst|contador[0]  ; DivisorFrequencia:Divisor_inst|contador[19] ; clk_50       ; clk_50      ; 1.000        ; -0.073     ; 2.517      ;
; -1.591 ; DivisorFrequencia:Divisor_inst|contador[2]  ; DivisorFrequencia:Divisor_inst|contador[21] ; clk_50       ; clk_50      ; 1.000        ; -0.073     ; 2.517      ;
; -1.589 ; DivisorFrequencia:Divisor_inst|contador[13] ; DivisorFrequencia:Divisor_inst|contador[0]  ; clk_50       ; clk_50      ; 1.000        ; -0.071     ; 2.517      ;
; -1.589 ; DivisorFrequencia:Divisor_inst|contador[13] ; DivisorFrequencia:Divisor_inst|contador[1]  ; clk_50       ; clk_50      ; 1.000        ; -0.071     ; 2.517      ;
+--------+---------------------------------------------+---------------------------------------------+--------------+-------------+--------------+------------+------------+


+-------------------------------------------------------------------------------------------------------------------------------------------------------------------------+
; Slow 1200mV 0C Model Hold: 'clk_50'                                                                                                                                     ;
+-------+---------------------------------------------+---------------------------------------------+--------------+-------------+--------------+------------+------------+
; Slack ; From Node                                   ; To Node                                     ; Launch Clock ; Latch Clock ; Relationship ; Clock Skew ; Data Delay ;
+-------+---------------------------------------------+---------------------------------------------+--------------+-------------+--------------+------------+------------+
; 0.400 ; DivisorFrequencia:Divisor_inst|contador[24] ; DivisorFrequencia:Divisor_inst|contador[24] ; clk_50       ; clk_50      ; 0.000        ; 0.072      ; 0.643      ;
; 0.586 ; DivisorFrequencia:Divisor_inst|contador[17] ; DivisorFrequencia:Divisor_inst|contador[17] ; clk_50       ; clk_50      ; 0.000        ; 0.072      ; 0.829      ;
; 0.586 ; DivisorFrequencia:Divisor_inst|contador[15] ; DivisorFrequencia:Divisor_inst|contador[15] ; clk_50       ; clk_50      ; 0.000        ; 0.072      ; 0.829      ;
; 0.587 ; DivisorFrequencia:Divisor_inst|contador[13] ; DivisorFrequencia:Divisor_inst|contador[13] ; clk_50       ; clk_50      ; 0.000        ; 0.072      ; 0.830      ;
; 0.588 ; DivisorFrequencia:Divisor_inst|contador[23] ; DivisorFrequencia:Divisor_inst|contador[23] ; clk_50       ; clk_50      ; 0.000        ; 0.072      ; 0.831      ;
; 0.588 ; DivisorFrequencia:Divisor_inst|contador[18] ; DivisorFrequencia:Divisor_inst|contador[18] ; clk_50       ; clk_50      ; 0.000        ; 0.072      ; 0.831      ;
; 0.589 ; DivisorFrequencia:Divisor_inst|contador[12] ; DivisorFrequencia:Divisor_inst|contador[12] ; clk_50       ; clk_50      ; 0.000        ; 0.072      ; 0.832      ;
; 0.590 ; DivisorFrequencia:Divisor_inst|contador[21] ; DivisorFrequencia:Divisor_inst|contador[21] ; clk_50       ; clk_50      ; 0.000        ; 0.072      ; 0.833      ;
; 0.590 ; DivisorFrequencia:Divisor_inst|contador[19] ; DivisorFrequencia:Divisor_inst|contador[19] ; clk_50       ; clk_50      ; 0.000        ; 0.072      ; 0.833      ;
; 0.590 ; DivisorFrequencia:Divisor_inst|contador[14] ; DivisorFrequencia:Divisor_inst|contador[14] ; clk_50       ; clk_50      ; 0.000        ; 0.072      ; 0.833      ;
; 0.591 ; DivisorFrequencia:Divisor_inst|contador[16] ; DivisorFrequencia:Divisor_inst|contador[16] ; clk_50       ; clk_50      ; 0.000        ; 0.072      ; 0.834      ;
; 0.592 ; DivisorFrequencia:Divisor_inst|contador[20] ; DivisorFrequencia:Divisor_inst|contador[20] ; clk_50       ; clk_50      ; 0.000        ; 0.072      ; 0.835      ;
; 0.598 ; DivisorFrequencia:Divisor_inst|contador[11] ; DivisorFrequencia:Divisor_inst|contador[11] ; clk_50       ; clk_50      ; 0.000        ; 0.072      ; 0.841      ;
; 0.598 ; DivisorFrequencia:Divisor_inst|contador[9]  ; DivisorFrequencia:Divisor_inst|contador[9]  ; clk_50       ; clk_50      ; 0.000        ; 0.072      ; 0.841      ;
; 0.599 ; DivisorFrequencia:Divisor_inst|contador[7]  ; DivisorFrequencia:Divisor_inst|contador[7]  ; clk_50       ; clk_50      ; 0.000        ; 0.072      ; 0.842      ;
; 0.600 ; DivisorFrequencia:Divisor_inst|contador[2]  ; DivisorFrequencia:Divisor_inst|contador[2]  ; clk_50       ; clk_50      ; 0.000        ; 0.072      ; 0.843      ;
; 0.602 ; DivisorFrequencia:Divisor_inst|contador[3]  ; DivisorFrequencia:Divisor_inst|contador[3]  ; clk_50       ; clk_50      ; 0.000        ; 0.072      ; 0.845      ;
; 0.603 ; DivisorFrequencia:Divisor_inst|contador[10] ; DivisorFrequencia:Divisor_inst|contador[10] ; clk_50       ; clk_50      ; 0.000        ; 0.072      ; 0.846      ;
; 0.604 ; DivisorFrequencia:Divisor_inst|contador[8]  ; DivisorFrequencia:Divisor_inst|contador[8]  ; clk_50       ; clk_50      ; 0.000        ; 0.072      ; 0.847      ;
; 0.604 ; DivisorFrequencia:Divisor_inst|contador[6]  ; DivisorFrequencia:Divisor_inst|contador[6]  ; clk_50       ; clk_50      ; 0.000        ; 0.072      ; 0.847      ;
; 0.751 ; DivisorFrequencia:Divisor_inst|contador[22] ; DivisorFrequencia:Divisor_inst|contador[22] ; clk_50       ; clk_50      ; 0.000        ; 0.072      ; 0.994      ;
; 0.872 ; DivisorFrequencia:Divisor_inst|contador[17] ; DivisorFrequencia:Divisor_inst|contador[18] ; clk_50       ; clk_50      ; 0.000        ; 0.072      ; 1.115      ;
; 0.872 ; DivisorFrequencia:Divisor_inst|contador[15] ; DivisorFrequencia:Divisor_inst|contador[16] ; clk_50       ; clk_50      ; 0.000        ; 0.072      ; 1.115      ;
; 0.874 ; DivisorFrequencia:Divisor_inst|contador[23] ; DivisorFrequencia:Divisor_inst|contador[24] ; clk_50       ; clk_50      ; 0.000        ; 0.072      ; 1.117      ;
; 0.874 ; DivisorFrequencia:Divisor_inst|contador[13] ; DivisorFrequencia:Divisor_inst|contador[14] ; clk_50       ; clk_50      ; 0.000        ; 0.072      ; 1.117      ;
; 0.876 ; DivisorFrequencia:Divisor_inst|contador[18] ; DivisorFrequencia:Divisor_inst|contador[19] ; clk_50       ; clk_50      ; 0.000        ; 0.072      ; 1.119      ;
; 0.877 ; DivisorFrequencia:Divisor_inst|contador[19] ; DivisorFrequencia:Divisor_inst|contador[20] ; clk_50       ; clk_50      ; 0.000        ; 0.072      ; 1.120      ;
; 0.877 ; DivisorFrequencia:Divisor_inst|contador[12] ; DivisorFrequencia:Divisor_inst|contador[13] ; clk_50       ; clk_50      ; 0.000        ; 0.072      ; 1.120      ;
; 0.877 ; DivisorFrequencia:Divisor_inst|contador[21] ; DivisorFrequencia:Divisor_inst|contador[22] ; clk_50       ; clk_50      ; 0.000        ; 0.072      ; 1.120      ;
; 0.878 ; DivisorFrequencia:Divisor_inst|contador[14] ; DivisorFrequencia:Divisor_inst|contador[15] ; clk_50       ; clk_50      ; 0.000        ; 0.072      ; 1.121      ;
; 0.879 ; DivisorFrequencia:Divisor_inst|contador[16] ; DivisorFrequencia:Divisor_inst|contador[17] ; clk_50       ; clk_50      ; 0.000        ; 0.072      ; 1.122      ;
; 0.880 ; DivisorFrequencia:Divisor_inst|contador[20] ; DivisorFrequencia:Divisor_inst|contador[21] ; clk_50       ; clk_50      ; 0.000        ; 0.072      ; 1.123      ;
; 0.884 ; DivisorFrequencia:Divisor_inst|contador[9]  ; DivisorFrequencia:Divisor_inst|contador[10] ; clk_50       ; clk_50      ; 0.000        ; 0.072      ; 1.127      ;
; 0.885 ; DivisorFrequencia:Divisor_inst|contador[11] ; DivisorFrequencia:Divisor_inst|contador[12] ; clk_50       ; clk_50      ; 0.000        ; 0.071      ; 1.127      ;
; 0.885 ; DivisorFrequencia:Divisor_inst|contador[7]  ; DivisorFrequencia:Divisor_inst|contador[8]  ; clk_50       ; clk_50      ; 0.000        ; 0.072      ; 1.128      ;
; 0.887 ; DivisorFrequencia:Divisor_inst|contador[18] ; DivisorFrequencia:Divisor_inst|contador[20] ; clk_50       ; clk_50      ; 0.000        ; 0.072      ; 1.130      ;
; 0.888 ; DivisorFrequencia:Divisor_inst|contador[2]  ; DivisorFrequencia:Divisor_inst|contador[3]  ; clk_50       ; clk_50      ; 0.000        ; 0.072      ; 1.131      ;
; 0.888 ; DivisorFrequencia:Divisor_inst|contador[12] ; DivisorFrequencia:Divisor_inst|contador[14] ; clk_50       ; clk_50      ; 0.000        ; 0.072      ; 1.131      ;
; 0.889 ; DivisorFrequencia:Divisor_inst|contador[1]  ; DivisorFrequencia:Divisor_inst|contador[2]  ; clk_50       ; clk_50      ; 0.000        ; 0.072      ; 1.132      ;
; 0.889 ; DivisorFrequencia:Divisor_inst|contador[14] ; DivisorFrequencia:Divisor_inst|contador[16] ; clk_50       ; clk_50      ; 0.000        ; 0.072      ; 1.132      ;
; 0.890 ; DivisorFrequencia:Divisor_inst|contador[5]  ; DivisorFrequencia:Divisor_inst|contador[6]  ; clk_50       ; clk_50      ; 0.000        ; 0.072      ; 1.133      ;
; 0.890 ; DivisorFrequencia:Divisor_inst|contador[16] ; DivisorFrequencia:Divisor_inst|contador[18] ; clk_50       ; clk_50      ; 0.000        ; 0.072      ; 1.133      ;
; 0.891 ; DivisorFrequencia:Divisor_inst|contador[10] ; DivisorFrequencia:Divisor_inst|contador[11] ; clk_50       ; clk_50      ; 0.000        ; 0.072      ; 1.134      ;
; 0.891 ; DivisorFrequencia:Divisor_inst|contador[20] ; DivisorFrequencia:Divisor_inst|contador[22] ; clk_50       ; clk_50      ; 0.000        ; 0.072      ; 1.134      ;
; 0.892 ; DivisorFrequencia:Divisor_inst|contador[8]  ; DivisorFrequencia:Divisor_inst|contador[9]  ; clk_50       ; clk_50      ; 0.000        ; 0.072      ; 1.135      ;
; 0.892 ; DivisorFrequencia:Divisor_inst|contador[6]  ; DivisorFrequencia:Divisor_inst|contador[7]  ; clk_50       ; clk_50      ; 0.000        ; 0.072      ; 1.135      ;
; 0.898 ; DivisorFrequencia:Divisor_inst|contador[0]  ; DivisorFrequencia:Divisor_inst|contador[2]  ; clk_50       ; clk_50      ; 0.000        ; 0.072      ; 1.141      ;
; 0.903 ; DivisorFrequencia:Divisor_inst|contador[8]  ; DivisorFrequencia:Divisor_inst|contador[10] ; clk_50       ; clk_50      ; 0.000        ; 0.072      ; 1.146      ;
; 0.903 ; DivisorFrequencia:Divisor_inst|contador[10] ; DivisorFrequencia:Divisor_inst|contador[12] ; clk_50       ; clk_50      ; 0.000        ; 0.071      ; 1.145      ;
; 0.903 ; DivisorFrequencia:Divisor_inst|contador[6]  ; DivisorFrequencia:Divisor_inst|contador[8]  ; clk_50       ; clk_50      ; 0.000        ; 0.072      ; 1.146      ;
; 0.904 ; DivisorFrequencia:Divisor_inst|contador[4]  ; DivisorFrequencia:Divisor_inst|contador[6]  ; clk_50       ; clk_50      ; 0.000        ; 0.072      ; 1.147      ;
; 0.971 ; DivisorFrequencia:Divisor_inst|contador[17] ; DivisorFrequencia:Divisor_inst|contador[19] ; clk_50       ; clk_50      ; 0.000        ; 0.072      ; 1.214      ;
; 0.971 ; DivisorFrequencia:Divisor_inst|contador[15] ; DivisorFrequencia:Divisor_inst|contador[17] ; clk_50       ; clk_50      ; 0.000        ; 0.072      ; 1.214      ;
; 0.973 ; DivisorFrequencia:Divisor_inst|contador[13] ; DivisorFrequencia:Divisor_inst|contador[15] ; clk_50       ; clk_50      ; 0.000        ; 0.072      ; 1.216      ;
; 0.976 ; DivisorFrequencia:Divisor_inst|contador[21] ; DivisorFrequencia:Divisor_inst|contador[23] ; clk_50       ; clk_50      ; 0.000        ; 0.072      ; 1.219      ;
; 0.976 ; DivisorFrequencia:Divisor_inst|contador[19] ; DivisorFrequencia:Divisor_inst|contador[21] ; clk_50       ; clk_50      ; 0.000        ; 0.072      ; 1.219      ;
; 0.982 ; DivisorFrequencia:Divisor_inst|contador[17] ; DivisorFrequencia:Divisor_inst|contador[20] ; clk_50       ; clk_50      ; 0.000        ; 0.072      ; 1.225      ;
; 0.982 ; DivisorFrequencia:Divisor_inst|contador[15] ; DivisorFrequencia:Divisor_inst|contador[18] ; clk_50       ; clk_50      ; 0.000        ; 0.072      ; 1.225      ;
; 0.983 ; DivisorFrequencia:Divisor_inst|contador[9]  ; DivisorFrequencia:Divisor_inst|contador[11] ; clk_50       ; clk_50      ; 0.000        ; 0.072      ; 1.226      ;
; 0.984 ; DivisorFrequencia:Divisor_inst|contador[11] ; DivisorFrequencia:Divisor_inst|contador[13] ; clk_50       ; clk_50      ; 0.000        ; 0.071      ; 1.226      ;
; 0.984 ; DivisorFrequencia:Divisor_inst|contador[13] ; DivisorFrequencia:Divisor_inst|contador[16] ; clk_50       ; clk_50      ; 0.000        ; 0.072      ; 1.227      ;
; 0.984 ; DivisorFrequencia:Divisor_inst|contador[7]  ; DivisorFrequencia:Divisor_inst|contador[9]  ; clk_50       ; clk_50      ; 0.000        ; 0.072      ; 1.227      ;
; 0.986 ; DivisorFrequencia:Divisor_inst|contador[18] ; DivisorFrequencia:Divisor_inst|contador[21] ; clk_50       ; clk_50      ; 0.000        ; 0.072      ; 1.229      ;
; 0.987 ; DivisorFrequencia:Divisor_inst|contador[21] ; DivisorFrequencia:Divisor_inst|contador[24] ; clk_50       ; clk_50      ; 0.000        ; 0.072      ; 1.230      ;
; 0.987 ; DivisorFrequencia:Divisor_inst|contador[19] ; DivisorFrequencia:Divisor_inst|contador[22] ; clk_50       ; clk_50      ; 0.000        ; 0.072      ; 1.230      ;
; 0.987 ; DivisorFrequencia:Divisor_inst|contador[12] ; DivisorFrequencia:Divisor_inst|contador[15] ; clk_50       ; clk_50      ; 0.000        ; 0.072      ; 1.230      ;
; 0.988 ; DivisorFrequencia:Divisor_inst|contador[1]  ; DivisorFrequencia:Divisor_inst|contador[3]  ; clk_50       ; clk_50      ; 0.000        ; 0.072      ; 1.231      ;
; 0.988 ; DivisorFrequencia:Divisor_inst|contador[14] ; DivisorFrequencia:Divisor_inst|contador[17] ; clk_50       ; clk_50      ; 0.000        ; 0.072      ; 1.231      ;
; 0.989 ; DivisorFrequencia:Divisor_inst|contador[5]  ; DivisorFrequencia:Divisor_inst|contador[7]  ; clk_50       ; clk_50      ; 0.000        ; 0.072      ; 1.232      ;
; 0.989 ; DivisorFrequencia:Divisor_inst|contador[16] ; DivisorFrequencia:Divisor_inst|contador[19] ; clk_50       ; clk_50      ; 0.000        ; 0.072      ; 1.232      ;
; 0.990 ; DivisorFrequencia:Divisor_inst|contador[20] ; DivisorFrequencia:Divisor_inst|contador[23] ; clk_50       ; clk_50      ; 0.000        ; 0.072      ; 1.233      ;
; 0.995 ; DivisorFrequencia:Divisor_inst|contador[11] ; DivisorFrequencia:Divisor_inst|contador[14] ; clk_50       ; clk_50      ; 0.000        ; 0.071      ; 1.237      ;
; 0.995 ; DivisorFrequencia:Divisor_inst|contador[7]  ; DivisorFrequencia:Divisor_inst|contador[10] ; clk_50       ; clk_50      ; 0.000        ; 0.072      ; 1.238      ;
; 0.995 ; DivisorFrequencia:Divisor_inst|contador[9]  ; DivisorFrequencia:Divisor_inst|contador[12] ; clk_50       ; clk_50      ; 0.000        ; 0.071      ; 1.237      ;
; 0.997 ; DivisorFrequencia:Divisor_inst|contador[18] ; DivisorFrequencia:Divisor_inst|contador[22] ; clk_50       ; clk_50      ; 0.000        ; 0.072      ; 1.240      ;
; 0.997 ; DivisorFrequencia:Divisor_inst|contador[0]  ; DivisorFrequencia:Divisor_inst|contador[3]  ; clk_50       ; clk_50      ; 0.000        ; 0.072      ; 1.240      ;
; 0.998 ; DivisorFrequencia:Divisor_inst|contador[12] ; DivisorFrequencia:Divisor_inst|contador[16] ; clk_50       ; clk_50      ; 0.000        ; 0.072      ; 1.241      ;
; 0.999 ; DivisorFrequencia:Divisor_inst|contador[3]  ; DivisorFrequencia:Divisor_inst|contador[6]  ; clk_50       ; clk_50      ; 0.000        ; 0.072      ; 1.242      ;
; 0.999 ; DivisorFrequencia:Divisor_inst|contador[14] ; DivisorFrequencia:Divisor_inst|contador[18] ; clk_50       ; clk_50      ; 0.000        ; 0.072      ; 1.242      ;
; 1.000 ; DivisorFrequencia:Divisor_inst|contador[5]  ; DivisorFrequencia:Divisor_inst|contador[8]  ; clk_50       ; clk_50      ; 0.000        ; 0.072      ; 1.243      ;
; 1.000 ; DivisorFrequencia:Divisor_inst|contador[16] ; DivisorFrequencia:Divisor_inst|contador[20] ; clk_50       ; clk_50      ; 0.000        ; 0.072      ; 1.243      ;
; 1.001 ; DivisorFrequencia:Divisor_inst|contador[20] ; DivisorFrequencia:Divisor_inst|contador[24] ; clk_50       ; clk_50      ; 0.000        ; 0.072      ; 1.244      ;
; 1.002 ; DivisorFrequencia:Divisor_inst|contador[8]  ; DivisorFrequencia:Divisor_inst|contador[11] ; clk_50       ; clk_50      ; 0.000        ; 0.072      ; 1.245      ;
; 1.002 ; DivisorFrequencia:Divisor_inst|contador[10] ; DivisorFrequencia:Divisor_inst|contador[13] ; clk_50       ; clk_50      ; 0.000        ; 0.071      ; 1.244      ;
; 1.002 ; DivisorFrequencia:Divisor_inst|contador[6]  ; DivisorFrequencia:Divisor_inst|contador[9]  ; clk_50       ; clk_50      ; 0.000        ; 0.072      ; 1.245      ;
; 1.003 ; DivisorFrequencia:Divisor_inst|contador[4]  ; DivisorFrequencia:Divisor_inst|contador[7]  ; clk_50       ; clk_50      ; 0.000        ; 0.072      ; 1.246      ;
; 1.009 ; DivisorFrequencia:Divisor_inst|contador[2]  ; DivisorFrequencia:Divisor_inst|contador[6]  ; clk_50       ; clk_50      ; 0.000        ; 0.072      ; 1.252      ;
; 1.013 ; DivisorFrequencia:Divisor_inst|contador[10] ; DivisorFrequencia:Divisor_inst|contador[14] ; clk_50       ; clk_50      ; 0.000        ; 0.071      ; 1.255      ;
; 1.013 ; DivisorFrequencia:Divisor_inst|contador[6]  ; DivisorFrequencia:Divisor_inst|contador[10] ; clk_50       ; clk_50      ; 0.000        ; 0.072      ; 1.256      ;
; 1.014 ; DivisorFrequencia:Divisor_inst|contador[8]  ; DivisorFrequencia:Divisor_inst|contador[12] ; clk_50       ; clk_50      ; 0.000        ; 0.071      ; 1.256      ;
; 1.014 ; DivisorFrequencia:Divisor_inst|contador[4]  ; DivisorFrequencia:Divisor_inst|contador[8]  ; clk_50       ; clk_50      ; 0.000        ; 0.072      ; 1.257      ;
; 1.033 ; DivisorFrequencia:Divisor_inst|contador[22] ; DivisorFrequencia:Divisor_inst|contador[23] ; clk_50       ; clk_50      ; 0.000        ; 0.072      ; 1.276      ;
; 1.050 ; DivisorFrequencia:Divisor_inst|contador[22] ; DivisorFrequencia:Divisor_inst|contador[24] ; clk_50       ; clk_50      ; 0.000        ; 0.072      ; 1.293      ;
; 1.065 ; DivisorFrequencia:Divisor_inst|contador[0]  ; DivisorFrequencia:Divisor_inst|contador[0]  ; clk_50       ; clk_50      ; 0.000        ; 0.072      ; 1.308      ;
; 1.081 ; DivisorFrequencia:Divisor_inst|contador[17] ; DivisorFrequencia:Divisor_inst|contador[21] ; clk_50       ; clk_50      ; 0.000        ; 0.072      ; 1.324      ;
; 1.081 ; DivisorFrequencia:Divisor_inst|contador[15] ; DivisorFrequencia:Divisor_inst|contador[19] ; clk_50       ; clk_50      ; 0.000        ; 0.072      ; 1.324      ;
; 1.083 ; DivisorFrequencia:Divisor_inst|contador[13] ; DivisorFrequencia:Divisor_inst|contador[17] ; clk_50       ; clk_50      ; 0.000        ; 0.072      ; 1.326      ;
; 1.086 ; DivisorFrequencia:Divisor_inst|contador[19] ; DivisorFrequencia:Divisor_inst|contador[23] ; clk_50       ; clk_50      ; 0.000        ; 0.072      ; 1.329      ;
; 1.092 ; DivisorFrequencia:Divisor_inst|contador[17] ; DivisorFrequencia:Divisor_inst|contador[22] ; clk_50       ; clk_50      ; 0.000        ; 0.072      ; 1.335      ;
; 1.092 ; DivisorFrequencia:Divisor_inst|contador[15] ; DivisorFrequencia:Divisor_inst|contador[20] ; clk_50       ; clk_50      ; 0.000        ; 0.072      ; 1.335      ;
+-------+---------------------------------------------+---------------------------------------------+--------------+-------------+--------------+------------+------------+


+----------------------------------------------------------------------------------------------------------------------------------------------------------------------------------------------------------------------------------+
; Slow 1200mV 0C Model Hold: 'DivisorFrequencia:Divisor_inst|clkSaida'                                                                                                                                                             ;
+-------+----------------------------------------+----------------------------------------------------+-----------------------------------------+-----------------------------------------+--------------+------------+------------+
; Slack ; From Node                              ; To Node                                            ; Launch Clock                            ; Latch Clock                             ; Relationship ; Clock Skew ; Data Delay ;
+-------+----------------------------------------+----------------------------------------------------+-----------------------------------------+-----------------------------------------+--------------+------------+------------+
; 0.832 ; SP[5]                                  ; SP[5]                                              ; DivisorFrequencia:Divisor_inst|clkSaida ; DivisorFrequencia:Divisor_inst|clkSaida ; 0.000        ; 0.071      ; 1.074      ;
; 0.850 ; ControleSinal:io_signal_control|saida  ; ControleSaida:display_controller|valor_exibido[5]  ; btn_in                                  ; DivisorFrequencia:Divisor_inst|clkSaida ; -0.500       ; 0.908      ; 1.459      ;
; 0.863 ; ControleSinal:io_signal_control|saida  ; ControleSaida:display_controller|valor_exibido[17] ; btn_in                                  ; DivisorFrequencia:Divisor_inst|clkSaida ; -0.500       ; 0.925      ; 1.489      ;
; 0.910 ; SP[0]                                  ; SP[0]                                              ; DivisorFrequencia:Divisor_inst|clkSaida ; DivisorFrequencia:Divisor_inst|clkSaida ; 0.000        ; 0.071      ; 1.152      ;
; 0.924 ; SP[1]                                  ; SP[1]                                              ; DivisorFrequencia:Divisor_inst|clkSaida ; DivisorFrequencia:Divisor_inst|clkSaida ; 0.000        ; 0.071      ; 1.166      ;
; 1.058 ; ControleSinal:io_signal_control|saida  ; ControleSaida:display_controller|valor_exibido[6]  ; btn_in                                  ; DivisorFrequencia:Divisor_inst|clkSaida ; -0.500       ; 0.926      ; 1.685      ;
; 1.062 ; SP[2]                                  ; SP[2]                                              ; DivisorFrequencia:Divisor_inst|clkSaida ; DivisorFrequencia:Divisor_inst|clkSaida ; 0.000        ; 0.071      ; 1.304      ;
; 1.063 ; ControleSinal:io_signal_control|saida  ; ControleSaida:display_controller|valor_exibido[7]  ; btn_in                                  ; DivisorFrequencia:Divisor_inst|clkSaida ; -0.500       ; 0.926      ; 1.690      ;
; 1.064 ; ControleSinal:io_signal_control|saida  ; ControleSaida:display_controller|valor_exibido[16] ; btn_in                                  ; DivisorFrequencia:Divisor_inst|clkSaida ; -0.500       ; 0.926      ; 1.691      ;
; 1.065 ; ControleSinal:io_signal_control|saida  ; ControleSaida:display_controller|valor_exibido[15] ; btn_in                                  ; DivisorFrequencia:Divisor_inst|clkSaida ; -0.500       ; 0.926      ; 1.692      ;
; 1.065 ; ControleSinal:io_signal_control|saida  ; ControleSaida:display_controller|valor_exibido[10] ; btn_in                                  ; DivisorFrequencia:Divisor_inst|clkSaida ; -0.500       ; 0.926      ; 1.692      ;
; 1.085 ; ControleSinal:io_signal_control|saida  ; ControleSaida:display_controller|valor_exibido[8]  ; btn_in                                  ; DivisorFrequencia:Divisor_inst|clkSaida ; -0.500       ; 0.925      ; 1.711      ;
; 1.121 ; ControleSinal:io_signal_control|saida  ; ControleSaida:display_controller|valor_exibido[0]  ; btn_in                                  ; DivisorFrequencia:Divisor_inst|clkSaida ; -0.500       ; 0.925      ; 1.747      ;
; 1.122 ; ControleSinal:io_signal_control|saida  ; ControleSaida:display_controller|valor_exibido[9]  ; btn_in                                  ; DivisorFrequencia:Divisor_inst|clkSaida ; -0.500       ; 0.925      ; 1.748      ;
; 1.122 ; ControleSinal:io_signal_control|saida  ; ControleSaida:display_controller|valor_exibido[4]  ; btn_in                                  ; DivisorFrequencia:Divisor_inst|clkSaida ; -0.500       ; 0.925      ; 1.748      ;
; 1.123 ; ControleSinal:io_signal_control|saida  ; ControleSaida:display_controller|valor_exibido[14] ; btn_in                                  ; DivisorFrequencia:Divisor_inst|clkSaida ; -0.500       ; 0.925      ; 1.749      ;
; 1.124 ; ControleSinal:io_signal_control|saida  ; ControleSaida:display_controller|valor_exibido[2]  ; btn_in                                  ; DivisorFrequencia:Divisor_inst|clkSaida ; -0.500       ; 0.925      ; 1.750      ;
; 1.125 ; ControleSinal:io_signal_control|saida  ; ControleSaida:display_controller|valor_exibido[11] ; btn_in                                  ; DivisorFrequencia:Divisor_inst|clkSaida ; -0.500       ; 0.925      ; 1.751      ;
; 1.126 ; ControleSinal:io_signal_control|saida  ; ControleSaida:display_controller|valor_exibido[1]  ; btn_in                                  ; DivisorFrequencia:Divisor_inst|clkSaida ; -0.500       ; 0.925      ; 1.752      ;
; 1.127 ; ControleSinal:io_signal_control|saida  ; ControleSaida:display_controller|valor_exibido[12] ; btn_in                                  ; DivisorFrequencia:Divisor_inst|clkSaida ; -0.500       ; 0.925      ; 1.753      ;
; 1.133 ; ControleSinal:io_signal_control|saida  ; ControleSaida:display_controller|valor_exibido[19] ; btn_in                                  ; DivisorFrequencia:Divisor_inst|clkSaida ; -0.500       ; 0.926      ; 1.760      ;
; 1.134 ; ControleSinal:io_signal_control|saida  ; ControleSaida:display_controller|valor_exibido[24] ; btn_in                                  ; DivisorFrequencia:Divisor_inst|clkSaida ; -0.500       ; 0.926      ; 1.761      ;
; 1.134 ; ControleSinal:io_signal_control|saida  ; ControleSaida:display_controller|valor_exibido[23] ; btn_in                                  ; DivisorFrequencia:Divisor_inst|clkSaida ; -0.500       ; 0.926      ; 1.761      ;
; 1.134 ; ControleSinal:io_signal_control|saida  ; ControleSaida:display_controller|valor_exibido[20] ; btn_in                                  ; DivisorFrequencia:Divisor_inst|clkSaida ; -0.500       ; 0.926      ; 1.761      ;
; 1.135 ; ControleSinal:io_signal_control|saida  ; ControleSaida:display_controller|valor_exibido[29] ; btn_in                                  ; DivisorFrequencia:Divisor_inst|clkSaida ; -0.500       ; 0.926      ; 1.762      ;
; 1.135 ; ControleSinal:io_signal_control|saida  ; ControleSaida:display_controller|valor_exibido[25] ; btn_in                                  ; DivisorFrequencia:Divisor_inst|clkSaida ; -0.500       ; 0.926      ; 1.762      ;
; 1.136 ; ControleSinal:io_signal_control|saida  ; ControleSaida:display_controller|valor_exibido[30] ; btn_in                                  ; DivisorFrequencia:Divisor_inst|clkSaida ; -0.500       ; 0.926      ; 1.763      ;
; 1.136 ; ControleSinal:io_signal_control|saida  ; ControleSaida:display_controller|valor_exibido[21] ; btn_in                                  ; DivisorFrequencia:Divisor_inst|clkSaida ; -0.500       ; 0.926      ; 1.763      ;
; 1.137 ; ControleSinal:io_signal_control|saida  ; ControleSaida:display_controller|valor_exibido[13] ; btn_in                                  ; DivisorFrequencia:Divisor_inst|clkSaida ; -0.500       ; 0.926      ; 1.764      ;
; 1.138 ; ControleSinal:io_signal_control|saida  ; ControleSaida:display_controller|valor_exibido[27] ; btn_in                                  ; DivisorFrequencia:Divisor_inst|clkSaida ; -0.500       ; 0.926      ; 1.765      ;
; 1.138 ; ControleSinal:io_signal_control|saida  ; ControleSaida:display_controller|valor_exibido[26] ; btn_in                                  ; DivisorFrequencia:Divisor_inst|clkSaida ; -0.500       ; 0.926      ; 1.765      ;
; 1.138 ; ControleSinal:io_signal_control|saida  ; ControleSaida:display_controller|valor_exibido[18] ; btn_in                                  ; DivisorFrequencia:Divisor_inst|clkSaida ; -0.500       ; 0.926      ; 1.765      ;
; 1.147 ; ControleSinal:io_signal_control|saida  ; ControleSaida:display_controller|valor_exibido[3]  ; btn_in                                  ; DivisorFrequencia:Divisor_inst|clkSaida ; -0.500       ; 0.920      ; 1.768      ;
; 1.167 ; SP[3]                                  ; SP[3]                                              ; DivisorFrequencia:Divisor_inst|clkSaida ; DivisorFrequencia:Divisor_inst|clkSaida ; 0.000        ; 0.071      ; 1.409      ;
; 1.195 ; SP[0]                                  ; SP[1]                                              ; DivisorFrequencia:Divisor_inst|clkSaida ; DivisorFrequencia:Divisor_inst|clkSaida ; 0.000        ; 0.071      ; 1.437      ;
; 1.220 ; PC:PC_inst|PC_reg[27]                  ; PC:PC_inst|PC_reg[27]                              ; DivisorFrequencia:Divisor_inst|clkSaida ; DivisorFrequencia:Divisor_inst|clkSaida ; 0.000        ; 0.087      ; 1.478      ;
; 1.223 ; SP[1]                                  ; SP[2]                                              ; DivisorFrequencia:Divisor_inst|clkSaida ; DivisorFrequencia:Divisor_inst|clkSaida ; 0.000        ; 0.071      ; 1.465      ;
; 1.285 ; SP[4]                                  ; SP[4]                                              ; DivisorFrequencia:Divisor_inst|clkSaida ; DivisorFrequencia:Divisor_inst|clkSaida ; 0.000        ; 0.071      ; 1.527      ;
; 1.300 ; banco:banco_inst|registradores[3][29]  ; ControleSaida:display_controller|valor_exibido[29] ; DivisorFrequencia:Divisor_inst|clkSaida ; DivisorFrequencia:Divisor_inst|clkSaida ; 0.000        ; 0.114      ; 1.585      ;
; 1.301 ; ControleSinal:io_signal_control|saida  ; ControleSaida:display_controller|valor_exibido[31] ; btn_in                                  ; DivisorFrequencia:Divisor_inst|clkSaida ; -0.500       ; 0.925      ; 1.927      ;
; 1.304 ; SP[0]                                  ; SP[2]                                              ; DivisorFrequencia:Divisor_inst|clkSaida ; DivisorFrequencia:Divisor_inst|clkSaida ; 0.000        ; 0.071      ; 1.546      ;
; 1.305 ; ControleSinal:io_signal_control|saida  ; ControleSaida:display_controller|valor_exibido[28] ; btn_in                                  ; DivisorFrequencia:Divisor_inst|clkSaida ; -0.500       ; 0.925      ; 1.931      ;
; 1.306 ; ControleSinal:io_signal_control|saida  ; ControleSaida:display_controller|valor_exibido[22] ; btn_in                                  ; DivisorFrequencia:Divisor_inst|clkSaida ; -0.500       ; 0.925      ; 1.932      ;
; 1.334 ; SP[1]                                  ; SP[4]                                              ; DivisorFrequencia:Divisor_inst|clkSaida ; DivisorFrequencia:Divisor_inst|clkSaida ; 0.000        ; 0.071      ; 1.576      ;
; 1.335 ; SP[1]                                  ; SP[3]                                              ; DivisorFrequencia:Divisor_inst|clkSaida ; DivisorFrequencia:Divisor_inst|clkSaida ; 0.000        ; 0.071      ; 1.577      ;
; 1.341 ; SP[3]                                  ; SP[4]                                              ; DivisorFrequencia:Divisor_inst|clkSaida ; DivisorFrequencia:Divisor_inst|clkSaida ; 0.000        ; 0.071      ; 1.583      ;
; 1.415 ; SP[0]                                  ; SP[4]                                              ; DivisorFrequencia:Divisor_inst|clkSaida ; DivisorFrequencia:Divisor_inst|clkSaida ; 0.000        ; 0.071      ; 1.657      ;
; 1.416 ; SP[0]                                  ; SP[3]                                              ; DivisorFrequencia:Divisor_inst|clkSaida ; DivisorFrequencia:Divisor_inst|clkSaida ; 0.000        ; 0.071      ; 1.658      ;
; 1.421 ; SP[2]                                  ; SP[4]                                              ; DivisorFrequencia:Divisor_inst|clkSaida ; DivisorFrequencia:Divisor_inst|clkSaida ; 0.000        ; 0.071      ; 1.663      ;
; 1.446 ; SP[1]                                  ; SP[5]                                              ; DivisorFrequencia:Divisor_inst|clkSaida ; DivisorFrequencia:Divisor_inst|clkSaida ; 0.000        ; 0.071      ; 1.688      ;
; 1.454 ; PC:PC_inst|PC_reg[21]                  ; PC:PC_inst|PC_reg[21]                              ; DivisorFrequencia:Divisor_inst|clkSaida ; DivisorFrequencia:Divisor_inst|clkSaida ; 0.000        ; 0.087      ; 1.712      ;
; 1.459 ; SP[2]                                  ; SP[3]                                              ; DivisorFrequencia:Divisor_inst|clkSaida ; DivisorFrequencia:Divisor_inst|clkSaida ; 0.000        ; 0.071      ; 1.701      ;
; 1.464 ; PC:PC_inst|PC_reg[26]                  ; PC:PC_inst|PC_reg[27]                              ; DivisorFrequencia:Divisor_inst|clkSaida ; DivisorFrequencia:Divisor_inst|clkSaida ; 0.000        ; 0.087      ; 1.722      ;
; 1.468 ; SP[3]                                  ; SP[5]                                              ; DivisorFrequencia:Divisor_inst|clkSaida ; DivisorFrequencia:Divisor_inst|clkSaida ; 0.000        ; 0.071      ; 1.710      ;
; 1.523 ; banco:banco_inst|registradores[3][14]  ; ControleSaida:display_controller|valor_exibido[14] ; DivisorFrequencia:Divisor_inst|clkSaida ; DivisorFrequencia:Divisor_inst|clkSaida ; 0.000        ; 0.133      ; 1.827      ;
; 1.527 ; SP[0]                                  ; SP[5]                                              ; DivisorFrequencia:Divisor_inst|clkSaida ; DivisorFrequencia:Divisor_inst|clkSaida ; 0.000        ; 0.071      ; 1.769      ;
; 1.537 ; banco:banco_inst|registradores[3][3]   ; ControleSaida:display_controller|valor_exibido[3]  ; DivisorFrequencia:Divisor_inst|clkSaida ; DivisorFrequencia:Divisor_inst|clkSaida ; 0.000        ; 0.110      ; 1.818      ;
; 1.544 ; PC:PC_inst|PC_reg[22]                  ; PC:PC_inst|PC_reg[27]                              ; DivisorFrequencia:Divisor_inst|clkSaida ; DivisorFrequencia:Divisor_inst|clkSaida ; 0.000        ; 0.081      ; 1.796      ;
; 1.554 ; banco:banco_inst|registradores[3][30]  ; ControleSaida:display_controller|valor_exibido[30] ; DivisorFrequencia:Divisor_inst|clkSaida ; DivisorFrequencia:Divisor_inst|clkSaida ; 0.000        ; 0.114      ; 1.839      ;
; 1.570 ; SP[2]                                  ; SP[5]                                              ; DivisorFrequencia:Divisor_inst|clkSaida ; DivisorFrequencia:Divisor_inst|clkSaida ; 0.000        ; 0.071      ; 1.812      ;
; 1.576 ; PC:PC_inst|PC_reg[20]                  ; PC:PC_inst|PC_reg[21]                              ; DivisorFrequencia:Divisor_inst|clkSaida ; DivisorFrequencia:Divisor_inst|clkSaida ; 0.000        ; 0.081      ; 1.828      ;
; 1.618 ; PC:PC_inst|PC_reg[24]                  ; PC:PC_inst|PC_reg[27]                              ; DivisorFrequencia:Divisor_inst|clkSaida ; DivisorFrequencia:Divisor_inst|clkSaida ; 0.000        ; 0.087      ; 1.876      ;
; 1.653 ; PC:PC_inst|PC_reg[20]                  ; PC:PC_inst|PC_reg[27]                              ; DivisorFrequencia:Divisor_inst|clkSaida ; DivisorFrequencia:Divisor_inst|clkSaida ; 0.000        ; 0.081      ; 1.905      ;
; 1.658 ; banco:banco_inst|registradores[3][6]   ; ControleSaida:display_controller|valor_exibido[6]  ; DivisorFrequencia:Divisor_inst|clkSaida ; DivisorFrequencia:Divisor_inst|clkSaida ; 0.000        ; 0.114      ; 1.943      ;
; 1.669 ; banco:banco_inst|registradores[3][23]  ; ControleSaida:display_controller|valor_exibido[23] ; DivisorFrequencia:Divisor_inst|clkSaida ; DivisorFrequencia:Divisor_inst|clkSaida ; 0.000        ; 0.104      ; 1.944      ;
; 1.669 ; banco:banco_inst|registradores[3][28]  ; ControleSaida:display_controller|valor_exibido[28] ; DivisorFrequencia:Divisor_inst|clkSaida ; DivisorFrequencia:Divisor_inst|clkSaida ; 0.000        ; 0.116      ; 1.956      ;
; 1.682 ; SP[4]                                  ; SP[5]                                              ; DivisorFrequencia:Divisor_inst|clkSaida ; DivisorFrequencia:Divisor_inst|clkSaida ; 0.000        ; 0.071      ; 1.924      ;
; 1.683 ; banco:banco_inst|registradores[3][27]  ; ControleSaida:display_controller|valor_exibido[27] ; DivisorFrequencia:Divisor_inst|clkSaida ; DivisorFrequencia:Divisor_inst|clkSaida ; 0.000        ; 0.115      ; 1.969      ;
; 1.703 ; PC:PC_inst|PC_reg[28]                  ; PC:PC_inst|PC_reg[28]                              ; DivisorFrequencia:Divisor_inst|clkSaida ; DivisorFrequencia:Divisor_inst|clkSaida ; 0.000        ; 0.087      ; 1.961      ;
; 1.707 ; PC:PC_inst|PC_reg[19]                  ; PC:PC_inst|PC_reg[19]                              ; DivisorFrequencia:Divisor_inst|clkSaida ; DivisorFrequencia:Divisor_inst|clkSaida ; 0.000        ; 0.087      ; 1.965      ;
; 1.737 ; banco:banco_inst|registradores[3][9]   ; ControleSaida:display_controller|valor_exibido[9]  ; DivisorFrequencia:Divisor_inst|clkSaida ; DivisorFrequencia:Divisor_inst|clkSaida ; 0.000        ; 0.144      ; 2.052      ;
; 1.749 ; banco:banco_inst|registradores[3][26]  ; ControleSaida:display_controller|valor_exibido[26] ; DivisorFrequencia:Divisor_inst|clkSaida ; DivisorFrequencia:Divisor_inst|clkSaida ; 0.000        ; 0.121      ; 2.041      ;
; 1.770 ; banco:banco_inst|registradores[3][16]  ; ControleSaida:display_controller|valor_exibido[16] ; DivisorFrequencia:Divisor_inst|clkSaida ; DivisorFrequencia:Divisor_inst|clkSaida ; 0.000        ; 0.118      ; 2.059      ;
; 1.770 ; PC:PC_inst|PC_reg[11]                  ; PC:PC_inst|PC_reg[11]                              ; DivisorFrequencia:Divisor_inst|clkSaida ; DivisorFrequencia:Divisor_inst|clkSaida ; 0.000        ; 0.087      ; 2.028      ;
; 1.783 ; PC:PC_inst|PC_reg[21]                  ; PC:PC_inst|PC_reg[27]                              ; DivisorFrequencia:Divisor_inst|clkSaida ; DivisorFrequencia:Divisor_inst|clkSaida ; 0.000        ; 0.087      ; 2.041      ;
; 1.789 ; PC:PC_inst|PC_reg[15]                  ; PC:PC_inst|PC_reg[15]                              ; DivisorFrequencia:Divisor_inst|clkSaida ; DivisorFrequencia:Divisor_inst|clkSaida ; 0.000        ; 0.087      ; 2.047      ;
; 1.792 ; PC:PC_inst|PC_reg[16]                  ; PC:PC_inst|PC_reg[21]                              ; DivisorFrequencia:Divisor_inst|clkSaida ; DivisorFrequencia:Divisor_inst|clkSaida ; 0.000        ; 0.081      ; 2.044      ;
; 1.797 ; banco:banco_inst|registradores[3][20]  ; ControleSaida:display_controller|valor_exibido[20] ; DivisorFrequencia:Divisor_inst|clkSaida ; DivisorFrequencia:Divisor_inst|clkSaida ; 0.000        ; 0.113      ; 2.081      ;
; 1.800 ; banco:banco_inst|registradores[3][4]   ; ControleSaida:display_controller|valor_exibido[4]  ; DivisorFrequencia:Divisor_inst|clkSaida ; DivisorFrequencia:Divisor_inst|clkSaida ; 0.000        ; 0.144      ; 2.115      ;
; 1.822 ; PC:PC_inst|PC_reg[26]                  ; PC:PC_inst|PC_reg[26]                              ; DivisorFrequencia:Divisor_inst|clkSaida ; DivisorFrequencia:Divisor_inst|clkSaida ; 0.000        ; 0.087      ; 2.080      ;
; 1.823 ; banco:banco_inst|registradores[3][10]  ; ControleSaida:display_controller|valor_exibido[10] ; DivisorFrequencia:Divisor_inst|clkSaida ; DivisorFrequencia:Divisor_inst|clkSaida ; 0.000        ; 0.145      ; 2.139      ;
; 1.829 ; PC:PC_inst|PC_reg[18]                  ; PC:PC_inst|PC_reg[21]                              ; DivisorFrequencia:Divisor_inst|clkSaida ; DivisorFrequencia:Divisor_inst|clkSaida ; 0.000        ; 0.087      ; 2.087      ;
; 1.833 ; PC:PC_inst|PC_reg[19]                  ; PC:PC_inst|PC_reg[21]                              ; DivisorFrequencia:Divisor_inst|clkSaida ; DivisorFrequencia:Divisor_inst|clkSaida ; 0.000        ; 0.087      ; 2.091      ;
; 1.835 ; banco:banco_inst|registradores[2][3]   ; ram:ram_inst|ram~2019                              ; DivisorFrequencia:Divisor_inst|clkSaida ; DivisorFrequencia:Divisor_inst|clkSaida ; 0.000        ; -0.306     ; 1.700      ;
; 1.836 ; PC:PC_inst|PC_reg[8]                   ; PC:PC_inst|PC_reg[11]                              ; DivisorFrequencia:Divisor_inst|clkSaida ; DivisorFrequencia:Divisor_inst|clkSaida ; 0.000        ; 0.441      ; 2.448      ;
; 1.861 ; ControleSinal:out_signal_control|saida ; PC:PC_inst|PC_reg[7]                               ; btn_in                                  ; DivisorFrequencia:Divisor_inst|clkSaida ; 0.000        ; 0.840      ; 2.902      ;
; 1.869 ; PC:PC_inst|PC_reg[16]                  ; PC:PC_inst|PC_reg[27]                              ; DivisorFrequencia:Divisor_inst|clkSaida ; DivisorFrequencia:Divisor_inst|clkSaida ; 0.000        ; 0.081      ; 2.121      ;
; 1.875 ; PC:PC_inst|PC_reg[10]                  ; PC:PC_inst|PC_reg[11]                              ; DivisorFrequencia:Divisor_inst|clkSaida ; DivisorFrequencia:Divisor_inst|clkSaida ; 0.000        ; 0.441      ; 2.487      ;
; 1.886 ; ControleSinal:out_signal_control|saida ; PC:PC_inst|PC_reg[24]                              ; btn_in                                  ; DivisorFrequencia:Divisor_inst|clkSaida ; 0.000        ; 0.829      ; 2.916      ;
; 1.886 ; ControleSinal:out_signal_control|saida ; PC:PC_inst|PC_reg[21]                              ; btn_in                                  ; DivisorFrequencia:Divisor_inst|clkSaida ; 0.000        ; 0.829      ; 2.916      ;
; 1.886 ; ControleSinal:out_signal_control|saida ; PC:PC_inst|PC_reg[18]                              ; btn_in                                  ; DivisorFrequencia:Divisor_inst|clkSaida ; 0.000        ; 0.829      ; 2.916      ;
; 1.886 ; ControleSinal:out_signal_control|saida ; PC:PC_inst|PC_reg[19]                              ; btn_in                                  ; DivisorFrequencia:Divisor_inst|clkSaida ; 0.000        ; 0.829      ; 2.916      ;
; 1.886 ; ControleSinal:out_signal_control|saida ; PC:PC_inst|PC_reg[27]                              ; btn_in                                  ; DivisorFrequencia:Divisor_inst|clkSaida ; 0.000        ; 0.829      ; 2.916      ;
; 1.886 ; ControleSinal:out_signal_control|saida ; PC:PC_inst|PC_reg[26]                              ; btn_in                                  ; DivisorFrequencia:Divisor_inst|clkSaida ; 0.000        ; 0.829      ; 2.916      ;
; 1.886 ; ControleSinal:out_signal_control|saida ; PC:PC_inst|PC_reg[28]                              ; btn_in                                  ; DivisorFrequencia:Divisor_inst|clkSaida ; 0.000        ; 0.829      ; 2.916      ;
; 1.886 ; ControleSinal:out_signal_control|saida ; PC:PC_inst|PC_reg[30]                              ; btn_in                                  ; DivisorFrequencia:Divisor_inst|clkSaida ; 0.000        ; 0.829      ; 2.916      ;
; 1.886 ; ControleSinal:out_signal_control|saida ; PC:PC_inst|PC_reg[15]                              ; btn_in                                  ; DivisorFrequencia:Divisor_inst|clkSaida ; 0.000        ; 0.829      ; 2.916      ;
; 1.886 ; ControleSinal:out_signal_control|saida ; PC:PC_inst|PC_reg[11]                              ; btn_in                                  ; DivisorFrequencia:Divisor_inst|clkSaida ; 0.000        ; 0.829      ; 2.916      ;
; 1.887 ; ControleSinal:out_signal_control|saida ; PC:PC_inst|PC_reg[9]                               ; btn_in                                  ; DivisorFrequencia:Divisor_inst|clkSaida ; 0.000        ; 0.836      ; 2.924      ;
; 1.887 ; ControleSinal:out_signal_control|saida ; PC:PC_inst|PC_reg[22]                              ; btn_in                                  ; DivisorFrequencia:Divisor_inst|clkSaida ; 0.000        ; 0.836      ; 2.924      ;
+-------+----------------------------------------+----------------------------------------------------+-----------------------------------------+-----------------------------------------+--------------+------------+------------+


+-------------------------------------------------------------------------------------------------------------------------------------------------------------------------+
; Slow 1200mV 0C Model Recovery: 'btn_in'                                                                                                                                 ;
+--------+----------------------+----------------------------------------+-----------------------------------------+-------------+--------------+------------+------------+
; Slack  ; From Node            ; To Node                                ; Launch Clock                            ; Latch Clock ; Relationship ; Clock Skew ; Data Delay ;
+--------+----------------------+----------------------------------------+-----------------------------------------+-------------+--------------+------------+------------+
; -5.227 ; PC:PC_inst|PC_reg[1] ; ControleSinal:out_signal_control|saida ; DivisorFrequencia:Divisor_inst|clkSaida ; btn_in      ; 1.000        ; -0.455     ; 5.761      ;
; -5.226 ; PC:PC_inst|PC_reg[4] ; ControleSinal:out_signal_control|saida ; DivisorFrequencia:Divisor_inst|clkSaida ; btn_in      ; 1.000        ; -0.455     ; 5.760      ;
; -5.221 ; PC:PC_inst|PC_reg[2] ; ControleSinal:out_signal_control|saida ; DivisorFrequencia:Divisor_inst|clkSaida ; btn_in      ; 1.000        ; -0.455     ; 5.755      ;
; -5.063 ; PC:PC_inst|PC_reg[0] ; ControleSinal:out_signal_control|saida ; DivisorFrequencia:Divisor_inst|clkSaida ; btn_in      ; 1.000        ; -0.456     ; 5.596      ;
; -4.982 ; PC:PC_inst|PC_reg[3] ; ControleSinal:out_signal_control|saida ; DivisorFrequencia:Divisor_inst|clkSaida ; btn_in      ; 1.000        ; -0.455     ; 5.516      ;
; -4.841 ; PC:PC_inst|PC_reg[5] ; ControleSinal:out_signal_control|saida ; DivisorFrequencia:Divisor_inst|clkSaida ; btn_in      ; 1.000        ; -0.455     ; 5.375      ;
; -4.684 ; PC:PC_inst|PC_reg[7] ; ControleSinal:out_signal_control|saida ; DivisorFrequencia:Divisor_inst|clkSaida ; btn_in      ; 1.000        ; -0.840     ; 4.833      ;
; -4.246 ; PC:PC_inst|PC_reg[6] ; ControleSinal:out_signal_control|saida ; DivisorFrequencia:Divisor_inst|clkSaida ; btn_in      ; 1.000        ; -0.456     ; 4.779      ;
; -4.082 ; PC:PC_inst|PC_reg[7] ; ControleSinal:io_signal_control|saida  ; DivisorFrequencia:Divisor_inst|clkSaida ; btn_in      ; 1.000        ; -0.840     ; 4.231      ;
; -3.798 ; PC:PC_inst|PC_reg[6] ; ControleSinal:io_signal_control|saida  ; DivisorFrequencia:Divisor_inst|clkSaida ; btn_in      ; 1.000        ; -0.456     ; 4.331      ;
; -3.332 ; PC:PC_inst|PC_reg[2] ; ControleSinal:io_signal_control|saida  ; DivisorFrequencia:Divisor_inst|clkSaida ; btn_in      ; 1.000        ; -0.455     ; 3.866      ;
; -3.149 ; PC:PC_inst|PC_reg[1] ; ControleSinal:io_signal_control|saida  ; DivisorFrequencia:Divisor_inst|clkSaida ; btn_in      ; 1.000        ; -0.455     ; 3.683      ;
; -3.023 ; PC:PC_inst|PC_reg[3] ; ControleSinal:io_signal_control|saida  ; DivisorFrequencia:Divisor_inst|clkSaida ; btn_in      ; 1.000        ; -0.455     ; 3.557      ;
; -2.734 ; PC:PC_inst|PC_reg[4] ; ControleSinal:io_signal_control|saida  ; DivisorFrequencia:Divisor_inst|clkSaida ; btn_in      ; 1.000        ; -0.455     ; 3.268      ;
; -2.608 ; PC:PC_inst|PC_reg[5] ; ControleSinal:io_signal_control|saida  ; DivisorFrequencia:Divisor_inst|clkSaida ; btn_in      ; 1.000        ; -0.455     ; 3.142      ;
; -2.479 ; PC:PC_inst|PC_reg[0] ; ControleSinal:io_signal_control|saida  ; DivisorFrequencia:Divisor_inst|clkSaida ; btn_in      ; 1.000        ; -0.456     ; 3.012      ;
+--------+----------------------+----------------------------------------+-----------------------------------------+-------------+--------------+------------+------------+


+------------------------------------------------------------------------------------------------------------------------------------------------------------------------+
; Slow 1200mV 0C Model Removal: 'btn_in'                                                                                                                                 ;
+-------+----------------------+----------------------------------------+-----------------------------------------+-------------+--------------+------------+------------+
; Slack ; From Node            ; To Node                                ; Launch Clock                            ; Latch Clock ; Relationship ; Clock Skew ; Data Delay ;
+-------+----------------------+----------------------------------------+-----------------------------------------+-------------+--------------+------------+------------+
; 2.849 ; PC:PC_inst|PC_reg[0] ; ControleSinal:io_signal_control|saida  ; DivisorFrequencia:Divisor_inst|clkSaida ; btn_in      ; 0.000        ; -0.170     ; 2.880      ;
; 2.954 ; PC:PC_inst|PC_reg[5] ; ControleSinal:io_signal_control|saida  ; DivisorFrequencia:Divisor_inst|clkSaida ; btn_in      ; 0.000        ; -0.170     ; 2.985      ;
; 2.958 ; PC:PC_inst|PC_reg[4] ; ControleSinal:out_signal_control|saida ; DivisorFrequencia:Divisor_inst|clkSaida ; btn_in      ; 0.000        ; -0.170     ; 2.989      ;
; 3.061 ; PC:PC_inst|PC_reg[7] ; ControleSinal:out_signal_control|saida ; DivisorFrequencia:Divisor_inst|clkSaida ; btn_in      ; 0.000        ; -0.539     ; 2.723      ;
; 3.076 ; PC:PC_inst|PC_reg[4] ; ControleSinal:io_signal_control|saida  ; DivisorFrequencia:Divisor_inst|clkSaida ; btn_in      ; 0.000        ; -0.170     ; 3.107      ;
; 3.097 ; PC:PC_inst|PC_reg[5] ; ControleSinal:out_signal_control|saida ; DivisorFrequencia:Divisor_inst|clkSaida ; btn_in      ; 0.000        ; -0.170     ; 3.128      ;
; 3.178 ; PC:PC_inst|PC_reg[0] ; ControleSinal:out_signal_control|saida ; DivisorFrequencia:Divisor_inst|clkSaida ; btn_in      ; 0.000        ; -0.170     ; 3.209      ;
; 3.220 ; PC:PC_inst|PC_reg[1] ; ControleSinal:out_signal_control|saida ; DivisorFrequencia:Divisor_inst|clkSaida ; btn_in      ; 0.000        ; -0.170     ; 3.251      ;
; 3.225 ; PC:PC_inst|PC_reg[6] ; ControleSinal:out_signal_control|saida ; DivisorFrequencia:Divisor_inst|clkSaida ; btn_in      ; 0.000        ; -0.170     ; 3.256      ;
; 3.298 ; PC:PC_inst|PC_reg[2] ; ControleSinal:out_signal_control|saida ; DivisorFrequencia:Divisor_inst|clkSaida ; btn_in      ; 0.000        ; -0.170     ; 3.329      ;
; 3.309 ; PC:PC_inst|PC_reg[3] ; ControleSinal:io_signal_control|saida  ; DivisorFrequencia:Divisor_inst|clkSaida ; btn_in      ; 0.000        ; -0.170     ; 3.340      ;
; 3.386 ; PC:PC_inst|PC_reg[3] ; ControleSinal:out_signal_control|saida ; DivisorFrequencia:Divisor_inst|clkSaida ; btn_in      ; 0.000        ; -0.170     ; 3.417      ;
; 3.440 ; PC:PC_inst|PC_reg[1] ; ControleSinal:io_signal_control|saida  ; DivisorFrequencia:Divisor_inst|clkSaida ; btn_in      ; 0.000        ; -0.170     ; 3.471      ;
; 3.535 ; PC:PC_inst|PC_reg[2] ; ControleSinal:io_signal_control|saida  ; DivisorFrequencia:Divisor_inst|clkSaida ; btn_in      ; 0.000        ; -0.170     ; 3.566      ;
; 4.044 ; PC:PC_inst|PC_reg[6] ; ControleSinal:io_signal_control|saida  ; DivisorFrequencia:Divisor_inst|clkSaida ; btn_in      ; 0.000        ; -0.170     ; 4.075      ;
; 4.262 ; PC:PC_inst|PC_reg[7] ; ControleSinal:io_signal_control|saida  ; DivisorFrequencia:Divisor_inst|clkSaida ; btn_in      ; 0.000        ; -0.539     ; 3.924      ;
+-------+----------------------+----------------------------------------+-----------------------------------------+-------------+--------------+------------+------------+


----------------------------------------------
; Slow 1200mV 0C Model Metastability Summary ;
----------------------------------------------
No synchronizer chains to report.


+-------------------------------------------------------------------+
; Fast 1200mV 0C Model Setup Summary                                ;
+-----------------------------------------+---------+---------------+
; Clock                                   ; Slack   ; End Point TNS ;
+-----------------------------------------+---------+---------------+
; DivisorFrequencia:Divisor_inst|clkSaida ; -75.880 ; -166498.092   ;
; clk_50                                  ; -1.222  ; -9.280        ;
+-----------------------------------------+---------+---------------+


+-----------------------------------------------------------------+
; Fast 1200mV 0C Model Hold Summary                               ;
+-----------------------------------------+-------+---------------+
; Clock                                   ; Slack ; End Point TNS ;
+-----------------------------------------+-------+---------------+
; clk_50                                  ; 0.200 ; 0.000         ;
; DivisorFrequencia:Divisor_inst|clkSaida ; 0.413 ; 0.000         ;
+-----------------------------------------+-------+---------------+


+---------------------------------------+
; Fast 1200mV 0C Model Recovery Summary ;
+--------+--------+---------------------+
; Clock  ; Slack  ; End Point TNS       ;
+--------+--------+---------------------+
; btn_in ; -2.264 ; -3.967              ;
+--------+--------+---------------------+


+--------------------------------------+
; Fast 1200mV 0C Model Removal Summary ;
+--------+-------+---------------------+
; Clock  ; Slack ; End Point TNS       ;
+--------+-------+---------------------+
; btn_in ; 1.270 ; 0.000               ;
+--------+-------+---------------------+


+------------------------------------------------------------------+
; Fast 1200mV 0C Model Minimum Pulse Width Summary                 ;
+-----------------------------------------+--------+---------------+
; Clock                                   ; Slack  ; End Point TNS ;
+-----------------------------------------+--------+---------------+
; clk_50                                  ; -3.000 ; -30.613       ;
; btn_in                                  ; -3.000 ; -5.634        ;
; DivisorFrequencia:Divisor_inst|clkSaida ; -1.000 ; -2342.000     ;
+-----------------------------------------+--------+---------------+


+-----------------------------------------------------------------------------------------------------------------------------------------------------------------------------------------------------+
; Fast 1200mV 0C Model Setup: 'DivisorFrequencia:Divisor_inst|clkSaida'                                                                                                                               ;
+---------+----------------------+---------------------------------------+-----------------------------------------+-----------------------------------------+--------------+------------+------------+
; Slack   ; From Node            ; To Node                               ; Launch Clock                            ; Latch Clock                             ; Relationship ; Clock Skew ; Data Delay ;
+---------+----------------------+---------------------------------------+-----------------------------------------+-----------------------------------------+--------------+------------+------------+
; -75.880 ; PC:PC_inst|PC_reg[2] ; banco:banco_inst|registradores[2][9]  ; DivisorFrequencia:Divisor_inst|clkSaida ; DivisorFrequencia:Divisor_inst|clkSaida ; 0.500        ; -0.185     ; 76.182     ;
; -75.877 ; PC:PC_inst|PC_reg[1] ; banco:banco_inst|registradores[2][9]  ; DivisorFrequencia:Divisor_inst|clkSaida ; DivisorFrequencia:Divisor_inst|clkSaida ; 0.500        ; -0.185     ; 76.179     ;
; -75.794 ; PC:PC_inst|PC_reg[4] ; banco:banco_inst|registradores[2][9]  ; DivisorFrequencia:Divisor_inst|clkSaida ; DivisorFrequencia:Divisor_inst|clkSaida ; 0.500        ; -0.185     ; 76.096     ;
; -75.768 ; PC:PC_inst|PC_reg[0] ; banco:banco_inst|registradores[2][9]  ; DivisorFrequencia:Divisor_inst|clkSaida ; DivisorFrequencia:Divisor_inst|clkSaida ; 0.500        ; -0.185     ; 76.070     ;
; -75.752 ; PC:PC_inst|PC_reg[2] ; banco:banco_inst|registradores[5][30] ; DivisorFrequencia:Divisor_inst|clkSaida ; DivisorFrequencia:Divisor_inst|clkSaida ; 0.500        ; 0.004      ; 76.243     ;
; -75.751 ; PC:PC_inst|PC_reg[2] ; banco:banco_inst|registradores[1][30] ; DivisorFrequencia:Divisor_inst|clkSaida ; DivisorFrequencia:Divisor_inst|clkSaida ; 0.500        ; 0.006      ; 76.244     ;
; -75.749 ; PC:PC_inst|PC_reg[1] ; banco:banco_inst|registradores[5][30] ; DivisorFrequencia:Divisor_inst|clkSaida ; DivisorFrequencia:Divisor_inst|clkSaida ; 0.500        ; 0.004      ; 76.240     ;
; -75.748 ; PC:PC_inst|PC_reg[1] ; banco:banco_inst|registradores[1][30] ; DivisorFrequencia:Divisor_inst|clkSaida ; DivisorFrequencia:Divisor_inst|clkSaida ; 0.500        ; 0.006      ; 76.241     ;
; -75.747 ; PC:PC_inst|PC_reg[3] ; banco:banco_inst|registradores[2][9]  ; DivisorFrequencia:Divisor_inst|clkSaida ; DivisorFrequencia:Divisor_inst|clkSaida ; 0.500        ; -0.185     ; 76.049     ;
; -75.717 ; PC:PC_inst|PC_reg[2] ; banco:banco_inst|registradores[4][9]  ; DivisorFrequencia:Divisor_inst|clkSaida ; DivisorFrequencia:Divisor_inst|clkSaida ; 0.500        ; -0.006     ; 76.198     ;
; -75.714 ; PC:PC_inst|PC_reg[1] ; banco:banco_inst|registradores[4][9]  ; DivisorFrequencia:Divisor_inst|clkSaida ; DivisorFrequencia:Divisor_inst|clkSaida ; 0.500        ; -0.006     ; 76.195     ;
; -75.701 ; PC:PC_inst|PC_reg[2] ; banco:banco_inst|registradores[6][9]  ; DivisorFrequencia:Divisor_inst|clkSaida ; DivisorFrequencia:Divisor_inst|clkSaida ; 0.500        ; 0.009      ; 76.197     ;
; -75.698 ; PC:PC_inst|PC_reg[1] ; banco:banco_inst|registradores[6][9]  ; DivisorFrequencia:Divisor_inst|clkSaida ; DivisorFrequencia:Divisor_inst|clkSaida ; 0.500        ; 0.009      ; 76.194     ;
; -75.666 ; PC:PC_inst|PC_reg[4] ; banco:banco_inst|registradores[5][30] ; DivisorFrequencia:Divisor_inst|clkSaida ; DivisorFrequencia:Divisor_inst|clkSaida ; 0.500        ; 0.004      ; 76.157     ;
; -75.665 ; PC:PC_inst|PC_reg[4] ; banco:banco_inst|registradores[1][30] ; DivisorFrequencia:Divisor_inst|clkSaida ; DivisorFrequencia:Divisor_inst|clkSaida ; 0.500        ; 0.006      ; 76.158     ;
; -75.640 ; PC:PC_inst|PC_reg[0] ; banco:banco_inst|registradores[5][30] ; DivisorFrequencia:Divisor_inst|clkSaida ; DivisorFrequencia:Divisor_inst|clkSaida ; 0.500        ; 0.004      ; 76.131     ;
; -75.639 ; PC:PC_inst|PC_reg[0] ; banco:banco_inst|registradores[1][30] ; DivisorFrequencia:Divisor_inst|clkSaida ; DivisorFrequencia:Divisor_inst|clkSaida ; 0.500        ; 0.006      ; 76.132     ;
; -75.637 ; PC:PC_inst|PC_reg[2] ; banco:banco_inst|registradores[2][4]  ; DivisorFrequencia:Divisor_inst|clkSaida ; DivisorFrequencia:Divisor_inst|clkSaida ; 0.500        ; 0.011      ; 76.135     ;
; -75.636 ; PC:PC_inst|PC_reg[2] ; banco:banco_inst|registradores[1][25] ; DivisorFrequencia:Divisor_inst|clkSaida ; DivisorFrequencia:Divisor_inst|clkSaida ; 0.500        ; -0.013     ; 76.110     ;
; -75.636 ; PC:PC_inst|PC_reg[2] ; banco:banco_inst|registradores[3][25] ; DivisorFrequencia:Divisor_inst|clkSaida ; DivisorFrequencia:Divisor_inst|clkSaida ; 0.500        ; -0.012     ; 76.111     ;
; -75.634 ; PC:PC_inst|PC_reg[1] ; banco:banco_inst|registradores[2][4]  ; DivisorFrequencia:Divisor_inst|clkSaida ; DivisorFrequencia:Divisor_inst|clkSaida ; 0.500        ; 0.011      ; 76.132     ;
; -75.633 ; PC:PC_inst|PC_reg[1] ; banco:banco_inst|registradores[1][25] ; DivisorFrequencia:Divisor_inst|clkSaida ; DivisorFrequencia:Divisor_inst|clkSaida ; 0.500        ; -0.013     ; 76.107     ;
; -75.633 ; PC:PC_inst|PC_reg[1] ; banco:banco_inst|registradores[3][25] ; DivisorFrequencia:Divisor_inst|clkSaida ; DivisorFrequencia:Divisor_inst|clkSaida ; 0.500        ; -0.012     ; 76.108     ;
; -75.631 ; PC:PC_inst|PC_reg[4] ; banco:banco_inst|registradores[4][9]  ; DivisorFrequencia:Divisor_inst|clkSaida ; DivisorFrequencia:Divisor_inst|clkSaida ; 0.500        ; -0.006     ; 76.112     ;
; -75.630 ; PC:PC_inst|PC_reg[5] ; banco:banco_inst|registradores[2][9]  ; DivisorFrequencia:Divisor_inst|clkSaida ; DivisorFrequencia:Divisor_inst|clkSaida ; 0.500        ; -0.185     ; 75.932     ;
; -75.619 ; PC:PC_inst|PC_reg[3] ; banco:banco_inst|registradores[5][30] ; DivisorFrequencia:Divisor_inst|clkSaida ; DivisorFrequencia:Divisor_inst|clkSaida ; 0.500        ; 0.004      ; 76.110     ;
; -75.618 ; PC:PC_inst|PC_reg[3] ; banco:banco_inst|registradores[1][30] ; DivisorFrequencia:Divisor_inst|clkSaida ; DivisorFrequencia:Divisor_inst|clkSaida ; 0.500        ; 0.006      ; 76.111     ;
; -75.615 ; PC:PC_inst|PC_reg[4] ; banco:banco_inst|registradores[6][9]  ; DivisorFrequencia:Divisor_inst|clkSaida ; DivisorFrequencia:Divisor_inst|clkSaida ; 0.500        ; 0.009      ; 76.111     ;
; -75.605 ; PC:PC_inst|PC_reg[0] ; banco:banco_inst|registradores[4][9]  ; DivisorFrequencia:Divisor_inst|clkSaida ; DivisorFrequencia:Divisor_inst|clkSaida ; 0.500        ; -0.006     ; 76.086     ;
; -75.595 ; PC:PC_inst|PC_reg[2] ; banco:banco_inst|registradores[3][9]  ; DivisorFrequencia:Divisor_inst|clkSaida ; DivisorFrequencia:Divisor_inst|clkSaida ; 0.500        ; -0.002     ; 76.080     ;
; -75.592 ; PC:PC_inst|PC_reg[1] ; banco:banco_inst|registradores[3][9]  ; DivisorFrequencia:Divisor_inst|clkSaida ; DivisorFrequencia:Divisor_inst|clkSaida ; 0.500        ; -0.002     ; 76.077     ;
; -75.589 ; PC:PC_inst|PC_reg[0] ; banco:banco_inst|registradores[6][9]  ; DivisorFrequencia:Divisor_inst|clkSaida ; DivisorFrequencia:Divisor_inst|clkSaida ; 0.500        ; 0.009      ; 76.085     ;
; -75.584 ; PC:PC_inst|PC_reg[3] ; banco:banco_inst|registradores[4][9]  ; DivisorFrequencia:Divisor_inst|clkSaida ; DivisorFrequencia:Divisor_inst|clkSaida ; 0.500        ; -0.006     ; 76.065     ;
; -75.581 ; PC:PC_inst|PC_reg[2] ; banco:banco_inst|registradores[1][9]  ; DivisorFrequencia:Divisor_inst|clkSaida ; DivisorFrequencia:Divisor_inst|clkSaida ; 0.500        ; 0.013      ; 76.081     ;
; -75.578 ; PC:PC_inst|PC_reg[1] ; banco:banco_inst|registradores[1][9]  ; DivisorFrequencia:Divisor_inst|clkSaida ; DivisorFrequencia:Divisor_inst|clkSaida ; 0.500        ; 0.013      ; 76.078     ;
; -75.568 ; PC:PC_inst|PC_reg[3] ; banco:banco_inst|registradores[6][9]  ; DivisorFrequencia:Divisor_inst|clkSaida ; DivisorFrequencia:Divisor_inst|clkSaida ; 0.500        ; 0.009      ; 76.064     ;
; -75.566 ; PC:PC_inst|PC_reg[2] ; banco:banco_inst|registradores[4][25] ; DivisorFrequencia:Divisor_inst|clkSaida ; DivisorFrequencia:Divisor_inst|clkSaida ; 0.500        ; 0.000      ; 76.053     ;
; -75.563 ; PC:PC_inst|PC_reg[1] ; banco:banco_inst|registradores[4][25] ; DivisorFrequencia:Divisor_inst|clkSaida ; DivisorFrequencia:Divisor_inst|clkSaida ; 0.500        ; 0.000      ; 76.050     ;
; -75.559 ; PC:PC_inst|PC_reg[2] ; banco:banco_inst|registradores[6][25] ; DivisorFrequencia:Divisor_inst|clkSaida ; DivisorFrequencia:Divisor_inst|clkSaida ; 0.500        ; 0.004      ; 76.050     ;
; -75.556 ; PC:PC_inst|PC_reg[1] ; banco:banco_inst|registradores[6][25] ; DivisorFrequencia:Divisor_inst|clkSaida ; DivisorFrequencia:Divisor_inst|clkSaida ; 0.500        ; 0.004      ; 76.047     ;
; -75.551 ; PC:PC_inst|PC_reg[4] ; banco:banco_inst|registradores[2][4]  ; DivisorFrequencia:Divisor_inst|clkSaida ; DivisorFrequencia:Divisor_inst|clkSaida ; 0.500        ; 0.011      ; 76.049     ;
; -75.550 ; PC:PC_inst|PC_reg[4] ; banco:banco_inst|registradores[1][25] ; DivisorFrequencia:Divisor_inst|clkSaida ; DivisorFrequencia:Divisor_inst|clkSaida ; 0.500        ; -0.013     ; 76.024     ;
; -75.550 ; PC:PC_inst|PC_reg[4] ; banco:banco_inst|registradores[3][25] ; DivisorFrequencia:Divisor_inst|clkSaida ; DivisorFrequencia:Divisor_inst|clkSaida ; 0.500        ; -0.012     ; 76.025     ;
; -75.544 ; PC:PC_inst|PC_reg[2] ; banco:banco_inst|registradores[6][30] ; DivisorFrequencia:Divisor_inst|clkSaida ; DivisorFrequencia:Divisor_inst|clkSaida ; 0.500        ; 0.013      ; 76.044     ;
; -75.541 ; PC:PC_inst|PC_reg[1] ; banco:banco_inst|registradores[6][30] ; DivisorFrequencia:Divisor_inst|clkSaida ; DivisorFrequencia:Divisor_inst|clkSaida ; 0.500        ; 0.013      ; 76.041     ;
; -75.529 ; PC:PC_inst|PC_reg[2] ; banco:banco_inst|registradores[3][0]  ; DivisorFrequencia:Divisor_inst|clkSaida ; DivisorFrequencia:Divisor_inst|clkSaida ; 0.500        ; 0.011      ; 76.027     ;
; -75.526 ; PC:PC_inst|PC_reg[1] ; banco:banco_inst|registradores[3][0]  ; DivisorFrequencia:Divisor_inst|clkSaida ; DivisorFrequencia:Divisor_inst|clkSaida ; 0.500        ; 0.011      ; 76.024     ;
; -75.525 ; PC:PC_inst|PC_reg[0] ; banco:banco_inst|registradores[2][4]  ; DivisorFrequencia:Divisor_inst|clkSaida ; DivisorFrequencia:Divisor_inst|clkSaida ; 0.500        ; 0.011      ; 76.023     ;
; -75.524 ; PC:PC_inst|PC_reg[0] ; banco:banco_inst|registradores[1][25] ; DivisorFrequencia:Divisor_inst|clkSaida ; DivisorFrequencia:Divisor_inst|clkSaida ; 0.500        ; -0.013     ; 75.998     ;
; -75.524 ; PC:PC_inst|PC_reg[0] ; banco:banco_inst|registradores[3][25] ; DivisorFrequencia:Divisor_inst|clkSaida ; DivisorFrequencia:Divisor_inst|clkSaida ; 0.500        ; -0.012     ; 75.999     ;
; -75.521 ; PC:PC_inst|PC_reg[2] ; banco:banco_inst|registradores[5][9]  ; DivisorFrequencia:Divisor_inst|clkSaida ; DivisorFrequencia:Divisor_inst|clkSaida ; 0.500        ; -0.010     ; 75.998     ;
; -75.518 ; PC:PC_inst|PC_reg[1] ; banco:banco_inst|registradores[5][9]  ; DivisorFrequencia:Divisor_inst|clkSaida ; DivisorFrequencia:Divisor_inst|clkSaida ; 0.500        ; -0.010     ; 75.995     ;
; -75.509 ; PC:PC_inst|PC_reg[4] ; banco:banco_inst|registradores[3][9]  ; DivisorFrequencia:Divisor_inst|clkSaida ; DivisorFrequencia:Divisor_inst|clkSaida ; 0.500        ; -0.002     ; 75.994     ;
; -75.504 ; PC:PC_inst|PC_reg[3] ; banco:banco_inst|registradores[2][4]  ; DivisorFrequencia:Divisor_inst|clkSaida ; DivisorFrequencia:Divisor_inst|clkSaida ; 0.500        ; 0.011      ; 76.002     ;
; -75.503 ; PC:PC_inst|PC_reg[3] ; banco:banco_inst|registradores[1][25] ; DivisorFrequencia:Divisor_inst|clkSaida ; DivisorFrequencia:Divisor_inst|clkSaida ; 0.500        ; -0.013     ; 75.977     ;
; -75.503 ; PC:PC_inst|PC_reg[3] ; banco:banco_inst|registradores[3][25] ; DivisorFrequencia:Divisor_inst|clkSaida ; DivisorFrequencia:Divisor_inst|clkSaida ; 0.500        ; -0.012     ; 75.978     ;
; -75.502 ; PC:PC_inst|PC_reg[5] ; banco:banco_inst|registradores[5][30] ; DivisorFrequencia:Divisor_inst|clkSaida ; DivisorFrequencia:Divisor_inst|clkSaida ; 0.500        ; 0.004      ; 75.993     ;
; -75.501 ; PC:PC_inst|PC_reg[5] ; banco:banco_inst|registradores[1][30] ; DivisorFrequencia:Divisor_inst|clkSaida ; DivisorFrequencia:Divisor_inst|clkSaida ; 0.500        ; 0.006      ; 75.994     ;
; -75.495 ; PC:PC_inst|PC_reg[2] ; banco:banco_inst|registradores[1][21] ; DivisorFrequencia:Divisor_inst|clkSaida ; DivisorFrequencia:Divisor_inst|clkSaida ; 0.500        ; -0.025     ; 75.957     ;
; -75.495 ; PC:PC_inst|PC_reg[4] ; banco:banco_inst|registradores[1][9]  ; DivisorFrequencia:Divisor_inst|clkSaida ; DivisorFrequencia:Divisor_inst|clkSaida ; 0.500        ; 0.013      ; 75.995     ;
; -75.492 ; PC:PC_inst|PC_reg[2] ; banco:banco_inst|registradores[3][30] ; DivisorFrequencia:Divisor_inst|clkSaida ; DivisorFrequencia:Divisor_inst|clkSaida ; 0.500        ; 0.011      ; 75.990     ;
; -75.492 ; PC:PC_inst|PC_reg[1] ; banco:banco_inst|registradores[1][21] ; DivisorFrequencia:Divisor_inst|clkSaida ; DivisorFrequencia:Divisor_inst|clkSaida ; 0.500        ; -0.025     ; 75.954     ;
; -75.489 ; PC:PC_inst|PC_reg[1] ; banco:banco_inst|registradores[3][30] ; DivisorFrequencia:Divisor_inst|clkSaida ; DivisorFrequencia:Divisor_inst|clkSaida ; 0.500        ; 0.011      ; 75.987     ;
; -75.487 ; PC:PC_inst|PC_reg[2] ; banco:banco_inst|registradores[4][30] ; DivisorFrequencia:Divisor_inst|clkSaida ; DivisorFrequencia:Divisor_inst|clkSaida ; 0.500        ; -0.002     ; 75.972     ;
; -75.484 ; PC:PC_inst|PC_reg[1] ; banco:banco_inst|registradores[4][30] ; DivisorFrequencia:Divisor_inst|clkSaida ; DivisorFrequencia:Divisor_inst|clkSaida ; 0.500        ; -0.002     ; 75.969     ;
; -75.483 ; PC:PC_inst|PC_reg[0] ; banco:banco_inst|registradores[3][9]  ; DivisorFrequencia:Divisor_inst|clkSaida ; DivisorFrequencia:Divisor_inst|clkSaida ; 0.500        ; -0.002     ; 75.968     ;
; -75.480 ; PC:PC_inst|PC_reg[4] ; banco:banco_inst|registradores[4][25] ; DivisorFrequencia:Divisor_inst|clkSaida ; DivisorFrequencia:Divisor_inst|clkSaida ; 0.500        ; 0.000      ; 75.967     ;
; -75.476 ; PC:PC_inst|PC_reg[2] ; banco:banco_inst|registradores[5][21] ; DivisorFrequencia:Divisor_inst|clkSaida ; DivisorFrequencia:Divisor_inst|clkSaida ; 0.500        ; -0.190     ; 75.773     ;
; -75.473 ; PC:PC_inst|PC_reg[4] ; banco:banco_inst|registradores[6][25] ; DivisorFrequencia:Divisor_inst|clkSaida ; DivisorFrequencia:Divisor_inst|clkSaida ; 0.500        ; 0.004      ; 75.964     ;
; -75.473 ; PC:PC_inst|PC_reg[1] ; banco:banco_inst|registradores[5][21] ; DivisorFrequencia:Divisor_inst|clkSaida ; DivisorFrequencia:Divisor_inst|clkSaida ; 0.500        ; -0.190     ; 75.770     ;
; -75.469 ; PC:PC_inst|PC_reg[0] ; banco:banco_inst|registradores[1][9]  ; DivisorFrequencia:Divisor_inst|clkSaida ; DivisorFrequencia:Divisor_inst|clkSaida ; 0.500        ; 0.013      ; 75.969     ;
; -75.467 ; PC:PC_inst|PC_reg[5] ; banco:banco_inst|registradores[4][9]  ; DivisorFrequencia:Divisor_inst|clkSaida ; DivisorFrequencia:Divisor_inst|clkSaida ; 0.500        ; -0.006     ; 75.948     ;
; -75.462 ; PC:PC_inst|PC_reg[3] ; banco:banco_inst|registradores[3][9]  ; DivisorFrequencia:Divisor_inst|clkSaida ; DivisorFrequencia:Divisor_inst|clkSaida ; 0.500        ; -0.002     ; 75.947     ;
; -75.461 ; PC:PC_inst|PC_reg[2] ; banco:banco_inst|registradores[1][28] ; DivisorFrequencia:Divisor_inst|clkSaida ; DivisorFrequencia:Divisor_inst|clkSaida ; 0.500        ; -0.025     ; 75.923     ;
; -75.458 ; PC:PC_inst|PC_reg[4] ; banco:banco_inst|registradores[6][30] ; DivisorFrequencia:Divisor_inst|clkSaida ; DivisorFrequencia:Divisor_inst|clkSaida ; 0.500        ; 0.013      ; 75.958     ;
; -75.458 ; PC:PC_inst|PC_reg[1] ; banco:banco_inst|registradores[1][28] ; DivisorFrequencia:Divisor_inst|clkSaida ; DivisorFrequencia:Divisor_inst|clkSaida ; 0.500        ; -0.025     ; 75.920     ;
; -75.454 ; PC:PC_inst|PC_reg[0] ; banco:banco_inst|registradores[4][25] ; DivisorFrequencia:Divisor_inst|clkSaida ; DivisorFrequencia:Divisor_inst|clkSaida ; 0.500        ; 0.000      ; 75.941     ;
; -75.451 ; PC:PC_inst|PC_reg[5] ; banco:banco_inst|registradores[6][9]  ; DivisorFrequencia:Divisor_inst|clkSaida ; DivisorFrequencia:Divisor_inst|clkSaida ; 0.500        ; 0.009      ; 75.947     ;
; -75.448 ; PC:PC_inst|PC_reg[3] ; banco:banco_inst|registradores[1][9]  ; DivisorFrequencia:Divisor_inst|clkSaida ; DivisorFrequencia:Divisor_inst|clkSaida ; 0.500        ; 0.013      ; 75.948     ;
; -75.447 ; PC:PC_inst|PC_reg[2] ; banco:banco_inst|registradores[2][28] ; DivisorFrequencia:Divisor_inst|clkSaida ; DivisorFrequencia:Divisor_inst|clkSaida ; 0.500        ; -0.011     ; 75.923     ;
; -75.447 ; PC:PC_inst|PC_reg[0] ; banco:banco_inst|registradores[6][25] ; DivisorFrequencia:Divisor_inst|clkSaida ; DivisorFrequencia:Divisor_inst|clkSaida ; 0.500        ; 0.004      ; 75.938     ;
; -75.444 ; PC:PC_inst|PC_reg[1] ; banco:banco_inst|registradores[2][28] ; DivisorFrequencia:Divisor_inst|clkSaida ; DivisorFrequencia:Divisor_inst|clkSaida ; 0.500        ; -0.011     ; 75.920     ;
; -75.443 ; PC:PC_inst|PC_reg[2] ; banco:banco_inst|registradores[4][21] ; DivisorFrequencia:Divisor_inst|clkSaida ; DivisorFrequencia:Divisor_inst|clkSaida ; 0.500        ; -0.006     ; 75.924     ;
; -75.443 ; PC:PC_inst|PC_reg[4] ; banco:banco_inst|registradores[3][0]  ; DivisorFrequencia:Divisor_inst|clkSaida ; DivisorFrequencia:Divisor_inst|clkSaida ; 0.500        ; 0.011      ; 75.941     ;
; -75.441 ; PC:PC_inst|PC_reg[2] ; banco:banco_inst|registradores[2][25] ; DivisorFrequencia:Divisor_inst|clkSaida ; DivisorFrequencia:Divisor_inst|clkSaida ; 0.500        ; -0.018     ; 75.910     ;
; -75.440 ; PC:PC_inst|PC_reg[1] ; banco:banco_inst|registradores[4][21] ; DivisorFrequencia:Divisor_inst|clkSaida ; DivisorFrequencia:Divisor_inst|clkSaida ; 0.500        ; -0.006     ; 75.921     ;
; -75.439 ; PC:PC_inst|PC_reg[7] ; banco:banco_inst|registradores[2][9]  ; DivisorFrequencia:Divisor_inst|clkSaida ; DivisorFrequencia:Divisor_inst|clkSaida ; 0.500        ; -0.415     ; 75.511     ;
; -75.438 ; PC:PC_inst|PC_reg[1] ; banco:banco_inst|registradores[2][25] ; DivisorFrequencia:Divisor_inst|clkSaida ; DivisorFrequencia:Divisor_inst|clkSaida ; 0.500        ; -0.018     ; 75.907     ;
; -75.435 ; PC:PC_inst|PC_reg[4] ; banco:banco_inst|registradores[5][9]  ; DivisorFrequencia:Divisor_inst|clkSaida ; DivisorFrequencia:Divisor_inst|clkSaida ; 0.500        ; -0.010     ; 75.912     ;
; -75.433 ; PC:PC_inst|PC_reg[3] ; banco:banco_inst|registradores[4][25] ; DivisorFrequencia:Divisor_inst|clkSaida ; DivisorFrequencia:Divisor_inst|clkSaida ; 0.500        ; 0.000      ; 75.920     ;
; -75.432 ; PC:PC_inst|PC_reg[0] ; banco:banco_inst|registradores[6][30] ; DivisorFrequencia:Divisor_inst|clkSaida ; DivisorFrequencia:Divisor_inst|clkSaida ; 0.500        ; 0.013      ; 75.932     ;
; -75.426 ; PC:PC_inst|PC_reg[2] ; banco:banco_inst|registradores[6][21] ; DivisorFrequencia:Divisor_inst|clkSaida ; DivisorFrequencia:Divisor_inst|clkSaida ; 0.500        ; 0.009      ; 75.922     ;
; -75.426 ; PC:PC_inst|PC_reg[3] ; banco:banco_inst|registradores[6][25] ; DivisorFrequencia:Divisor_inst|clkSaida ; DivisorFrequencia:Divisor_inst|clkSaida ; 0.500        ; 0.004      ; 75.917     ;
; -75.423 ; PC:PC_inst|PC_reg[1] ; banco:banco_inst|registradores[6][21] ; DivisorFrequencia:Divisor_inst|clkSaida ; DivisorFrequencia:Divisor_inst|clkSaida ; 0.500        ; 0.009      ; 75.919     ;
; -75.420 ; PC:PC_inst|PC_reg[2] ; banco:banco_inst|registradores[6][20] ; DivisorFrequencia:Divisor_inst|clkSaida ; DivisorFrequencia:Divisor_inst|clkSaida ; 0.500        ; 0.000      ; 75.907     ;
; -75.417 ; PC:PC_inst|PC_reg[2] ; banco:banco_inst|registradores[1][20] ; DivisorFrequencia:Divisor_inst|clkSaida ; DivisorFrequencia:Divisor_inst|clkSaida ; 0.500        ; 0.013      ; 75.917     ;
; -75.417 ; PC:PC_inst|PC_reg[0] ; banco:banco_inst|registradores[3][0]  ; DivisorFrequencia:Divisor_inst|clkSaida ; DivisorFrequencia:Divisor_inst|clkSaida ; 0.500        ; 0.011      ; 75.915     ;
; -75.417 ; PC:PC_inst|PC_reg[1] ; banco:banco_inst|registradores[6][20] ; DivisorFrequencia:Divisor_inst|clkSaida ; DivisorFrequencia:Divisor_inst|clkSaida ; 0.500        ; 0.000      ; 75.904     ;
; -75.414 ; PC:PC_inst|PC_reg[1] ; banco:banco_inst|registradores[1][20] ; DivisorFrequencia:Divisor_inst|clkSaida ; DivisorFrequencia:Divisor_inst|clkSaida ; 0.500        ; 0.013      ; 75.914     ;
; -75.411 ; PC:PC_inst|PC_reg[3] ; banco:banco_inst|registradores[6][30] ; DivisorFrequencia:Divisor_inst|clkSaida ; DivisorFrequencia:Divisor_inst|clkSaida ; 0.500        ; 0.013      ; 75.911     ;
+---------+----------------------+---------------------------------------+-----------------------------------------+-----------------------------------------+--------------+------------+------------+


+-----------------------------------------------------------------------------------------------------------------------------------------------------------------------------------------------------+
; Fast 1200mV 0C Model Setup: 'clk_50'                                                                                                                                                                ;
+--------+---------------------------------------------+---------------------------------------------+-----------------------------------------+-------------+--------------+------------+------------+
; Slack  ; From Node                                   ; To Node                                     ; Launch Clock                            ; Latch Clock ; Relationship ; Clock Skew ; Data Delay ;
+--------+---------------------------------------------+---------------------------------------------+-----------------------------------------+-------------+--------------+------------+------------+
; -1.222 ; DivisorFrequencia:Divisor_inst|contador[15] ; DivisorFrequencia:Divisor_inst|clkSaida     ; clk_50                                  ; clk_50      ; 1.000        ; -0.039     ; 2.170      ;
; -1.222 ; DivisorFrequencia:Divisor_inst|contador[12] ; DivisorFrequencia:Divisor_inst|clkSaida     ; clk_50                                  ; clk_50      ; 1.000        ; -0.039     ; 2.170      ;
; -1.176 ; DivisorFrequencia:Divisor_inst|contador[23] ; DivisorFrequencia:Divisor_inst|clkSaida     ; clk_50                                  ; clk_50      ; 1.000        ; -0.039     ; 2.124      ;
; -1.176 ; DivisorFrequencia:Divisor_inst|contador[21] ; DivisorFrequencia:Divisor_inst|clkSaida     ; clk_50                                  ; clk_50      ; 1.000        ; -0.039     ; 2.124      ;
; -1.160 ; DivisorFrequencia:Divisor_inst|contador[22] ; DivisorFrequencia:Divisor_inst|clkSaida     ; clk_50                                  ; clk_50      ; 1.000        ; -0.039     ; 2.108      ;
; -1.157 ; DivisorFrequencia:Divisor_inst|contador[2]  ; DivisorFrequencia:Divisor_inst|clkSaida     ; clk_50                                  ; clk_50      ; 1.000        ; -0.041     ; 2.103      ;
; -1.151 ; DivisorFrequencia:Divisor_inst|contador[5]  ; DivisorFrequencia:Divisor_inst|clkSaida     ; clk_50                                  ; clk_50      ; 1.000        ; -0.041     ; 2.097      ;
; -1.134 ; DivisorFrequencia:Divisor_inst|contador[14] ; DivisorFrequencia:Divisor_inst|clkSaida     ; clk_50                                  ; clk_50      ; 1.000        ; -0.039     ; 2.082      ;
; -1.132 ; DivisorFrequencia:Divisor_inst|contador[7]  ; DivisorFrequencia:Divisor_inst|clkSaida     ; clk_50                                  ; clk_50      ; 1.000        ; -0.041     ; 2.078      ;
; -1.103 ; DivisorFrequencia:Divisor_inst|contador[18] ; DivisorFrequencia:Divisor_inst|clkSaida     ; clk_50                                  ; clk_50      ; 1.000        ; -0.039     ; 2.051      ;
; -1.103 ; DivisorFrequencia:Divisor_inst|contador[19] ; DivisorFrequencia:Divisor_inst|clkSaida     ; clk_50                                  ; clk_50      ; 1.000        ; -0.039     ; 2.051      ;
; -1.098 ; DivisorFrequencia:Divisor_inst|contador[6]  ; DivisorFrequencia:Divisor_inst|clkSaida     ; clk_50                                  ; clk_50      ; 1.000        ; -0.041     ; 2.044      ;
; -1.096 ; DivisorFrequencia:Divisor_inst|contador[4]  ; DivisorFrequencia:Divisor_inst|clkSaida     ; clk_50                                  ; clk_50      ; 1.000        ; -0.041     ; 2.042      ;
; -1.094 ; DivisorFrequencia:Divisor_inst|contador[3]  ; DivisorFrequencia:Divisor_inst|clkSaida     ; clk_50                                  ; clk_50      ; 1.000        ; -0.041     ; 2.040      ;
; -1.079 ; DivisorFrequencia:Divisor_inst|contador[0]  ; DivisorFrequencia:Divisor_inst|clkSaida     ; clk_50                                  ; clk_50      ; 1.000        ; -0.041     ; 2.025      ;
; -1.078 ; DivisorFrequencia:Divisor_inst|contador[13] ; DivisorFrequencia:Divisor_inst|clkSaida     ; clk_50                                  ; clk_50      ; 1.000        ; -0.039     ; 2.026      ;
; -1.032 ; DivisorFrequencia:Divisor_inst|contador[20] ; DivisorFrequencia:Divisor_inst|clkSaida     ; clk_50                                  ; clk_50      ; 1.000        ; -0.039     ; 1.980      ;
; -1.026 ; DivisorFrequencia:Divisor_inst|contador[9]  ; DivisorFrequencia:Divisor_inst|clkSaida     ; clk_50                                  ; clk_50      ; 1.000        ; -0.041     ; 1.972      ;
; -1.021 ; DivisorFrequencia:Divisor_inst|contador[1]  ; DivisorFrequencia:Divisor_inst|clkSaida     ; clk_50                                  ; clk_50      ; 1.000        ; -0.041     ; 1.967      ;
; -1.016 ; DivisorFrequencia:Divisor_inst|contador[16] ; DivisorFrequencia:Divisor_inst|clkSaida     ; clk_50                                  ; clk_50      ; 1.000        ; -0.039     ; 1.964      ;
; -1.014 ; DivisorFrequencia:Divisor_inst|contador[11] ; DivisorFrequencia:Divisor_inst|clkSaida     ; clk_50                                  ; clk_50      ; 1.000        ; -0.041     ; 1.960      ;
; -0.993 ; DivisorFrequencia:Divisor_inst|contador[10] ; DivisorFrequencia:Divisor_inst|clkSaida     ; clk_50                                  ; clk_50      ; 1.000        ; -0.041     ; 1.939      ;
; -0.987 ; DivisorFrequencia:Divisor_inst|contador[8]  ; DivisorFrequencia:Divisor_inst|clkSaida     ; clk_50                                  ; clk_50      ; 1.000        ; -0.041     ; 1.933      ;
; -0.966 ; DivisorFrequencia:Divisor_inst|contador[24] ; DivisorFrequencia:Divisor_inst|clkSaida     ; clk_50                                  ; clk_50      ; 1.000        ; -0.039     ; 1.914      ;
; -0.960 ; DivisorFrequencia:Divisor_inst|contador[17] ; DivisorFrequencia:Divisor_inst|clkSaida     ; clk_50                                  ; clk_50      ; 1.000        ; -0.039     ; 1.908      ;
; -0.640 ; DivisorFrequencia:Divisor_inst|contador[1]  ; DivisorFrequencia:Divisor_inst|contador[24] ; clk_50                                  ; clk_50      ; 1.000        ; -0.043     ; 1.584      ;
; -0.591 ; DivisorFrequencia:Divisor_inst|contador[0]  ; DivisorFrequencia:Divisor_inst|contador[24] ; clk_50                                  ; clk_50      ; 1.000        ; -0.043     ; 1.535      ;
; -0.576 ; DivisorFrequencia:Divisor_inst|contador[1]  ; DivisorFrequencia:Divisor_inst|contador[23] ; clk_50                                  ; clk_50      ; 1.000        ; -0.043     ; 1.520      ;
; -0.574 ; DivisorFrequencia:Divisor_inst|clkSaida     ; DivisorFrequencia:Divisor_inst|clkSaida     ; DivisorFrequencia:Divisor_inst|clkSaida ; clk_50      ; 0.500        ; 1.584      ; 2.740      ;
; -0.572 ; DivisorFrequencia:Divisor_inst|contador[1]  ; DivisorFrequencia:Divisor_inst|contador[22] ; clk_50                                  ; clk_50      ; 1.000        ; -0.043     ; 1.516      ;
; -0.571 ; DivisorFrequencia:Divisor_inst|contador[3]  ; DivisorFrequencia:Divisor_inst|contador[24] ; clk_50                                  ; clk_50      ; 1.000        ; -0.043     ; 1.515      ;
; -0.561 ; DivisorFrequencia:Divisor_inst|contador[0]  ; DivisorFrequencia:Divisor_inst|contador[23] ; clk_50                                  ; clk_50      ; 1.000        ; -0.043     ; 1.505      ;
; -0.523 ; DivisorFrequencia:Divisor_inst|contador[0]  ; DivisorFrequencia:Divisor_inst|contador[22] ; clk_50                                  ; clk_50      ; 1.000        ; -0.043     ; 1.467      ;
; -0.522 ; DivisorFrequencia:Divisor_inst|contador[2]  ; DivisorFrequencia:Divisor_inst|contador[24] ; clk_50                                  ; clk_50      ; 1.000        ; -0.043     ; 1.466      ;
; -0.508 ; DivisorFrequencia:Divisor_inst|contador[1]  ; DivisorFrequencia:Divisor_inst|contador[21] ; clk_50                                  ; clk_50      ; 1.000        ; -0.043     ; 1.452      ;
; -0.507 ; DivisorFrequencia:Divisor_inst|contador[3]  ; DivisorFrequencia:Divisor_inst|contador[23] ; clk_50                                  ; clk_50      ; 1.000        ; -0.043     ; 1.451      ;
; -0.506 ; DivisorFrequencia:Divisor_inst|contador[5]  ; DivisorFrequencia:Divisor_inst|contador[24] ; clk_50                                  ; clk_50      ; 1.000        ; -0.043     ; 1.450      ;
; -0.504 ; DivisorFrequencia:Divisor_inst|contador[1]  ; DivisorFrequencia:Divisor_inst|contador[20] ; clk_50                                  ; clk_50      ; 1.000        ; -0.043     ; 1.448      ;
; -0.503 ; DivisorFrequencia:Divisor_inst|contador[3]  ; DivisorFrequencia:Divisor_inst|contador[22] ; clk_50                                  ; clk_50      ; 1.000        ; -0.043     ; 1.447      ;
; -0.497 ; DivisorFrequencia:Divisor_inst|contador[15] ; DivisorFrequencia:Divisor_inst|contador[0]  ; clk_50                                  ; clk_50      ; 1.000        ; -0.040     ; 1.444      ;
; -0.497 ; DivisorFrequencia:Divisor_inst|contador[15] ; DivisorFrequencia:Divisor_inst|contador[1]  ; clk_50                                  ; clk_50      ; 1.000        ; -0.040     ; 1.444      ;
; -0.497 ; DivisorFrequencia:Divisor_inst|contador[15] ; DivisorFrequencia:Divisor_inst|contador[4]  ; clk_50                                  ; clk_50      ; 1.000        ; -0.040     ; 1.444      ;
; -0.497 ; DivisorFrequencia:Divisor_inst|contador[15] ; DivisorFrequencia:Divisor_inst|contador[5]  ; clk_50                                  ; clk_50      ; 1.000        ; -0.040     ; 1.444      ;
; -0.497 ; DivisorFrequencia:Divisor_inst|contador[12] ; DivisorFrequencia:Divisor_inst|contador[0]  ; clk_50                                  ; clk_50      ; 1.000        ; -0.040     ; 1.444      ;
; -0.497 ; DivisorFrequencia:Divisor_inst|contador[12] ; DivisorFrequencia:Divisor_inst|contador[1]  ; clk_50                                  ; clk_50      ; 1.000        ; -0.040     ; 1.444      ;
; -0.497 ; DivisorFrequencia:Divisor_inst|contador[12] ; DivisorFrequencia:Divisor_inst|contador[4]  ; clk_50                                  ; clk_50      ; 1.000        ; -0.040     ; 1.444      ;
; -0.497 ; DivisorFrequencia:Divisor_inst|contador[12] ; DivisorFrequencia:Divisor_inst|contador[5]  ; clk_50                                  ; clk_50      ; 1.000        ; -0.040     ; 1.444      ;
; -0.493 ; DivisorFrequencia:Divisor_inst|contador[2]  ; DivisorFrequencia:Divisor_inst|contador[23] ; clk_50                                  ; clk_50      ; 1.000        ; -0.043     ; 1.437      ;
; -0.493 ; DivisorFrequencia:Divisor_inst|contador[0]  ; DivisorFrequencia:Divisor_inst|contador[21] ; clk_50                                  ; clk_50      ; 1.000        ; -0.043     ; 1.437      ;
; -0.458 ; DivisorFrequencia:Divisor_inst|contador[4]  ; DivisorFrequencia:Divisor_inst|contador[24] ; clk_50                                  ; clk_50      ; 1.000        ; -0.043     ; 1.402      ;
; -0.455 ; DivisorFrequencia:Divisor_inst|contador[0]  ; DivisorFrequencia:Divisor_inst|contador[20] ; clk_50                                  ; clk_50      ; 1.000        ; -0.043     ; 1.399      ;
; -0.454 ; DivisorFrequencia:Divisor_inst|contador[2]  ; DivisorFrequencia:Divisor_inst|contador[22] ; clk_50                                  ; clk_50      ; 1.000        ; -0.043     ; 1.398      ;
; -0.451 ; DivisorFrequencia:Divisor_inst|contador[23] ; DivisorFrequencia:Divisor_inst|contador[0]  ; clk_50                                  ; clk_50      ; 1.000        ; -0.040     ; 1.398      ;
; -0.451 ; DivisorFrequencia:Divisor_inst|contador[23] ; DivisorFrequencia:Divisor_inst|contador[1]  ; clk_50                                  ; clk_50      ; 1.000        ; -0.040     ; 1.398      ;
; -0.451 ; DivisorFrequencia:Divisor_inst|contador[23] ; DivisorFrequencia:Divisor_inst|contador[4]  ; clk_50                                  ; clk_50      ; 1.000        ; -0.040     ; 1.398      ;
; -0.451 ; DivisorFrequencia:Divisor_inst|contador[23] ; DivisorFrequencia:Divisor_inst|contador[5]  ; clk_50                                  ; clk_50      ; 1.000        ; -0.040     ; 1.398      ;
; -0.451 ; DivisorFrequencia:Divisor_inst|contador[21] ; DivisorFrequencia:Divisor_inst|contador[0]  ; clk_50                                  ; clk_50      ; 1.000        ; -0.040     ; 1.398      ;
; -0.451 ; DivisorFrequencia:Divisor_inst|contador[21] ; DivisorFrequencia:Divisor_inst|contador[1]  ; clk_50                                  ; clk_50      ; 1.000        ; -0.040     ; 1.398      ;
; -0.451 ; DivisorFrequencia:Divisor_inst|contador[21] ; DivisorFrequencia:Divisor_inst|contador[4]  ; clk_50                                  ; clk_50      ; 1.000        ; -0.040     ; 1.398      ;
; -0.451 ; DivisorFrequencia:Divisor_inst|contador[21] ; DivisorFrequencia:Divisor_inst|contador[5]  ; clk_50                                  ; clk_50      ; 1.000        ; -0.040     ; 1.398      ;
; -0.442 ; DivisorFrequencia:Divisor_inst|contador[5]  ; DivisorFrequencia:Divisor_inst|contador[23] ; clk_50                                  ; clk_50      ; 1.000        ; -0.043     ; 1.386      ;
; -0.440 ; DivisorFrequencia:Divisor_inst|contador[1]  ; DivisorFrequencia:Divisor_inst|contador[19] ; clk_50                                  ; clk_50      ; 1.000        ; -0.043     ; 1.384      ;
; -0.439 ; DivisorFrequencia:Divisor_inst|contador[3]  ; DivisorFrequencia:Divisor_inst|contador[21] ; clk_50                                  ; clk_50      ; 1.000        ; -0.043     ; 1.383      ;
; -0.438 ; DivisorFrequencia:Divisor_inst|contador[5]  ; DivisorFrequencia:Divisor_inst|contador[22] ; clk_50                                  ; clk_50      ; 1.000        ; -0.043     ; 1.382      ;
; -0.436 ; DivisorFrequencia:Divisor_inst|contador[1]  ; DivisorFrequencia:Divisor_inst|contador[18] ; clk_50                                  ; clk_50      ; 1.000        ; -0.043     ; 1.380      ;
; -0.435 ; DivisorFrequencia:Divisor_inst|contador[3]  ; DivisorFrequencia:Divisor_inst|contador[20] ; clk_50                                  ; clk_50      ; 1.000        ; -0.043     ; 1.379      ;
; -0.435 ; DivisorFrequencia:Divisor_inst|contador[22] ; DivisorFrequencia:Divisor_inst|contador[0]  ; clk_50                                  ; clk_50      ; 1.000        ; -0.040     ; 1.382      ;
; -0.435 ; DivisorFrequencia:Divisor_inst|contador[22] ; DivisorFrequencia:Divisor_inst|contador[1]  ; clk_50                                  ; clk_50      ; 1.000        ; -0.040     ; 1.382      ;
; -0.435 ; DivisorFrequencia:Divisor_inst|contador[22] ; DivisorFrequencia:Divisor_inst|contador[4]  ; clk_50                                  ; clk_50      ; 1.000        ; -0.040     ; 1.382      ;
; -0.435 ; DivisorFrequencia:Divisor_inst|contador[22] ; DivisorFrequencia:Divisor_inst|contador[5]  ; clk_50                                  ; clk_50      ; 1.000        ; -0.040     ; 1.382      ;
; -0.432 ; DivisorFrequencia:Divisor_inst|contador[2]  ; DivisorFrequencia:Divisor_inst|contador[0]  ; clk_50                                  ; clk_50      ; 1.000        ; -0.042     ; 1.377      ;
; -0.432 ; DivisorFrequencia:Divisor_inst|contador[2]  ; DivisorFrequencia:Divisor_inst|contador[1]  ; clk_50                                  ; clk_50      ; 1.000        ; -0.042     ; 1.377      ;
; -0.432 ; DivisorFrequencia:Divisor_inst|contador[2]  ; DivisorFrequencia:Divisor_inst|contador[4]  ; clk_50                                  ; clk_50      ; 1.000        ; -0.042     ; 1.377      ;
; -0.432 ; DivisorFrequencia:Divisor_inst|contador[2]  ; DivisorFrequencia:Divisor_inst|contador[5]  ; clk_50                                  ; clk_50      ; 1.000        ; -0.042     ; 1.377      ;
; -0.431 ; DivisorFrequencia:Divisor_inst|contador[7]  ; DivisorFrequencia:Divisor_inst|contador[24] ; clk_50                                  ; clk_50      ; 1.000        ; -0.043     ; 1.375      ;
; -0.427 ; DivisorFrequencia:Divisor_inst|contador[4]  ; DivisorFrequencia:Divisor_inst|contador[23] ; clk_50                                  ; clk_50      ; 1.000        ; -0.043     ; 1.371      ;
; -0.426 ; DivisorFrequencia:Divisor_inst|contador[5]  ; DivisorFrequencia:Divisor_inst|contador[0]  ; clk_50                                  ; clk_50      ; 1.000        ; -0.042     ; 1.371      ;
; -0.426 ; DivisorFrequencia:Divisor_inst|contador[5]  ; DivisorFrequencia:Divisor_inst|contador[1]  ; clk_50                                  ; clk_50      ; 1.000        ; -0.042     ; 1.371      ;
; -0.426 ; DivisorFrequencia:Divisor_inst|contador[5]  ; DivisorFrequencia:Divisor_inst|contador[4]  ; clk_50                                  ; clk_50      ; 1.000        ; -0.042     ; 1.371      ;
; -0.426 ; DivisorFrequencia:Divisor_inst|contador[5]  ; DivisorFrequencia:Divisor_inst|contador[5]  ; clk_50                                  ; clk_50      ; 1.000        ; -0.042     ; 1.371      ;
; -0.425 ; DivisorFrequencia:Divisor_inst|contador[2]  ; DivisorFrequencia:Divisor_inst|contador[21] ; clk_50                                  ; clk_50      ; 1.000        ; -0.043     ; 1.369      ;
; -0.425 ; DivisorFrequencia:Divisor_inst|contador[0]  ; DivisorFrequencia:Divisor_inst|contador[19] ; clk_50                                  ; clk_50      ; 1.000        ; -0.043     ; 1.369      ;
; -0.409 ; DivisorFrequencia:Divisor_inst|contador[14] ; DivisorFrequencia:Divisor_inst|contador[0]  ; clk_50                                  ; clk_50      ; 1.000        ; -0.040     ; 1.356      ;
; -0.409 ; DivisorFrequencia:Divisor_inst|contador[14] ; DivisorFrequencia:Divisor_inst|contador[1]  ; clk_50                                  ; clk_50      ; 1.000        ; -0.040     ; 1.356      ;
; -0.409 ; DivisorFrequencia:Divisor_inst|contador[14] ; DivisorFrequencia:Divisor_inst|contador[4]  ; clk_50                                  ; clk_50      ; 1.000        ; -0.040     ; 1.356      ;
; -0.409 ; DivisorFrequencia:Divisor_inst|contador[14] ; DivisorFrequencia:Divisor_inst|contador[5]  ; clk_50                                  ; clk_50      ; 1.000        ; -0.040     ; 1.356      ;
; -0.407 ; DivisorFrequencia:Divisor_inst|contador[7]  ; DivisorFrequencia:Divisor_inst|contador[0]  ; clk_50                                  ; clk_50      ; 1.000        ; -0.042     ; 1.352      ;
; -0.407 ; DivisorFrequencia:Divisor_inst|contador[7]  ; DivisorFrequencia:Divisor_inst|contador[1]  ; clk_50                                  ; clk_50      ; 1.000        ; -0.042     ; 1.352      ;
; -0.407 ; DivisorFrequencia:Divisor_inst|contador[7]  ; DivisorFrequencia:Divisor_inst|contador[4]  ; clk_50                                  ; clk_50      ; 1.000        ; -0.042     ; 1.352      ;
; -0.407 ; DivisorFrequencia:Divisor_inst|contador[7]  ; DivisorFrequencia:Divisor_inst|contador[5]  ; clk_50                                  ; clk_50      ; 1.000        ; -0.042     ; 1.352      ;
; -0.390 ; DivisorFrequencia:Divisor_inst|contador[4]  ; DivisorFrequencia:Divisor_inst|contador[22] ; clk_50                                  ; clk_50      ; 1.000        ; -0.043     ; 1.334      ;
; -0.387 ; DivisorFrequencia:Divisor_inst|contador[6]  ; DivisorFrequencia:Divisor_inst|contador[24] ; clk_50                                  ; clk_50      ; 1.000        ; -0.043     ; 1.331      ;
; -0.387 ; DivisorFrequencia:Divisor_inst|contador[0]  ; DivisorFrequencia:Divisor_inst|contador[18] ; clk_50                                  ; clk_50      ; 1.000        ; -0.043     ; 1.331      ;
; -0.386 ; DivisorFrequencia:Divisor_inst|contador[2]  ; DivisorFrequencia:Divisor_inst|contador[20] ; clk_50                                  ; clk_50      ; 1.000        ; -0.043     ; 1.330      ;
; -0.378 ; DivisorFrequencia:Divisor_inst|contador[18] ; DivisorFrequencia:Divisor_inst|contador[0]  ; clk_50                                  ; clk_50      ; 1.000        ; -0.040     ; 1.325      ;
; -0.378 ; DivisorFrequencia:Divisor_inst|contador[18] ; DivisorFrequencia:Divisor_inst|contador[1]  ; clk_50                                  ; clk_50      ; 1.000        ; -0.040     ; 1.325      ;
; -0.378 ; DivisorFrequencia:Divisor_inst|contador[18] ; DivisorFrequencia:Divisor_inst|contador[4]  ; clk_50                                  ; clk_50      ; 1.000        ; -0.040     ; 1.325      ;
; -0.378 ; DivisorFrequencia:Divisor_inst|contador[18] ; DivisorFrequencia:Divisor_inst|contador[5]  ; clk_50                                  ; clk_50      ; 1.000        ; -0.040     ; 1.325      ;
; -0.378 ; DivisorFrequencia:Divisor_inst|contador[19] ; DivisorFrequencia:Divisor_inst|contador[0]  ; clk_50                                  ; clk_50      ; 1.000        ; -0.040     ; 1.325      ;
; -0.378 ; DivisorFrequencia:Divisor_inst|contador[19] ; DivisorFrequencia:Divisor_inst|contador[1]  ; clk_50                                  ; clk_50      ; 1.000        ; -0.040     ; 1.325      ;
+--------+---------------------------------------------+---------------------------------------------+-----------------------------------------+-------------+--------------+------------+------------+


+----------------------------------------------------------------------------------------------------------------------------------------------------------------------------------------------------+
; Fast 1200mV 0C Model Hold: 'clk_50'                                                                                                                                                                ;
+-------+---------------------------------------------+---------------------------------------------+-----------------------------------------+-------------+--------------+------------+------------+
; Slack ; From Node                                   ; To Node                                     ; Launch Clock                            ; Latch Clock ; Relationship ; Clock Skew ; Data Delay ;
+-------+---------------------------------------------+---------------------------------------------+-----------------------------------------+-------------+--------------+------------+------------+
; 0.200 ; DivisorFrequencia:Divisor_inst|contador[24] ; DivisorFrequencia:Divisor_inst|contador[24] ; clk_50                                  ; clk_50      ; 0.000        ; 0.041      ; 0.325      ;
; 0.292 ; DivisorFrequencia:Divisor_inst|contador[17] ; DivisorFrequencia:Divisor_inst|contador[17] ; clk_50                                  ; clk_50      ; 0.000        ; 0.041      ; 0.417      ;
; 0.292 ; DivisorFrequencia:Divisor_inst|contador[13] ; DivisorFrequencia:Divisor_inst|contador[13] ; clk_50                                  ; clk_50      ; 0.000        ; 0.041      ; 0.417      ;
; 0.293 ; DivisorFrequencia:Divisor_inst|contador[15] ; DivisorFrequencia:Divisor_inst|contador[15] ; clk_50                                  ; clk_50      ; 0.000        ; 0.041      ; 0.418      ;
; 0.293 ; DivisorFrequencia:Divisor_inst|contador[12] ; DivisorFrequencia:Divisor_inst|contador[12] ; clk_50                                  ; clk_50      ; 0.000        ; 0.041      ; 0.418      ;
; 0.294 ; DivisorFrequencia:Divisor_inst|contador[23] ; DivisorFrequencia:Divisor_inst|contador[23] ; clk_50                                  ; clk_50      ; 0.000        ; 0.041      ; 0.419      ;
; 0.294 ; DivisorFrequencia:Divisor_inst|contador[19] ; DivisorFrequencia:Divisor_inst|contador[19] ; clk_50                                  ; clk_50      ; 0.000        ; 0.041      ; 0.419      ;
; 0.294 ; DivisorFrequencia:Divisor_inst|contador[14] ; DivisorFrequencia:Divisor_inst|contador[14] ; clk_50                                  ; clk_50      ; 0.000        ; 0.041      ; 0.419      ;
; 0.295 ; DivisorFrequencia:Divisor_inst|contador[21] ; DivisorFrequencia:Divisor_inst|contador[21] ; clk_50                                  ; clk_50      ; 0.000        ; 0.041      ; 0.420      ;
; 0.295 ; DivisorFrequencia:Divisor_inst|contador[20] ; DivisorFrequencia:Divisor_inst|contador[20] ; clk_50                                  ; clk_50      ; 0.000        ; 0.041      ; 0.420      ;
; 0.295 ; DivisorFrequencia:Divisor_inst|contador[18] ; DivisorFrequencia:Divisor_inst|contador[18] ; clk_50                                  ; clk_50      ; 0.000        ; 0.041      ; 0.420      ;
; 0.295 ; DivisorFrequencia:Divisor_inst|contador[16] ; DivisorFrequencia:Divisor_inst|contador[16] ; clk_50                                  ; clk_50      ; 0.000        ; 0.041      ; 0.420      ;
; 0.298 ; DivisorFrequencia:Divisor_inst|contador[11] ; DivisorFrequencia:Divisor_inst|contador[11] ; clk_50                                  ; clk_50      ; 0.000        ; 0.042      ; 0.424      ;
; 0.298 ; DivisorFrequencia:Divisor_inst|contador[9]  ; DivisorFrequencia:Divisor_inst|contador[9]  ; clk_50                                  ; clk_50      ; 0.000        ; 0.042      ; 0.424      ;
; 0.299 ; DivisorFrequencia:Divisor_inst|contador[7]  ; DivisorFrequencia:Divisor_inst|contador[7]  ; clk_50                                  ; clk_50      ; 0.000        ; 0.042      ; 0.425      ;
; 0.299 ; DivisorFrequencia:Divisor_inst|contador[3]  ; DivisorFrequencia:Divisor_inst|contador[3]  ; clk_50                                  ; clk_50      ; 0.000        ; 0.042      ; 0.425      ;
; 0.299 ; DivisorFrequencia:Divisor_inst|contador[2]  ; DivisorFrequencia:Divisor_inst|contador[2]  ; clk_50                                  ; clk_50      ; 0.000        ; 0.042      ; 0.425      ;
; 0.300 ; DivisorFrequencia:Divisor_inst|contador[10] ; DivisorFrequencia:Divisor_inst|contador[10] ; clk_50                                  ; clk_50      ; 0.000        ; 0.042      ; 0.426      ;
; 0.301 ; DivisorFrequencia:Divisor_inst|contador[8]  ; DivisorFrequencia:Divisor_inst|contador[8]  ; clk_50                                  ; clk_50      ; 0.000        ; 0.042      ; 0.427      ;
; 0.301 ; DivisorFrequencia:Divisor_inst|contador[6]  ; DivisorFrequencia:Divisor_inst|contador[6]  ; clk_50                                  ; clk_50      ; 0.000        ; 0.042      ; 0.427      ;
; 0.363 ; DivisorFrequencia:Divisor_inst|contador[22] ; DivisorFrequencia:Divisor_inst|contador[22] ; clk_50                                  ; clk_50      ; 0.000        ; 0.041      ; 0.488      ;
; 0.441 ; DivisorFrequencia:Divisor_inst|contador[13] ; DivisorFrequencia:Divisor_inst|contador[14] ; clk_50                                  ; clk_50      ; 0.000        ; 0.041      ; 0.566      ;
; 0.441 ; DivisorFrequencia:Divisor_inst|contador[17] ; DivisorFrequencia:Divisor_inst|contador[18] ; clk_50                                  ; clk_50      ; 0.000        ; 0.041      ; 0.566      ;
; 0.442 ; DivisorFrequencia:Divisor_inst|contador[15] ; DivisorFrequencia:Divisor_inst|contador[16] ; clk_50                                  ; clk_50      ; 0.000        ; 0.041      ; 0.567      ;
; 0.443 ; DivisorFrequencia:Divisor_inst|contador[23] ; DivisorFrequencia:Divisor_inst|contador[24] ; clk_50                                  ; clk_50      ; 0.000        ; 0.041      ; 0.568      ;
; 0.443 ; DivisorFrequencia:Divisor_inst|contador[19] ; DivisorFrequencia:Divisor_inst|contador[20] ; clk_50                                  ; clk_50      ; 0.000        ; 0.041      ; 0.568      ;
; 0.444 ; DivisorFrequencia:Divisor_inst|contador[21] ; DivisorFrequencia:Divisor_inst|contador[22] ; clk_50                                  ; clk_50      ; 0.000        ; 0.041      ; 0.569      ;
; 0.447 ; DivisorFrequencia:Divisor_inst|contador[9]  ; DivisorFrequencia:Divisor_inst|contador[10] ; clk_50                                  ; clk_50      ; 0.000        ; 0.042      ; 0.573      ;
; 0.448 ; DivisorFrequencia:Divisor_inst|contador[7]  ; DivisorFrequencia:Divisor_inst|contador[8]  ; clk_50                                  ; clk_50      ; 0.000        ; 0.042      ; 0.574      ;
; 0.449 ; DivisorFrequencia:Divisor_inst|contador[11] ; DivisorFrequencia:Divisor_inst|contador[12] ; clk_50                                  ; clk_50      ; 0.000        ; 0.040      ; 0.573      ;
; 0.449 ; DivisorFrequencia:Divisor_inst|contador[1]  ; DivisorFrequencia:Divisor_inst|contador[2]  ; clk_50                                  ; clk_50      ; 0.000        ; 0.042      ; 0.575      ;
; 0.450 ; DivisorFrequencia:Divisor_inst|contador[5]  ; DivisorFrequencia:Divisor_inst|contador[6]  ; clk_50                                  ; clk_50      ; 0.000        ; 0.042      ; 0.576      ;
; 0.451 ; DivisorFrequencia:Divisor_inst|contador[12] ; DivisorFrequencia:Divisor_inst|contador[13] ; clk_50                                  ; clk_50      ; 0.000        ; 0.041      ; 0.576      ;
; 0.452 ; DivisorFrequencia:Divisor_inst|clkSaida     ; DivisorFrequencia:Divisor_inst|clkSaida     ; DivisorFrequencia:Divisor_inst|clkSaida ; clk_50      ; 0.000        ; 1.645      ; 2.316      ;
; 0.452 ; DivisorFrequencia:Divisor_inst|contador[14] ; DivisorFrequencia:Divisor_inst|contador[15] ; clk_50                                  ; clk_50      ; 0.000        ; 0.041      ; 0.577      ;
; 0.453 ; DivisorFrequencia:Divisor_inst|contador[16] ; DivisorFrequencia:Divisor_inst|contador[17] ; clk_50                                  ; clk_50      ; 0.000        ; 0.041      ; 0.578      ;
; 0.453 ; DivisorFrequencia:Divisor_inst|contador[18] ; DivisorFrequencia:Divisor_inst|contador[19] ; clk_50                                  ; clk_50      ; 0.000        ; 0.041      ; 0.578      ;
; 0.453 ; DivisorFrequencia:Divisor_inst|contador[20] ; DivisorFrequencia:Divisor_inst|contador[21] ; clk_50                                  ; clk_50      ; 0.000        ; 0.041      ; 0.578      ;
; 0.454 ; DivisorFrequencia:Divisor_inst|contador[12] ; DivisorFrequencia:Divisor_inst|contador[14] ; clk_50                                  ; clk_50      ; 0.000        ; 0.041      ; 0.579      ;
; 0.455 ; DivisorFrequencia:Divisor_inst|contador[14] ; DivisorFrequencia:Divisor_inst|contador[16] ; clk_50                                  ; clk_50      ; 0.000        ; 0.041      ; 0.580      ;
; 0.456 ; DivisorFrequencia:Divisor_inst|contador[16] ; DivisorFrequencia:Divisor_inst|contador[18] ; clk_50                                  ; clk_50      ; 0.000        ; 0.041      ; 0.581      ;
; 0.456 ; DivisorFrequencia:Divisor_inst|contador[18] ; DivisorFrequencia:Divisor_inst|contador[20] ; clk_50                                  ; clk_50      ; 0.000        ; 0.041      ; 0.581      ;
; 0.456 ; DivisorFrequencia:Divisor_inst|contador[20] ; DivisorFrequencia:Divisor_inst|contador[22] ; clk_50                                  ; clk_50      ; 0.000        ; 0.041      ; 0.581      ;
; 0.457 ; DivisorFrequencia:Divisor_inst|contador[2]  ; DivisorFrequencia:Divisor_inst|contador[3]  ; clk_50                                  ; clk_50      ; 0.000        ; 0.042      ; 0.583      ;
; 0.458 ; DivisorFrequencia:Divisor_inst|contador[10] ; DivisorFrequencia:Divisor_inst|contador[11] ; clk_50                                  ; clk_50      ; 0.000        ; 0.042      ; 0.584      ;
; 0.459 ; DivisorFrequencia:Divisor_inst|contador[8]  ; DivisorFrequencia:Divisor_inst|contador[9]  ; clk_50                                  ; clk_50      ; 0.000        ; 0.042      ; 0.585      ;
; 0.459 ; DivisorFrequencia:Divisor_inst|contador[6]  ; DivisorFrequencia:Divisor_inst|contador[7]  ; clk_50                                  ; clk_50      ; 0.000        ; 0.042      ; 0.585      ;
; 0.460 ; DivisorFrequencia:Divisor_inst|contador[0]  ; DivisorFrequencia:Divisor_inst|contador[2]  ; clk_50                                  ; clk_50      ; 0.000        ; 0.042      ; 0.586      ;
; 0.462 ; DivisorFrequencia:Divisor_inst|contador[8]  ; DivisorFrequencia:Divisor_inst|contador[10] ; clk_50                                  ; clk_50      ; 0.000        ; 0.042      ; 0.588      ;
; 0.462 ; DivisorFrequencia:Divisor_inst|contador[6]  ; DivisorFrequencia:Divisor_inst|contador[8]  ; clk_50                                  ; clk_50      ; 0.000        ; 0.042      ; 0.588      ;
; 0.463 ; DivisorFrequencia:Divisor_inst|contador[10] ; DivisorFrequencia:Divisor_inst|contador[12] ; clk_50                                  ; clk_50      ; 0.000        ; 0.040      ; 0.587      ;
; 0.464 ; DivisorFrequencia:Divisor_inst|contador[4]  ; DivisorFrequencia:Divisor_inst|contador[6]  ; clk_50                                  ; clk_50      ; 0.000        ; 0.042      ; 0.590      ;
; 0.504 ; DivisorFrequencia:Divisor_inst|contador[13] ; DivisorFrequencia:Divisor_inst|contador[15] ; clk_50                                  ; clk_50      ; 0.000        ; 0.041      ; 0.629      ;
; 0.504 ; DivisorFrequencia:Divisor_inst|contador[17] ; DivisorFrequencia:Divisor_inst|contador[19] ; clk_50                                  ; clk_50      ; 0.000        ; 0.041      ; 0.629      ;
; 0.505 ; DivisorFrequencia:Divisor_inst|contador[15] ; DivisorFrequencia:Divisor_inst|contador[17] ; clk_50                                  ; clk_50      ; 0.000        ; 0.041      ; 0.630      ;
; 0.506 ; DivisorFrequencia:Divisor_inst|contador[19] ; DivisorFrequencia:Divisor_inst|contador[21] ; clk_50                                  ; clk_50      ; 0.000        ; 0.041      ; 0.631      ;
; 0.507 ; DivisorFrequencia:Divisor_inst|contador[21] ; DivisorFrequencia:Divisor_inst|contador[23] ; clk_50                                  ; clk_50      ; 0.000        ; 0.041      ; 0.632      ;
; 0.507 ; DivisorFrequencia:Divisor_inst|contador[13] ; DivisorFrequencia:Divisor_inst|contador[16] ; clk_50                                  ; clk_50      ; 0.000        ; 0.041      ; 0.632      ;
; 0.507 ; DivisorFrequencia:Divisor_inst|contador[17] ; DivisorFrequencia:Divisor_inst|contador[20] ; clk_50                                  ; clk_50      ; 0.000        ; 0.041      ; 0.632      ;
; 0.508 ; DivisorFrequencia:Divisor_inst|contador[15] ; DivisorFrequencia:Divisor_inst|contador[18] ; clk_50                                  ; clk_50      ; 0.000        ; 0.041      ; 0.633      ;
; 0.509 ; DivisorFrequencia:Divisor_inst|contador[19] ; DivisorFrequencia:Divisor_inst|contador[22] ; clk_50                                  ; clk_50      ; 0.000        ; 0.041      ; 0.634      ;
; 0.510 ; DivisorFrequencia:Divisor_inst|contador[21] ; DivisorFrequencia:Divisor_inst|contador[24] ; clk_50                                  ; clk_50      ; 0.000        ; 0.041      ; 0.635      ;
; 0.510 ; DivisorFrequencia:Divisor_inst|contador[9]  ; DivisorFrequencia:Divisor_inst|contador[11] ; clk_50                                  ; clk_50      ; 0.000        ; 0.042      ; 0.636      ;
; 0.511 ; DivisorFrequencia:Divisor_inst|contador[7]  ; DivisorFrequencia:Divisor_inst|contador[9]  ; clk_50                                  ; clk_50      ; 0.000        ; 0.042      ; 0.637      ;
; 0.512 ; DivisorFrequencia:Divisor_inst|contador[11] ; DivisorFrequencia:Divisor_inst|contador[13] ; clk_50                                  ; clk_50      ; 0.000        ; 0.040      ; 0.636      ;
; 0.512 ; DivisorFrequencia:Divisor_inst|contador[1]  ; DivisorFrequencia:Divisor_inst|contador[3]  ; clk_50                                  ; clk_50      ; 0.000        ; 0.042      ; 0.638      ;
; 0.513 ; DivisorFrequencia:Divisor_inst|contador[5]  ; DivisorFrequencia:Divisor_inst|contador[7]  ; clk_50                                  ; clk_50      ; 0.000        ; 0.042      ; 0.639      ;
; 0.514 ; DivisorFrequencia:Divisor_inst|contador[7]  ; DivisorFrequencia:Divisor_inst|contador[10] ; clk_50                                  ; clk_50      ; 0.000        ; 0.042      ; 0.640      ;
; 0.514 ; DivisorFrequencia:Divisor_inst|contador[3]  ; DivisorFrequencia:Divisor_inst|contador[6]  ; clk_50                                  ; clk_50      ; 0.000        ; 0.042      ; 0.640      ;
; 0.515 ; DivisorFrequencia:Divisor_inst|contador[11] ; DivisorFrequencia:Divisor_inst|contador[14] ; clk_50                                  ; clk_50      ; 0.000        ; 0.040      ; 0.639      ;
; 0.515 ; DivisorFrequencia:Divisor_inst|contador[9]  ; DivisorFrequencia:Divisor_inst|contador[12] ; clk_50                                  ; clk_50      ; 0.000        ; 0.040      ; 0.639      ;
; 0.516 ; DivisorFrequencia:Divisor_inst|contador[5]  ; DivisorFrequencia:Divisor_inst|contador[8]  ; clk_50                                  ; clk_50      ; 0.000        ; 0.042      ; 0.642      ;
; 0.517 ; DivisorFrequencia:Divisor_inst|contador[12] ; DivisorFrequencia:Divisor_inst|contador[15] ; clk_50                                  ; clk_50      ; 0.000        ; 0.041      ; 0.642      ;
; 0.518 ; DivisorFrequencia:Divisor_inst|contador[14] ; DivisorFrequencia:Divisor_inst|contador[17] ; clk_50                                  ; clk_50      ; 0.000        ; 0.041      ; 0.643      ;
; 0.519 ; DivisorFrequencia:Divisor_inst|contador[16] ; DivisorFrequencia:Divisor_inst|contador[19] ; clk_50                                  ; clk_50      ; 0.000        ; 0.041      ; 0.644      ;
; 0.519 ; DivisorFrequencia:Divisor_inst|contador[18] ; DivisorFrequencia:Divisor_inst|contador[21] ; clk_50                                  ; clk_50      ; 0.000        ; 0.041      ; 0.644      ;
; 0.519 ; DivisorFrequencia:Divisor_inst|contador[20] ; DivisorFrequencia:Divisor_inst|contador[23] ; clk_50                                  ; clk_50      ; 0.000        ; 0.041      ; 0.644      ;
; 0.520 ; DivisorFrequencia:Divisor_inst|contador[12] ; DivisorFrequencia:Divisor_inst|contador[16] ; clk_50                                  ; clk_50      ; 0.000        ; 0.041      ; 0.645      ;
; 0.521 ; DivisorFrequencia:Divisor_inst|contador[22] ; DivisorFrequencia:Divisor_inst|contador[23] ; clk_50                                  ; clk_50      ; 0.000        ; 0.041      ; 0.646      ;
; 0.521 ; DivisorFrequencia:Divisor_inst|contador[14] ; DivisorFrequencia:Divisor_inst|contador[18] ; clk_50                                  ; clk_50      ; 0.000        ; 0.041      ; 0.646      ;
; 0.522 ; DivisorFrequencia:Divisor_inst|contador[16] ; DivisorFrequencia:Divisor_inst|contador[20] ; clk_50                                  ; clk_50      ; 0.000        ; 0.041      ; 0.647      ;
; 0.522 ; DivisorFrequencia:Divisor_inst|contador[18] ; DivisorFrequencia:Divisor_inst|contador[22] ; clk_50                                  ; clk_50      ; 0.000        ; 0.041      ; 0.647      ;
; 0.522 ; DivisorFrequencia:Divisor_inst|contador[20] ; DivisorFrequencia:Divisor_inst|contador[24] ; clk_50                                  ; clk_50      ; 0.000        ; 0.041      ; 0.647      ;
; 0.523 ; DivisorFrequencia:Divisor_inst|contador[0]  ; DivisorFrequencia:Divisor_inst|contador[3]  ; clk_50                                  ; clk_50      ; 0.000        ; 0.042      ; 0.649      ;
; 0.524 ; DivisorFrequencia:Divisor_inst|contador[22] ; DivisorFrequencia:Divisor_inst|contador[24] ; clk_50                                  ; clk_50      ; 0.000        ; 0.041      ; 0.649      ;
; 0.525 ; DivisorFrequencia:Divisor_inst|contador[8]  ; DivisorFrequencia:Divisor_inst|contador[11] ; clk_50                                  ; clk_50      ; 0.000        ; 0.042      ; 0.651      ;
; 0.525 ; DivisorFrequencia:Divisor_inst|contador[6]  ; DivisorFrequencia:Divisor_inst|contador[9]  ; clk_50                                  ; clk_50      ; 0.000        ; 0.042      ; 0.651      ;
; 0.526 ; DivisorFrequencia:Divisor_inst|contador[10] ; DivisorFrequencia:Divisor_inst|contador[13] ; clk_50                                  ; clk_50      ; 0.000        ; 0.040      ; 0.650      ;
; 0.526 ; DivisorFrequencia:Divisor_inst|contador[2]  ; DivisorFrequencia:Divisor_inst|contador[6]  ; clk_50                                  ; clk_50      ; 0.000        ; 0.042      ; 0.652      ;
; 0.527 ; DivisorFrequencia:Divisor_inst|contador[4]  ; DivisorFrequencia:Divisor_inst|contador[7]  ; clk_50                                  ; clk_50      ; 0.000        ; 0.042      ; 0.653      ;
; 0.528 ; DivisorFrequencia:Divisor_inst|contador[6]  ; DivisorFrequencia:Divisor_inst|contador[10] ; clk_50                                  ; clk_50      ; 0.000        ; 0.042      ; 0.654      ;
; 0.529 ; DivisorFrequencia:Divisor_inst|contador[10] ; DivisorFrequencia:Divisor_inst|contador[14] ; clk_50                                  ; clk_50      ; 0.000        ; 0.040      ; 0.653      ;
; 0.530 ; DivisorFrequencia:Divisor_inst|contador[8]  ; DivisorFrequencia:Divisor_inst|contador[12] ; clk_50                                  ; clk_50      ; 0.000        ; 0.040      ; 0.654      ;
; 0.530 ; DivisorFrequencia:Divisor_inst|contador[4]  ; DivisorFrequencia:Divisor_inst|contador[8]  ; clk_50                                  ; clk_50      ; 0.000        ; 0.042      ; 0.656      ;
; 0.531 ; DivisorFrequencia:Divisor_inst|contador[0]  ; DivisorFrequencia:Divisor_inst|contador[0]  ; clk_50                                  ; clk_50      ; 0.000        ; 0.042      ; 0.657      ;
; 0.570 ; DivisorFrequencia:Divisor_inst|contador[13] ; DivisorFrequencia:Divisor_inst|contador[17] ; clk_50                                  ; clk_50      ; 0.000        ; 0.041      ; 0.695      ;
; 0.570 ; DivisorFrequencia:Divisor_inst|contador[17] ; DivisorFrequencia:Divisor_inst|contador[21] ; clk_50                                  ; clk_50      ; 0.000        ; 0.041      ; 0.695      ;
; 0.571 ; DivisorFrequencia:Divisor_inst|contador[15] ; DivisorFrequencia:Divisor_inst|contador[19] ; clk_50                                  ; clk_50      ; 0.000        ; 0.041      ; 0.696      ;
; 0.572 ; DivisorFrequencia:Divisor_inst|contador[19] ; DivisorFrequencia:Divisor_inst|contador[23] ; clk_50                                  ; clk_50      ; 0.000        ; 0.041      ; 0.697      ;
; 0.573 ; DivisorFrequencia:Divisor_inst|contador[13] ; DivisorFrequencia:Divisor_inst|contador[18] ; clk_50                                  ; clk_50      ; 0.000        ; 0.041      ; 0.698      ;
+-------+---------------------------------------------+---------------------------------------------+-----------------------------------------+-------------+--------------+------------+------------+


+----------------------------------------------------------------------------------------------------------------------------------------------------------------------------------------------------------------------------------+
; Fast 1200mV 0C Model Hold: 'DivisorFrequencia:Divisor_inst|clkSaida'                                                                                                                                                             ;
+-------+----------------------------------------+----------------------------------------------------+-----------------------------------------+-----------------------------------------+--------------+------------+------------+
; Slack ; From Node                              ; To Node                                            ; Launch Clock                            ; Latch Clock                             ; Relationship ; Clock Skew ; Data Delay ;
+-------+----------------------------------------+----------------------------------------------------+-----------------------------------------+-----------------------------------------+--------------+------------+------------+
; 0.413 ; SP[5]                                  ; SP[5]                                              ; DivisorFrequencia:Divisor_inst|clkSaida ; DivisorFrequencia:Divisor_inst|clkSaida ; 0.000        ; 0.041      ; 0.538      ;
; 0.461 ; SP[0]                                  ; SP[0]                                              ; DivisorFrequencia:Divisor_inst|clkSaida ; DivisorFrequencia:Divisor_inst|clkSaida ; 0.000        ; 0.041      ; 0.586      ;
; 0.469 ; SP[1]                                  ; SP[1]                                              ; DivisorFrequencia:Divisor_inst|clkSaida ; DivisorFrequencia:Divisor_inst|clkSaida ; 0.000        ; 0.041      ; 0.594      ;
; 0.523 ; SP[2]                                  ; SP[2]                                              ; DivisorFrequencia:Divisor_inst|clkSaida ; DivisorFrequencia:Divisor_inst|clkSaida ; 0.000        ; 0.041      ; 0.648      ;
; 0.573 ; SP[3]                                  ; SP[3]                                              ; DivisorFrequencia:Divisor_inst|clkSaida ; DivisorFrequencia:Divisor_inst|clkSaida ; 0.000        ; 0.041      ; 0.698      ;
; 0.591 ; PC:PC_inst|PC_reg[27]                  ; PC:PC_inst|PC_reg[27]                              ; DivisorFrequencia:Divisor_inst|clkSaida ; DivisorFrequencia:Divisor_inst|clkSaida ; 0.000        ; 0.054      ; 0.729      ;
; 0.608 ; SP[0]                                  ; SP[1]                                              ; DivisorFrequencia:Divisor_inst|clkSaida ; DivisorFrequencia:Divisor_inst|clkSaida ; 0.000        ; 0.041      ; 0.733      ;
; 0.625 ; SP[4]                                  ; SP[4]                                              ; DivisorFrequencia:Divisor_inst|clkSaida ; DivisorFrequencia:Divisor_inst|clkSaida ; 0.000        ; 0.041      ; 0.750      ;
; 0.627 ; SP[1]                                  ; SP[2]                                              ; DivisorFrequencia:Divisor_inst|clkSaida ; DivisorFrequencia:Divisor_inst|clkSaida ; 0.000        ; 0.041      ; 0.752      ;
; 0.656 ; banco:banco_inst|registradores[3][29]  ; ControleSaida:display_controller|valor_exibido[29] ; DivisorFrequencia:Divisor_inst|clkSaida ; DivisorFrequencia:Divisor_inst|clkSaida ; 0.000        ; 0.069      ; 0.809      ;
; 0.670 ; SP[0]                                  ; SP[2]                                              ; DivisorFrequencia:Divisor_inst|clkSaida ; DivisorFrequencia:Divisor_inst|clkSaida ; 0.000        ; 0.041      ; 0.795      ;
; 0.678 ; SP[3]                                  ; SP[4]                                              ; DivisorFrequencia:Divisor_inst|clkSaida ; DivisorFrequencia:Divisor_inst|clkSaida ; 0.000        ; 0.041      ; 0.803      ;
; 0.685 ; SP[1]                                  ; SP[3]                                              ; DivisorFrequencia:Divisor_inst|clkSaida ; DivisorFrequencia:Divisor_inst|clkSaida ; 0.000        ; 0.041      ; 0.810      ;
; 0.694 ; SP[1]                                  ; SP[4]                                              ; DivisorFrequencia:Divisor_inst|clkSaida ; DivisorFrequencia:Divisor_inst|clkSaida ; 0.000        ; 0.041      ; 0.819      ;
; 0.707 ; PC:PC_inst|PC_reg[21]                  ; PC:PC_inst|PC_reg[21]                              ; DivisorFrequencia:Divisor_inst|clkSaida ; DivisorFrequencia:Divisor_inst|clkSaida ; 0.000        ; 0.054      ; 0.845      ;
; 0.726 ; SP[2]                                  ; SP[3]                                              ; DivisorFrequencia:Divisor_inst|clkSaida ; DivisorFrequencia:Divisor_inst|clkSaida ; 0.000        ; 0.041      ; 0.851      ;
; 0.728 ; SP[0]                                  ; SP[3]                                              ; DivisorFrequencia:Divisor_inst|clkSaida ; DivisorFrequencia:Divisor_inst|clkSaida ; 0.000        ; 0.041      ; 0.853      ;
; 0.731 ; PC:PC_inst|PC_reg[26]                  ; PC:PC_inst|PC_reg[27]                              ; DivisorFrequencia:Divisor_inst|clkSaida ; DivisorFrequencia:Divisor_inst|clkSaida ; 0.000        ; 0.054      ; 0.869      ;
; 0.735 ; SP[2]                                  ; SP[4]                                              ; DivisorFrequencia:Divisor_inst|clkSaida ; DivisorFrequencia:Divisor_inst|clkSaida ; 0.000        ; 0.041      ; 0.860      ;
; 0.736 ; SP[3]                                  ; SP[5]                                              ; DivisorFrequencia:Divisor_inst|clkSaida ; DivisorFrequencia:Divisor_inst|clkSaida ; 0.000        ; 0.041      ; 0.861      ;
; 0.737 ; SP[0]                                  ; SP[4]                                              ; DivisorFrequencia:Divisor_inst|clkSaida ; DivisorFrequencia:Divisor_inst|clkSaida ; 0.000        ; 0.041      ; 0.862      ;
; 0.752 ; SP[1]                                  ; SP[5]                                              ; DivisorFrequencia:Divisor_inst|clkSaida ; DivisorFrequencia:Divisor_inst|clkSaida ; 0.000        ; 0.041      ; 0.877      ;
; 0.793 ; SP[2]                                  ; SP[5]                                              ; DivisorFrequencia:Divisor_inst|clkSaida ; DivisorFrequencia:Divisor_inst|clkSaida ; 0.000        ; 0.041      ; 0.918      ;
; 0.795 ; banco:banco_inst|registradores[3][3]   ; ControleSaida:display_controller|valor_exibido[3]  ; DivisorFrequencia:Divisor_inst|clkSaida ; DivisorFrequencia:Divisor_inst|clkSaida ; 0.000        ; 0.064      ; 0.943      ;
; 0.795 ; SP[0]                                  ; SP[5]                                              ; DivisorFrequencia:Divisor_inst|clkSaida ; DivisorFrequencia:Divisor_inst|clkSaida ; 0.000        ; 0.041      ; 0.920      ;
; 0.800 ; PC:PC_inst|PC_reg[20]                  ; PC:PC_inst|PC_reg[21]                              ; DivisorFrequencia:Divisor_inst|clkSaida ; DivisorFrequencia:Divisor_inst|clkSaida ; 0.000        ; 0.051      ; 0.935      ;
; 0.802 ; banco:banco_inst|registradores[3][14]  ; ControleSaida:display_controller|valor_exibido[14] ; DivisorFrequencia:Divisor_inst|clkSaida ; DivisorFrequencia:Divisor_inst|clkSaida ; 0.000        ; 0.079      ; 0.965      ;
; 0.804 ; PC:PC_inst|PC_reg[22]                  ; PC:PC_inst|PC_reg[27]                              ; DivisorFrequencia:Divisor_inst|clkSaida ; DivisorFrequencia:Divisor_inst|clkSaida ; 0.000        ; 0.051      ; 0.939      ;
; 0.811 ; banco:banco_inst|registradores[3][30]  ; ControleSaida:display_controller|valor_exibido[30] ; DivisorFrequencia:Divisor_inst|clkSaida ; DivisorFrequencia:Divisor_inst|clkSaida ; 0.000        ; 0.069      ; 0.964      ;
; 0.816 ; PC:PC_inst|PC_reg[24]                  ; PC:PC_inst|PC_reg[27]                              ; DivisorFrequencia:Divisor_inst|clkSaida ; DivisorFrequencia:Divisor_inst|clkSaida ; 0.000        ; 0.054      ; 0.954      ;
; 0.820 ; PC:PC_inst|PC_reg[19]                  ; PC:PC_inst|PC_reg[19]                              ; DivisorFrequencia:Divisor_inst|clkSaida ; DivisorFrequencia:Divisor_inst|clkSaida ; 0.000        ; 0.054      ; 0.958      ;
; 0.828 ; SP[4]                                  ; SP[5]                                              ; DivisorFrequencia:Divisor_inst|clkSaida ; DivisorFrequencia:Divisor_inst|clkSaida ; 0.000        ; 0.041      ; 0.953      ;
; 0.833 ; PC:PC_inst|PC_reg[28]                  ; PC:PC_inst|PC_reg[28]                              ; DivisorFrequencia:Divisor_inst|clkSaida ; DivisorFrequencia:Divisor_inst|clkSaida ; 0.000        ; 0.054      ; 0.971      ;
; 0.870 ; PC:PC_inst|PC_reg[20]                  ; PC:PC_inst|PC_reg[27]                              ; DivisorFrequencia:Divisor_inst|clkSaida ; DivisorFrequencia:Divisor_inst|clkSaida ; 0.000        ; 0.051      ; 1.005      ;
; 0.872 ; banco:banco_inst|registradores[3][6]   ; ControleSaida:display_controller|valor_exibido[6]  ; DivisorFrequencia:Divisor_inst|clkSaida ; DivisorFrequencia:Divisor_inst|clkSaida ; 0.000        ; 0.068      ; 1.024      ;
; 0.873 ; banco:banco_inst|registradores[3][28]  ; ControleSaida:display_controller|valor_exibido[28] ; DivisorFrequencia:Divisor_inst|clkSaida ; DivisorFrequencia:Divisor_inst|clkSaida ; 0.000        ; 0.070      ; 1.027      ;
; 0.877 ; banco:banco_inst|registradores[3][23]  ; ControleSaida:display_controller|valor_exibido[23] ; DivisorFrequencia:Divisor_inst|clkSaida ; DivisorFrequencia:Divisor_inst|clkSaida ; 0.000        ; 0.063      ; 1.024      ;
; 0.885 ; banco:banco_inst|registradores[3][27]  ; ControleSaida:display_controller|valor_exibido[27] ; DivisorFrequencia:Divisor_inst|clkSaida ; DivisorFrequencia:Divisor_inst|clkSaida ; 0.000        ; 0.069      ; 1.038      ;
; 0.886 ; PC:PC_inst|PC_reg[11]                  ; PC:PC_inst|PC_reg[11]                              ; DivisorFrequencia:Divisor_inst|clkSaida ; DivisorFrequencia:Divisor_inst|clkSaida ; 0.000        ; 0.054      ; 1.024      ;
; 0.895 ; PC:PC_inst|PC_reg[26]                  ; PC:PC_inst|PC_reg[26]                              ; DivisorFrequencia:Divisor_inst|clkSaida ; DivisorFrequencia:Divisor_inst|clkSaida ; 0.000        ; 0.054      ; 1.033      ;
; 0.899 ; PC:PC_inst|PC_reg[15]                  ; PC:PC_inst|PC_reg[15]                              ; DivisorFrequencia:Divisor_inst|clkSaida ; DivisorFrequencia:Divisor_inst|clkSaida ; 0.000        ; 0.054      ; 1.037      ;
; 0.918 ; banco:banco_inst|registradores[2][3]   ; ram:ram_inst|ram~2019                              ; DivisorFrequencia:Divisor_inst|clkSaida ; DivisorFrequencia:Divisor_inst|clkSaida ; 0.000        ; -0.152     ; 0.850      ;
; 0.919 ; banco:banco_inst|registradores[3][9]   ; ControleSaida:display_controller|valor_exibido[9]  ; DivisorFrequencia:Divisor_inst|clkSaida ; DivisorFrequencia:Divisor_inst|clkSaida ; 0.000        ; 0.082      ; 1.085      ;
; 0.919 ; PC:PC_inst|PC_reg[8]                   ; PC:PC_inst|PC_reg[11]                              ; DivisorFrequencia:Divisor_inst|clkSaida ; DivisorFrequencia:Divisor_inst|clkSaida ; 0.000        ; 0.266      ; 1.269      ;
; 0.920 ; banco:banco_inst|registradores[3][26]  ; ControleSaida:display_controller|valor_exibido[26] ; DivisorFrequencia:Divisor_inst|clkSaida ; DivisorFrequencia:Divisor_inst|clkSaida ; 0.000        ; 0.072      ; 1.076      ;
; 0.923 ; PC:PC_inst|PC_reg[21]                  ; PC:PC_inst|PC_reg[27]                              ; DivisorFrequencia:Divisor_inst|clkSaida ; DivisorFrequencia:Divisor_inst|clkSaida ; 0.000        ; 0.054      ; 1.061      ;
; 0.928 ; PC:PC_inst|PC_reg[18]                  ; PC:PC_inst|PC_reg[21]                              ; DivisorFrequencia:Divisor_inst|clkSaida ; DivisorFrequencia:Divisor_inst|clkSaida ; 0.000        ; 0.054      ; 1.066      ;
; 0.931 ; PC:PC_inst|PC_reg[16]                  ; PC:PC_inst|PC_reg[21]                              ; DivisorFrequencia:Divisor_inst|clkSaida ; DivisorFrequencia:Divisor_inst|clkSaida ; 0.000        ; 0.051      ; 1.066      ;
; 0.932 ; PC:PC_inst|PC_reg[19]                  ; PC:PC_inst|PC_reg[21]                              ; DivisorFrequencia:Divisor_inst|clkSaida ; DivisorFrequencia:Divisor_inst|clkSaida ; 0.000        ; 0.054      ; 1.070      ;
; 0.933 ; banco:banco_inst|registradores[3][20]  ; ControleSaida:display_controller|valor_exibido[20] ; DivisorFrequencia:Divisor_inst|clkSaida ; DivisorFrequencia:Divisor_inst|clkSaida ; 0.000        ; 0.066      ; 1.083      ;
; 0.938 ; banco:banco_inst|registradores[3][16]  ; ControleSaida:display_controller|valor_exibido[16] ; DivisorFrequencia:Divisor_inst|clkSaida ; DivisorFrequencia:Divisor_inst|clkSaida ; 0.000        ; 0.071      ; 1.093      ;
; 0.945 ; PC:PC_inst|PC_reg[10]                  ; PC:PC_inst|PC_reg[11]                              ; DivisorFrequencia:Divisor_inst|clkSaida ; DivisorFrequencia:Divisor_inst|clkSaida ; 0.000        ; 0.266      ; 1.295      ;
; 0.957 ; banco:banco_inst|registradores[3][4]   ; ControleSaida:display_controller|valor_exibido[4]  ; DivisorFrequencia:Divisor_inst|clkSaida ; DivisorFrequencia:Divisor_inst|clkSaida ; 0.000        ; 0.082      ; 1.123      ;
; 0.962 ; PC:PC_inst|PC_reg[18]                  ; PC:PC_inst|PC_reg[19]                              ; DivisorFrequencia:Divisor_inst|clkSaida ; DivisorFrequencia:Divisor_inst|clkSaida ; 0.000        ; 0.054      ; 1.100      ;
; 0.965 ; PC:PC_inst|PC_reg[16]                  ; PC:PC_inst|PC_reg[19]                              ; DivisorFrequencia:Divisor_inst|clkSaida ; DivisorFrequencia:Divisor_inst|clkSaida ; 0.000        ; 0.051      ; 1.100      ;
; 0.967 ; banco:banco_inst|registradores[3][10]  ; ControleSaida:display_controller|valor_exibido[10] ; DivisorFrequencia:Divisor_inst|clkSaida ; DivisorFrequencia:Divisor_inst|clkSaida ; 0.000        ; 0.082      ; 1.133      ;
; 0.987 ; PC:PC_inst|PC_reg[26]                  ; PC:PC_inst|PC_reg[28]                              ; DivisorFrequencia:Divisor_inst|clkSaida ; DivisorFrequencia:Divisor_inst|clkSaida ; 0.000        ; 0.054      ; 1.125      ;
; 0.993 ; PC:PC_inst|PC_reg[27]                  ; PC:PC_inst|PC_reg[28]                              ; DivisorFrequencia:Divisor_inst|clkSaida ; DivisorFrequencia:Divisor_inst|clkSaida ; 0.000        ; 0.054      ; 1.131      ;
; 0.998 ; ControleSinal:io_signal_control|saida  ; ControleSaida:display_controller|valor_exibido[5]  ; btn_in                                  ; DivisorFrequencia:Divisor_inst|clkSaida ; -0.500       ; 0.114      ; 0.726      ;
; 0.998 ; PC:PC_inst|PC_reg[18]                  ; PC:PC_inst|PC_reg[27]                              ; DivisorFrequencia:Divisor_inst|clkSaida ; DivisorFrequencia:Divisor_inst|clkSaida ; 0.000        ; 0.054      ; 1.136      ;
; 1.001 ; PC:PC_inst|PC_reg[16]                  ; PC:PC_inst|PC_reg[27]                              ; DivisorFrequencia:Divisor_inst|clkSaida ; DivisorFrequencia:Divisor_inst|clkSaida ; 0.000        ; 0.051      ; 1.136      ;
; 1.002 ; PC:PC_inst|PC_reg[19]                  ; PC:PC_inst|PC_reg[27]                              ; DivisorFrequencia:Divisor_inst|clkSaida ; DivisorFrequencia:Divisor_inst|clkSaida ; 0.000        ; 0.054      ; 1.140      ;
; 1.010 ; PC:PC_inst|PC_reg[16]                  ; PC:PC_inst|PC_reg[17]                              ; DivisorFrequencia:Divisor_inst|clkSaida ; DivisorFrequencia:Divisor_inst|clkSaida ; 0.000        ; 0.045      ; 1.139      ;
; 1.011 ; ControleSinal:io_signal_control|saida  ; ControleSaida:display_controller|valor_exibido[17] ; btn_in                                  ; DivisorFrequencia:Divisor_inst|clkSaida ; -0.500       ; 0.124      ; 0.749      ;
; 1.025 ; banco:banco_inst|registradores[3][1]   ; ControleSaida:display_controller|valor_exibido[1]  ; DivisorFrequencia:Divisor_inst|clkSaida ; DivisorFrequencia:Divisor_inst|clkSaida ; 0.000        ; 0.069      ; 1.178      ;
; 1.048 ; banco:banco_inst|registradores[3][21]  ; ControleSaida:display_controller|valor_exibido[21] ; DivisorFrequencia:Divisor_inst|clkSaida ; DivisorFrequencia:Divisor_inst|clkSaida ; 0.000        ; 0.073      ; 1.205      ;
; 1.059 ; PC:PC_inst|PC_reg[22]                  ; PC:PC_inst|PC_reg[23]                              ; DivisorFrequencia:Divisor_inst|clkSaida ; DivisorFrequencia:Divisor_inst|clkSaida ; 0.000        ; 0.045      ; 1.188      ;
; 1.060 ; PC:PC_inst|PC_reg[22]                  ; PC:PC_inst|PC_reg[28]                              ; DivisorFrequencia:Divisor_inst|clkSaida ; DivisorFrequencia:Divisor_inst|clkSaida ; 0.000        ; 0.051      ; 1.195      ;
; 1.063 ; PC:PC_inst|PC_reg[22]                  ; PC:PC_inst|PC_reg[26]                              ; DivisorFrequencia:Divisor_inst|clkSaida ; DivisorFrequencia:Divisor_inst|clkSaida ; 0.000        ; 0.051      ; 1.198      ;
; 1.069 ; PC:PC_inst|PC_reg[17]                  ; PC:PC_inst|PC_reg[17]                              ; DivisorFrequencia:Divisor_inst|clkSaida ; DivisorFrequencia:Divisor_inst|clkSaida ; 0.000        ; 0.053      ; 1.206      ;
; 1.072 ; PC:PC_inst|PC_reg[24]                  ; PC:PC_inst|PC_reg[28]                              ; DivisorFrequencia:Divisor_inst|clkSaida ; DivisorFrequencia:Divisor_inst|clkSaida ; 0.000        ; 0.054      ; 1.210      ;
; 1.075 ; PC:PC_inst|PC_reg[24]                  ; PC:PC_inst|PC_reg[26]                              ; DivisorFrequencia:Divisor_inst|clkSaida ; DivisorFrequencia:Divisor_inst|clkSaida ; 0.000        ; 0.054      ; 1.213      ;
; 1.094 ; banco:banco_inst|registradores[3][11]  ; ControleSaida:display_controller|valor_exibido[11] ; DivisorFrequencia:Divisor_inst|clkSaida ; DivisorFrequencia:Divisor_inst|clkSaida ; 0.000        ; 0.066      ; 1.244      ;
; 1.100 ; ControleSinal:out_signal_control|saida ; PC:PC_inst|PC_reg[7]                               ; btn_in                                  ; DivisorFrequencia:Divisor_inst|clkSaida ; 0.000        ; 0.290      ; 1.504      ;
; 1.102 ; PC:PC_inst|PC_reg[8]                   ; PC:PC_inst|PC_reg[15]                              ; DivisorFrequencia:Divisor_inst|clkSaida ; DivisorFrequencia:Divisor_inst|clkSaida ; 0.000        ; 0.266      ; 1.452      ;
; 1.105 ; PC:PC_inst|PC_reg[18]                  ; PC:PC_inst|PC_reg[18]                              ; DivisorFrequencia:Divisor_inst|clkSaida ; DivisorFrequencia:Divisor_inst|clkSaida ; 0.000        ; 0.054      ; 1.243      ;
; 1.106 ; banco:banco_inst|registradores[2][23]  ; ControleSaida:display_controller|valor_exibido[23] ; DivisorFrequencia:Divisor_inst|clkSaida ; DivisorFrequencia:Divisor_inst|clkSaida ; 0.000        ; 0.075      ; 1.265      ;
; 1.108 ; banco:banco_inst|registradores[2][28]  ; ControleSaida:display_controller|valor_exibido[28] ; DivisorFrequencia:Divisor_inst|clkSaida ; DivisorFrequencia:Divisor_inst|clkSaida ; 0.000        ; 0.076      ; 1.268      ;
; 1.111 ; ControleSinal:io_signal_control|saida  ; ControleSaida:display_controller|valor_exibido[6]  ; btn_in                                  ; DivisorFrequencia:Divisor_inst|clkSaida ; -0.500       ; 0.125      ; 0.850      ;
; 1.111 ; ControleSinal:out_signal_control|saida ; PC:PC_inst|PC_reg[24]                              ; btn_in                                  ; DivisorFrequencia:Divisor_inst|clkSaida ; 0.000        ; 0.282      ; 1.507      ;
; 1.111 ; ControleSinal:out_signal_control|saida ; PC:PC_inst|PC_reg[21]                              ; btn_in                                  ; DivisorFrequencia:Divisor_inst|clkSaida ; 0.000        ; 0.282      ; 1.507      ;
; 1.111 ; ControleSinal:out_signal_control|saida ; PC:PC_inst|PC_reg[18]                              ; btn_in                                  ; DivisorFrequencia:Divisor_inst|clkSaida ; 0.000        ; 0.282      ; 1.507      ;
; 1.111 ; ControleSinal:out_signal_control|saida ; PC:PC_inst|PC_reg[19]                              ; btn_in                                  ; DivisorFrequencia:Divisor_inst|clkSaida ; 0.000        ; 0.282      ; 1.507      ;
; 1.111 ; ControleSinal:out_signal_control|saida ; PC:PC_inst|PC_reg[27]                              ; btn_in                                  ; DivisorFrequencia:Divisor_inst|clkSaida ; 0.000        ; 0.282      ; 1.507      ;
; 1.111 ; ControleSinal:out_signal_control|saida ; PC:PC_inst|PC_reg[26]                              ; btn_in                                  ; DivisorFrequencia:Divisor_inst|clkSaida ; 0.000        ; 0.282      ; 1.507      ;
; 1.111 ; ControleSinal:out_signal_control|saida ; PC:PC_inst|PC_reg[28]                              ; btn_in                                  ; DivisorFrequencia:Divisor_inst|clkSaida ; 0.000        ; 0.282      ; 1.507      ;
; 1.111 ; ControleSinal:out_signal_control|saida ; PC:PC_inst|PC_reg[30]                              ; btn_in                                  ; DivisorFrequencia:Divisor_inst|clkSaida ; 0.000        ; 0.282      ; 1.507      ;
; 1.111 ; ControleSinal:out_signal_control|saida ; PC:PC_inst|PC_reg[15]                              ; btn_in                                  ; DivisorFrequencia:Divisor_inst|clkSaida ; 0.000        ; 0.282      ; 1.507      ;
; 1.111 ; ControleSinal:out_signal_control|saida ; PC:PC_inst|PC_reg[11]                              ; btn_in                                  ; DivisorFrequencia:Divisor_inst|clkSaida ; 0.000        ; 0.282      ; 1.507      ;
; 1.112 ; ControleSinal:out_signal_control|saida ; PC:PC_inst|PC_reg[9]                               ; btn_in                                  ; DivisorFrequencia:Divisor_inst|clkSaida ; 0.000        ; 0.285      ; 1.511      ;
; 1.112 ; ControleSinal:out_signal_control|saida ; PC:PC_inst|PC_reg[22]                              ; btn_in                                  ; DivisorFrequencia:Divisor_inst|clkSaida ; 0.000        ; 0.285      ; 1.511      ;
; 1.112 ; ControleSinal:out_signal_control|saida ; PC:PC_inst|PC_reg[20]                              ; btn_in                                  ; DivisorFrequencia:Divisor_inst|clkSaida ; 0.000        ; 0.285      ; 1.511      ;
; 1.112 ; ControleSinal:out_signal_control|saida ; PC:PC_inst|PC_reg[14]                              ; btn_in                                  ; DivisorFrequencia:Divisor_inst|clkSaida ; 0.000        ; 0.285      ; 1.511      ;
; 1.112 ; ControleSinal:out_signal_control|saida ; PC:PC_inst|PC_reg[16]                              ; btn_in                                  ; DivisorFrequencia:Divisor_inst|clkSaida ; 0.000        ; 0.285      ; 1.511      ;
; 1.112 ; ControleSinal:out_signal_control|saida ; PC:PC_inst|PC_reg[13]                              ; btn_in                                  ; DivisorFrequencia:Divisor_inst|clkSaida ; 0.000        ; 0.285      ; 1.511      ;
; 1.112 ; ControleSinal:out_signal_control|saida ; PC:PC_inst|PC_reg[12]                              ; btn_in                                  ; DivisorFrequencia:Divisor_inst|clkSaida ; 0.000        ; 0.285      ; 1.511      ;
; 1.112 ; ControleSinal:out_signal_control|saida ; PC:PC_inst|PC_reg[31]                              ; btn_in                                  ; DivisorFrequencia:Divisor_inst|clkSaida ; 0.000        ; 0.285      ; 1.511      ;
; 1.114 ; banco:banco_inst|registradores[3][0]   ; ControleSaida:display_controller|valor_exibido[0]  ; DivisorFrequencia:Divisor_inst|clkSaida ; DivisorFrequencia:Divisor_inst|clkSaida ; 0.000        ; 0.069      ; 1.267      ;
; 1.114 ; banco:banco_inst|registradores[3][31]  ; ControleSaida:display_controller|valor_exibido[31] ; DivisorFrequencia:Divisor_inst|clkSaida ; DivisorFrequencia:Divisor_inst|clkSaida ; 0.000        ; 0.069      ; 1.267      ;
; 1.115 ; ControleSinal:io_signal_control|saida  ; ControleSaida:display_controller|valor_exibido[7]  ; btn_in                                  ; DivisorFrequencia:Divisor_inst|clkSaida ; -0.500       ; 0.125      ; 0.854      ;
+-------+----------------------------------------+----------------------------------------------------+-----------------------------------------+-----------------------------------------+--------------+------------+------------+


+-------------------------------------------------------------------------------------------------------------------------------------------------------------------------+
; Fast 1200mV 0C Model Recovery: 'btn_in'                                                                                                                                 ;
+--------+----------------------+----------------------------------------+-----------------------------------------+-------------+--------------+------------+------------+
; Slack  ; From Node            ; To Node                                ; Launch Clock                            ; Latch Clock ; Relationship ; Clock Skew ; Data Delay ;
+--------+----------------------+----------------------------------------+-----------------------------------------+-------------+--------------+------------+------------+
; -2.264 ; PC:PC_inst|PC_reg[2] ; ControleSinal:out_signal_control|saida ; DivisorFrequencia:Divisor_inst|clkSaida ; btn_in      ; 1.000        ; -0.060     ; 3.181      ;
; -2.261 ; PC:PC_inst|PC_reg[1] ; ControleSinal:out_signal_control|saida ; DivisorFrequencia:Divisor_inst|clkSaida ; btn_in      ; 1.000        ; -0.060     ; 3.178      ;
; -2.225 ; PC:PC_inst|PC_reg[4] ; ControleSinal:out_signal_control|saida ; DivisorFrequencia:Divisor_inst|clkSaida ; btn_in      ; 1.000        ; -0.060     ; 3.142      ;
; -2.152 ; PC:PC_inst|PC_reg[0] ; ControleSinal:out_signal_control|saida ; DivisorFrequencia:Divisor_inst|clkSaida ; btn_in      ; 1.000        ; -0.060     ; 3.069      ;
; -2.131 ; PC:PC_inst|PC_reg[3] ; ControleSinal:out_signal_control|saida ; DivisorFrequencia:Divisor_inst|clkSaida ; btn_in      ; 1.000        ; -0.060     ; 3.048      ;
; -2.061 ; PC:PC_inst|PC_reg[5] ; ControleSinal:out_signal_control|saida ; DivisorFrequencia:Divisor_inst|clkSaida ; btn_in      ; 1.000        ; -0.060     ; 2.978      ;
; -1.870 ; PC:PC_inst|PC_reg[7] ; ControleSinal:out_signal_control|saida ; DivisorFrequencia:Divisor_inst|clkSaida ; btn_in      ; 1.000        ; -0.290     ; 2.557      ;
; -1.703 ; PC:PC_inst|PC_reg[7] ; ControleSinal:io_signal_control|saida  ; DivisorFrequencia:Divisor_inst|clkSaida ; btn_in      ; 1.000        ; -0.290     ; 2.390      ;
; -1.636 ; PC:PC_inst|PC_reg[6] ; ControleSinal:out_signal_control|saida ; DivisorFrequencia:Divisor_inst|clkSaida ; btn_in      ; 1.000        ; -0.060     ; 2.553      ;
; -1.526 ; PC:PC_inst|PC_reg[6] ; ControleSinal:io_signal_control|saida  ; DivisorFrequencia:Divisor_inst|clkSaida ; btn_in      ; 1.000        ; -0.060     ; 2.443      ;
; -1.253 ; PC:PC_inst|PC_reg[2] ; ControleSinal:io_signal_control|saida  ; DivisorFrequencia:Divisor_inst|clkSaida ; btn_in      ; 1.000        ; -0.060     ; 2.170      ;
; -1.177 ; PC:PC_inst|PC_reg[1] ; ControleSinal:io_signal_control|saida  ; DivisorFrequencia:Divisor_inst|clkSaida ; btn_in      ; 1.000        ; -0.060     ; 2.094      ;
; -1.103 ; PC:PC_inst|PC_reg[3] ; ControleSinal:io_signal_control|saida  ; DivisorFrequencia:Divisor_inst|clkSaida ; btn_in      ; 1.000        ; -0.060     ; 2.020      ;
; -0.982 ; PC:PC_inst|PC_reg[4] ; ControleSinal:io_signal_control|saida  ; DivisorFrequencia:Divisor_inst|clkSaida ; btn_in      ; 1.000        ; -0.060     ; 1.899      ;
; -0.822 ; PC:PC_inst|PC_reg[0] ; ControleSinal:io_signal_control|saida  ; DivisorFrequencia:Divisor_inst|clkSaida ; btn_in      ; 1.000        ; -0.060     ; 1.739      ;
; -0.804 ; PC:PC_inst|PC_reg[5] ; ControleSinal:io_signal_control|saida  ; DivisorFrequencia:Divisor_inst|clkSaida ; btn_in      ; 1.000        ; -0.060     ; 1.721      ;
+--------+----------------------+----------------------------------------+-----------------------------------------+-------------+--------------+------------+------------+


+------------------------------------------------------------------------------------------------------------------------------------------------------------------------+
; Fast 1200mV 0C Model Removal: 'btn_in'                                                                                                                                 ;
+-------+----------------------+----------------------------------------+-----------------------------------------+-------------+--------------+------------+------------+
; Slack ; From Node            ; To Node                                ; Launch Clock                            ; Latch Clock ; Relationship ; Clock Skew ; Data Delay ;
+-------+----------------------+----------------------------------------+-----------------------------------------+-------------+--------------+------------+------------+
; 1.270 ; PC:PC_inst|PC_reg[0] ; ControleSinal:io_signal_control|saida  ; DivisorFrequencia:Divisor_inst|clkSaida ; btn_in      ; 0.000        ; 0.116      ; 1.500      ;
; 1.308 ; PC:PC_inst|PC_reg[4] ; ControleSinal:out_signal_control|saida ; DivisorFrequencia:Divisor_inst|clkSaida ; btn_in      ; 0.000        ; 0.116      ; 1.538      ;
; 1.379 ; PC:PC_inst|PC_reg[4] ; ControleSinal:io_signal_control|saida  ; DivisorFrequencia:Divisor_inst|clkSaida ; btn_in      ; 0.000        ; 0.116      ; 1.609      ;
; 1.402 ; PC:PC_inst|PC_reg[5] ; ControleSinal:out_signal_control|saida ; DivisorFrequencia:Divisor_inst|clkSaida ; btn_in      ; 0.000        ; 0.116      ; 1.632      ;
; 1.413 ; PC:PC_inst|PC_reg[7] ; ControleSinal:out_signal_control|saida ; DivisorFrequencia:Divisor_inst|clkSaida ; btn_in      ; 0.000        ; -0.105     ; 1.422      ;
; 1.414 ; PC:PC_inst|PC_reg[5] ; ControleSinal:io_signal_control|saida  ; DivisorFrequencia:Divisor_inst|clkSaida ; btn_in      ; 0.000        ; 0.116      ; 1.644      ;
; 1.424 ; PC:PC_inst|PC_reg[0] ; ControleSinal:out_signal_control|saida ; DivisorFrequencia:Divisor_inst|clkSaida ; btn_in      ; 0.000        ; 0.116      ; 1.654      ;
; 1.494 ; PC:PC_inst|PC_reg[2] ; ControleSinal:out_signal_control|saida ; DivisorFrequencia:Divisor_inst|clkSaida ; btn_in      ; 0.000        ; 0.116      ; 1.724      ;
; 1.509 ; PC:PC_inst|PC_reg[3] ; ControleSinal:io_signal_control|saida  ; DivisorFrequencia:Divisor_inst|clkSaida ; btn_in      ; 0.000        ; 0.116      ; 1.739      ;
; 1.533 ; PC:PC_inst|PC_reg[3] ; ControleSinal:out_signal_control|saida ; DivisorFrequencia:Divisor_inst|clkSaida ; btn_in      ; 0.000        ; 0.116      ; 1.763      ;
; 1.534 ; PC:PC_inst|PC_reg[1] ; ControleSinal:out_signal_control|saida ; DivisorFrequencia:Divisor_inst|clkSaida ; btn_in      ; 0.000        ; 0.116      ; 1.764      ;
; 1.552 ; PC:PC_inst|PC_reg[6] ; ControleSinal:out_signal_control|saida ; DivisorFrequencia:Divisor_inst|clkSaida ; btn_in      ; 0.000        ; 0.116      ; 1.782      ;
; 1.581 ; PC:PC_inst|PC_reg[1] ; ControleSinal:io_signal_control|saida  ; DivisorFrequencia:Divisor_inst|clkSaida ; btn_in      ; 0.000        ; 0.116      ; 1.811      ;
; 1.647 ; PC:PC_inst|PC_reg[2] ; ControleSinal:io_signal_control|saida  ; DivisorFrequencia:Divisor_inst|clkSaida ; btn_in      ; 0.000        ; 0.116      ; 1.877      ;
; 1.883 ; PC:PC_inst|PC_reg[6] ; ControleSinal:io_signal_control|saida  ; DivisorFrequencia:Divisor_inst|clkSaida ; btn_in      ; 0.000        ; 0.116      ; 2.113      ;
; 2.022 ; PC:PC_inst|PC_reg[7] ; ControleSinal:io_signal_control|saida  ; DivisorFrequencia:Divisor_inst|clkSaida ; btn_in      ; 0.000        ; -0.105     ; 2.031      ;
+-------+----------------------+----------------------------------------+-----------------------------------------+-------------+--------------+------------+------------+


----------------------------------------------
; Fast 1200mV 0C Model Metastability Summary ;
----------------------------------------------
No synchronizer chains to report.


+-----------------------------------------------------------------------------------------------------------+
; Multicorner Timing Analysis Summary                                                                       ;
+------------------------------------------+-------------+-------+----------+---------+---------------------+
; Clock                                    ; Setup       ; Hold  ; Recovery ; Removal ; Minimum Pulse Width ;
+------------------------------------------+-------------+-------+----------+---------+---------------------+
; Worst-case Slack                         ; -152.504    ; 0.200 ; -5.873   ; 1.270   ; -3.000              ;
;  DivisorFrequencia:Divisor_inst|clkSaida ; -152.504    ; 0.413 ; N/A      ; N/A     ; -1.285              ;
;  btn_in                                  ; N/A         ; N/A   ; -5.873   ; 1.270   ; -3.000              ;
;  clk_50                                  ; -3.493      ; 0.200 ; N/A      ; N/A     ; -3.000              ;
; Design-wide TNS                          ; -335017.186 ; 0.0   ; -10.561  ; 0.0     ; -3051.45            ;
;  DivisorFrequencia:Divisor_inst|clkSaida ; -334971.877 ; 0.000 ; N/A      ; N/A     ; -3009.470           ;
;  btn_in                                  ; N/A         ; N/A   ; -10.561  ; 0.000   ; -5.634              ;
;  clk_50                                  ; -45.309     ; 0.000 ; N/A      ; N/A     ; -36.410             ;
+------------------------------------------+-------------+-------+----------+---------+---------------------+


+---------------------------------------------------------------------------------------------------------------------------------------------------------------------------------------------------------------------------------------------------------------------------------------------------------------------------------------------------------------------------------------------------------------------+
; Board Trace Model Assignments                                                                                                                                                                                                                                                                                                                                                                                       ;
+------------------+--------------+-------------------+-------------------------+-------------------------+---------------+---------------------+----------------+------------------+--------+------------------+------------------------+------------------------+--------------+---------------+-----------------+-------+---------------------+--------------------+---------------+-----------------+-------------+
; Pin              ; I/O Standard ; Near Tline Length ; Near Tline L per Length ; Near Tline C per Length ; Near Series R ; Near Differential R ; Near Pull-up R ; Near Pull-down R ; Near C ; Far Tline Length ; Far Tline L per Length ; Far Tline C per Length ; Far Series R ; Far Pull-up R ; Far Pull-down R ; Far C ; Termination Voltage ; Far Differential R ; EBD File Name ; EBD Signal Name ; EBD Far-end ;
+------------------+--------------+-------------------+-------------------------+-------------------------+---------------+---------------------+----------------+------------------+--------+------------------+------------------------+------------------------+--------------+---------------+-----------------+-------+---------------------+--------------------+---------------+-----------------+-------------+
; led_clock        ; 2.5 V        ; 0 in              ; 0 H/in                  ; 0 F/in                  ; short         ; -                   ; open           ; open             ; open   ; 0 in             ; 0 H/in                 ; 0 F/in                 ; short        ; open          ; open            ; open  ; 0 V                 ; -                  ; n/a           ; n/a             ; n/a         ;
; Hex0[0]          ; 2.5 V        ; 0 in              ; 0 H/in                  ; 0 F/in                  ; short         ; -                   ; open           ; open             ; open   ; 0 in             ; 0 H/in                 ; 0 F/in                 ; short        ; open          ; open            ; open  ; 0 V                 ; -                  ; n/a           ; n/a             ; n/a         ;
; Hex0[1]          ; 2.5 V        ; 0 in              ; 0 H/in                  ; 0 F/in                  ; short         ; -                   ; open           ; open             ; open   ; 0 in             ; 0 H/in                 ; 0 F/in                 ; short        ; open          ; open            ; open  ; 0 V                 ; -                  ; n/a           ; n/a             ; n/a         ;
; Hex0[2]          ; 2.5 V        ; 0 in              ; 0 H/in                  ; 0 F/in                  ; short         ; -                   ; open           ; open             ; open   ; 0 in             ; 0 H/in                 ; 0 F/in                 ; short        ; open          ; open            ; open  ; 0 V                 ; -                  ; n/a           ; n/a             ; n/a         ;
; Hex0[3]          ; 2.5 V        ; 0 in              ; 0 H/in                  ; 0 F/in                  ; short         ; -                   ; open           ; open             ; open   ; 0 in             ; 0 H/in                 ; 0 F/in                 ; short        ; open          ; open            ; open  ; 0 V                 ; -                  ; n/a           ; n/a             ; n/a         ;
; Hex0[4]          ; 2.5 V        ; 0 in              ; 0 H/in                  ; 0 F/in                  ; short         ; -                   ; open           ; open             ; open   ; 0 in             ; 0 H/in                 ; 0 F/in                 ; short        ; open          ; open            ; open  ; 0 V                 ; -                  ; n/a           ; n/a             ; n/a         ;
; Hex0[5]          ; 2.5 V        ; 0 in              ; 0 H/in                  ; 0 F/in                  ; short         ; -                   ; open           ; open             ; open   ; 0 in             ; 0 H/in                 ; 0 F/in                 ; short        ; open          ; open            ; open  ; 0 V                 ; -                  ; n/a           ; n/a             ; n/a         ;
; Hex0[6]          ; 2.5 V        ; 0 in              ; 0 H/in                  ; 0 F/in                  ; short         ; -                   ; open           ; open             ; open   ; 0 in             ; 0 H/in                 ; 0 F/in                 ; short        ; open          ; open            ; open  ; 0 V                 ; -                  ; n/a           ; n/a             ; n/a         ;
; Hex1[0]          ; 2.5 V        ; 0 in              ; 0 H/in                  ; 0 F/in                  ; short         ; -                   ; open           ; open             ; open   ; 0 in             ; 0 H/in                 ; 0 F/in                 ; short        ; open          ; open            ; open  ; 0 V                 ; -                  ; n/a           ; n/a             ; n/a         ;
; Hex1[1]          ; 2.5 V        ; 0 in              ; 0 H/in                  ; 0 F/in                  ; short         ; -                   ; open           ; open             ; open   ; 0 in             ; 0 H/in                 ; 0 F/in                 ; short        ; open          ; open            ; open  ; 0 V                 ; -                  ; n/a           ; n/a             ; n/a         ;
; Hex1[2]          ; 2.5 V        ; 0 in              ; 0 H/in                  ; 0 F/in                  ; short         ; -                   ; open           ; open             ; open   ; 0 in             ; 0 H/in                 ; 0 F/in                 ; short        ; open          ; open            ; open  ; 0 V                 ; -                  ; n/a           ; n/a             ; n/a         ;
; Hex1[3]          ; 2.5 V        ; 0 in              ; 0 H/in                  ; 0 F/in                  ; short         ; -                   ; open           ; open             ; open   ; 0 in             ; 0 H/in                 ; 0 F/in                 ; short        ; open          ; open            ; open  ; 0 V                 ; -                  ; n/a           ; n/a             ; n/a         ;
; Hex1[4]          ; 2.5 V        ; 0 in              ; 0 H/in                  ; 0 F/in                  ; short         ; -                   ; open           ; open             ; open   ; 0 in             ; 0 H/in                 ; 0 F/in                 ; short        ; open          ; open            ; open  ; 0 V                 ; -                  ; n/a           ; n/a             ; n/a         ;
; Hex1[5]          ; 2.5 V        ; 0 in              ; 0 H/in                  ; 0 F/in                  ; short         ; -                   ; open           ; open             ; open   ; 0 in             ; 0 H/in                 ; 0 F/in                 ; short        ; open          ; open            ; open  ; 0 V                 ; -                  ; n/a           ; n/a             ; n/a         ;
; Hex1[6]          ; 2.5 V        ; 0 in              ; 0 H/in                  ; 0 F/in                  ; short         ; -                   ; open           ; open             ; open   ; 0 in             ; 0 H/in                 ; 0 F/in                 ; short        ; open          ; open            ; open  ; 0 V                 ; -                  ; n/a           ; n/a             ; n/a         ;
; Hex2[0]          ; 2.5 V        ; 0 in              ; 0 H/in                  ; 0 F/in                  ; short         ; -                   ; open           ; open             ; open   ; 0 in             ; 0 H/in                 ; 0 F/in                 ; short        ; open          ; open            ; open  ; 0 V                 ; -                  ; n/a           ; n/a             ; n/a         ;
; Hex2[1]          ; 2.5 V        ; 0 in              ; 0 H/in                  ; 0 F/in                  ; short         ; -                   ; open           ; open             ; open   ; 0 in             ; 0 H/in                 ; 0 F/in                 ; short        ; open          ; open            ; open  ; 0 V                 ; -                  ; n/a           ; n/a             ; n/a         ;
; Hex2[2]          ; 2.5 V        ; 0 in              ; 0 H/in                  ; 0 F/in                  ; short         ; -                   ; open           ; open             ; open   ; 0 in             ; 0 H/in                 ; 0 F/in                 ; short        ; open          ; open            ; open  ; 0 V                 ; -                  ; n/a           ; n/a             ; n/a         ;
; Hex2[3]          ; 2.5 V        ; 0 in              ; 0 H/in                  ; 0 F/in                  ; short         ; -                   ; open           ; open             ; open   ; 0 in             ; 0 H/in                 ; 0 F/in                 ; short        ; open          ; open            ; open  ; 0 V                 ; -                  ; n/a           ; n/a             ; n/a         ;
; Hex2[4]          ; 2.5 V        ; 0 in              ; 0 H/in                  ; 0 F/in                  ; short         ; -                   ; open           ; open             ; open   ; 0 in             ; 0 H/in                 ; 0 F/in                 ; short        ; open          ; open            ; open  ; 0 V                 ; -                  ; n/a           ; n/a             ; n/a         ;
; Hex2[5]          ; 2.5 V        ; 0 in              ; 0 H/in                  ; 0 F/in                  ; short         ; -                   ; open           ; open             ; open   ; 0 in             ; 0 H/in                 ; 0 F/in                 ; short        ; open          ; open            ; open  ; 0 V                 ; -                  ; n/a           ; n/a             ; n/a         ;
; Hex2[6]          ; 2.5 V        ; 0 in              ; 0 H/in                  ; 0 F/in                  ; short         ; -                   ; open           ; open             ; open   ; 0 in             ; 0 H/in                 ; 0 F/in                 ; short        ; open          ; open            ; open  ; 0 V                 ; -                  ; n/a           ; n/a             ; n/a         ;
; Hex3[0]          ; 2.5 V        ; 0 in              ; 0 H/in                  ; 0 F/in                  ; short         ; -                   ; open           ; open             ; open   ; 0 in             ; 0 H/in                 ; 0 F/in                 ; short        ; open          ; open            ; open  ; 0 V                 ; -                  ; n/a           ; n/a             ; n/a         ;
; Hex3[1]          ; 2.5 V        ; 0 in              ; 0 H/in                  ; 0 F/in                  ; short         ; -                   ; open           ; open             ; open   ; 0 in             ; 0 H/in                 ; 0 F/in                 ; short        ; open          ; open            ; open  ; 0 V                 ; -                  ; n/a           ; n/a             ; n/a         ;
; Hex3[2]          ; 2.5 V        ; 0 in              ; 0 H/in                  ; 0 F/in                  ; short         ; -                   ; open           ; open             ; open   ; 0 in             ; 0 H/in                 ; 0 F/in                 ; short        ; open          ; open            ; open  ; 0 V                 ; -                  ; n/a           ; n/a             ; n/a         ;
; Hex3[3]          ; 2.5 V        ; 0 in              ; 0 H/in                  ; 0 F/in                  ; short         ; -                   ; open           ; open             ; open   ; 0 in             ; 0 H/in                 ; 0 F/in                 ; short        ; open          ; open            ; open  ; 0 V                 ; -                  ; n/a           ; n/a             ; n/a         ;
; Hex3[4]          ; 2.5 V        ; 0 in              ; 0 H/in                  ; 0 F/in                  ; short         ; -                   ; open           ; open             ; open   ; 0 in             ; 0 H/in                 ; 0 F/in                 ; short        ; open          ; open            ; open  ; 0 V                 ; -                  ; n/a           ; n/a             ; n/a         ;
; Hex3[5]          ; 2.5 V        ; 0 in              ; 0 H/in                  ; 0 F/in                  ; short         ; -                   ; open           ; open             ; open   ; 0 in             ; 0 H/in                 ; 0 F/in                 ; short        ; open          ; open            ; open  ; 0 V                 ; -                  ; n/a           ; n/a             ; n/a         ;
; Hex3[6]          ; 2.5 V        ; 0 in              ; 0 H/in                  ; 0 F/in                  ; short         ; -                   ; open           ; open             ; open   ; 0 in             ; 0 H/in                 ; 0 F/in                 ; short        ; open          ; open            ; open  ; 0 V                 ; -                  ; n/a           ; n/a             ; n/a         ;
; Hex4[0]          ; 2.5 V        ; 0 in              ; 0 H/in                  ; 0 F/in                  ; short         ; -                   ; open           ; open             ; open   ; 0 in             ; 0 H/in                 ; 0 F/in                 ; short        ; open          ; open            ; open  ; 0 V                 ; -                  ; n/a           ; n/a             ; n/a         ;
; Hex4[1]          ; 2.5 V        ; 0 in              ; 0 H/in                  ; 0 F/in                  ; short         ; -                   ; open           ; open             ; open   ; 0 in             ; 0 H/in                 ; 0 F/in                 ; short        ; open          ; open            ; open  ; 0 V                 ; -                  ; n/a           ; n/a             ; n/a         ;
; Hex4[2]          ; 2.5 V        ; 0 in              ; 0 H/in                  ; 0 F/in                  ; short         ; -                   ; open           ; open             ; open   ; 0 in             ; 0 H/in                 ; 0 F/in                 ; short        ; open          ; open            ; open  ; 0 V                 ; -                  ; n/a           ; n/a             ; n/a         ;
; Hex4[3]          ; 2.5 V        ; 0 in              ; 0 H/in                  ; 0 F/in                  ; short         ; -                   ; open           ; open             ; open   ; 0 in             ; 0 H/in                 ; 0 F/in                 ; short        ; open          ; open            ; open  ; 0 V                 ; -                  ; n/a           ; n/a             ; n/a         ;
; Hex4[4]          ; 2.5 V        ; 0 in              ; 0 H/in                  ; 0 F/in                  ; short         ; -                   ; open           ; open             ; open   ; 0 in             ; 0 H/in                 ; 0 F/in                 ; short        ; open          ; open            ; open  ; 0 V                 ; -                  ; n/a           ; n/a             ; n/a         ;
; Hex4[5]          ; 2.5 V        ; 0 in              ; 0 H/in                  ; 0 F/in                  ; short         ; -                   ; open           ; open             ; open   ; 0 in             ; 0 H/in                 ; 0 F/in                 ; short        ; open          ; open            ; open  ; 0 V                 ; -                  ; n/a           ; n/a             ; n/a         ;
; Hex4[6]          ; 2.5 V        ; 0 in              ; 0 H/in                  ; 0 F/in                  ; short         ; -                   ; open           ; open             ; open   ; 0 in             ; 0 H/in                 ; 0 F/in                 ; short        ; open          ; open            ; open  ; 0 V                 ; -                  ; n/a           ; n/a             ; n/a         ;
; Hex5[0]          ; 2.5 V        ; 0 in              ; 0 H/in                  ; 0 F/in                  ; short         ; -                   ; open           ; open             ; open   ; 0 in             ; 0 H/in                 ; 0 F/in                 ; short        ; open          ; open            ; open  ; 0 V                 ; -                  ; n/a           ; n/a             ; n/a         ;
; Hex5[1]          ; 2.5 V        ; 0 in              ; 0 H/in                  ; 0 F/in                  ; short         ; -                   ; open           ; open             ; open   ; 0 in             ; 0 H/in                 ; 0 F/in                 ; short        ; open          ; open            ; open  ; 0 V                 ; -                  ; n/a           ; n/a             ; n/a         ;
; Hex5[2]          ; 2.5 V        ; 0 in              ; 0 H/in                  ; 0 F/in                  ; short         ; -                   ; open           ; open             ; open   ; 0 in             ; 0 H/in                 ; 0 F/in                 ; short        ; open          ; open            ; open  ; 0 V                 ; -                  ; n/a           ; n/a             ; n/a         ;
; Hex5[3]          ; 2.5 V        ; 0 in              ; 0 H/in                  ; 0 F/in                  ; short         ; -                   ; open           ; open             ; open   ; 0 in             ; 0 H/in                 ; 0 F/in                 ; short        ; open          ; open            ; open  ; 0 V                 ; -                  ; n/a           ; n/a             ; n/a         ;
; Hex5[4]          ; 2.5 V        ; 0 in              ; 0 H/in                  ; 0 F/in                  ; short         ; -                   ; open           ; open             ; open   ; 0 in             ; 0 H/in                 ; 0 F/in                 ; short        ; open          ; open            ; open  ; 0 V                 ; -                  ; n/a           ; n/a             ; n/a         ;
; Hex5[5]          ; 2.5 V        ; 0 in              ; 0 H/in                  ; 0 F/in                  ; short         ; -                   ; open           ; open             ; open   ; 0 in             ; 0 H/in                 ; 0 F/in                 ; short        ; open          ; open            ; open  ; 0 V                 ; -                  ; n/a           ; n/a             ; n/a         ;
; Hex5[6]          ; 2.5 V        ; 0 in              ; 0 H/in                  ; 0 F/in                  ; short         ; -                   ; open           ; open             ; open   ; 0 in             ; 0 H/in                 ; 0 F/in                 ; short        ; open          ; open            ; open  ; 0 V                 ; -                  ; n/a           ; n/a             ; n/a         ;
; Hex6[0]          ; 2.5 V        ; 0 in              ; 0 H/in                  ; 0 F/in                  ; short         ; -                   ; open           ; open             ; open   ; 0 in             ; 0 H/in                 ; 0 F/in                 ; short        ; open          ; open            ; open  ; 0 V                 ; -                  ; n/a           ; n/a             ; n/a         ;
; Hex6[1]          ; 2.5 V        ; 0 in              ; 0 H/in                  ; 0 F/in                  ; short         ; -                   ; open           ; open             ; open   ; 0 in             ; 0 H/in                 ; 0 F/in                 ; short        ; open          ; open            ; open  ; 0 V                 ; -                  ; n/a           ; n/a             ; n/a         ;
; Hex6[2]          ; 2.5 V        ; 0 in              ; 0 H/in                  ; 0 F/in                  ; short         ; -                   ; open           ; open             ; open   ; 0 in             ; 0 H/in                 ; 0 F/in                 ; short        ; open          ; open            ; open  ; 0 V                 ; -                  ; n/a           ; n/a             ; n/a         ;
; Hex6[3]          ; 2.5 V        ; 0 in              ; 0 H/in                  ; 0 F/in                  ; short         ; -                   ; open           ; open             ; open   ; 0 in             ; 0 H/in                 ; 0 F/in                 ; short        ; open          ; open            ; open  ; 0 V                 ; -                  ; n/a           ; n/a             ; n/a         ;
; Hex6[4]          ; 2.5 V        ; 0 in              ; 0 H/in                  ; 0 F/in                  ; short         ; -                   ; open           ; open             ; open   ; 0 in             ; 0 H/in                 ; 0 F/in                 ; short        ; open          ; open            ; open  ; 0 V                 ; -                  ; n/a           ; n/a             ; n/a         ;
; Hex6[5]          ; 2.5 V        ; 0 in              ; 0 H/in                  ; 0 F/in                  ; short         ; -                   ; open           ; open             ; open   ; 0 in             ; 0 H/in                 ; 0 F/in                 ; short        ; open          ; open            ; open  ; 0 V                 ; -                  ; n/a           ; n/a             ; n/a         ;
; Hex6[6]          ; 2.5 V        ; 0 in              ; 0 H/in                  ; 0 F/in                  ; short         ; -                   ; open           ; open             ; open   ; 0 in             ; 0 H/in                 ; 0 F/in                 ; short        ; open          ; open            ; open  ; 0 V                 ; -                  ; n/a           ; n/a             ; n/a         ;
; Hex7[0]          ; 2.5 V        ; 0 in              ; 0 H/in                  ; 0 F/in                  ; short         ; -                   ; open           ; open             ; open   ; 0 in             ; 0 H/in                 ; 0 F/in                 ; short        ; open          ; open            ; open  ; 0 V                 ; -                  ; n/a           ; n/a             ; n/a         ;
; Hex7[1]          ; 2.5 V        ; 0 in              ; 0 H/in                  ; 0 F/in                  ; short         ; -                   ; open           ; open             ; open   ; 0 in             ; 0 H/in                 ; 0 F/in                 ; short        ; open          ; open            ; open  ; 0 V                 ; -                  ; n/a           ; n/a             ; n/a         ;
; Hex7[2]          ; 2.5 V        ; 0 in              ; 0 H/in                  ; 0 F/in                  ; short         ; -                   ; open           ; open             ; open   ; 0 in             ; 0 H/in                 ; 0 F/in                 ; short        ; open          ; open            ; open  ; 0 V                 ; -                  ; n/a           ; n/a             ; n/a         ;
; Hex7[3]          ; 2.5 V        ; 0 in              ; 0 H/in                  ; 0 F/in                  ; short         ; -                   ; open           ; open             ; open   ; 0 in             ; 0 H/in                 ; 0 F/in                 ; short        ; open          ; open            ; open  ; 0 V                 ; -                  ; n/a           ; n/a             ; n/a         ;
; Hex7[4]          ; 2.5 V        ; 0 in              ; 0 H/in                  ; 0 F/in                  ; short         ; -                   ; open           ; open             ; open   ; 0 in             ; 0 H/in                 ; 0 F/in                 ; short        ; open          ; open            ; open  ; 0 V                 ; -                  ; n/a           ; n/a             ; n/a         ;
; Hex7[5]          ; 2.5 V        ; 0 in              ; 0 H/in                  ; 0 F/in                  ; short         ; -                   ; open           ; open             ; open   ; 0 in             ; 0 H/in                 ; 0 F/in                 ; short        ; open          ; open            ; open  ; 0 V                 ; -                  ; n/a           ; n/a             ; n/a         ;
; Hex7[6]          ; 2.5 V        ; 0 in              ; 0 H/in                  ; 0 F/in                  ; short         ; -                   ; open           ; open             ; open   ; 0 in             ; 0 H/in                 ; 0 F/in                 ; short        ; open          ; open            ; open  ; 0 V                 ; -                  ; n/a           ; n/a             ; n/a         ;
; switches_leds[0] ; 2.5 V        ; 0 in              ; 0 H/in                  ; 0 F/in                  ; short         ; -                   ; open           ; open             ; open   ; 0 in             ; 0 H/in                 ; 0 F/in                 ; short        ; open          ; open            ; open  ; 0 V                 ; -                  ; n/a           ; n/a             ; n/a         ;
; switches_leds[1] ; 2.5 V        ; 0 in              ; 0 H/in                  ; 0 F/in                  ; short         ; -                   ; open           ; open             ; open   ; 0 in             ; 0 H/in                 ; 0 F/in                 ; short        ; open          ; open            ; open  ; 0 V                 ; -                  ; n/a           ; n/a             ; n/a         ;
; switches_leds[2] ; 2.5 V        ; 0 in              ; 0 H/in                  ; 0 F/in                  ; short         ; -                   ; open           ; open             ; open   ; 0 in             ; 0 H/in                 ; 0 F/in                 ; short        ; open          ; open            ; open  ; 0 V                 ; -                  ; n/a           ; n/a             ; n/a         ;
; switches_leds[3] ; 2.5 V        ; 0 in              ; 0 H/in                  ; 0 F/in                  ; short         ; -                   ; open           ; open             ; open   ; 0 in             ; 0 H/in                 ; 0 F/in                 ; short        ; open          ; open            ; open  ; 0 V                 ; -                  ; n/a           ; n/a             ; n/a         ;
; switches_leds[4] ; 2.5 V        ; 0 in              ; 0 H/in                  ; 0 F/in                  ; short         ; -                   ; open           ; open             ; open   ; 0 in             ; 0 H/in                 ; 0 F/in                 ; short        ; open          ; open            ; open  ; 0 V                 ; -                  ; n/a           ; n/a             ; n/a         ;
; switches_leds[5] ; 2.5 V        ; 0 in              ; 0 H/in                  ; 0 F/in                  ; short         ; -                   ; open           ; open             ; open   ; 0 in             ; 0 H/in                 ; 0 F/in                 ; short        ; open          ; open            ; open  ; 0 V                 ; -                  ; n/a           ; n/a             ; n/a         ;
; btn_out          ; 2.5 V        ; 0 in              ; 0 H/in                  ; 0 F/in                  ; short         ; -                   ; open           ; open             ; open   ; 0 in             ; 0 H/in                 ; 0 F/in                 ; short        ; open          ; open            ; open  ; 0 V                 ; -                  ; n/a           ; n/a             ; n/a         ;
; in_sign_out      ; 2.5 V        ; 0 in              ; 0 H/in                  ; 0 F/in                  ; short         ; -                   ; open           ; open             ; open   ; 0 in             ; 0 H/in                 ; 0 F/in                 ; short        ; open          ; open            ; open  ; 0 V                 ; -                  ; n/a           ; n/a             ; n/a         ;
; ~ALTERA_DCLK~    ; 2.5 V        ; 0 in              ; 0 H/in                  ; 0 F/in                  ; short         ; -                   ; open           ; open             ; open   ; 0 in             ; 0 H/in                 ; 0 F/in                 ; short        ; open          ; open            ; open  ; 0 V                 ; -                  ; n/a           ; n/a             ; n/a         ;
; ~ALTERA_nCEO~    ; 2.5 V        ; 0 in              ; 0 H/in                  ; 0 F/in                  ; short         ; -                   ; open           ; open             ; open   ; 0 in             ; 0 H/in                 ; 0 F/in                 ; short        ; open          ; open            ; open  ; 0 V                 ; -                  ; n/a           ; n/a             ; n/a         ;
+------------------+--------------+-------------------+-------------------------+-------------------------+---------------+---------------------+----------------+------------------+--------+------------------+------------------------+------------------------+--------------+---------------+-----------------+-------+---------------------+--------------------+---------------+-----------------+-------------+


+----------------------------------------------------------------------------+
; Input Transition Times                                                     ;
+-------------------------+--------------+-----------------+-----------------+
; Pin                     ; I/O Standard ; 10-90 Rise Time ; 90-10 Fall Time ;
+-------------------------+--------------+-----------------+-----------------+
; switches[0]             ; 2.5 V        ; 2000 ps         ; 2000 ps         ;
; switches[1]             ; 2.5 V        ; 2000 ps         ; 2000 ps         ;
; switches[2]             ; 2.5 V        ; 2000 ps         ; 2000 ps         ;
; switches[3]             ; 2.5 V        ; 2000 ps         ; 2000 ps         ;
; switches[4]             ; 2.5 V        ; 2000 ps         ; 2000 ps         ;
; switches[5]             ; 2.5 V        ; 2000 ps         ; 2000 ps         ;
; btn_in                  ; 2.5 V        ; 2000 ps         ; 2000 ps         ;
; clk_50                  ; 2.5 V        ; 2000 ps         ; 2000 ps         ;
; switches[17]            ; 2.5 V        ; 2000 ps         ; 2000 ps         ;
; switches[16]            ; 2.5 V        ; 2000 ps         ; 2000 ps         ;
; switches[15]            ; 2.5 V        ; 2000 ps         ; 2000 ps         ;
; switches[14]            ; 2.5 V        ; 2000 ps         ; 2000 ps         ;
; switches[13]            ; 2.5 V        ; 2000 ps         ; 2000 ps         ;
; switches[12]            ; 2.5 V        ; 2000 ps         ; 2000 ps         ;
; switches[11]            ; 2.5 V        ; 2000 ps         ; 2000 ps         ;
; switches[10]            ; 2.5 V        ; 2000 ps         ; 2000 ps         ;
; switches[9]             ; 2.5 V        ; 2000 ps         ; 2000 ps         ;
; switches[8]             ; 2.5 V        ; 2000 ps         ; 2000 ps         ;
; switches[7]             ; 2.5 V        ; 2000 ps         ; 2000 ps         ;
; switches[6]             ; 2.5 V        ; 2000 ps         ; 2000 ps         ;
; rst                     ; 2.5 V        ; 2000 ps         ; 2000 ps         ;
; ~ALTERA_ASDO_DATA1~     ; 2.5 V        ; 2000 ps         ; 2000 ps         ;
; ~ALTERA_FLASH_nCE_nCSO~ ; 2.5 V        ; 2000 ps         ; 2000 ps         ;
; ~ALTERA_DATA0~          ; 2.5 V        ; 2000 ps         ; 2000 ps         ;
+-------------------------+--------------+-----------------+-----------------+


+-----------------------------------------------------------------------------------------------------------------------------------------------------------------------------------------------------------------------------------------------------------------------------------------------------------------------------------------------------------------------------------------------------------------------------------------------------------------------------------------------------------------------------------------------------------------------------------------------------------------------------------------------------------------------------------------------+
; Signal Integrity Metrics (Slow 1200mv 0c Model)                                                                                                                                                                                                                                                                                                                                                                                                                                                                                                                                                                                                                                               ;
+------------------+--------------+---------------------+---------------------+------------------------------+------------------------------+---------------------+---------------------+--------------------------------------+--------------------------------------+-----------------------------+-----------------------------+----------------------------+----------------------------+-----------------------------+-----------------------------+--------------------+--------------------+-------------------------------------+-------------------------------------+----------------------------+----------------------------+---------------------------+---------------------------+
; Pin              ; I/O Standard ; Board Delay on Rise ; Board Delay on Fall ; Steady State Voh at FPGA Pin ; Steady State Vol at FPGA Pin ; Voh Max at FPGA Pin ; Vol Min at FPGA Pin ; Ringback Voltage on Rise at FPGA Pin ; Ringback Voltage on Fall at FPGA Pin ; 10-90 Rise Time at FPGA Pin ; 90-10 Fall Time at FPGA Pin ; Monotonic Rise at FPGA Pin ; Monotonic Fall at FPGA Pin ; Steady State Voh at Far-end ; Steady State Vol at Far-end ; Voh Max at Far-end ; Vol Min at Far-end ; Ringback Voltage on Rise at Far-end ; Ringback Voltage on Fall at Far-end ; 10-90 Rise Time at Far-end ; 90-10 Fall Time at Far-end ; Monotonic Rise at Far-end ; Monotonic Fall at Far-end ;
+------------------+--------------+---------------------+---------------------+------------------------------+------------------------------+---------------------+---------------------+--------------------------------------+--------------------------------------+-----------------------------+-----------------------------+----------------------------+----------------------------+-----------------------------+-----------------------------+--------------------+--------------------+-------------------------------------+-------------------------------------+----------------------------+----------------------------+---------------------------+---------------------------+
; led_clock        ; 2.5 V        ; 0 s                 ; 0 s                 ; 2.32 V                       ; 4.49e-09 V                   ; 2.38 V              ; -0.00552 V          ; 0.096 V                              ; 0.019 V                              ; 4.18e-10 s                  ; 3.59e-10 s                  ; No                         ; Yes                        ; 2.32 V                      ; 4.49e-09 V                  ; 2.38 V             ; -0.00552 V         ; 0.096 V                             ; 0.019 V                             ; 4.18e-10 s                 ; 3.59e-10 s                 ; No                        ; Yes                       ;
; Hex0[0]          ; 2.5 V        ; 0 s                 ; 0 s                 ; 2.32 V                       ; 4.49e-09 V                   ; 2.38 V              ; -0.00552 V          ; 0.096 V                              ; 0.019 V                              ; 4.18e-10 s                  ; 3.59e-10 s                  ; No                         ; Yes                        ; 2.32 V                      ; 4.49e-09 V                  ; 2.38 V             ; -0.00552 V         ; 0.096 V                             ; 0.019 V                             ; 4.18e-10 s                 ; 3.59e-10 s                 ; No                        ; Yes                       ;
; Hex0[1]          ; 2.5 V        ; 0 s                 ; 0 s                 ; 2.32 V                       ; 4.49e-09 V                   ; 2.33 V              ; -0.00467 V          ; 0.226 V                              ; 0.087 V                              ; 2.91e-09 s                  ; 2.74e-09 s                  ; Yes                        ; Yes                        ; 2.32 V                      ; 4.49e-09 V                  ; 2.33 V             ; -0.00467 V         ; 0.226 V                             ; 0.087 V                             ; 2.91e-09 s                 ; 2.74e-09 s                 ; Yes                       ; Yes                       ;
; Hex0[2]          ; 2.5 V        ; 0 s                 ; 0 s                 ; 2.32 V                       ; 4.49e-09 V                   ; 2.38 V              ; -0.00552 V          ; 0.096 V                              ; 0.019 V                              ; 4.18e-10 s                  ; 3.59e-10 s                  ; No                         ; Yes                        ; 2.32 V                      ; 4.49e-09 V                  ; 2.38 V             ; -0.00552 V         ; 0.096 V                             ; 0.019 V                             ; 4.18e-10 s                 ; 3.59e-10 s                 ; No                        ; Yes                       ;
; Hex0[3]          ; 2.5 V        ; 0 s                 ; 0 s                 ; 2.32 V                       ; 3.07e-09 V                   ; 2.38 V              ; -0.0144 V           ; 0.227 V                              ; 0.024 V                              ; 3.14e-10 s                  ; 3.39e-10 s                  ; Yes                        ; Yes                        ; 2.32 V                      ; 3.07e-09 V                  ; 2.38 V             ; -0.0144 V          ; 0.227 V                             ; 0.024 V                             ; 3.14e-10 s                 ; 3.39e-10 s                 ; Yes                       ; Yes                       ;
; Hex0[4]          ; 2.5 V        ; 0 s                 ; 0 s                 ; 2.32 V                       ; 3.07e-09 V                   ; 2.38 V              ; -0.0144 V           ; 0.227 V                              ; 0.024 V                              ; 3.14e-10 s                  ; 3.39e-10 s                  ; Yes                        ; Yes                        ; 2.32 V                      ; 3.07e-09 V                  ; 2.38 V             ; -0.0144 V          ; 0.227 V                             ; 0.024 V                             ; 3.14e-10 s                 ; 3.39e-10 s                 ; Yes                       ; Yes                       ;
; Hex0[5]          ; 2.5 V        ; 0 s                 ; 0 s                 ; 2.32 V                       ; 3.07e-09 V                   ; 2.33 V              ; -0.00496 V          ; 0.223 V                              ; 0.086 V                              ; 2.9e-09 s                   ; 2.73e-09 s                  ; Yes                        ; Yes                        ; 2.32 V                      ; 3.07e-09 V                  ; 2.33 V             ; -0.00496 V         ; 0.223 V                             ; 0.086 V                             ; 2.9e-09 s                  ; 2.73e-09 s                 ; Yes                       ; Yes                       ;
; Hex0[6]          ; 2.5 V        ; 0 s                 ; 0 s                 ; 2.32 V                       ; 3.07e-09 V                   ; 2.38 V              ; -0.0144 V           ; 0.227 V                              ; 0.024 V                              ; 3.14e-10 s                  ; 3.39e-10 s                  ; Yes                        ; Yes                        ; 2.32 V                      ; 3.07e-09 V                  ; 2.38 V             ; -0.0144 V          ; 0.227 V                             ; 0.024 V                             ; 3.14e-10 s                 ; 3.39e-10 s                 ; Yes                       ; Yes                       ;
; Hex1[0]          ; 2.5 V        ; 0 s                 ; 0 s                 ; 2.32 V                       ; 3.07e-09 V                   ; 2.38 V              ; -0.0144 V           ; 0.227 V                              ; 0.024 V                              ; 3.14e-10 s                  ; 3.39e-10 s                  ; Yes                        ; Yes                        ; 2.32 V                      ; 3.07e-09 V                  ; 2.38 V             ; -0.0144 V          ; 0.227 V                             ; 0.024 V                             ; 3.14e-10 s                 ; 3.39e-10 s                 ; Yes                       ; Yes                       ;
; Hex1[1]          ; 2.5 V        ; 0 s                 ; 0 s                 ; 2.32 V                       ; 3.07e-09 V                   ; 2.37 V              ; -0.00994 V          ; 0.186 V                              ; 0.028 V                              ; 4.98e-10 s                  ; 4.96e-10 s                  ; Yes                        ; Yes                        ; 2.32 V                      ; 3.07e-09 V                  ; 2.37 V             ; -0.00994 V         ; 0.186 V                             ; 0.028 V                             ; 4.98e-10 s                 ; 4.96e-10 s                 ; Yes                       ; Yes                       ;
; Hex1[2]          ; 2.5 V        ; 0 s                 ; 0 s                 ; 2.32 V                       ; 3.07e-09 V                   ; 2.37 V              ; -0.00994 V          ; 0.186 V                              ; 0.028 V                              ; 4.98e-10 s                  ; 4.96e-10 s                  ; Yes                        ; Yes                        ; 2.32 V                      ; 3.07e-09 V                  ; 2.37 V             ; -0.00994 V         ; 0.186 V                             ; 0.028 V                             ; 4.98e-10 s                 ; 4.96e-10 s                 ; Yes                       ; Yes                       ;
; Hex1[3]          ; 2.5 V        ; 0 s                 ; 0 s                 ; 2.32 V                       ; 3.07e-09 V                   ; 2.37 V              ; -0.00994 V          ; 0.186 V                              ; 0.028 V                              ; 4.98e-10 s                  ; 4.96e-10 s                  ; Yes                        ; Yes                        ; 2.32 V                      ; 3.07e-09 V                  ; 2.37 V             ; -0.00994 V         ; 0.186 V                             ; 0.028 V                             ; 4.98e-10 s                 ; 4.96e-10 s                 ; Yes                       ; Yes                       ;
; Hex1[4]          ; 2.5 V        ; 0 s                 ; 0 s                 ; 2.32 V                       ; 3.07e-09 V                   ; 2.37 V              ; -0.00994 V          ; 0.186 V                              ; 0.028 V                              ; 4.98e-10 s                  ; 4.96e-10 s                  ; Yes                        ; Yes                        ; 2.32 V                      ; 3.07e-09 V                  ; 2.37 V             ; -0.00994 V         ; 0.186 V                             ; 0.028 V                             ; 4.98e-10 s                 ; 4.96e-10 s                 ; Yes                       ; Yes                       ;
; Hex1[5]          ; 2.5 V        ; 0 s                 ; 0 s                 ; 2.32 V                       ; 3.07e-09 V                   ; 2.33 V              ; -0.00496 V          ; 0.223 V                              ; 0.086 V                              ; 2.9e-09 s                   ; 2.73e-09 s                  ; Yes                        ; Yes                        ; 2.32 V                      ; 3.07e-09 V                  ; 2.33 V             ; -0.00496 V         ; 0.223 V                             ; 0.086 V                             ; 2.9e-09 s                  ; 2.73e-09 s                 ; Yes                       ; Yes                       ;
; Hex1[6]          ; 2.5 V        ; 0 s                 ; 0 s                 ; 2.32 V                       ; 3.07e-09 V                   ; 2.33 V              ; -0.00496 V          ; 0.223 V                              ; 0.086 V                              ; 2.9e-09 s                   ; 2.73e-09 s                  ; Yes                        ; Yes                        ; 2.32 V                      ; 3.07e-09 V                  ; 2.33 V             ; -0.00496 V         ; 0.223 V                             ; 0.086 V                             ; 2.9e-09 s                  ; 2.73e-09 s                 ; Yes                       ; Yes                       ;
; Hex2[0]          ; 2.5 V        ; 0 s                 ; 0 s                 ; 2.32 V                       ; 3.07e-09 V                   ; 2.37 V              ; -0.00994 V          ; 0.186 V                              ; 0.028 V                              ; 4.98e-10 s                  ; 4.96e-10 s                  ; Yes                        ; Yes                        ; 2.32 V                      ; 3.07e-09 V                  ; 2.37 V             ; -0.00994 V         ; 0.186 V                             ; 0.028 V                             ; 4.98e-10 s                 ; 4.96e-10 s                 ; Yes                       ; Yes                       ;
; Hex2[1]          ; 2.5 V        ; 0 s                 ; 0 s                 ; 2.32 V                       ; 3.07e-09 V                   ; 2.37 V              ; -0.00994 V          ; 0.186 V                              ; 0.028 V                              ; 4.98e-10 s                  ; 4.96e-10 s                  ; Yes                        ; Yes                        ; 2.32 V                      ; 3.07e-09 V                  ; 2.37 V             ; -0.00994 V         ; 0.186 V                             ; 0.028 V                             ; 4.98e-10 s                 ; 4.96e-10 s                 ; Yes                       ; Yes                       ;
; Hex2[2]          ; 2.5 V        ; 0 s                 ; 0 s                 ; 2.32 V                       ; 3.07e-09 V                   ; 2.37 V              ; -0.00994 V          ; 0.186 V                              ; 0.028 V                              ; 4.98e-10 s                  ; 4.96e-10 s                  ; Yes                        ; Yes                        ; 2.32 V                      ; 3.07e-09 V                  ; 2.37 V             ; -0.00994 V         ; 0.186 V                             ; 0.028 V                             ; 4.98e-10 s                 ; 4.96e-10 s                 ; Yes                       ; Yes                       ;
; Hex2[3]          ; 2.5 V        ; 0 s                 ; 0 s                 ; 2.32 V                       ; 3.07e-09 V                   ; 2.37 V              ; -0.00994 V          ; 0.186 V                              ; 0.028 V                              ; 4.98e-10 s                  ; 4.96e-10 s                  ; Yes                        ; Yes                        ; 2.32 V                      ; 3.07e-09 V                  ; 2.37 V             ; -0.00994 V         ; 0.186 V                             ; 0.028 V                             ; 4.98e-10 s                 ; 4.96e-10 s                 ; Yes                       ; Yes                       ;
; Hex2[4]          ; 2.5 V        ; 0 s                 ; 0 s                 ; 2.32 V                       ; 3.07e-09 V                   ; 2.37 V              ; -0.00994 V          ; 0.186 V                              ; 0.028 V                              ; 4.98e-10 s                  ; 4.96e-10 s                  ; Yes                        ; Yes                        ; 2.32 V                      ; 3.07e-09 V                  ; 2.37 V             ; -0.00994 V         ; 0.186 V                             ; 0.028 V                             ; 4.98e-10 s                 ; 4.96e-10 s                 ; Yes                       ; Yes                       ;
; Hex2[5]          ; 2.5 V        ; 0 s                 ; 0 s                 ; 2.32 V                       ; 3.07e-09 V                   ; 2.37 V              ; -0.00994 V          ; 0.186 V                              ; 0.028 V                              ; 4.98e-10 s                  ; 4.96e-10 s                  ; Yes                        ; Yes                        ; 2.32 V                      ; 3.07e-09 V                  ; 2.37 V             ; -0.00994 V         ; 0.186 V                             ; 0.028 V                             ; 4.98e-10 s                 ; 4.96e-10 s                 ; Yes                       ; Yes                       ;
; Hex2[6]          ; 2.5 V        ; 0 s                 ; 0 s                 ; 2.32 V                       ; 3.07e-09 V                   ; 2.37 V              ; -0.00994 V          ; 0.186 V                              ; 0.028 V                              ; 4.98e-10 s                  ; 4.96e-10 s                  ; Yes                        ; Yes                        ; 2.32 V                      ; 3.07e-09 V                  ; 2.37 V             ; -0.00994 V         ; 0.186 V                             ; 0.028 V                             ; 4.98e-10 s                 ; 4.96e-10 s                 ; Yes                       ; Yes                       ;
; Hex3[0]          ; 2.5 V        ; 0 s                 ; 0 s                 ; 2.32 V                       ; 3.07e-09 V                   ; 2.37 V              ; -0.00994 V          ; 0.186 V                              ; 0.028 V                              ; 4.98e-10 s                  ; 4.96e-10 s                  ; Yes                        ; Yes                        ; 2.32 V                      ; 3.07e-09 V                  ; 2.37 V             ; -0.00994 V         ; 0.186 V                             ; 0.028 V                             ; 4.98e-10 s                 ; 4.96e-10 s                 ; Yes                       ; Yes                       ;
; Hex3[1]          ; 2.5 V        ; 0 s                 ; 0 s                 ; 2.32 V                       ; 3.07e-09 V                   ; 2.38 V              ; -0.0144 V           ; 0.227 V                              ; 0.024 V                              ; 3.14e-10 s                  ; 3.39e-10 s                  ; Yes                        ; Yes                        ; 2.32 V                      ; 3.07e-09 V                  ; 2.38 V             ; -0.0144 V          ; 0.227 V                             ; 0.024 V                             ; 3.14e-10 s                 ; 3.39e-10 s                 ; Yes                       ; Yes                       ;
; Hex3[2]          ; 2.5 V        ; 0 s                 ; 0 s                 ; 2.32 V                       ; 4.49e-09 V                   ; 2.33 V              ; -0.00467 V          ; 0.226 V                              ; 0.087 V                              ; 2.91e-09 s                  ; 2.74e-09 s                  ; Yes                        ; Yes                        ; 2.32 V                      ; 4.49e-09 V                  ; 2.33 V             ; -0.00467 V         ; 0.226 V                             ; 0.087 V                             ; 2.91e-09 s                 ; 2.74e-09 s                 ; Yes                       ; Yes                       ;
; Hex3[3]          ; 2.5 V        ; 0 s                 ; 0 s                 ; 2.32 V                       ; 4.49e-09 V                   ; 2.38 V              ; -0.00552 V          ; 0.096 V                              ; 0.019 V                              ; 4.18e-10 s                  ; 3.59e-10 s                  ; No                         ; Yes                        ; 2.32 V                      ; 4.49e-09 V                  ; 2.38 V             ; -0.00552 V         ; 0.096 V                             ; 0.019 V                             ; 4.18e-10 s                 ; 3.59e-10 s                 ; No                        ; Yes                       ;
; Hex3[4]          ; 2.5 V        ; 0 s                 ; 0 s                 ; 2.32 V                       ; 4.49e-09 V                   ; 2.38 V              ; -0.00552 V          ; 0.096 V                              ; 0.019 V                              ; 4.18e-10 s                  ; 3.59e-10 s                  ; No                         ; Yes                        ; 2.32 V                      ; 4.49e-09 V                  ; 2.38 V             ; -0.00552 V         ; 0.096 V                             ; 0.019 V                             ; 4.18e-10 s                 ; 3.59e-10 s                 ; No                        ; Yes                       ;
; Hex3[5]          ; 2.5 V        ; 0 s                 ; 0 s                 ; 2.32 V                       ; 4.49e-09 V                   ; 2.38 V              ; -0.00552 V          ; 0.096 V                              ; 0.019 V                              ; 4.18e-10 s                  ; 3.59e-10 s                  ; No                         ; Yes                        ; 2.32 V                      ; 4.49e-09 V                  ; 2.38 V             ; -0.00552 V         ; 0.096 V                             ; 0.019 V                             ; 4.18e-10 s                 ; 3.59e-10 s                 ; No                        ; Yes                       ;
; Hex3[6]          ; 2.5 V        ; 0 s                 ; 0 s                 ; 2.32 V                       ; 4.49e-09 V                   ; 2.38 V              ; -0.00552 V          ; 0.096 V                              ; 0.019 V                              ; 4.18e-10 s                  ; 3.59e-10 s                  ; No                         ; Yes                        ; 2.32 V                      ; 4.49e-09 V                  ; 2.38 V             ; -0.00552 V         ; 0.096 V                             ; 0.019 V                             ; 4.18e-10 s                 ; 3.59e-10 s                 ; No                        ; Yes                       ;
; Hex4[0]          ; 2.5 V        ; 0 s                 ; 0 s                 ; 2.32 V                       ; 4.49e-09 V                   ; 2.38 V              ; -0.00552 V          ; 0.096 V                              ; 0.019 V                              ; 4.18e-10 s                  ; 3.59e-10 s                  ; No                         ; Yes                        ; 2.32 V                      ; 4.49e-09 V                  ; 2.38 V             ; -0.00552 V         ; 0.096 V                             ; 0.019 V                             ; 4.18e-10 s                 ; 3.59e-10 s                 ; No                        ; Yes                       ;
; Hex4[1]          ; 2.5 V        ; 0 s                 ; 0 s                 ; 2.32 V                       ; 4.49e-09 V                   ; 2.38 V              ; -0.00552 V          ; 0.096 V                              ; 0.019 V                              ; 4.18e-10 s                  ; 3.59e-10 s                  ; No                         ; Yes                        ; 2.32 V                      ; 4.49e-09 V                  ; 2.38 V             ; -0.00552 V         ; 0.096 V                             ; 0.019 V                             ; 4.18e-10 s                 ; 3.59e-10 s                 ; No                        ; Yes                       ;
; Hex4[2]          ; 2.5 V        ; 0 s                 ; 0 s                 ; 2.32 V                       ; 4.49e-09 V                   ; 2.38 V              ; -0.00552 V          ; 0.096 V                              ; 0.019 V                              ; 4.18e-10 s                  ; 3.59e-10 s                  ; No                         ; Yes                        ; 2.32 V                      ; 4.49e-09 V                  ; 2.38 V             ; -0.00552 V         ; 0.096 V                             ; 0.019 V                             ; 4.18e-10 s                 ; 3.59e-10 s                 ; No                        ; Yes                       ;
; Hex4[3]          ; 2.5 V        ; 0 s                 ; 0 s                 ; 2.32 V                       ; 4.49e-09 V                   ; 2.38 V              ; -0.00552 V          ; 0.096 V                              ; 0.019 V                              ; 4.18e-10 s                  ; 3.59e-10 s                  ; No                         ; Yes                        ; 2.32 V                      ; 4.49e-09 V                  ; 2.38 V             ; -0.00552 V         ; 0.096 V                             ; 0.019 V                             ; 4.18e-10 s                 ; 3.59e-10 s                 ; No                        ; Yes                       ;
; Hex4[4]          ; 2.5 V        ; 0 s                 ; 0 s                 ; 2.32 V                       ; 4.49e-09 V                   ; 2.38 V              ; -0.00552 V          ; 0.096 V                              ; 0.019 V                              ; 4.18e-10 s                  ; 3.59e-10 s                  ; No                         ; Yes                        ; 2.32 V                      ; 4.49e-09 V                  ; 2.38 V             ; -0.00552 V         ; 0.096 V                             ; 0.019 V                             ; 4.18e-10 s                 ; 3.59e-10 s                 ; No                        ; Yes                       ;
; Hex4[5]          ; 2.5 V        ; 0 s                 ; 0 s                 ; 2.32 V                       ; 4.49e-09 V                   ; 2.38 V              ; -0.00552 V          ; 0.096 V                              ; 0.019 V                              ; 4.18e-10 s                  ; 3.59e-10 s                  ; No                         ; Yes                        ; 2.32 V                      ; 4.49e-09 V                  ; 2.38 V             ; -0.00552 V         ; 0.096 V                             ; 0.019 V                             ; 4.18e-10 s                 ; 3.59e-10 s                 ; No                        ; Yes                       ;
; Hex4[6]          ; 2.5 V        ; 0 s                 ; 0 s                 ; 2.32 V                       ; 4.49e-09 V                   ; 2.38 V              ; -0.00552 V          ; 0.096 V                              ; 0.019 V                              ; 4.18e-10 s                  ; 3.59e-10 s                  ; No                         ; Yes                        ; 2.32 V                      ; 4.49e-09 V                  ; 2.38 V             ; -0.00552 V         ; 0.096 V                             ; 0.019 V                             ; 4.18e-10 s                 ; 3.59e-10 s                 ; No                        ; Yes                       ;
; Hex5[0]          ; 2.5 V        ; 0 s                 ; 0 s                 ; 2.32 V                       ; 4.49e-09 V                   ; 2.38 V              ; -0.00552 V          ; 0.096 V                              ; 0.019 V                              ; 4.18e-10 s                  ; 3.59e-10 s                  ; No                         ; Yes                        ; 2.32 V                      ; 4.49e-09 V                  ; 2.38 V             ; -0.00552 V         ; 0.096 V                             ; 0.019 V                             ; 4.18e-10 s                 ; 3.59e-10 s                 ; No                        ; Yes                       ;
; Hex5[1]          ; 2.5 V        ; 0 s                 ; 0 s                 ; 2.32 V                       ; 4.49e-09 V                   ; 2.33 V              ; -0.00467 V          ; 0.226 V                              ; 0.087 V                              ; 2.91e-09 s                  ; 2.74e-09 s                  ; Yes                        ; Yes                        ; 2.32 V                      ; 4.49e-09 V                  ; 2.33 V             ; -0.00467 V         ; 0.226 V                             ; 0.087 V                             ; 2.91e-09 s                 ; 2.74e-09 s                 ; Yes                       ; Yes                       ;
; Hex5[2]          ; 2.5 V        ; 0 s                 ; 0 s                 ; 2.32 V                       ; 4.49e-09 V                   ; 2.38 V              ; -0.00552 V          ; 0.096 V                              ; 0.019 V                              ; 4.18e-10 s                  ; 3.59e-10 s                  ; No                         ; Yes                        ; 2.32 V                      ; 4.49e-09 V                  ; 2.38 V             ; -0.00552 V         ; 0.096 V                             ; 0.019 V                             ; 4.18e-10 s                 ; 3.59e-10 s                 ; No                        ; Yes                       ;
; Hex5[3]          ; 2.5 V        ; 0 s                 ; 0 s                 ; 2.32 V                       ; 4.49e-09 V                   ; 2.38 V              ; -0.00552 V          ; 0.096 V                              ; 0.019 V                              ; 4.18e-10 s                  ; 3.59e-10 s                  ; No                         ; Yes                        ; 2.32 V                      ; 4.49e-09 V                  ; 2.38 V             ; -0.00552 V         ; 0.096 V                             ; 0.019 V                             ; 4.18e-10 s                 ; 3.59e-10 s                 ; No                        ; Yes                       ;
; Hex5[4]          ; 2.5 V        ; 0 s                 ; 0 s                 ; 2.32 V                       ; 4.49e-09 V                   ; 2.38 V              ; -0.00552 V          ; 0.096 V                              ; 0.019 V                              ; 4.18e-10 s                  ; 3.59e-10 s                  ; No                         ; Yes                        ; 2.32 V                      ; 4.49e-09 V                  ; 2.38 V             ; -0.00552 V         ; 0.096 V                             ; 0.019 V                             ; 4.18e-10 s                 ; 3.59e-10 s                 ; No                        ; Yes                       ;
; Hex5[5]          ; 2.5 V        ; 0 s                 ; 0 s                 ; 2.32 V                       ; 4.49e-09 V                   ; 2.38 V              ; -0.00552 V          ; 0.096 V                              ; 0.019 V                              ; 4.18e-10 s                  ; 3.59e-10 s                  ; No                         ; Yes                        ; 2.32 V                      ; 4.49e-09 V                  ; 2.38 V             ; -0.00552 V         ; 0.096 V                             ; 0.019 V                             ; 4.18e-10 s                 ; 3.59e-10 s                 ; No                        ; Yes                       ;
; Hex5[6]          ; 2.5 V        ; 0 s                 ; 0 s                 ; 2.32 V                       ; 4.49e-09 V                   ; 2.38 V              ; -0.00552 V          ; 0.096 V                              ; 0.019 V                              ; 4.18e-10 s                  ; 3.59e-10 s                  ; No                         ; Yes                        ; 2.32 V                      ; 4.49e-09 V                  ; 2.38 V             ; -0.00552 V         ; 0.096 V                             ; 0.019 V                             ; 4.18e-10 s                 ; 3.59e-10 s                 ; No                        ; Yes                       ;
; Hex6[0]          ; 2.5 V        ; 0 s                 ; 0 s                 ; 2.32 V                       ; 4.49e-09 V                   ; 2.38 V              ; -0.00552 V          ; 0.096 V                              ; 0.019 V                              ; 4.18e-10 s                  ; 3.59e-10 s                  ; No                         ; Yes                        ; 2.32 V                      ; 4.49e-09 V                  ; 2.38 V             ; -0.00552 V         ; 0.096 V                             ; 0.019 V                             ; 4.18e-10 s                 ; 3.59e-10 s                 ; No                        ; Yes                       ;
; Hex6[1]          ; 2.5 V        ; 0 s                 ; 0 s                 ; 2.32 V                       ; 4.49e-09 V                   ; 2.38 V              ; -0.00552 V          ; 0.096 V                              ; 0.019 V                              ; 4.18e-10 s                  ; 3.59e-10 s                  ; No                         ; Yes                        ; 2.32 V                      ; 4.49e-09 V                  ; 2.38 V             ; -0.00552 V         ; 0.096 V                             ; 0.019 V                             ; 4.18e-10 s                 ; 3.59e-10 s                 ; No                        ; Yes                       ;
; Hex6[2]          ; 2.5 V        ; 0 s                 ; 0 s                 ; 2.32 V                       ; 4.49e-09 V                   ; 2.38 V              ; -0.00552 V          ; 0.096 V                              ; 0.019 V                              ; 4.18e-10 s                  ; 3.59e-10 s                  ; No                         ; Yes                        ; 2.32 V                      ; 4.49e-09 V                  ; 2.38 V             ; -0.00552 V         ; 0.096 V                             ; 0.019 V                             ; 4.18e-10 s                 ; 3.59e-10 s                 ; No                        ; Yes                       ;
; Hex6[3]          ; 2.5 V        ; 0 s                 ; 0 s                 ; 2.32 V                       ; 4.49e-09 V                   ; 2.38 V              ; -0.00552 V          ; 0.096 V                              ; 0.019 V                              ; 4.18e-10 s                  ; 3.59e-10 s                  ; No                         ; Yes                        ; 2.32 V                      ; 4.49e-09 V                  ; 2.38 V             ; -0.00552 V         ; 0.096 V                             ; 0.019 V                             ; 4.18e-10 s                 ; 3.59e-10 s                 ; No                        ; Yes                       ;
; Hex6[4]          ; 2.5 V        ; 0 s                 ; 0 s                 ; 2.32 V                       ; 4.49e-09 V                   ; 2.38 V              ; -0.00552 V          ; 0.096 V                              ; 0.019 V                              ; 4.18e-10 s                  ; 3.59e-10 s                  ; No                         ; Yes                        ; 2.32 V                      ; 4.49e-09 V                  ; 2.38 V             ; -0.00552 V         ; 0.096 V                             ; 0.019 V                             ; 4.18e-10 s                 ; 3.59e-10 s                 ; No                        ; Yes                       ;
; Hex6[5]          ; 2.5 V        ; 0 s                 ; 0 s                 ; 2.32 V                       ; 4.49e-09 V                   ; 2.33 V              ; -0.00467 V          ; 0.226 V                              ; 0.087 V                              ; 2.91e-09 s                  ; 2.74e-09 s                  ; Yes                        ; Yes                        ; 2.32 V                      ; 4.49e-09 V                  ; 2.33 V             ; -0.00467 V         ; 0.226 V                             ; 0.087 V                             ; 2.91e-09 s                 ; 2.74e-09 s                 ; Yes                       ; Yes                       ;
; Hex6[6]          ; 2.5 V        ; 0 s                 ; 0 s                 ; 2.32 V                       ; 4.49e-09 V                   ; 2.38 V              ; -0.00552 V          ; 0.096 V                              ; 0.019 V                              ; 4.18e-10 s                  ; 3.59e-10 s                  ; No                         ; Yes                        ; 2.32 V                      ; 4.49e-09 V                  ; 2.38 V             ; -0.00552 V         ; 0.096 V                             ; 0.019 V                             ; 4.18e-10 s                 ; 3.59e-10 s                 ; No                        ; Yes                       ;
; Hex7[0]          ; 2.5 V        ; 0 s                 ; 0 s                 ; 2.32 V                       ; 4.49e-09 V                   ; 2.38 V              ; -0.00552 V          ; 0.096 V                              ; 0.019 V                              ; 4.18e-10 s                  ; 3.59e-10 s                  ; No                         ; Yes                        ; 2.32 V                      ; 4.49e-09 V                  ; 2.38 V             ; -0.00552 V         ; 0.096 V                             ; 0.019 V                             ; 4.18e-10 s                 ; 3.59e-10 s                 ; No                        ; Yes                       ;
; Hex7[1]          ; 2.5 V        ; 0 s                 ; 0 s                 ; 2.32 V                       ; 4.49e-09 V                   ; 2.38 V              ; -0.00552 V          ; 0.096 V                              ; 0.019 V                              ; 4.18e-10 s                  ; 3.59e-10 s                  ; No                         ; Yes                        ; 2.32 V                      ; 4.49e-09 V                  ; 2.38 V             ; -0.00552 V         ; 0.096 V                             ; 0.019 V                             ; 4.18e-10 s                 ; 3.59e-10 s                 ; No                        ; Yes                       ;
; Hex7[2]          ; 2.5 V        ; 0 s                 ; 0 s                 ; 2.32 V                       ; 4.49e-09 V                   ; 2.38 V              ; -0.00552 V          ; 0.096 V                              ; 0.019 V                              ; 4.18e-10 s                  ; 3.59e-10 s                  ; No                         ; Yes                        ; 2.32 V                      ; 4.49e-09 V                  ; 2.38 V             ; -0.00552 V         ; 0.096 V                             ; 0.019 V                             ; 4.18e-10 s                 ; 3.59e-10 s                 ; No                        ; Yes                       ;
; Hex7[3]          ; 2.5 V        ; 0 s                 ; 0 s                 ; 2.32 V                       ; 4.49e-09 V                   ; 2.38 V              ; -0.00552 V          ; 0.096 V                              ; 0.019 V                              ; 4.18e-10 s                  ; 3.59e-10 s                  ; No                         ; Yes                        ; 2.32 V                      ; 4.49e-09 V                  ; 2.38 V             ; -0.00552 V         ; 0.096 V                             ; 0.019 V                             ; 4.18e-10 s                 ; 3.59e-10 s                 ; No                        ; Yes                       ;
; Hex7[4]          ; 2.5 V        ; 0 s                 ; 0 s                 ; 2.32 V                       ; 4.49e-09 V                   ; 2.38 V              ; -0.00552 V          ; 0.096 V                              ; 0.019 V                              ; 4.18e-10 s                  ; 3.59e-10 s                  ; No                         ; Yes                        ; 2.32 V                      ; 4.49e-09 V                  ; 2.38 V             ; -0.00552 V         ; 0.096 V                             ; 0.019 V                             ; 4.18e-10 s                 ; 3.59e-10 s                 ; No                        ; Yes                       ;
; Hex7[5]          ; 2.5 V        ; 0 s                 ; 0 s                 ; 2.32 V                       ; 4.49e-09 V                   ; 2.38 V              ; -0.00552 V          ; 0.096 V                              ; 0.019 V                              ; 4.18e-10 s                  ; 3.59e-10 s                  ; No                         ; Yes                        ; 2.32 V                      ; 4.49e-09 V                  ; 2.38 V             ; -0.00552 V         ; 0.096 V                             ; 0.019 V                             ; 4.18e-10 s                 ; 3.59e-10 s                 ; No                        ; Yes                       ;
; Hex7[6]          ; 2.5 V        ; 0 s                 ; 0 s                 ; 2.32 V                       ; 4.49e-09 V                   ; 2.38 V              ; -0.00552 V          ; 0.096 V                              ; 0.019 V                              ; 4.18e-10 s                  ; 3.59e-10 s                  ; No                         ; Yes                        ; 2.32 V                      ; 4.49e-09 V                  ; 2.38 V             ; -0.00552 V         ; 0.096 V                             ; 0.019 V                             ; 4.18e-10 s                 ; 3.59e-10 s                 ; No                        ; Yes                       ;
; switches_leds[0] ; 2.5 V        ; 0 s                 ; 0 s                 ; 2.32 V                       ; 4.49e-09 V                   ; 2.38 V              ; -0.00552 V          ; 0.096 V                              ; 0.019 V                              ; 4.18e-10 s                  ; 3.59e-10 s                  ; No                         ; Yes                        ; 2.32 V                      ; 4.49e-09 V                  ; 2.38 V             ; -0.00552 V         ; 0.096 V                             ; 0.019 V                             ; 4.18e-10 s                 ; 3.59e-10 s                 ; No                        ; Yes                       ;
; switches_leds[1] ; 2.5 V        ; 0 s                 ; 0 s                 ; 2.32 V                       ; 4.49e-09 V                   ; 2.38 V              ; -0.00552 V          ; 0.096 V                              ; 0.019 V                              ; 4.18e-10 s                  ; 3.59e-10 s                  ; No                         ; Yes                        ; 2.32 V                      ; 4.49e-09 V                  ; 2.38 V             ; -0.00552 V         ; 0.096 V                             ; 0.019 V                             ; 4.18e-10 s                 ; 3.59e-10 s                 ; No                        ; Yes                       ;
; switches_leds[2] ; 2.5 V        ; 0 s                 ; 0 s                 ; 2.32 V                       ; 4.49e-09 V                   ; 2.38 V              ; -0.00552 V          ; 0.096 V                              ; 0.019 V                              ; 4.18e-10 s                  ; 3.59e-10 s                  ; No                         ; Yes                        ; 2.32 V                      ; 4.49e-09 V                  ; 2.38 V             ; -0.00552 V         ; 0.096 V                             ; 0.019 V                             ; 4.18e-10 s                 ; 3.59e-10 s                 ; No                        ; Yes                       ;
; switches_leds[3] ; 2.5 V        ; 0 s                 ; 0 s                 ; 2.32 V                       ; 4.49e-09 V                   ; 2.33 V              ; -0.00467 V          ; 0.226 V                              ; 0.087 V                              ; 2.91e-09 s                  ; 2.74e-09 s                  ; Yes                        ; Yes                        ; 2.32 V                      ; 4.49e-09 V                  ; 2.33 V             ; -0.00467 V         ; 0.226 V                             ; 0.087 V                             ; 2.91e-09 s                 ; 2.74e-09 s                 ; Yes                       ; Yes                       ;
; switches_leds[4] ; 2.5 V        ; 0 s                 ; 0 s                 ; 2.32 V                       ; 4.49e-09 V                   ; 2.38 V              ; -0.00552 V          ; 0.096 V                              ; 0.019 V                              ; 4.18e-10 s                  ; 3.59e-10 s                  ; No                         ; Yes                        ; 2.32 V                      ; 4.49e-09 V                  ; 2.38 V             ; -0.00552 V         ; 0.096 V                             ; 0.019 V                             ; 4.18e-10 s                 ; 3.59e-10 s                 ; No                        ; Yes                       ;
; switches_leds[5] ; 2.5 V        ; 0 s                 ; 0 s                 ; 2.32 V                       ; 4.49e-09 V                   ; 2.38 V              ; -0.00552 V          ; 0.096 V                              ; 0.019 V                              ; 4.18e-10 s                  ; 3.59e-10 s                  ; No                         ; Yes                        ; 2.32 V                      ; 4.49e-09 V                  ; 2.38 V             ; -0.00552 V         ; 0.096 V                             ; 0.019 V                             ; 4.18e-10 s                 ; 3.59e-10 s                 ; No                        ; Yes                       ;
; btn_out          ; 2.5 V        ; 0 s                 ; 0 s                 ; 2.32 V                       ; 4.49e-09 V                   ; 2.38 V              ; -0.00552 V          ; 0.096 V                              ; 0.019 V                              ; 4.18e-10 s                  ; 3.59e-10 s                  ; No                         ; Yes                        ; 2.32 V                      ; 4.49e-09 V                  ; 2.38 V             ; -0.00552 V         ; 0.096 V                             ; 0.019 V                             ; 4.18e-10 s                 ; 3.59e-10 s                 ; No                        ; Yes                       ;
; in_sign_out      ; 2.5 V        ; 0 s                 ; 0 s                 ; 2.32 V                       ; 4.49e-09 V                   ; 2.38 V              ; -0.00552 V          ; 0.096 V                              ; 0.019 V                              ; 4.18e-10 s                  ; 3.59e-10 s                  ; No                         ; Yes                        ; 2.32 V                      ; 4.49e-09 V                  ; 2.38 V             ; -0.00552 V         ; 0.096 V                             ; 0.019 V                             ; 4.18e-10 s                 ; 3.59e-10 s                 ; No                        ; Yes                       ;
; ~ALTERA_DCLK~    ; 2.5 V        ; 0 s                 ; 0 s                 ; 2.32 V                       ; 2.67e-09 V                   ; 2.38 V              ; -0.0485 V           ; 0.167 V                              ; 0.096 V                              ; 2.95e-10 s                  ; 2.73e-10 s                  ; Yes                        ; Yes                        ; 2.32 V                      ; 2.67e-09 V                  ; 2.38 V             ; -0.0485 V          ; 0.167 V                             ; 0.096 V                             ; 2.95e-10 s                 ; 2.73e-10 s                 ; Yes                       ; Yes                       ;
; ~ALTERA_nCEO~    ; 2.5 V        ; 0 s                 ; 0 s                 ; 2.32 V                       ; 4.18e-09 V                   ; 2.38 V              ; -0.00483 V          ; 0.152 V                              ; 0.012 V                              ; 4.81e-10 s                  ; 6.29e-10 s                  ; Yes                        ; Yes                        ; 2.32 V                      ; 4.18e-09 V                  ; 2.38 V             ; -0.00483 V         ; 0.152 V                             ; 0.012 V                             ; 4.81e-10 s                 ; 6.29e-10 s                 ; Yes                       ; Yes                       ;
+------------------+--------------+---------------------+---------------------+------------------------------+------------------------------+---------------------+---------------------+--------------------------------------+--------------------------------------+-----------------------------+-----------------------------+----------------------------+----------------------------+-----------------------------+-----------------------------+--------------------+--------------------+-------------------------------------+-------------------------------------+----------------------------+----------------------------+---------------------------+---------------------------+


+-----------------------------------------------------------------------------------------------------------------------------------------------------------------------------------------------------------------------------------------------------------------------------------------------------------------------------------------------------------------------------------------------------------------------------------------------------------------------------------------------------------------------------------------------------------------------------------------------------------------------------------------------------------------------------------------------+
; Signal Integrity Metrics (Slow 1200mv 85c Model)                                                                                                                                                                                                                                                                                                                                                                                                                                                                                                                                                                                                                                              ;
+------------------+--------------+---------------------+---------------------+------------------------------+------------------------------+---------------------+---------------------+--------------------------------------+--------------------------------------+-----------------------------+-----------------------------+----------------------------+----------------------------+-----------------------------+-----------------------------+--------------------+--------------------+-------------------------------------+-------------------------------------+----------------------------+----------------------------+---------------------------+---------------------------+
; Pin              ; I/O Standard ; Board Delay on Rise ; Board Delay on Fall ; Steady State Voh at FPGA Pin ; Steady State Vol at FPGA Pin ; Voh Max at FPGA Pin ; Vol Min at FPGA Pin ; Ringback Voltage on Rise at FPGA Pin ; Ringback Voltage on Fall at FPGA Pin ; 10-90 Rise Time at FPGA Pin ; 90-10 Fall Time at FPGA Pin ; Monotonic Rise at FPGA Pin ; Monotonic Fall at FPGA Pin ; Steady State Voh at Far-end ; Steady State Vol at Far-end ; Voh Max at Far-end ; Vol Min at Far-end ; Ringback Voltage on Rise at Far-end ; Ringback Voltage on Fall at Far-end ; 10-90 Rise Time at Far-end ; 90-10 Fall Time at Far-end ; Monotonic Rise at Far-end ; Monotonic Fall at Far-end ;
+------------------+--------------+---------------------+---------------------+------------------------------+------------------------------+---------------------+---------------------+--------------------------------------+--------------------------------------+-----------------------------+-----------------------------+----------------------------+----------------------------+-----------------------------+-----------------------------+--------------------+--------------------+-------------------------------------+-------------------------------------+----------------------------+----------------------------+---------------------------+---------------------------+
; led_clock        ; 2.5 V        ; 0 s                 ; 0 s                 ; 2.32 V                       ; 6.92e-07 V                   ; 2.35 V              ; -0.00996 V          ; 0.121 V                              ; 0.03 V                               ; 4.64e-10 s                  ; 4.47e-10 s                  ; Yes                        ; Yes                        ; 2.32 V                      ; 6.92e-07 V                  ; 2.35 V             ; -0.00996 V         ; 0.121 V                             ; 0.03 V                              ; 4.64e-10 s                 ; 4.47e-10 s                 ; Yes                       ; Yes                       ;
; Hex0[0]          ; 2.5 V        ; 0 s                 ; 0 s                 ; 2.32 V                       ; 6.92e-07 V                   ; 2.35 V              ; -0.00996 V          ; 0.121 V                              ; 0.03 V                               ; 4.64e-10 s                  ; 4.47e-10 s                  ; Yes                        ; Yes                        ; 2.32 V                      ; 6.92e-07 V                  ; 2.35 V             ; -0.00996 V         ; 0.121 V                             ; 0.03 V                              ; 4.64e-10 s                 ; 4.47e-10 s                 ; Yes                       ; Yes                       ;
; Hex0[1]          ; 2.5 V        ; 0 s                 ; 0 s                 ; 2.32 V                       ; 6.92e-07 V                   ; 2.33 V              ; -0.00265 V          ; 0.133 V                              ; 0.056 V                              ; 3.55e-09 s                  ; 3.31e-09 s                  ; Yes                        ; Yes                        ; 2.32 V                      ; 6.92e-07 V                  ; 2.33 V             ; -0.00265 V         ; 0.133 V                             ; 0.056 V                             ; 3.55e-09 s                 ; 3.31e-09 s                 ; Yes                       ; Yes                       ;
; Hex0[2]          ; 2.5 V        ; 0 s                 ; 0 s                 ; 2.32 V                       ; 6.92e-07 V                   ; 2.35 V              ; -0.00996 V          ; 0.121 V                              ; 0.03 V                               ; 4.64e-10 s                  ; 4.47e-10 s                  ; Yes                        ; Yes                        ; 2.32 V                      ; 6.92e-07 V                  ; 2.35 V             ; -0.00996 V         ; 0.121 V                             ; 0.03 V                              ; 4.64e-10 s                 ; 4.47e-10 s                 ; Yes                       ; Yes                       ;
; Hex0[3]          ; 2.5 V        ; 0 s                 ; 0 s                 ; 2.32 V                       ; 4.67e-07 V                   ; 2.36 V              ; -0.00552 V          ; 0.11 V                               ; 0.007 V                              ; 4.54e-10 s                  ; 4.35e-10 s                  ; Yes                        ; Yes                        ; 2.32 V                      ; 4.67e-07 V                  ; 2.36 V             ; -0.00552 V         ; 0.11 V                              ; 0.007 V                             ; 4.54e-10 s                 ; 4.35e-10 s                 ; Yes                       ; Yes                       ;
; Hex0[4]          ; 2.5 V        ; 0 s                 ; 0 s                 ; 2.32 V                       ; 4.67e-07 V                   ; 2.36 V              ; -0.00552 V          ; 0.11 V                               ; 0.007 V                              ; 4.54e-10 s                  ; 4.35e-10 s                  ; Yes                        ; Yes                        ; 2.32 V                      ; 4.67e-07 V                  ; 2.36 V             ; -0.00552 V         ; 0.11 V                              ; 0.007 V                             ; 4.54e-10 s                 ; 4.35e-10 s                 ; Yes                       ; Yes                       ;
; Hex0[5]          ; 2.5 V        ; 0 s                 ; 0 s                 ; 2.32 V                       ; 4.67e-07 V                   ; 2.33 V              ; -0.00269 V          ; 0.13 V                               ; 0.055 V                              ; 3.54e-09 s                  ; 3.29e-09 s                  ; Yes                        ; Yes                        ; 2.32 V                      ; 4.67e-07 V                  ; 2.33 V             ; -0.00269 V         ; 0.13 V                              ; 0.055 V                             ; 3.54e-09 s                 ; 3.29e-09 s                 ; Yes                       ; Yes                       ;
; Hex0[6]          ; 2.5 V        ; 0 s                 ; 0 s                 ; 2.32 V                       ; 4.67e-07 V                   ; 2.36 V              ; -0.00552 V          ; 0.11 V                               ; 0.007 V                              ; 4.54e-10 s                  ; 4.35e-10 s                  ; Yes                        ; Yes                        ; 2.32 V                      ; 4.67e-07 V                  ; 2.36 V             ; -0.00552 V         ; 0.11 V                              ; 0.007 V                             ; 4.54e-10 s                 ; 4.35e-10 s                 ; Yes                       ; Yes                       ;
; Hex1[0]          ; 2.5 V        ; 0 s                 ; 0 s                 ; 2.32 V                       ; 4.67e-07 V                   ; 2.36 V              ; -0.00552 V          ; 0.11 V                               ; 0.007 V                              ; 4.54e-10 s                  ; 4.35e-10 s                  ; Yes                        ; Yes                        ; 2.32 V                      ; 4.67e-07 V                  ; 2.36 V             ; -0.00552 V         ; 0.11 V                              ; 0.007 V                             ; 4.54e-10 s                 ; 4.35e-10 s                 ; Yes                       ; Yes                       ;
; Hex1[1]          ; 2.5 V        ; 0 s                 ; 0 s                 ; 2.32 V                       ; 4.67e-07 V                   ; 2.35 V              ; -0.00942 V          ; 0.116 V                              ; 0.033 V                              ; 6.66e-10 s                  ; 6.27e-10 s                  ; Yes                        ; Yes                        ; 2.32 V                      ; 4.67e-07 V                  ; 2.35 V             ; -0.00942 V         ; 0.116 V                             ; 0.033 V                             ; 6.66e-10 s                 ; 6.27e-10 s                 ; Yes                       ; Yes                       ;
; Hex1[2]          ; 2.5 V        ; 0 s                 ; 0 s                 ; 2.32 V                       ; 4.67e-07 V                   ; 2.35 V              ; -0.00942 V          ; 0.116 V                              ; 0.033 V                              ; 6.66e-10 s                  ; 6.27e-10 s                  ; Yes                        ; Yes                        ; 2.32 V                      ; 4.67e-07 V                  ; 2.35 V             ; -0.00942 V         ; 0.116 V                             ; 0.033 V                             ; 6.66e-10 s                 ; 6.27e-10 s                 ; Yes                       ; Yes                       ;
; Hex1[3]          ; 2.5 V        ; 0 s                 ; 0 s                 ; 2.32 V                       ; 4.67e-07 V                   ; 2.35 V              ; -0.00942 V          ; 0.116 V                              ; 0.033 V                              ; 6.66e-10 s                  ; 6.27e-10 s                  ; Yes                        ; Yes                        ; 2.32 V                      ; 4.67e-07 V                  ; 2.35 V             ; -0.00942 V         ; 0.116 V                             ; 0.033 V                             ; 6.66e-10 s                 ; 6.27e-10 s                 ; Yes                       ; Yes                       ;
; Hex1[4]          ; 2.5 V        ; 0 s                 ; 0 s                 ; 2.32 V                       ; 4.67e-07 V                   ; 2.35 V              ; -0.00942 V          ; 0.116 V                              ; 0.033 V                              ; 6.66e-10 s                  ; 6.27e-10 s                  ; Yes                        ; Yes                        ; 2.32 V                      ; 4.67e-07 V                  ; 2.35 V             ; -0.00942 V         ; 0.116 V                             ; 0.033 V                             ; 6.66e-10 s                 ; 6.27e-10 s                 ; Yes                       ; Yes                       ;
; Hex1[5]          ; 2.5 V        ; 0 s                 ; 0 s                 ; 2.32 V                       ; 4.67e-07 V                   ; 2.33 V              ; -0.00269 V          ; 0.13 V                               ; 0.055 V                              ; 3.54e-09 s                  ; 3.29e-09 s                  ; Yes                        ; Yes                        ; 2.32 V                      ; 4.67e-07 V                  ; 2.33 V             ; -0.00269 V         ; 0.13 V                              ; 0.055 V                             ; 3.54e-09 s                 ; 3.29e-09 s                 ; Yes                       ; Yes                       ;
; Hex1[6]          ; 2.5 V        ; 0 s                 ; 0 s                 ; 2.32 V                       ; 4.67e-07 V                   ; 2.33 V              ; -0.00269 V          ; 0.13 V                               ; 0.055 V                              ; 3.54e-09 s                  ; 3.29e-09 s                  ; Yes                        ; Yes                        ; 2.32 V                      ; 4.67e-07 V                  ; 2.33 V             ; -0.00269 V         ; 0.13 V                              ; 0.055 V                             ; 3.54e-09 s                 ; 3.29e-09 s                 ; Yes                       ; Yes                       ;
; Hex2[0]          ; 2.5 V        ; 0 s                 ; 0 s                 ; 2.32 V                       ; 4.67e-07 V                   ; 2.35 V              ; -0.00942 V          ; 0.116 V                              ; 0.033 V                              ; 6.66e-10 s                  ; 6.27e-10 s                  ; Yes                        ; Yes                        ; 2.32 V                      ; 4.67e-07 V                  ; 2.35 V             ; -0.00942 V         ; 0.116 V                             ; 0.033 V                             ; 6.66e-10 s                 ; 6.27e-10 s                 ; Yes                       ; Yes                       ;
; Hex2[1]          ; 2.5 V        ; 0 s                 ; 0 s                 ; 2.32 V                       ; 4.67e-07 V                   ; 2.35 V              ; -0.00942 V          ; 0.116 V                              ; 0.033 V                              ; 6.66e-10 s                  ; 6.27e-10 s                  ; Yes                        ; Yes                        ; 2.32 V                      ; 4.67e-07 V                  ; 2.35 V             ; -0.00942 V         ; 0.116 V                             ; 0.033 V                             ; 6.66e-10 s                 ; 6.27e-10 s                 ; Yes                       ; Yes                       ;
; Hex2[2]          ; 2.5 V        ; 0 s                 ; 0 s                 ; 2.32 V                       ; 4.67e-07 V                   ; 2.35 V              ; -0.00942 V          ; 0.116 V                              ; 0.033 V                              ; 6.66e-10 s                  ; 6.27e-10 s                  ; Yes                        ; Yes                        ; 2.32 V                      ; 4.67e-07 V                  ; 2.35 V             ; -0.00942 V         ; 0.116 V                             ; 0.033 V                             ; 6.66e-10 s                 ; 6.27e-10 s                 ; Yes                       ; Yes                       ;
; Hex2[3]          ; 2.5 V        ; 0 s                 ; 0 s                 ; 2.32 V                       ; 4.67e-07 V                   ; 2.35 V              ; -0.00942 V          ; 0.116 V                              ; 0.033 V                              ; 6.66e-10 s                  ; 6.27e-10 s                  ; Yes                        ; Yes                        ; 2.32 V                      ; 4.67e-07 V                  ; 2.35 V             ; -0.00942 V         ; 0.116 V                             ; 0.033 V                             ; 6.66e-10 s                 ; 6.27e-10 s                 ; Yes                       ; Yes                       ;
; Hex2[4]          ; 2.5 V        ; 0 s                 ; 0 s                 ; 2.32 V                       ; 4.67e-07 V                   ; 2.35 V              ; -0.00942 V          ; 0.116 V                              ; 0.033 V                              ; 6.66e-10 s                  ; 6.27e-10 s                  ; Yes                        ; Yes                        ; 2.32 V                      ; 4.67e-07 V                  ; 2.35 V             ; -0.00942 V         ; 0.116 V                             ; 0.033 V                             ; 6.66e-10 s                 ; 6.27e-10 s                 ; Yes                       ; Yes                       ;
; Hex2[5]          ; 2.5 V        ; 0 s                 ; 0 s                 ; 2.32 V                       ; 4.67e-07 V                   ; 2.35 V              ; -0.00942 V          ; 0.116 V                              ; 0.033 V                              ; 6.66e-10 s                  ; 6.27e-10 s                  ; Yes                        ; Yes                        ; 2.32 V                      ; 4.67e-07 V                  ; 2.35 V             ; -0.00942 V         ; 0.116 V                             ; 0.033 V                             ; 6.66e-10 s                 ; 6.27e-10 s                 ; Yes                       ; Yes                       ;
; Hex2[6]          ; 2.5 V        ; 0 s                 ; 0 s                 ; 2.32 V                       ; 4.67e-07 V                   ; 2.35 V              ; -0.00942 V          ; 0.116 V                              ; 0.033 V                              ; 6.66e-10 s                  ; 6.27e-10 s                  ; Yes                        ; Yes                        ; 2.32 V                      ; 4.67e-07 V                  ; 2.35 V             ; -0.00942 V         ; 0.116 V                             ; 0.033 V                             ; 6.66e-10 s                 ; 6.27e-10 s                 ; Yes                       ; Yes                       ;
; Hex3[0]          ; 2.5 V        ; 0 s                 ; 0 s                 ; 2.32 V                       ; 4.67e-07 V                   ; 2.35 V              ; -0.00942 V          ; 0.116 V                              ; 0.033 V                              ; 6.66e-10 s                  ; 6.27e-10 s                  ; Yes                        ; Yes                        ; 2.32 V                      ; 4.67e-07 V                  ; 2.35 V             ; -0.00942 V         ; 0.116 V                             ; 0.033 V                             ; 6.66e-10 s                 ; 6.27e-10 s                 ; Yes                       ; Yes                       ;
; Hex3[1]          ; 2.5 V        ; 0 s                 ; 0 s                 ; 2.32 V                       ; 4.67e-07 V                   ; 2.36 V              ; -0.00552 V          ; 0.11 V                               ; 0.007 V                              ; 4.54e-10 s                  ; 4.35e-10 s                  ; Yes                        ; Yes                        ; 2.32 V                      ; 4.67e-07 V                  ; 2.36 V             ; -0.00552 V         ; 0.11 V                              ; 0.007 V                             ; 4.54e-10 s                 ; 4.35e-10 s                 ; Yes                       ; Yes                       ;
; Hex3[2]          ; 2.5 V        ; 0 s                 ; 0 s                 ; 2.32 V                       ; 6.92e-07 V                   ; 2.33 V              ; -0.00265 V          ; 0.133 V                              ; 0.056 V                              ; 3.55e-09 s                  ; 3.31e-09 s                  ; Yes                        ; Yes                        ; 2.32 V                      ; 6.92e-07 V                  ; 2.33 V             ; -0.00265 V         ; 0.133 V                             ; 0.056 V                             ; 3.55e-09 s                 ; 3.31e-09 s                 ; Yes                       ; Yes                       ;
; Hex3[3]          ; 2.5 V        ; 0 s                 ; 0 s                 ; 2.32 V                       ; 6.92e-07 V                   ; 2.35 V              ; -0.00996 V          ; 0.121 V                              ; 0.03 V                               ; 4.64e-10 s                  ; 4.47e-10 s                  ; Yes                        ; Yes                        ; 2.32 V                      ; 6.92e-07 V                  ; 2.35 V             ; -0.00996 V         ; 0.121 V                             ; 0.03 V                              ; 4.64e-10 s                 ; 4.47e-10 s                 ; Yes                       ; Yes                       ;
; Hex3[4]          ; 2.5 V        ; 0 s                 ; 0 s                 ; 2.32 V                       ; 6.92e-07 V                   ; 2.35 V              ; -0.00996 V          ; 0.121 V                              ; 0.03 V                               ; 4.64e-10 s                  ; 4.47e-10 s                  ; Yes                        ; Yes                        ; 2.32 V                      ; 6.92e-07 V                  ; 2.35 V             ; -0.00996 V         ; 0.121 V                             ; 0.03 V                              ; 4.64e-10 s                 ; 4.47e-10 s                 ; Yes                       ; Yes                       ;
; Hex3[5]          ; 2.5 V        ; 0 s                 ; 0 s                 ; 2.32 V                       ; 6.92e-07 V                   ; 2.35 V              ; -0.00996 V          ; 0.121 V                              ; 0.03 V                               ; 4.64e-10 s                  ; 4.47e-10 s                  ; Yes                        ; Yes                        ; 2.32 V                      ; 6.92e-07 V                  ; 2.35 V             ; -0.00996 V         ; 0.121 V                             ; 0.03 V                              ; 4.64e-10 s                 ; 4.47e-10 s                 ; Yes                       ; Yes                       ;
; Hex3[6]          ; 2.5 V        ; 0 s                 ; 0 s                 ; 2.32 V                       ; 6.92e-07 V                   ; 2.35 V              ; -0.00996 V          ; 0.121 V                              ; 0.03 V                               ; 4.64e-10 s                  ; 4.47e-10 s                  ; Yes                        ; Yes                        ; 2.32 V                      ; 6.92e-07 V                  ; 2.35 V             ; -0.00996 V         ; 0.121 V                             ; 0.03 V                              ; 4.64e-10 s                 ; 4.47e-10 s                 ; Yes                       ; Yes                       ;
; Hex4[0]          ; 2.5 V        ; 0 s                 ; 0 s                 ; 2.32 V                       ; 6.92e-07 V                   ; 2.35 V              ; -0.00996 V          ; 0.121 V                              ; 0.03 V                               ; 4.64e-10 s                  ; 4.47e-10 s                  ; Yes                        ; Yes                        ; 2.32 V                      ; 6.92e-07 V                  ; 2.35 V             ; -0.00996 V         ; 0.121 V                             ; 0.03 V                              ; 4.64e-10 s                 ; 4.47e-10 s                 ; Yes                       ; Yes                       ;
; Hex4[1]          ; 2.5 V        ; 0 s                 ; 0 s                 ; 2.32 V                       ; 6.92e-07 V                   ; 2.35 V              ; -0.00996 V          ; 0.121 V                              ; 0.03 V                               ; 4.64e-10 s                  ; 4.47e-10 s                  ; Yes                        ; Yes                        ; 2.32 V                      ; 6.92e-07 V                  ; 2.35 V             ; -0.00996 V         ; 0.121 V                             ; 0.03 V                              ; 4.64e-10 s                 ; 4.47e-10 s                 ; Yes                       ; Yes                       ;
; Hex4[2]          ; 2.5 V        ; 0 s                 ; 0 s                 ; 2.32 V                       ; 6.92e-07 V                   ; 2.35 V              ; -0.00996 V          ; 0.121 V                              ; 0.03 V                               ; 4.64e-10 s                  ; 4.47e-10 s                  ; Yes                        ; Yes                        ; 2.32 V                      ; 6.92e-07 V                  ; 2.35 V             ; -0.00996 V         ; 0.121 V                             ; 0.03 V                              ; 4.64e-10 s                 ; 4.47e-10 s                 ; Yes                       ; Yes                       ;
; Hex4[3]          ; 2.5 V        ; 0 s                 ; 0 s                 ; 2.32 V                       ; 6.92e-07 V                   ; 2.35 V              ; -0.00996 V          ; 0.121 V                              ; 0.03 V                               ; 4.64e-10 s                  ; 4.47e-10 s                  ; Yes                        ; Yes                        ; 2.32 V                      ; 6.92e-07 V                  ; 2.35 V             ; -0.00996 V         ; 0.121 V                             ; 0.03 V                              ; 4.64e-10 s                 ; 4.47e-10 s                 ; Yes                       ; Yes                       ;
; Hex4[4]          ; 2.5 V        ; 0 s                 ; 0 s                 ; 2.32 V                       ; 6.92e-07 V                   ; 2.35 V              ; -0.00996 V          ; 0.121 V                              ; 0.03 V                               ; 4.64e-10 s                  ; 4.47e-10 s                  ; Yes                        ; Yes                        ; 2.32 V                      ; 6.92e-07 V                  ; 2.35 V             ; -0.00996 V         ; 0.121 V                             ; 0.03 V                              ; 4.64e-10 s                 ; 4.47e-10 s                 ; Yes                       ; Yes                       ;
; Hex4[5]          ; 2.5 V        ; 0 s                 ; 0 s                 ; 2.32 V                       ; 6.92e-07 V                   ; 2.35 V              ; -0.00996 V          ; 0.121 V                              ; 0.03 V                               ; 4.64e-10 s                  ; 4.47e-10 s                  ; Yes                        ; Yes                        ; 2.32 V                      ; 6.92e-07 V                  ; 2.35 V             ; -0.00996 V         ; 0.121 V                             ; 0.03 V                              ; 4.64e-10 s                 ; 4.47e-10 s                 ; Yes                       ; Yes                       ;
; Hex4[6]          ; 2.5 V        ; 0 s                 ; 0 s                 ; 2.32 V                       ; 6.92e-07 V                   ; 2.35 V              ; -0.00996 V          ; 0.121 V                              ; 0.03 V                               ; 4.64e-10 s                  ; 4.47e-10 s                  ; Yes                        ; Yes                        ; 2.32 V                      ; 6.92e-07 V                  ; 2.35 V             ; -0.00996 V         ; 0.121 V                             ; 0.03 V                              ; 4.64e-10 s                 ; 4.47e-10 s                 ; Yes                       ; Yes                       ;
; Hex5[0]          ; 2.5 V        ; 0 s                 ; 0 s                 ; 2.32 V                       ; 6.92e-07 V                   ; 2.35 V              ; -0.00996 V          ; 0.121 V                              ; 0.03 V                               ; 4.64e-10 s                  ; 4.47e-10 s                  ; Yes                        ; Yes                        ; 2.32 V                      ; 6.92e-07 V                  ; 2.35 V             ; -0.00996 V         ; 0.121 V                             ; 0.03 V                              ; 4.64e-10 s                 ; 4.47e-10 s                 ; Yes                       ; Yes                       ;
; Hex5[1]          ; 2.5 V        ; 0 s                 ; 0 s                 ; 2.32 V                       ; 6.92e-07 V                   ; 2.33 V              ; -0.00265 V          ; 0.133 V                              ; 0.056 V                              ; 3.55e-09 s                  ; 3.31e-09 s                  ; Yes                        ; Yes                        ; 2.32 V                      ; 6.92e-07 V                  ; 2.33 V             ; -0.00265 V         ; 0.133 V                             ; 0.056 V                             ; 3.55e-09 s                 ; 3.31e-09 s                 ; Yes                       ; Yes                       ;
; Hex5[2]          ; 2.5 V        ; 0 s                 ; 0 s                 ; 2.32 V                       ; 6.92e-07 V                   ; 2.35 V              ; -0.00996 V          ; 0.121 V                              ; 0.03 V                               ; 4.64e-10 s                  ; 4.47e-10 s                  ; Yes                        ; Yes                        ; 2.32 V                      ; 6.92e-07 V                  ; 2.35 V             ; -0.00996 V         ; 0.121 V                             ; 0.03 V                              ; 4.64e-10 s                 ; 4.47e-10 s                 ; Yes                       ; Yes                       ;
; Hex5[3]          ; 2.5 V        ; 0 s                 ; 0 s                 ; 2.32 V                       ; 6.92e-07 V                   ; 2.35 V              ; -0.00996 V          ; 0.121 V                              ; 0.03 V                               ; 4.64e-10 s                  ; 4.47e-10 s                  ; Yes                        ; Yes                        ; 2.32 V                      ; 6.92e-07 V                  ; 2.35 V             ; -0.00996 V         ; 0.121 V                             ; 0.03 V                              ; 4.64e-10 s                 ; 4.47e-10 s                 ; Yes                       ; Yes                       ;
; Hex5[4]          ; 2.5 V        ; 0 s                 ; 0 s                 ; 2.32 V                       ; 6.92e-07 V                   ; 2.35 V              ; -0.00996 V          ; 0.121 V                              ; 0.03 V                               ; 4.64e-10 s                  ; 4.47e-10 s                  ; Yes                        ; Yes                        ; 2.32 V                      ; 6.92e-07 V                  ; 2.35 V             ; -0.00996 V         ; 0.121 V                             ; 0.03 V                              ; 4.64e-10 s                 ; 4.47e-10 s                 ; Yes                       ; Yes                       ;
; Hex5[5]          ; 2.5 V        ; 0 s                 ; 0 s                 ; 2.32 V                       ; 6.92e-07 V                   ; 2.35 V              ; -0.00996 V          ; 0.121 V                              ; 0.03 V                               ; 4.64e-10 s                  ; 4.47e-10 s                  ; Yes                        ; Yes                        ; 2.32 V                      ; 6.92e-07 V                  ; 2.35 V             ; -0.00996 V         ; 0.121 V                             ; 0.03 V                              ; 4.64e-10 s                 ; 4.47e-10 s                 ; Yes                       ; Yes                       ;
; Hex5[6]          ; 2.5 V        ; 0 s                 ; 0 s                 ; 2.32 V                       ; 6.92e-07 V                   ; 2.35 V              ; -0.00996 V          ; 0.121 V                              ; 0.03 V                               ; 4.64e-10 s                  ; 4.47e-10 s                  ; Yes                        ; Yes                        ; 2.32 V                      ; 6.92e-07 V                  ; 2.35 V             ; -0.00996 V         ; 0.121 V                             ; 0.03 V                              ; 4.64e-10 s                 ; 4.47e-10 s                 ; Yes                       ; Yes                       ;
; Hex6[0]          ; 2.5 V        ; 0 s                 ; 0 s                 ; 2.32 V                       ; 6.92e-07 V                   ; 2.35 V              ; -0.00996 V          ; 0.121 V                              ; 0.03 V                               ; 4.64e-10 s                  ; 4.47e-10 s                  ; Yes                        ; Yes                        ; 2.32 V                      ; 6.92e-07 V                  ; 2.35 V             ; -0.00996 V         ; 0.121 V                             ; 0.03 V                              ; 4.64e-10 s                 ; 4.47e-10 s                 ; Yes                       ; Yes                       ;
; Hex6[1]          ; 2.5 V        ; 0 s                 ; 0 s                 ; 2.32 V                       ; 6.92e-07 V                   ; 2.35 V              ; -0.00996 V          ; 0.121 V                              ; 0.03 V                               ; 4.64e-10 s                  ; 4.47e-10 s                  ; Yes                        ; Yes                        ; 2.32 V                      ; 6.92e-07 V                  ; 2.35 V             ; -0.00996 V         ; 0.121 V                             ; 0.03 V                              ; 4.64e-10 s                 ; 4.47e-10 s                 ; Yes                       ; Yes                       ;
; Hex6[2]          ; 2.5 V        ; 0 s                 ; 0 s                 ; 2.32 V                       ; 6.92e-07 V                   ; 2.35 V              ; -0.00996 V          ; 0.121 V                              ; 0.03 V                               ; 4.64e-10 s                  ; 4.47e-10 s                  ; Yes                        ; Yes                        ; 2.32 V                      ; 6.92e-07 V                  ; 2.35 V             ; -0.00996 V         ; 0.121 V                             ; 0.03 V                              ; 4.64e-10 s                 ; 4.47e-10 s                 ; Yes                       ; Yes                       ;
; Hex6[3]          ; 2.5 V        ; 0 s                 ; 0 s                 ; 2.32 V                       ; 6.92e-07 V                   ; 2.35 V              ; -0.00996 V          ; 0.121 V                              ; 0.03 V                               ; 4.64e-10 s                  ; 4.47e-10 s                  ; Yes                        ; Yes                        ; 2.32 V                      ; 6.92e-07 V                  ; 2.35 V             ; -0.00996 V         ; 0.121 V                             ; 0.03 V                              ; 4.64e-10 s                 ; 4.47e-10 s                 ; Yes                       ; Yes                       ;
; Hex6[4]          ; 2.5 V        ; 0 s                 ; 0 s                 ; 2.32 V                       ; 6.92e-07 V                   ; 2.35 V              ; -0.00996 V          ; 0.121 V                              ; 0.03 V                               ; 4.64e-10 s                  ; 4.47e-10 s                  ; Yes                        ; Yes                        ; 2.32 V                      ; 6.92e-07 V                  ; 2.35 V             ; -0.00996 V         ; 0.121 V                             ; 0.03 V                              ; 4.64e-10 s                 ; 4.47e-10 s                 ; Yes                       ; Yes                       ;
; Hex6[5]          ; 2.5 V        ; 0 s                 ; 0 s                 ; 2.32 V                       ; 6.92e-07 V                   ; 2.33 V              ; -0.00265 V          ; 0.133 V                              ; 0.056 V                              ; 3.55e-09 s                  ; 3.31e-09 s                  ; Yes                        ; Yes                        ; 2.32 V                      ; 6.92e-07 V                  ; 2.33 V             ; -0.00265 V         ; 0.133 V                             ; 0.056 V                             ; 3.55e-09 s                 ; 3.31e-09 s                 ; Yes                       ; Yes                       ;
; Hex6[6]          ; 2.5 V        ; 0 s                 ; 0 s                 ; 2.32 V                       ; 6.92e-07 V                   ; 2.35 V              ; -0.00996 V          ; 0.121 V                              ; 0.03 V                               ; 4.64e-10 s                  ; 4.47e-10 s                  ; Yes                        ; Yes                        ; 2.32 V                      ; 6.92e-07 V                  ; 2.35 V             ; -0.00996 V         ; 0.121 V                             ; 0.03 V                              ; 4.64e-10 s                 ; 4.47e-10 s                 ; Yes                       ; Yes                       ;
; Hex7[0]          ; 2.5 V        ; 0 s                 ; 0 s                 ; 2.32 V                       ; 6.92e-07 V                   ; 2.35 V              ; -0.00996 V          ; 0.121 V                              ; 0.03 V                               ; 4.64e-10 s                  ; 4.47e-10 s                  ; Yes                        ; Yes                        ; 2.32 V                      ; 6.92e-07 V                  ; 2.35 V             ; -0.00996 V         ; 0.121 V                             ; 0.03 V                              ; 4.64e-10 s                 ; 4.47e-10 s                 ; Yes                       ; Yes                       ;
; Hex7[1]          ; 2.5 V        ; 0 s                 ; 0 s                 ; 2.32 V                       ; 6.92e-07 V                   ; 2.35 V              ; -0.00996 V          ; 0.121 V                              ; 0.03 V                               ; 4.64e-10 s                  ; 4.47e-10 s                  ; Yes                        ; Yes                        ; 2.32 V                      ; 6.92e-07 V                  ; 2.35 V             ; -0.00996 V         ; 0.121 V                             ; 0.03 V                              ; 4.64e-10 s                 ; 4.47e-10 s                 ; Yes                       ; Yes                       ;
; Hex7[2]          ; 2.5 V        ; 0 s                 ; 0 s                 ; 2.32 V                       ; 6.92e-07 V                   ; 2.35 V              ; -0.00996 V          ; 0.121 V                              ; 0.03 V                               ; 4.64e-10 s                  ; 4.47e-10 s                  ; Yes                        ; Yes                        ; 2.32 V                      ; 6.92e-07 V                  ; 2.35 V             ; -0.00996 V         ; 0.121 V                             ; 0.03 V                              ; 4.64e-10 s                 ; 4.47e-10 s                 ; Yes                       ; Yes                       ;
; Hex7[3]          ; 2.5 V        ; 0 s                 ; 0 s                 ; 2.32 V                       ; 6.92e-07 V                   ; 2.35 V              ; -0.00996 V          ; 0.121 V                              ; 0.03 V                               ; 4.64e-10 s                  ; 4.47e-10 s                  ; Yes                        ; Yes                        ; 2.32 V                      ; 6.92e-07 V                  ; 2.35 V             ; -0.00996 V         ; 0.121 V                             ; 0.03 V                              ; 4.64e-10 s                 ; 4.47e-10 s                 ; Yes                       ; Yes                       ;
; Hex7[4]          ; 2.5 V        ; 0 s                 ; 0 s                 ; 2.32 V                       ; 6.92e-07 V                   ; 2.35 V              ; -0.00996 V          ; 0.121 V                              ; 0.03 V                               ; 4.64e-10 s                  ; 4.47e-10 s                  ; Yes                        ; Yes                        ; 2.32 V                      ; 6.92e-07 V                  ; 2.35 V             ; -0.00996 V         ; 0.121 V                             ; 0.03 V                              ; 4.64e-10 s                 ; 4.47e-10 s                 ; Yes                       ; Yes                       ;
; Hex7[5]          ; 2.5 V        ; 0 s                 ; 0 s                 ; 2.32 V                       ; 6.92e-07 V                   ; 2.35 V              ; -0.00996 V          ; 0.121 V                              ; 0.03 V                               ; 4.64e-10 s                  ; 4.47e-10 s                  ; Yes                        ; Yes                        ; 2.32 V                      ; 6.92e-07 V                  ; 2.35 V             ; -0.00996 V         ; 0.121 V                             ; 0.03 V                              ; 4.64e-10 s                 ; 4.47e-10 s                 ; Yes                       ; Yes                       ;
; Hex7[6]          ; 2.5 V        ; 0 s                 ; 0 s                 ; 2.32 V                       ; 6.92e-07 V                   ; 2.35 V              ; -0.00996 V          ; 0.121 V                              ; 0.03 V                               ; 4.64e-10 s                  ; 4.47e-10 s                  ; Yes                        ; Yes                        ; 2.32 V                      ; 6.92e-07 V                  ; 2.35 V             ; -0.00996 V         ; 0.121 V                             ; 0.03 V                              ; 4.64e-10 s                 ; 4.47e-10 s                 ; Yes                       ; Yes                       ;
; switches_leds[0] ; 2.5 V        ; 0 s                 ; 0 s                 ; 2.32 V                       ; 6.92e-07 V                   ; 2.35 V              ; -0.00996 V          ; 0.121 V                              ; 0.03 V                               ; 4.64e-10 s                  ; 4.47e-10 s                  ; Yes                        ; Yes                        ; 2.32 V                      ; 6.92e-07 V                  ; 2.35 V             ; -0.00996 V         ; 0.121 V                             ; 0.03 V                              ; 4.64e-10 s                 ; 4.47e-10 s                 ; Yes                       ; Yes                       ;
; switches_leds[1] ; 2.5 V        ; 0 s                 ; 0 s                 ; 2.32 V                       ; 6.92e-07 V                   ; 2.35 V              ; -0.00996 V          ; 0.121 V                              ; 0.03 V                               ; 4.64e-10 s                  ; 4.47e-10 s                  ; Yes                        ; Yes                        ; 2.32 V                      ; 6.92e-07 V                  ; 2.35 V             ; -0.00996 V         ; 0.121 V                             ; 0.03 V                              ; 4.64e-10 s                 ; 4.47e-10 s                 ; Yes                       ; Yes                       ;
; switches_leds[2] ; 2.5 V        ; 0 s                 ; 0 s                 ; 2.32 V                       ; 6.92e-07 V                   ; 2.35 V              ; -0.00996 V          ; 0.121 V                              ; 0.03 V                               ; 4.64e-10 s                  ; 4.47e-10 s                  ; Yes                        ; Yes                        ; 2.32 V                      ; 6.92e-07 V                  ; 2.35 V             ; -0.00996 V         ; 0.121 V                             ; 0.03 V                              ; 4.64e-10 s                 ; 4.47e-10 s                 ; Yes                       ; Yes                       ;
; switches_leds[3] ; 2.5 V        ; 0 s                 ; 0 s                 ; 2.32 V                       ; 6.92e-07 V                   ; 2.33 V              ; -0.00265 V          ; 0.133 V                              ; 0.056 V                              ; 3.55e-09 s                  ; 3.31e-09 s                  ; Yes                        ; Yes                        ; 2.32 V                      ; 6.92e-07 V                  ; 2.33 V             ; -0.00265 V         ; 0.133 V                             ; 0.056 V                             ; 3.55e-09 s                 ; 3.31e-09 s                 ; Yes                       ; Yes                       ;
; switches_leds[4] ; 2.5 V        ; 0 s                 ; 0 s                 ; 2.32 V                       ; 6.92e-07 V                   ; 2.35 V              ; -0.00996 V          ; 0.121 V                              ; 0.03 V                               ; 4.64e-10 s                  ; 4.47e-10 s                  ; Yes                        ; Yes                        ; 2.32 V                      ; 6.92e-07 V                  ; 2.35 V             ; -0.00996 V         ; 0.121 V                             ; 0.03 V                              ; 4.64e-10 s                 ; 4.47e-10 s                 ; Yes                       ; Yes                       ;
; switches_leds[5] ; 2.5 V        ; 0 s                 ; 0 s                 ; 2.32 V                       ; 6.92e-07 V                   ; 2.35 V              ; -0.00996 V          ; 0.121 V                              ; 0.03 V                               ; 4.64e-10 s                  ; 4.47e-10 s                  ; Yes                        ; Yes                        ; 2.32 V                      ; 6.92e-07 V                  ; 2.35 V             ; -0.00996 V         ; 0.121 V                             ; 0.03 V                              ; 4.64e-10 s                 ; 4.47e-10 s                 ; Yes                       ; Yes                       ;
; btn_out          ; 2.5 V        ; 0 s                 ; 0 s                 ; 2.32 V                       ; 6.92e-07 V                   ; 2.35 V              ; -0.00996 V          ; 0.121 V                              ; 0.03 V                               ; 4.64e-10 s                  ; 4.47e-10 s                  ; Yes                        ; Yes                        ; 2.32 V                      ; 6.92e-07 V                  ; 2.35 V             ; -0.00996 V         ; 0.121 V                             ; 0.03 V                              ; 4.64e-10 s                 ; 4.47e-10 s                 ; Yes                       ; Yes                       ;
; in_sign_out      ; 2.5 V        ; 0 s                 ; 0 s                 ; 2.32 V                       ; 6.92e-07 V                   ; 2.35 V              ; -0.00996 V          ; 0.121 V                              ; 0.03 V                               ; 4.64e-10 s                  ; 4.47e-10 s                  ; Yes                        ; Yes                        ; 2.32 V                      ; 6.92e-07 V                  ; 2.35 V             ; -0.00996 V         ; 0.121 V                             ; 0.03 V                              ; 4.64e-10 s                 ; 4.47e-10 s                 ; Yes                       ; Yes                       ;
; ~ALTERA_DCLK~    ; 2.5 V        ; 0 s                 ; 0 s                 ; 2.32 V                       ; 3.75e-07 V                   ; 2.35 V              ; -0.0109 V           ; 0.084 V                              ; 0.027 V                              ; 4.31e-10 s                  ; 3.61e-10 s                  ; Yes                        ; Yes                        ; 2.32 V                      ; 3.75e-07 V                  ; 2.35 V             ; -0.0109 V          ; 0.084 V                             ; 0.027 V                             ; 4.31e-10 s                 ; 3.61e-10 s                 ; Yes                       ; Yes                       ;
; ~ALTERA_nCEO~    ; 2.5 V        ; 0 s                 ; 0 s                 ; 2.32 V                       ; 6.15e-07 V                   ; 2.35 V              ; -0.00712 V          ; 0.093 V                              ; 0.02 V                               ; 6.21e-10 s                  ; 7.9e-10 s                   ; Yes                        ; Yes                        ; 2.32 V                      ; 6.15e-07 V                  ; 2.35 V             ; -0.00712 V         ; 0.093 V                             ; 0.02 V                              ; 6.21e-10 s                 ; 7.9e-10 s                  ; Yes                       ; Yes                       ;
+------------------+--------------+---------------------+---------------------+------------------------------+------------------------------+---------------------+---------------------+--------------------------------------+--------------------------------------+-----------------------------+-----------------------------+----------------------------+----------------------------+-----------------------------+-----------------------------+--------------------+--------------------+-------------------------------------+-------------------------------------+----------------------------+----------------------------+---------------------------+---------------------------+


+-----------------------------------------------------------------------------------------------------------------------------------------------------------------------------------------------------------------------------------------------------------------------------------------------------------------------------------------------------------------------------------------------------------------------------------------------------------------------------------------------------------------------------------------------------------------------------------------------------------------------------------------------------------------------------------------------+
; Signal Integrity Metrics (Fast 1200mv 0c Model)                                                                                                                                                                                                                                                                                                                                                                                                                                                                                                                                                                                                                                               ;
+------------------+--------------+---------------------+---------------------+------------------------------+------------------------------+---------------------+---------------------+--------------------------------------+--------------------------------------+-----------------------------+-----------------------------+----------------------------+----------------------------+-----------------------------+-----------------------------+--------------------+--------------------+-------------------------------------+-------------------------------------+----------------------------+----------------------------+---------------------------+---------------------------+
; Pin              ; I/O Standard ; Board Delay on Rise ; Board Delay on Fall ; Steady State Voh at FPGA Pin ; Steady State Vol at FPGA Pin ; Voh Max at FPGA Pin ; Vol Min at FPGA Pin ; Ringback Voltage on Rise at FPGA Pin ; Ringback Voltage on Fall at FPGA Pin ; 10-90 Rise Time at FPGA Pin ; 90-10 Fall Time at FPGA Pin ; Monotonic Rise at FPGA Pin ; Monotonic Fall at FPGA Pin ; Steady State Voh at Far-end ; Steady State Vol at Far-end ; Voh Max at Far-end ; Vol Min at Far-end ; Ringback Voltage on Rise at Far-end ; Ringback Voltage on Fall at Far-end ; 10-90 Rise Time at Far-end ; 90-10 Fall Time at Far-end ; Monotonic Rise at Far-end ; Monotonic Fall at Far-end ;
+------------------+--------------+---------------------+---------------------+------------------------------+------------------------------+---------------------+---------------------+--------------------------------------+--------------------------------------+-----------------------------+-----------------------------+----------------------------+----------------------------+-----------------------------+-----------------------------+--------------------+--------------------+-------------------------------------+-------------------------------------+----------------------------+----------------------------+---------------------------+---------------------------+
; led_clock        ; 2.5 V        ; 0 s                 ; 0 s                 ; 2.62 V                       ; 4.05e-08 V                   ; 2.72 V              ; -0.0349 V           ; 0.173 V                              ; 0.1 V                                ; 2.72e-10 s                  ; 2.69e-10 s                  ; Yes                        ; Yes                        ; 2.62 V                      ; 4.05e-08 V                  ; 2.72 V             ; -0.0349 V          ; 0.173 V                             ; 0.1 V                               ; 2.72e-10 s                 ; 2.69e-10 s                 ; Yes                       ; Yes                       ;
; Hex0[0]          ; 2.5 V        ; 0 s                 ; 0 s                 ; 2.62 V                       ; 4.05e-08 V                   ; 2.72 V              ; -0.0349 V           ; 0.173 V                              ; 0.1 V                                ; 2.72e-10 s                  ; 2.69e-10 s                  ; Yes                        ; Yes                        ; 2.62 V                      ; 4.05e-08 V                  ; 2.72 V             ; -0.0349 V          ; 0.173 V                             ; 0.1 V                               ; 2.72e-10 s                 ; 2.69e-10 s                 ; Yes                       ; Yes                       ;
; Hex0[1]          ; 2.5 V        ; 0 s                 ; 0 s                 ; 2.62 V                       ; 4.05e-08 V                   ; 2.64 V              ; -0.0113 V           ; 0.208 V                              ; 0.179 V                              ; 2.38e-09 s                  ; 2.23e-09 s                  ; No                         ; Yes                        ; 2.62 V                      ; 4.05e-08 V                  ; 2.64 V             ; -0.0113 V          ; 0.208 V                             ; 0.179 V                             ; 2.38e-09 s                 ; 2.23e-09 s                 ; No                        ; Yes                       ;
; Hex0[2]          ; 2.5 V        ; 0 s                 ; 0 s                 ; 2.62 V                       ; 4.05e-08 V                   ; 2.72 V              ; -0.0349 V           ; 0.173 V                              ; 0.1 V                                ; 2.72e-10 s                  ; 2.69e-10 s                  ; Yes                        ; Yes                        ; 2.62 V                      ; 4.05e-08 V                  ; 2.72 V             ; -0.0349 V          ; 0.173 V                             ; 0.1 V                               ; 2.72e-10 s                 ; 2.69e-10 s                 ; Yes                       ; Yes                       ;
; Hex0[3]          ; 2.5 V        ; 0 s                 ; 0 s                 ; 2.62 V                       ; 2.74e-08 V                   ; 2.73 V              ; -0.0384 V           ; 0.169 V                              ; 0.089 V                              ; 2.7e-10 s                   ; 2.62e-10 s                  ; Yes                        ; Yes                        ; 2.62 V                      ; 2.74e-08 V                  ; 2.73 V             ; -0.0384 V          ; 0.169 V                             ; 0.089 V                             ; 2.7e-10 s                  ; 2.62e-10 s                 ; Yes                       ; Yes                       ;
; Hex0[4]          ; 2.5 V        ; 0 s                 ; 0 s                 ; 2.62 V                       ; 2.74e-08 V                   ; 2.73 V              ; -0.0384 V           ; 0.169 V                              ; 0.089 V                              ; 2.7e-10 s                   ; 2.62e-10 s                  ; Yes                        ; Yes                        ; 2.62 V                      ; 2.74e-08 V                  ; 2.73 V             ; -0.0384 V          ; 0.169 V                             ; 0.089 V                             ; 2.7e-10 s                  ; 2.62e-10 s                 ; Yes                       ; Yes                       ;
; Hex0[5]          ; 2.5 V        ; 0 s                 ; 0 s                 ; 2.62 V                       ; 2.74e-08 V                   ; 2.64 V              ; -0.0117 V           ; 0.202 V                              ; 0.176 V                              ; 2.38e-09 s                  ; 2.22e-09 s                  ; No                         ; Yes                        ; 2.62 V                      ; 2.74e-08 V                  ; 2.64 V             ; -0.0117 V          ; 0.202 V                             ; 0.176 V                             ; 2.38e-09 s                 ; 2.22e-09 s                 ; No                        ; Yes                       ;
; Hex0[6]          ; 2.5 V        ; 0 s                 ; 0 s                 ; 2.62 V                       ; 2.74e-08 V                   ; 2.73 V              ; -0.0384 V           ; 0.169 V                              ; 0.089 V                              ; 2.7e-10 s                   ; 2.62e-10 s                  ; Yes                        ; Yes                        ; 2.62 V                      ; 2.74e-08 V                  ; 2.73 V             ; -0.0384 V          ; 0.169 V                             ; 0.089 V                             ; 2.7e-10 s                  ; 2.62e-10 s                 ; Yes                       ; Yes                       ;
; Hex1[0]          ; 2.5 V        ; 0 s                 ; 0 s                 ; 2.62 V                       ; 2.74e-08 V                   ; 2.73 V              ; -0.0384 V           ; 0.169 V                              ; 0.089 V                              ; 2.7e-10 s                   ; 2.62e-10 s                  ; Yes                        ; Yes                        ; 2.62 V                      ; 2.74e-08 V                  ; 2.73 V             ; -0.0384 V          ; 0.169 V                             ; 0.089 V                             ; 2.7e-10 s                  ; 2.62e-10 s                 ; Yes                       ; Yes                       ;
; Hex1[1]          ; 2.5 V        ; 0 s                 ; 0 s                 ; 2.62 V                       ; 2.74e-08 V                   ; 2.71 V              ; -0.0317 V           ; 0.148 V                              ; 0.064 V                              ; 4.51e-10 s                  ; 4.15e-10 s                  ; No                         ; Yes                        ; 2.62 V                      ; 2.74e-08 V                  ; 2.71 V             ; -0.0317 V          ; 0.148 V                             ; 0.064 V                             ; 4.51e-10 s                 ; 4.15e-10 s                 ; No                        ; Yes                       ;
; Hex1[2]          ; 2.5 V        ; 0 s                 ; 0 s                 ; 2.62 V                       ; 2.74e-08 V                   ; 2.71 V              ; -0.0317 V           ; 0.148 V                              ; 0.064 V                              ; 4.51e-10 s                  ; 4.15e-10 s                  ; No                         ; Yes                        ; 2.62 V                      ; 2.74e-08 V                  ; 2.71 V             ; -0.0317 V          ; 0.148 V                             ; 0.064 V                             ; 4.51e-10 s                 ; 4.15e-10 s                 ; No                        ; Yes                       ;
; Hex1[3]          ; 2.5 V        ; 0 s                 ; 0 s                 ; 2.62 V                       ; 2.74e-08 V                   ; 2.71 V              ; -0.0317 V           ; 0.148 V                              ; 0.064 V                              ; 4.51e-10 s                  ; 4.15e-10 s                  ; No                         ; Yes                        ; 2.62 V                      ; 2.74e-08 V                  ; 2.71 V             ; -0.0317 V          ; 0.148 V                             ; 0.064 V                             ; 4.51e-10 s                 ; 4.15e-10 s                 ; No                        ; Yes                       ;
; Hex1[4]          ; 2.5 V        ; 0 s                 ; 0 s                 ; 2.62 V                       ; 2.74e-08 V                   ; 2.71 V              ; -0.0317 V           ; 0.148 V                              ; 0.064 V                              ; 4.51e-10 s                  ; 4.15e-10 s                  ; No                         ; Yes                        ; 2.62 V                      ; 2.74e-08 V                  ; 2.71 V             ; -0.0317 V          ; 0.148 V                             ; 0.064 V                             ; 4.51e-10 s                 ; 4.15e-10 s                 ; No                        ; Yes                       ;
; Hex1[5]          ; 2.5 V        ; 0 s                 ; 0 s                 ; 2.62 V                       ; 2.74e-08 V                   ; 2.64 V              ; -0.0117 V           ; 0.202 V                              ; 0.176 V                              ; 2.38e-09 s                  ; 2.22e-09 s                  ; No                         ; Yes                        ; 2.62 V                      ; 2.74e-08 V                  ; 2.64 V             ; -0.0117 V          ; 0.202 V                             ; 0.176 V                             ; 2.38e-09 s                 ; 2.22e-09 s                 ; No                        ; Yes                       ;
; Hex1[6]          ; 2.5 V        ; 0 s                 ; 0 s                 ; 2.62 V                       ; 2.74e-08 V                   ; 2.64 V              ; -0.0117 V           ; 0.202 V                              ; 0.176 V                              ; 2.38e-09 s                  ; 2.22e-09 s                  ; No                         ; Yes                        ; 2.62 V                      ; 2.74e-08 V                  ; 2.64 V             ; -0.0117 V          ; 0.202 V                             ; 0.176 V                             ; 2.38e-09 s                 ; 2.22e-09 s                 ; No                        ; Yes                       ;
; Hex2[0]          ; 2.5 V        ; 0 s                 ; 0 s                 ; 2.62 V                       ; 2.74e-08 V                   ; 2.71 V              ; -0.0317 V           ; 0.148 V                              ; 0.064 V                              ; 4.51e-10 s                  ; 4.15e-10 s                  ; No                         ; Yes                        ; 2.62 V                      ; 2.74e-08 V                  ; 2.71 V             ; -0.0317 V          ; 0.148 V                             ; 0.064 V                             ; 4.51e-10 s                 ; 4.15e-10 s                 ; No                        ; Yes                       ;
; Hex2[1]          ; 2.5 V        ; 0 s                 ; 0 s                 ; 2.62 V                       ; 2.74e-08 V                   ; 2.71 V              ; -0.0317 V           ; 0.148 V                              ; 0.064 V                              ; 4.51e-10 s                  ; 4.15e-10 s                  ; No                         ; Yes                        ; 2.62 V                      ; 2.74e-08 V                  ; 2.71 V             ; -0.0317 V          ; 0.148 V                             ; 0.064 V                             ; 4.51e-10 s                 ; 4.15e-10 s                 ; No                        ; Yes                       ;
; Hex2[2]          ; 2.5 V        ; 0 s                 ; 0 s                 ; 2.62 V                       ; 2.74e-08 V                   ; 2.71 V              ; -0.0317 V           ; 0.148 V                              ; 0.064 V                              ; 4.51e-10 s                  ; 4.15e-10 s                  ; No                         ; Yes                        ; 2.62 V                      ; 2.74e-08 V                  ; 2.71 V             ; -0.0317 V          ; 0.148 V                             ; 0.064 V                             ; 4.51e-10 s                 ; 4.15e-10 s                 ; No                        ; Yes                       ;
; Hex2[3]          ; 2.5 V        ; 0 s                 ; 0 s                 ; 2.62 V                       ; 2.74e-08 V                   ; 2.71 V              ; -0.0317 V           ; 0.148 V                              ; 0.064 V                              ; 4.51e-10 s                  ; 4.15e-10 s                  ; No                         ; Yes                        ; 2.62 V                      ; 2.74e-08 V                  ; 2.71 V             ; -0.0317 V          ; 0.148 V                             ; 0.064 V                             ; 4.51e-10 s                 ; 4.15e-10 s                 ; No                        ; Yes                       ;
; Hex2[4]          ; 2.5 V        ; 0 s                 ; 0 s                 ; 2.62 V                       ; 2.74e-08 V                   ; 2.71 V              ; -0.0317 V           ; 0.148 V                              ; 0.064 V                              ; 4.51e-10 s                  ; 4.15e-10 s                  ; No                         ; Yes                        ; 2.62 V                      ; 2.74e-08 V                  ; 2.71 V             ; -0.0317 V          ; 0.148 V                             ; 0.064 V                             ; 4.51e-10 s                 ; 4.15e-10 s                 ; No                        ; Yes                       ;
; Hex2[5]          ; 2.5 V        ; 0 s                 ; 0 s                 ; 2.62 V                       ; 2.74e-08 V                   ; 2.71 V              ; -0.0317 V           ; 0.148 V                              ; 0.064 V                              ; 4.51e-10 s                  ; 4.15e-10 s                  ; No                         ; Yes                        ; 2.62 V                      ; 2.74e-08 V                  ; 2.71 V             ; -0.0317 V          ; 0.148 V                             ; 0.064 V                             ; 4.51e-10 s                 ; 4.15e-10 s                 ; No                        ; Yes                       ;
; Hex2[6]          ; 2.5 V        ; 0 s                 ; 0 s                 ; 2.62 V                       ; 2.74e-08 V                   ; 2.71 V              ; -0.0317 V           ; 0.148 V                              ; 0.064 V                              ; 4.51e-10 s                  ; 4.15e-10 s                  ; No                         ; Yes                        ; 2.62 V                      ; 2.74e-08 V                  ; 2.71 V             ; -0.0317 V          ; 0.148 V                             ; 0.064 V                             ; 4.51e-10 s                 ; 4.15e-10 s                 ; No                        ; Yes                       ;
; Hex3[0]          ; 2.5 V        ; 0 s                 ; 0 s                 ; 2.62 V                       ; 2.74e-08 V                   ; 2.71 V              ; -0.0317 V           ; 0.148 V                              ; 0.064 V                              ; 4.51e-10 s                  ; 4.15e-10 s                  ; No                         ; Yes                        ; 2.62 V                      ; 2.74e-08 V                  ; 2.71 V             ; -0.0317 V          ; 0.148 V                             ; 0.064 V                             ; 4.51e-10 s                 ; 4.15e-10 s                 ; No                        ; Yes                       ;
; Hex3[1]          ; 2.5 V        ; 0 s                 ; 0 s                 ; 2.62 V                       ; 2.74e-08 V                   ; 2.73 V              ; -0.0384 V           ; 0.169 V                              ; 0.089 V                              ; 2.7e-10 s                   ; 2.62e-10 s                  ; Yes                        ; Yes                        ; 2.62 V                      ; 2.74e-08 V                  ; 2.73 V             ; -0.0384 V          ; 0.169 V                             ; 0.089 V                             ; 2.7e-10 s                  ; 2.62e-10 s                 ; Yes                       ; Yes                       ;
; Hex3[2]          ; 2.5 V        ; 0 s                 ; 0 s                 ; 2.62 V                       ; 4.05e-08 V                   ; 2.64 V              ; -0.0113 V           ; 0.208 V                              ; 0.179 V                              ; 2.38e-09 s                  ; 2.23e-09 s                  ; No                         ; Yes                        ; 2.62 V                      ; 4.05e-08 V                  ; 2.64 V             ; -0.0113 V          ; 0.208 V                             ; 0.179 V                             ; 2.38e-09 s                 ; 2.23e-09 s                 ; No                        ; Yes                       ;
; Hex3[3]          ; 2.5 V        ; 0 s                 ; 0 s                 ; 2.62 V                       ; 4.05e-08 V                   ; 2.72 V              ; -0.0349 V           ; 0.173 V                              ; 0.1 V                                ; 2.72e-10 s                  ; 2.69e-10 s                  ; Yes                        ; Yes                        ; 2.62 V                      ; 4.05e-08 V                  ; 2.72 V             ; -0.0349 V          ; 0.173 V                             ; 0.1 V                               ; 2.72e-10 s                 ; 2.69e-10 s                 ; Yes                       ; Yes                       ;
; Hex3[4]          ; 2.5 V        ; 0 s                 ; 0 s                 ; 2.62 V                       ; 4.05e-08 V                   ; 2.72 V              ; -0.0349 V           ; 0.173 V                              ; 0.1 V                                ; 2.72e-10 s                  ; 2.69e-10 s                  ; Yes                        ; Yes                        ; 2.62 V                      ; 4.05e-08 V                  ; 2.72 V             ; -0.0349 V          ; 0.173 V                             ; 0.1 V                               ; 2.72e-10 s                 ; 2.69e-10 s                 ; Yes                       ; Yes                       ;
; Hex3[5]          ; 2.5 V        ; 0 s                 ; 0 s                 ; 2.62 V                       ; 4.05e-08 V                   ; 2.72 V              ; -0.0349 V           ; 0.173 V                              ; 0.1 V                                ; 2.72e-10 s                  ; 2.69e-10 s                  ; Yes                        ; Yes                        ; 2.62 V                      ; 4.05e-08 V                  ; 2.72 V             ; -0.0349 V          ; 0.173 V                             ; 0.1 V                               ; 2.72e-10 s                 ; 2.69e-10 s                 ; Yes                       ; Yes                       ;
; Hex3[6]          ; 2.5 V        ; 0 s                 ; 0 s                 ; 2.62 V                       ; 4.05e-08 V                   ; 2.72 V              ; -0.0349 V           ; 0.173 V                              ; 0.1 V                                ; 2.72e-10 s                  ; 2.69e-10 s                  ; Yes                        ; Yes                        ; 2.62 V                      ; 4.05e-08 V                  ; 2.72 V             ; -0.0349 V          ; 0.173 V                             ; 0.1 V                               ; 2.72e-10 s                 ; 2.69e-10 s                 ; Yes                       ; Yes                       ;
; Hex4[0]          ; 2.5 V        ; 0 s                 ; 0 s                 ; 2.62 V                       ; 4.05e-08 V                   ; 2.72 V              ; -0.0349 V           ; 0.173 V                              ; 0.1 V                                ; 2.72e-10 s                  ; 2.69e-10 s                  ; Yes                        ; Yes                        ; 2.62 V                      ; 4.05e-08 V                  ; 2.72 V             ; -0.0349 V          ; 0.173 V                             ; 0.1 V                               ; 2.72e-10 s                 ; 2.69e-10 s                 ; Yes                       ; Yes                       ;
; Hex4[1]          ; 2.5 V        ; 0 s                 ; 0 s                 ; 2.62 V                       ; 4.05e-08 V                   ; 2.72 V              ; -0.0349 V           ; 0.173 V                              ; 0.1 V                                ; 2.72e-10 s                  ; 2.69e-10 s                  ; Yes                        ; Yes                        ; 2.62 V                      ; 4.05e-08 V                  ; 2.72 V             ; -0.0349 V          ; 0.173 V                             ; 0.1 V                               ; 2.72e-10 s                 ; 2.69e-10 s                 ; Yes                       ; Yes                       ;
; Hex4[2]          ; 2.5 V        ; 0 s                 ; 0 s                 ; 2.62 V                       ; 4.05e-08 V                   ; 2.72 V              ; -0.0349 V           ; 0.173 V                              ; 0.1 V                                ; 2.72e-10 s                  ; 2.69e-10 s                  ; Yes                        ; Yes                        ; 2.62 V                      ; 4.05e-08 V                  ; 2.72 V             ; -0.0349 V          ; 0.173 V                             ; 0.1 V                               ; 2.72e-10 s                 ; 2.69e-10 s                 ; Yes                       ; Yes                       ;
; Hex4[3]          ; 2.5 V        ; 0 s                 ; 0 s                 ; 2.62 V                       ; 4.05e-08 V                   ; 2.72 V              ; -0.0349 V           ; 0.173 V                              ; 0.1 V                                ; 2.72e-10 s                  ; 2.69e-10 s                  ; Yes                        ; Yes                        ; 2.62 V                      ; 4.05e-08 V                  ; 2.72 V             ; -0.0349 V          ; 0.173 V                             ; 0.1 V                               ; 2.72e-10 s                 ; 2.69e-10 s                 ; Yes                       ; Yes                       ;
; Hex4[4]          ; 2.5 V        ; 0 s                 ; 0 s                 ; 2.62 V                       ; 4.05e-08 V                   ; 2.72 V              ; -0.0349 V           ; 0.173 V                              ; 0.1 V                                ; 2.72e-10 s                  ; 2.69e-10 s                  ; Yes                        ; Yes                        ; 2.62 V                      ; 4.05e-08 V                  ; 2.72 V             ; -0.0349 V          ; 0.173 V                             ; 0.1 V                               ; 2.72e-10 s                 ; 2.69e-10 s                 ; Yes                       ; Yes                       ;
; Hex4[5]          ; 2.5 V        ; 0 s                 ; 0 s                 ; 2.62 V                       ; 4.05e-08 V                   ; 2.72 V              ; -0.0349 V           ; 0.173 V                              ; 0.1 V                                ; 2.72e-10 s                  ; 2.69e-10 s                  ; Yes                        ; Yes                        ; 2.62 V                      ; 4.05e-08 V                  ; 2.72 V             ; -0.0349 V          ; 0.173 V                             ; 0.1 V                               ; 2.72e-10 s                 ; 2.69e-10 s                 ; Yes                       ; Yes                       ;
; Hex4[6]          ; 2.5 V        ; 0 s                 ; 0 s                 ; 2.62 V                       ; 4.05e-08 V                   ; 2.72 V              ; -0.0349 V           ; 0.173 V                              ; 0.1 V                                ; 2.72e-10 s                  ; 2.69e-10 s                  ; Yes                        ; Yes                        ; 2.62 V                      ; 4.05e-08 V                  ; 2.72 V             ; -0.0349 V          ; 0.173 V                             ; 0.1 V                               ; 2.72e-10 s                 ; 2.69e-10 s                 ; Yes                       ; Yes                       ;
; Hex5[0]          ; 2.5 V        ; 0 s                 ; 0 s                 ; 2.62 V                       ; 4.05e-08 V                   ; 2.72 V              ; -0.0349 V           ; 0.173 V                              ; 0.1 V                                ; 2.72e-10 s                  ; 2.69e-10 s                  ; Yes                        ; Yes                        ; 2.62 V                      ; 4.05e-08 V                  ; 2.72 V             ; -0.0349 V          ; 0.173 V                             ; 0.1 V                               ; 2.72e-10 s                 ; 2.69e-10 s                 ; Yes                       ; Yes                       ;
; Hex5[1]          ; 2.5 V        ; 0 s                 ; 0 s                 ; 2.62 V                       ; 4.05e-08 V                   ; 2.64 V              ; -0.0113 V           ; 0.208 V                              ; 0.179 V                              ; 2.38e-09 s                  ; 2.23e-09 s                  ; No                         ; Yes                        ; 2.62 V                      ; 4.05e-08 V                  ; 2.64 V             ; -0.0113 V          ; 0.208 V                             ; 0.179 V                             ; 2.38e-09 s                 ; 2.23e-09 s                 ; No                        ; Yes                       ;
; Hex5[2]          ; 2.5 V        ; 0 s                 ; 0 s                 ; 2.62 V                       ; 4.05e-08 V                   ; 2.72 V              ; -0.0349 V           ; 0.173 V                              ; 0.1 V                                ; 2.72e-10 s                  ; 2.69e-10 s                  ; Yes                        ; Yes                        ; 2.62 V                      ; 4.05e-08 V                  ; 2.72 V             ; -0.0349 V          ; 0.173 V                             ; 0.1 V                               ; 2.72e-10 s                 ; 2.69e-10 s                 ; Yes                       ; Yes                       ;
; Hex5[3]          ; 2.5 V        ; 0 s                 ; 0 s                 ; 2.62 V                       ; 4.05e-08 V                   ; 2.72 V              ; -0.0349 V           ; 0.173 V                              ; 0.1 V                                ; 2.72e-10 s                  ; 2.69e-10 s                  ; Yes                        ; Yes                        ; 2.62 V                      ; 4.05e-08 V                  ; 2.72 V             ; -0.0349 V          ; 0.173 V                             ; 0.1 V                               ; 2.72e-10 s                 ; 2.69e-10 s                 ; Yes                       ; Yes                       ;
; Hex5[4]          ; 2.5 V        ; 0 s                 ; 0 s                 ; 2.62 V                       ; 4.05e-08 V                   ; 2.72 V              ; -0.0349 V           ; 0.173 V                              ; 0.1 V                                ; 2.72e-10 s                  ; 2.69e-10 s                  ; Yes                        ; Yes                        ; 2.62 V                      ; 4.05e-08 V                  ; 2.72 V             ; -0.0349 V          ; 0.173 V                             ; 0.1 V                               ; 2.72e-10 s                 ; 2.69e-10 s                 ; Yes                       ; Yes                       ;
; Hex5[5]          ; 2.5 V        ; 0 s                 ; 0 s                 ; 2.62 V                       ; 4.05e-08 V                   ; 2.72 V              ; -0.0349 V           ; 0.173 V                              ; 0.1 V                                ; 2.72e-10 s                  ; 2.69e-10 s                  ; Yes                        ; Yes                        ; 2.62 V                      ; 4.05e-08 V                  ; 2.72 V             ; -0.0349 V          ; 0.173 V                             ; 0.1 V                               ; 2.72e-10 s                 ; 2.69e-10 s                 ; Yes                       ; Yes                       ;
; Hex5[6]          ; 2.5 V        ; 0 s                 ; 0 s                 ; 2.62 V                       ; 4.05e-08 V                   ; 2.72 V              ; -0.0349 V           ; 0.173 V                              ; 0.1 V                                ; 2.72e-10 s                  ; 2.69e-10 s                  ; Yes                        ; Yes                        ; 2.62 V                      ; 4.05e-08 V                  ; 2.72 V             ; -0.0349 V          ; 0.173 V                             ; 0.1 V                               ; 2.72e-10 s                 ; 2.69e-10 s                 ; Yes                       ; Yes                       ;
; Hex6[0]          ; 2.5 V        ; 0 s                 ; 0 s                 ; 2.62 V                       ; 4.05e-08 V                   ; 2.72 V              ; -0.0349 V           ; 0.173 V                              ; 0.1 V                                ; 2.72e-10 s                  ; 2.69e-10 s                  ; Yes                        ; Yes                        ; 2.62 V                      ; 4.05e-08 V                  ; 2.72 V             ; -0.0349 V          ; 0.173 V                             ; 0.1 V                               ; 2.72e-10 s                 ; 2.69e-10 s                 ; Yes                       ; Yes                       ;
; Hex6[1]          ; 2.5 V        ; 0 s                 ; 0 s                 ; 2.62 V                       ; 4.05e-08 V                   ; 2.72 V              ; -0.0349 V           ; 0.173 V                              ; 0.1 V                                ; 2.72e-10 s                  ; 2.69e-10 s                  ; Yes                        ; Yes                        ; 2.62 V                      ; 4.05e-08 V                  ; 2.72 V             ; -0.0349 V          ; 0.173 V                             ; 0.1 V                               ; 2.72e-10 s                 ; 2.69e-10 s                 ; Yes                       ; Yes                       ;
; Hex6[2]          ; 2.5 V        ; 0 s                 ; 0 s                 ; 2.62 V                       ; 4.05e-08 V                   ; 2.72 V              ; -0.0349 V           ; 0.173 V                              ; 0.1 V                                ; 2.72e-10 s                  ; 2.69e-10 s                  ; Yes                        ; Yes                        ; 2.62 V                      ; 4.05e-08 V                  ; 2.72 V             ; -0.0349 V          ; 0.173 V                             ; 0.1 V                               ; 2.72e-10 s                 ; 2.69e-10 s                 ; Yes                       ; Yes                       ;
; Hex6[3]          ; 2.5 V        ; 0 s                 ; 0 s                 ; 2.62 V                       ; 4.05e-08 V                   ; 2.72 V              ; -0.0349 V           ; 0.173 V                              ; 0.1 V                                ; 2.72e-10 s                  ; 2.69e-10 s                  ; Yes                        ; Yes                        ; 2.62 V                      ; 4.05e-08 V                  ; 2.72 V             ; -0.0349 V          ; 0.173 V                             ; 0.1 V                               ; 2.72e-10 s                 ; 2.69e-10 s                 ; Yes                       ; Yes                       ;
; Hex6[4]          ; 2.5 V        ; 0 s                 ; 0 s                 ; 2.62 V                       ; 4.05e-08 V                   ; 2.72 V              ; -0.0349 V           ; 0.173 V                              ; 0.1 V                                ; 2.72e-10 s                  ; 2.69e-10 s                  ; Yes                        ; Yes                        ; 2.62 V                      ; 4.05e-08 V                  ; 2.72 V             ; -0.0349 V          ; 0.173 V                             ; 0.1 V                               ; 2.72e-10 s                 ; 2.69e-10 s                 ; Yes                       ; Yes                       ;
; Hex6[5]          ; 2.5 V        ; 0 s                 ; 0 s                 ; 2.62 V                       ; 4.05e-08 V                   ; 2.64 V              ; -0.0113 V           ; 0.208 V                              ; 0.179 V                              ; 2.38e-09 s                  ; 2.23e-09 s                  ; No                         ; Yes                        ; 2.62 V                      ; 4.05e-08 V                  ; 2.64 V             ; -0.0113 V          ; 0.208 V                             ; 0.179 V                             ; 2.38e-09 s                 ; 2.23e-09 s                 ; No                        ; Yes                       ;
; Hex6[6]          ; 2.5 V        ; 0 s                 ; 0 s                 ; 2.62 V                       ; 4.05e-08 V                   ; 2.72 V              ; -0.0349 V           ; 0.173 V                              ; 0.1 V                                ; 2.72e-10 s                  ; 2.69e-10 s                  ; Yes                        ; Yes                        ; 2.62 V                      ; 4.05e-08 V                  ; 2.72 V             ; -0.0349 V          ; 0.173 V                             ; 0.1 V                               ; 2.72e-10 s                 ; 2.69e-10 s                 ; Yes                       ; Yes                       ;
; Hex7[0]          ; 2.5 V        ; 0 s                 ; 0 s                 ; 2.62 V                       ; 4.05e-08 V                   ; 2.72 V              ; -0.0349 V           ; 0.173 V                              ; 0.1 V                                ; 2.72e-10 s                  ; 2.69e-10 s                  ; Yes                        ; Yes                        ; 2.62 V                      ; 4.05e-08 V                  ; 2.72 V             ; -0.0349 V          ; 0.173 V                             ; 0.1 V                               ; 2.72e-10 s                 ; 2.69e-10 s                 ; Yes                       ; Yes                       ;
; Hex7[1]          ; 2.5 V        ; 0 s                 ; 0 s                 ; 2.62 V                       ; 4.05e-08 V                   ; 2.72 V              ; -0.0349 V           ; 0.173 V                              ; 0.1 V                                ; 2.72e-10 s                  ; 2.69e-10 s                  ; Yes                        ; Yes                        ; 2.62 V                      ; 4.05e-08 V                  ; 2.72 V             ; -0.0349 V          ; 0.173 V                             ; 0.1 V                               ; 2.72e-10 s                 ; 2.69e-10 s                 ; Yes                       ; Yes                       ;
; Hex7[2]          ; 2.5 V        ; 0 s                 ; 0 s                 ; 2.62 V                       ; 4.05e-08 V                   ; 2.72 V              ; -0.0349 V           ; 0.173 V                              ; 0.1 V                                ; 2.72e-10 s                  ; 2.69e-10 s                  ; Yes                        ; Yes                        ; 2.62 V                      ; 4.05e-08 V                  ; 2.72 V             ; -0.0349 V          ; 0.173 V                             ; 0.1 V                               ; 2.72e-10 s                 ; 2.69e-10 s                 ; Yes                       ; Yes                       ;
; Hex7[3]          ; 2.5 V        ; 0 s                 ; 0 s                 ; 2.62 V                       ; 4.05e-08 V                   ; 2.72 V              ; -0.0349 V           ; 0.173 V                              ; 0.1 V                                ; 2.72e-10 s                  ; 2.69e-10 s                  ; Yes                        ; Yes                        ; 2.62 V                      ; 4.05e-08 V                  ; 2.72 V             ; -0.0349 V          ; 0.173 V                             ; 0.1 V                               ; 2.72e-10 s                 ; 2.69e-10 s                 ; Yes                       ; Yes                       ;
; Hex7[4]          ; 2.5 V        ; 0 s                 ; 0 s                 ; 2.62 V                       ; 4.05e-08 V                   ; 2.72 V              ; -0.0349 V           ; 0.173 V                              ; 0.1 V                                ; 2.72e-10 s                  ; 2.69e-10 s                  ; Yes                        ; Yes                        ; 2.62 V                      ; 4.05e-08 V                  ; 2.72 V             ; -0.0349 V          ; 0.173 V                             ; 0.1 V                               ; 2.72e-10 s                 ; 2.69e-10 s                 ; Yes                       ; Yes                       ;
; Hex7[5]          ; 2.5 V        ; 0 s                 ; 0 s                 ; 2.62 V                       ; 4.05e-08 V                   ; 2.72 V              ; -0.0349 V           ; 0.173 V                              ; 0.1 V                                ; 2.72e-10 s                  ; 2.69e-10 s                  ; Yes                        ; Yes                        ; 2.62 V                      ; 4.05e-08 V                  ; 2.72 V             ; -0.0349 V          ; 0.173 V                             ; 0.1 V                               ; 2.72e-10 s                 ; 2.69e-10 s                 ; Yes                       ; Yes                       ;
; Hex7[6]          ; 2.5 V        ; 0 s                 ; 0 s                 ; 2.62 V                       ; 4.05e-08 V                   ; 2.72 V              ; -0.0349 V           ; 0.173 V                              ; 0.1 V                                ; 2.72e-10 s                  ; 2.69e-10 s                  ; Yes                        ; Yes                        ; 2.62 V                      ; 4.05e-08 V                  ; 2.72 V             ; -0.0349 V          ; 0.173 V                             ; 0.1 V                               ; 2.72e-10 s                 ; 2.69e-10 s                 ; Yes                       ; Yes                       ;
; switches_leds[0] ; 2.5 V        ; 0 s                 ; 0 s                 ; 2.62 V                       ; 4.05e-08 V                   ; 2.72 V              ; -0.0349 V           ; 0.173 V                              ; 0.1 V                                ; 2.72e-10 s                  ; 2.69e-10 s                  ; Yes                        ; Yes                        ; 2.62 V                      ; 4.05e-08 V                  ; 2.72 V             ; -0.0349 V          ; 0.173 V                             ; 0.1 V                               ; 2.72e-10 s                 ; 2.69e-10 s                 ; Yes                       ; Yes                       ;
; switches_leds[1] ; 2.5 V        ; 0 s                 ; 0 s                 ; 2.62 V                       ; 4.05e-08 V                   ; 2.72 V              ; -0.0349 V           ; 0.173 V                              ; 0.1 V                                ; 2.72e-10 s                  ; 2.69e-10 s                  ; Yes                        ; Yes                        ; 2.62 V                      ; 4.05e-08 V                  ; 2.72 V             ; -0.0349 V          ; 0.173 V                             ; 0.1 V                               ; 2.72e-10 s                 ; 2.69e-10 s                 ; Yes                       ; Yes                       ;
; switches_leds[2] ; 2.5 V        ; 0 s                 ; 0 s                 ; 2.62 V                       ; 4.05e-08 V                   ; 2.72 V              ; -0.0349 V           ; 0.173 V                              ; 0.1 V                                ; 2.72e-10 s                  ; 2.69e-10 s                  ; Yes                        ; Yes                        ; 2.62 V                      ; 4.05e-08 V                  ; 2.72 V             ; -0.0349 V          ; 0.173 V                             ; 0.1 V                               ; 2.72e-10 s                 ; 2.69e-10 s                 ; Yes                       ; Yes                       ;
; switches_leds[3] ; 2.5 V        ; 0 s                 ; 0 s                 ; 2.62 V                       ; 4.05e-08 V                   ; 2.64 V              ; -0.0113 V           ; 0.208 V                              ; 0.179 V                              ; 2.38e-09 s                  ; 2.23e-09 s                  ; No                         ; Yes                        ; 2.62 V                      ; 4.05e-08 V                  ; 2.64 V             ; -0.0113 V          ; 0.208 V                             ; 0.179 V                             ; 2.38e-09 s                 ; 2.23e-09 s                 ; No                        ; Yes                       ;
; switches_leds[4] ; 2.5 V        ; 0 s                 ; 0 s                 ; 2.62 V                       ; 4.05e-08 V                   ; 2.72 V              ; -0.0349 V           ; 0.173 V                              ; 0.1 V                                ; 2.72e-10 s                  ; 2.69e-10 s                  ; Yes                        ; Yes                        ; 2.62 V                      ; 4.05e-08 V                  ; 2.72 V             ; -0.0349 V          ; 0.173 V                             ; 0.1 V                               ; 2.72e-10 s                 ; 2.69e-10 s                 ; Yes                       ; Yes                       ;
; switches_leds[5] ; 2.5 V        ; 0 s                 ; 0 s                 ; 2.62 V                       ; 4.05e-08 V                   ; 2.72 V              ; -0.0349 V           ; 0.173 V                              ; 0.1 V                                ; 2.72e-10 s                  ; 2.69e-10 s                  ; Yes                        ; Yes                        ; 2.62 V                      ; 4.05e-08 V                  ; 2.72 V             ; -0.0349 V          ; 0.173 V                             ; 0.1 V                               ; 2.72e-10 s                 ; 2.69e-10 s                 ; Yes                       ; Yes                       ;
; btn_out          ; 2.5 V        ; 0 s                 ; 0 s                 ; 2.62 V                       ; 4.05e-08 V                   ; 2.72 V              ; -0.0349 V           ; 0.173 V                              ; 0.1 V                                ; 2.72e-10 s                  ; 2.69e-10 s                  ; Yes                        ; Yes                        ; 2.62 V                      ; 4.05e-08 V                  ; 2.72 V             ; -0.0349 V          ; 0.173 V                             ; 0.1 V                               ; 2.72e-10 s                 ; 2.69e-10 s                 ; Yes                       ; Yes                       ;
; in_sign_out      ; 2.5 V        ; 0 s                 ; 0 s                 ; 2.62 V                       ; 4.05e-08 V                   ; 2.72 V              ; -0.0349 V           ; 0.173 V                              ; 0.1 V                                ; 2.72e-10 s                  ; 2.69e-10 s                  ; Yes                        ; Yes                        ; 2.62 V                      ; 4.05e-08 V                  ; 2.72 V             ; -0.0349 V          ; 0.173 V                             ; 0.1 V                               ; 2.72e-10 s                 ; 2.69e-10 s                 ; Yes                       ; Yes                       ;
; ~ALTERA_DCLK~    ; 2.5 V        ; 0 s                 ; 0 s                 ; 2.62 V                       ; 2.22e-08 V                   ; 2.74 V              ; -0.06 V             ; 0.158 V                              ; 0.08 V                               ; 2.68e-10 s                  ; 2.19e-10 s                  ; Yes                        ; Yes                        ; 2.62 V                      ; 2.22e-08 V                  ; 2.74 V             ; -0.06 V            ; 0.158 V                             ; 0.08 V                              ; 2.68e-10 s                 ; 2.19e-10 s                 ; Yes                       ; Yes                       ;
; ~ALTERA_nCEO~    ; 2.5 V        ; 0 s                 ; 0 s                 ; 2.62 V                       ; 3.54e-08 V                   ; 2.7 V               ; -0.00943 V          ; 0.276 V                              ; 0.035 V                              ; 3.19e-10 s                  ; 4.99e-10 s                  ; No                         ; Yes                        ; 2.62 V                      ; 3.54e-08 V                  ; 2.7 V              ; -0.00943 V         ; 0.276 V                             ; 0.035 V                             ; 3.19e-10 s                 ; 4.99e-10 s                 ; No                        ; Yes                       ;
+------------------+--------------+---------------------+---------------------+------------------------------+------------------------------+---------------------+---------------------+--------------------------------------+--------------------------------------+-----------------------------+-----------------------------+----------------------------+----------------------------+-----------------------------+-----------------------------+--------------------+--------------------+-------------------------------------+-------------------------------------+----------------------------+----------------------------+---------------------------+---------------------------+


+---------------------------------------------------------------------------------------------------------------------------------------+
; Setup Transfers                                                                                                                       ;
+-----------------------------------------+-----------------------------------------+--------------+--------------+----------+----------+
; From Clock                              ; To Clock                                ; RR Paths     ; FR Paths     ; RF Paths ; FF Paths ;
+-----------------------------------------+-----------------------------------------+--------------+--------------+----------+----------+
; clk_50                                  ; clk_50                                  ; 450          ; 0            ; 0        ; 0        ;
; DivisorFrequencia:Divisor_inst|clkSaida ; clk_50                                  ; 1            ; 1            ; 0        ; 0        ;
; btn_in                                  ; DivisorFrequencia:Divisor_inst|clkSaida ; 0            ; 82           ; 0        ; 64       ;
; DivisorFrequencia:Divisor_inst|clkSaida ; DivisorFrequencia:Divisor_inst|clkSaida ; > 2147483647 ; > 2147483647 ; 107744   ; 72543030 ;
+-----------------------------------------+-----------------------------------------+--------------+--------------+----------+----------+
Entries labeled "false path" only account for clock-to-clock false paths and not path-based false paths. As a result, actual path counts may be lower than reported.


+---------------------------------------------------------------------------------------------------------------------------------------+
; Hold Transfers                                                                                                                        ;
+-----------------------------------------+-----------------------------------------+--------------+--------------+----------+----------+
; From Clock                              ; To Clock                                ; RR Paths     ; FR Paths     ; RF Paths ; FF Paths ;
+-----------------------------------------+-----------------------------------------+--------------+--------------+----------+----------+
; clk_50                                  ; clk_50                                  ; 450          ; 0            ; 0        ; 0        ;
; DivisorFrequencia:Divisor_inst|clkSaida ; clk_50                                  ; 1            ; 1            ; 0        ; 0        ;
; btn_in                                  ; DivisorFrequencia:Divisor_inst|clkSaida ; 0            ; 82           ; 0        ; 64       ;
; DivisorFrequencia:Divisor_inst|clkSaida ; DivisorFrequencia:Divisor_inst|clkSaida ; > 2147483647 ; > 2147483647 ; 107744   ; 72543030 ;
+-----------------------------------------+-----------------------------------------+--------------+--------------+----------+----------+
Entries labeled "false path" only account for clock-to-clock false paths and not path-based false paths. As a result, actual path counts may be lower than reported.


+------------------------------------------------------------------------------------------------+
; Recovery Transfers                                                                             ;
+-----------------------------------------+----------+----------+----------+----------+----------+
; From Clock                              ; To Clock ; RR Paths ; FR Paths ; RF Paths ; FF Paths ;
+-----------------------------------------+----------+----------+----------+----------+----------+
; DivisorFrequencia:Divisor_inst|clkSaida ; btn_in   ; 0        ; 0        ; 0        ; 107      ;
+-----------------------------------------+----------+----------+----------+----------+----------+
Entries labeled "false path" only account for clock-to-clock false paths and not path-based false paths. As a result, actual path counts may be lower than reported.


+------------------------------------------------------------------------------------------------+
; Removal Transfers                                                                              ;
+-----------------------------------------+----------+----------+----------+----------+----------+
; From Clock                              ; To Clock ; RR Paths ; FR Paths ; RF Paths ; FF Paths ;
+-----------------------------------------+----------+----------+----------+----------+----------+
; DivisorFrequencia:Divisor_inst|clkSaida ; btn_in   ; 0        ; 0        ; 0        ; 107      ;
+-----------------------------------------+----------+----------+----------+----------+----------+
Entries labeled "false path" only account for clock-to-clock false paths and not path-based false paths. As a result, actual path counts may be lower than reported.


---------------
; Report TCCS ;
---------------
No dedicated SERDES Transmitter circuitry present in device or used in design


---------------
; Report RSKM ;
---------------
No non-DPA dedicated SERDES Receiver circuitry present in device or used in design


+------------------------------------------------+
; Unconstrained Paths Summary                    ;
+---------------------------------+-------+------+
; Property                        ; Setup ; Hold ;
+---------------------------------+-------+------+
; Illegal Clocks                  ; 0     ; 0    ;
; Unconstrained Clocks            ; 0     ; 0    ;
; Unconstrained Input Ports       ; 20    ; 20   ;
; Unconstrained Input Port Paths  ; 413   ; 413  ;
; Unconstrained Output Ports      ; 65    ; 65   ;
; Unconstrained Output Port Paths ; 1612  ; 1612 ;
+---------------------------------+-------+------+


+--------------------------------------------------------------------------------------------------------+
; Clock Status Summary                                                                                   ;
+-----------------------------------------+-----------------------------------------+------+-------------+
; Target                                  ; Clock                                   ; Type ; Status      ;
+-----------------------------------------+-----------------------------------------+------+-------------+
; DivisorFrequencia:Divisor_inst|clkSaida ; DivisorFrequencia:Divisor_inst|clkSaida ; Base ; Constrained ;
; btn_in                                  ; btn_in                                  ; Base ; Constrained ;
; clk_50                                  ; clk_50                                  ; Base ; Constrained ;
+-----------------------------------------+-----------------------------------------+------+-------------+


+-----------------------------------------------------------------------------------------------------+
; Unconstrained Input Ports                                                                           ;
+--------------+--------------------------------------------------------------------------------------+
; Input Port   ; Comment                                                                              ;
+--------------+--------------------------------------------------------------------------------------+
; btn_in       ; No input delay, min/max delays, false-path exceptions, or max skew assignments found ;
; rst          ; No input delay, min/max delays, false-path exceptions, or max skew assignments found ;
; switches[0]  ; No input delay, min/max delays, false-path exceptions, or max skew assignments found ;
; switches[1]  ; No input delay, min/max delays, false-path exceptions, or max skew assignments found ;
; switches[2]  ; No input delay, min/max delays, false-path exceptions, or max skew assignments found ;
; switches[3]  ; No input delay, min/max delays, false-path exceptions, or max skew assignments found ;
; switches[4]  ; No input delay, min/max delays, false-path exceptions, or max skew assignments found ;
; switches[5]  ; No input delay, min/max delays, false-path exceptions, or max skew assignments found ;
; switches[6]  ; No input delay, min/max delays, false-path exceptions, or max skew assignments found ;
; switches[7]  ; No input delay, min/max delays, false-path exceptions, or max skew assignments found ;
; switches[8]  ; No input delay, min/max delays, false-path exceptions, or max skew assignments found ;
; switches[9]  ; No input delay, min/max delays, false-path exceptions, or max skew assignments found ;
; switches[10] ; No input delay, min/max delays, false-path exceptions, or max skew assignments found ;
; switches[11] ; No input delay, min/max delays, false-path exceptions, or max skew assignments found ;
; switches[12] ; No input delay, min/max delays, false-path exceptions, or max skew assignments found ;
; switches[13] ; No input delay, min/max delays, false-path exceptions, or max skew assignments found ;
; switches[14] ; No input delay, min/max delays, false-path exceptions, or max skew assignments found ;
; switches[15] ; No input delay, min/max delays, false-path exceptions, or max skew assignments found ;
; switches[16] ; No input delay, min/max delays, false-path exceptions, or max skew assignments found ;
; switches[17] ; No input delay, min/max delays, false-path exceptions, or max skew assignments found ;
+--------------+--------------------------------------------------------------------------------------+


+----------------------------------------------------------------------------------------------------------+
; Unconstrained Output Ports                                                                               ;
+------------------+---------------------------------------------------------------------------------------+
; Output Port      ; Comment                                                                               ;
+------------------+---------------------------------------------------------------------------------------+
; Hex0[0]          ; No output delay, min/max delays, false-path exceptions, or max skew assignments found ;
; Hex0[1]          ; No output delay, min/max delays, false-path exceptions, or max skew assignments found ;
; Hex0[2]          ; No output delay, min/max delays, false-path exceptions, or max skew assignments found ;
; Hex0[3]          ; No output delay, min/max delays, false-path exceptions, or max skew assignments found ;
; Hex0[4]          ; No output delay, min/max delays, false-path exceptions, or max skew assignments found ;
; Hex0[5]          ; No output delay, min/max delays, false-path exceptions, or max skew assignments found ;
; Hex0[6]          ; No output delay, min/max delays, false-path exceptions, or max skew assignments found ;
; Hex1[0]          ; No output delay, min/max delays, false-path exceptions, or max skew assignments found ;
; Hex1[1]          ; No output delay, min/max delays, false-path exceptions, or max skew assignments found ;
; Hex1[2]          ; No output delay, min/max delays, false-path exceptions, or max skew assignments found ;
; Hex1[3]          ; No output delay, min/max delays, false-path exceptions, or max skew assignments found ;
; Hex1[4]          ; No output delay, min/max delays, false-path exceptions, or max skew assignments found ;
; Hex1[5]          ; No output delay, min/max delays, false-path exceptions, or max skew assignments found ;
; Hex1[6]          ; No output delay, min/max delays, false-path exceptions, or max skew assignments found ;
; Hex2[0]          ; No output delay, min/max delays, false-path exceptions, or max skew assignments found ;
; Hex2[1]          ; No output delay, min/max delays, false-path exceptions, or max skew assignments found ;
; Hex2[2]          ; No output delay, min/max delays, false-path exceptions, or max skew assignments found ;
; Hex2[3]          ; No output delay, min/max delays, false-path exceptions, or max skew assignments found ;
; Hex2[4]          ; No output delay, min/max delays, false-path exceptions, or max skew assignments found ;
; Hex2[5]          ; No output delay, min/max delays, false-path exceptions, or max skew assignments found ;
; Hex2[6]          ; No output delay, min/max delays, false-path exceptions, or max skew assignments found ;
; Hex3[0]          ; No output delay, min/max delays, false-path exceptions, or max skew assignments found ;
; Hex3[1]          ; No output delay, min/max delays, false-path exceptions, or max skew assignments found ;
; Hex3[2]          ; No output delay, min/max delays, false-path exceptions, or max skew assignments found ;
; Hex3[3]          ; No output delay, min/max delays, false-path exceptions, or max skew assignments found ;
; Hex3[4]          ; No output delay, min/max delays, false-path exceptions, or max skew assignments found ;
; Hex3[5]          ; No output delay, min/max delays, false-path exceptions, or max skew assignments found ;
; Hex3[6]          ; No output delay, min/max delays, false-path exceptions, or max skew assignments found ;
; Hex4[0]          ; No output delay, min/max delays, false-path exceptions, or max skew assignments found ;
; Hex4[1]          ; No output delay, min/max delays, false-path exceptions, or max skew assignments found ;
; Hex4[2]          ; No output delay, min/max delays, false-path exceptions, or max skew assignments found ;
; Hex4[3]          ; No output delay, min/max delays, false-path exceptions, or max skew assignments found ;
; Hex4[4]          ; No output delay, min/max delays, false-path exceptions, or max skew assignments found ;
; Hex4[5]          ; No output delay, min/max delays, false-path exceptions, or max skew assignments found ;
; Hex4[6]          ; No output delay, min/max delays, false-path exceptions, or max skew assignments found ;
; Hex5[0]          ; No output delay, min/max delays, false-path exceptions, or max skew assignments found ;
; Hex5[1]          ; No output delay, min/max delays, false-path exceptions, or max skew assignments found ;
; Hex5[2]          ; No output delay, min/max delays, false-path exceptions, or max skew assignments found ;
; Hex5[3]          ; No output delay, min/max delays, false-path exceptions, or max skew assignments found ;
; Hex5[4]          ; No output delay, min/max delays, false-path exceptions, or max skew assignments found ;
; Hex5[5]          ; No output delay, min/max delays, false-path exceptions, or max skew assignments found ;
; Hex5[6]          ; No output delay, min/max delays, false-path exceptions, or max skew assignments found ;
; Hex6[0]          ; No output delay, min/max delays, false-path exceptions, or max skew assignments found ;
; Hex6[1]          ; No output delay, min/max delays, false-path exceptions, or max skew assignments found ;
; Hex6[2]          ; No output delay, min/max delays, false-path exceptions, or max skew assignments found ;
; Hex6[3]          ; No output delay, min/max delays, false-path exceptions, or max skew assignments found ;
; Hex6[4]          ; No output delay, min/max delays, false-path exceptions, or max skew assignments found ;
; Hex6[5]          ; No output delay, min/max delays, false-path exceptions, or max skew assignments found ;
; Hex6[6]          ; No output delay, min/max delays, false-path exceptions, or max skew assignments found ;
; Hex7[0]          ; No output delay, min/max delays, false-path exceptions, or max skew assignments found ;
; Hex7[1]          ; No output delay, min/max delays, false-path exceptions, or max skew assignments found ;
; Hex7[2]          ; No output delay, min/max delays, false-path exceptions, or max skew assignments found ;
; Hex7[3]          ; No output delay, min/max delays, false-path exceptions, or max skew assignments found ;
; Hex7[4]          ; No output delay, min/max delays, false-path exceptions, or max skew assignments found ;
; Hex7[5]          ; No output delay, min/max delays, false-path exceptions, or max skew assignments found ;
; Hex7[6]          ; No output delay, min/max delays, false-path exceptions, or max skew assignments found ;
; btn_out          ; No output delay, min/max delays, false-path exceptions, or max skew assignments found ;
; in_sign_out      ; No output delay, min/max delays, false-path exceptions, or max skew assignments found ;
; led_clock        ; No output delay, min/max delays, false-path exceptions, or max skew assignments found ;
; switches_leds[0] ; No output delay, min/max delays, false-path exceptions, or max skew assignments found ;
; switches_leds[1] ; No output delay, min/max delays, false-path exceptions, or max skew assignments found ;
; switches_leds[2] ; No output delay, min/max delays, false-path exceptions, or max skew assignments found ;
; switches_leds[3] ; No output delay, min/max delays, false-path exceptions, or max skew assignments found ;
; switches_leds[4] ; No output delay, min/max delays, false-path exceptions, or max skew assignments found ;
; switches_leds[5] ; No output delay, min/max delays, false-path exceptions, or max skew assignments found ;
+------------------+---------------------------------------------------------------------------------------+


+-----------------------------------------------------------------------------------------------------+
; Unconstrained Input Ports                                                                           ;
+--------------+--------------------------------------------------------------------------------------+
; Input Port   ; Comment                                                                              ;
+--------------+--------------------------------------------------------------------------------------+
; btn_in       ; No input delay, min/max delays, false-path exceptions, or max skew assignments found ;
; rst          ; No input delay, min/max delays, false-path exceptions, or max skew assignments found ;
; switches[0]  ; No input delay, min/max delays, false-path exceptions, or max skew assignments found ;
; switches[1]  ; No input delay, min/max delays, false-path exceptions, or max skew assignments found ;
; switches[2]  ; No input delay, min/max delays, false-path exceptions, or max skew assignments found ;
; switches[3]  ; No input delay, min/max delays, false-path exceptions, or max skew assignments found ;
; switches[4]  ; No input delay, min/max delays, false-path exceptions, or max skew assignments found ;
; switches[5]  ; No input delay, min/max delays, false-path exceptions, or max skew assignments found ;
; switches[6]  ; No input delay, min/max delays, false-path exceptions, or max skew assignments found ;
; switches[7]  ; No input delay, min/max delays, false-path exceptions, or max skew assignments found ;
; switches[8]  ; No input delay, min/max delays, false-path exceptions, or max skew assignments found ;
; switches[9]  ; No input delay, min/max delays, false-path exceptions, or max skew assignments found ;
; switches[10] ; No input delay, min/max delays, false-path exceptions, or max skew assignments found ;
; switches[11] ; No input delay, min/max delays, false-path exceptions, or max skew assignments found ;
; switches[12] ; No input delay, min/max delays, false-path exceptions, or max skew assignments found ;
; switches[13] ; No input delay, min/max delays, false-path exceptions, or max skew assignments found ;
; switches[14] ; No input delay, min/max delays, false-path exceptions, or max skew assignments found ;
; switches[15] ; No input delay, min/max delays, false-path exceptions, or max skew assignments found ;
; switches[16] ; No input delay, min/max delays, false-path exceptions, or max skew assignments found ;
; switches[17] ; No input delay, min/max delays, false-path exceptions, or max skew assignments found ;
+--------------+--------------------------------------------------------------------------------------+


+----------------------------------------------------------------------------------------------------------+
; Unconstrained Output Ports                                                                               ;
+------------------+---------------------------------------------------------------------------------------+
; Output Port      ; Comment                                                                               ;
+------------------+---------------------------------------------------------------------------------------+
; Hex0[0]          ; No output delay, min/max delays, false-path exceptions, or max skew assignments found ;
; Hex0[1]          ; No output delay, min/max delays, false-path exceptions, or max skew assignments found ;
; Hex0[2]          ; No output delay, min/max delays, false-path exceptions, or max skew assignments found ;
; Hex0[3]          ; No output delay, min/max delays, false-path exceptions, or max skew assignments found ;
; Hex0[4]          ; No output delay, min/max delays, false-path exceptions, or max skew assignments found ;
; Hex0[5]          ; No output delay, min/max delays, false-path exceptions, or max skew assignments found ;
; Hex0[6]          ; No output delay, min/max delays, false-path exceptions, or max skew assignments found ;
; Hex1[0]          ; No output delay, min/max delays, false-path exceptions, or max skew assignments found ;
; Hex1[1]          ; No output delay, min/max delays, false-path exceptions, or max skew assignments found ;
; Hex1[2]          ; No output delay, min/max delays, false-path exceptions, or max skew assignments found ;
; Hex1[3]          ; No output delay, min/max delays, false-path exceptions, or max skew assignments found ;
; Hex1[4]          ; No output delay, min/max delays, false-path exceptions, or max skew assignments found ;
; Hex1[5]          ; No output delay, min/max delays, false-path exceptions, or max skew assignments found ;
; Hex1[6]          ; No output delay, min/max delays, false-path exceptions, or max skew assignments found ;
; Hex2[0]          ; No output delay, min/max delays, false-path exceptions, or max skew assignments found ;
; Hex2[1]          ; No output delay, min/max delays, false-path exceptions, or max skew assignments found ;
; Hex2[2]          ; No output delay, min/max delays, false-path exceptions, or max skew assignments found ;
; Hex2[3]          ; No output delay, min/max delays, false-path exceptions, or max skew assignments found ;
; Hex2[4]          ; No output delay, min/max delays, false-path exceptions, or max skew assignments found ;
; Hex2[5]          ; No output delay, min/max delays, false-path exceptions, or max skew assignments found ;
; Hex2[6]          ; No output delay, min/max delays, false-path exceptions, or max skew assignments found ;
; Hex3[0]          ; No output delay, min/max delays, false-path exceptions, or max skew assignments found ;
; Hex3[1]          ; No output delay, min/max delays, false-path exceptions, or max skew assignments found ;
; Hex3[2]          ; No output delay, min/max delays, false-path exceptions, or max skew assignments found ;
; Hex3[3]          ; No output delay, min/max delays, false-path exceptions, or max skew assignments found ;
; Hex3[4]          ; No output delay, min/max delays, false-path exceptions, or max skew assignments found ;
; Hex3[5]          ; No output delay, min/max delays, false-path exceptions, or max skew assignments found ;
; Hex3[6]          ; No output delay, min/max delays, false-path exceptions, or max skew assignments found ;
; Hex4[0]          ; No output delay, min/max delays, false-path exceptions, or max skew assignments found ;
; Hex4[1]          ; No output delay, min/max delays, false-path exceptions, or max skew assignments found ;
; Hex4[2]          ; No output delay, min/max delays, false-path exceptions, or max skew assignments found ;
; Hex4[3]          ; No output delay, min/max delays, false-path exceptions, or max skew assignments found ;
; Hex4[4]          ; No output delay, min/max delays, false-path exceptions, or max skew assignments found ;
; Hex4[5]          ; No output delay, min/max delays, false-path exceptions, or max skew assignments found ;
; Hex4[6]          ; No output delay, min/max delays, false-path exceptions, or max skew assignments found ;
; Hex5[0]          ; No output delay, min/max delays, false-path exceptions, or max skew assignments found ;
; Hex5[1]          ; No output delay, min/max delays, false-path exceptions, or max skew assignments found ;
; Hex5[2]          ; No output delay, min/max delays, false-path exceptions, or max skew assignments found ;
; Hex5[3]          ; No output delay, min/max delays, false-path exceptions, or max skew assignments found ;
; Hex5[4]          ; No output delay, min/max delays, false-path exceptions, or max skew assignments found ;
; Hex5[5]          ; No output delay, min/max delays, false-path exceptions, or max skew assignments found ;
; Hex5[6]          ; No output delay, min/max delays, false-path exceptions, or max skew assignments found ;
; Hex6[0]          ; No output delay, min/max delays, false-path exceptions, or max skew assignments found ;
; Hex6[1]          ; No output delay, min/max delays, false-path exceptions, or max skew assignments found ;
; Hex6[2]          ; No output delay, min/max delays, false-path exceptions, or max skew assignments found ;
; Hex6[3]          ; No output delay, min/max delays, false-path exceptions, or max skew assignments found ;
; Hex6[4]          ; No output delay, min/max delays, false-path exceptions, or max skew assignments found ;
; Hex6[5]          ; No output delay, min/max delays, false-path exceptions, or max skew assignments found ;
; Hex6[6]          ; No output delay, min/max delays, false-path exceptions, or max skew assignments found ;
; Hex7[0]          ; No output delay, min/max delays, false-path exceptions, or max skew assignments found ;
; Hex7[1]          ; No output delay, min/max delays, false-path exceptions, or max skew assignments found ;
; Hex7[2]          ; No output delay, min/max delays, false-path exceptions, or max skew assignments found ;
; Hex7[3]          ; No output delay, min/max delays, false-path exceptions, or max skew assignments found ;
; Hex7[4]          ; No output delay, min/max delays, false-path exceptions, or max skew assignments found ;
; Hex7[5]          ; No output delay, min/max delays, false-path exceptions, or max skew assignments found ;
; Hex7[6]          ; No output delay, min/max delays, false-path exceptions, or max skew assignments found ;
; btn_out          ; No output delay, min/max delays, false-path exceptions, or max skew assignments found ;
; in_sign_out      ; No output delay, min/max delays, false-path exceptions, or max skew assignments found ;
; led_clock        ; No output delay, min/max delays, false-path exceptions, or max skew assignments found ;
; switches_leds[0] ; No output delay, min/max delays, false-path exceptions, or max skew assignments found ;
; switches_leds[1] ; No output delay, min/max delays, false-path exceptions, or max skew assignments found ;
; switches_leds[2] ; No output delay, min/max delays, false-path exceptions, or max skew assignments found ;
; switches_leds[3] ; No output delay, min/max delays, false-path exceptions, or max skew assignments found ;
; switches_leds[4] ; No output delay, min/max delays, false-path exceptions, or max skew assignments found ;
; switches_leds[5] ; No output delay, min/max delays, false-path exceptions, or max skew assignments found ;
+------------------+---------------------------------------------------------------------------------------+


+--------------------------+
; Timing Analyzer Messages ;
+--------------------------+
Info: *******************************************************************
Info: Running Quartus Prime Timing Analyzer
    Info: Version 21.1.0 Build 842 10/21/2021 SJ Lite Edition
    Info: Processing started: Wed Jul  1 14:27:04 2026
Info: Command: quartus_sta cpu -c cpu
Info: qsta_default_script.tcl version: #1
Warning (18236): Number of processors has not been specified which may cause overloading on shared machines.  Set the global assignment NUM_PARALLEL_PROCESSORS in your QSF to an appropriate value for best performance.
Info (20030): Parallel compilation is enabled and will use 8 of the 8 processors detected
Info (21077): Low junction temperature is 0 degrees C
Info (21077): High junction temperature is 85 degrees C
Critical Warning (332012): Synopsys Design Constraints File file not found: 'cpu.sdc'. A Synopsys Design Constraints File is required by the Timing Analyzer to get proper timing constraints. Without it, the Compiler will not properly optimize the design.
Info (332142): No user constrained base clocks found in the design. Calling "derive_clocks -period 1.0"
Info (332105): Deriving Clocks
    Info (332105): create_clock -period 1.000 -name DivisorFrequencia:Divisor_inst|clkSaida DivisorFrequencia:Divisor_inst|clkSaida
    Info (332105): create_clock -period 1.000 -name btn_in btn_in
    Info (332105): create_clock -period 1.000 -name clk_50 clk_50
Info (332143): No user constrained clock uncertainty found in the design. Calling "derive_clock_uncertainty"
Info (332123): Deriving Clock Uncertainty. Please refer to report_sdc in the Timing Analyzer to see clock uncertainties.
Info: Found TIMING_ANALYZER_REPORT_SCRIPT_INCLUDE_DEFAULT_ANALYSIS = ON
Info: Analyzing Slow 1200mV 85C Model
Critical Warning (332148): Timing requirements not met
    Info (11105): For recommendations on closing timing, run Report Timing Closure Recommendations in the Timing Analyzer.
Info (332146): Worst-case setup slack is -152.504
    Info (332119):     Slack       End Point TNS Clock 
    Info (332119): ========= =================== =====================
    Info (332119):  -152.504         -334971.877 DivisorFrequencia:Divisor_inst|clkSaida 
    Info (332119):    -3.493             -45.309 clk_50 
Info (332146): Worst-case hold slack is 0.442
    Info (332119):     Slack       End Point TNS Clock 
    Info (332119): ========= =================== =====================
    Info (332119):     0.442               0.000 clk_50 
    Info (332119):     0.883               0.000 DivisorFrequencia:Divisor_inst|clkSaida 
Info (332146): Worst-case recovery slack is -5.873
    Info (332119):     Slack       End Point TNS Clock 
    Info (332119): ========= =================== =====================
    Info (332119):    -5.873             -10.561 btn_in 
Info (332146): Worst-case removal slack is 3.181
    Info (332119):     Slack       End Point TNS Clock 
    Info (332119): ========= =================== =====================
    Info (332119):     3.181               0.000 btn_in 
Info (332146): Worst-case minimum pulse width slack is -3.000
    Info (332119):     Slack       End Point TNS Clock 
    Info (332119): ========= =================== =====================
    Info (332119):    -3.000             -36.410 clk_50 
    Info (332119):    -3.000              -5.570 btn_in 
    Info (332119):    -1.285           -3009.470 DivisorFrequencia:Divisor_inst|clkSaida 
Info: Analyzing Slow 1200mV 0C Model
Info (334003): Started post-fitting delay annotation
Info (334004): Delay annotation completed successfully
Info (332123): Deriving Clock Uncertainty. Please refer to report_sdc in the Timing Analyzer to see clock uncertainties.
Critical Warning (332148): Timing requirements not met
    Info (11105): For recommendations on closing timing, run Report Timing Closure Recommendations in the Timing Analyzer.
Info (332146): Worst-case setup slack is -138.254
    Info (332119):     Slack       End Point TNS Clock 
    Info (332119): ========= =================== =====================
    Info (332119):  -138.254         -303441.940 DivisorFrequencia:Divisor_inst|clkSaida 
    Info (332119):    -3.154             -38.144 clk_50 
Info (332146): Worst-case hold slack is 0.400
    Info (332119):     Slack       End Point TNS Clock 
    Info (332119): ========= =================== =====================
    Info (332119):     0.400               0.000 clk_50 
    Info (332119):     0.832               0.000 DivisorFrequencia:Divisor_inst|clkSaida 
Info (332146): Worst-case recovery slack is -5.227
    Info (332119):     Slack       End Point TNS Clock 
    Info (332119): ========= =================== =====================
    Info (332119):    -5.227              -9.309 btn_in 
Info (332146): Worst-case removal slack is 2.849
    Info (332119):     Slack       End Point TNS Clock 
    Info (332119): ========= =================== =====================
    Info (332119):     2.849               0.000 btn_in 
Info (332146): Worst-case minimum pulse width slack is -3.000
    Info (332119):     Slack       End Point TNS Clock 
    Info (332119): ========= =================== =====================
    Info (332119):    -3.000             -36.410 clk_50 
    Info (332119):    -3.000              -5.570 btn_in 
    Info (332119):    -1.285           -3009.470 DivisorFrequencia:Divisor_inst|clkSaida 
Info: Analyzing Fast 1200mV 0C Model
Info (332123): Deriving Clock Uncertainty. Please refer to report_sdc in the Timing Analyzer to see clock uncertainties.
Critical Warning (332148): Timing requirements not met
    Info (11105): For recommendations on closing timing, run Report Timing Closure Recommendations in the Timing Analyzer.
Info (332146): Worst-case setup slack is -75.880
    Info (332119):     Slack       End Point TNS Clock 
    Info (332119): ========= =================== =====================
    Info (332119):   -75.880         -166498.092 DivisorFrequencia:Divisor_inst|clkSaida 
    Info (332119):    -1.222              -9.280 clk_50 
Info (332146): Worst-case hold slack is 0.200
    Info (332119):     Slack       End Point TNS Clock 
    Info (332119): ========= =================== =====================
    Info (332119):     0.200               0.000 clk_50 
    Info (332119):     0.413               0.000 DivisorFrequencia:Divisor_inst|clkSaida 
Info (332146): Worst-case recovery slack is -2.264
    Info (332119):     Slack       End Point TNS Clock 
    Info (332119): ========= =================== =====================
    Info (332119):    -2.264              -3.967 btn_in 
Info (332146): Worst-case removal slack is 1.270
    Info (332119):     Slack       End Point TNS Clock 
    Info (332119): ========= =================== =====================
    Info (332119):     1.270               0.000 btn_in 
Info (332146): Worst-case minimum pulse width slack is -3.000
    Info (332119):     Slack       End Point TNS Clock 
    Info (332119): ========= =================== =====================
    Info (332119):    -3.000             -30.613 clk_50 
    Info (332119):    -3.000              -5.634 btn_in 
    Info (332119):    -1.000           -2342.000 DivisorFrequencia:Divisor_inst|clkSaida 
Info (332102): Design is not fully constrained for setup requirements
Info (332102): Design is not fully constrained for hold requirements
Info: Quartus Prime Timing Analyzer was successful. 0 errors, 5 warnings
    Info: Peak virtual memory: 5391 megabytes
    Info: Processing ended: Wed Jul  1 14:27:36 2026
    Info: Elapsed time: 00:00:32
    Info: Total CPU time (on all processors): 00:00:32


